customer_id,full_name,email,account_created_date,country_code,date_of_birth,account_status
1,Sofia Smith,sofia.smith1@example.com,2024-07-17,FR,1976-12-20,Active
2,Sofia Martin,sofia.martin2@example.com,2026-01-21,RO,1962-10-19,Active
3,James Rossi,james.rossi3@example.com,2024-03-23,NL,1975-11-15,Active
4,Liam Lee,liam.lee4@example.com,2026-01-21,FR,1992-08-20,Active
5,Noah Clark,noah.clark5@example.com,2023-01-14,AE,1969-04-28,Active
6,Noah Brown,noah.brown6@example.com,2024-03-16,IT,1985-03-13,Active
7,Sofia Wilson,sofia.wilson7@example.com,2024-12-05,GB,1978-09-24,Active
8,Sofia Taylor,sofia.taylor8@example.com,2023-06-11,DE,2004-07-11,Active
9,Mia Moore,mia.moore9@example.com,2024-01-29,GB,1961-03-29,Active
10,Ava Rossi,ava.rossi10@example.com,2024-04-21,GR,1964-01-23,Active
11,Mia Brown,mia.brown11@example.com,2025-01-28,FR,1986-11-15,Active
12,Daniel Moore,daniel.moore12@example.com,2023-12-17,AE,2002-12-02,Active
13,Leo Taylor,leo.taylor13@example.com,2024-07-06,FR,2004-12-19,Active
14,Maria Garcia,maria.garcia14@example.com,2023-03-07,GR,1983-04-20,Active
15,Liam Moore,liam.moore15@example.com,2024-10-06,NG,1974-01-28,Active
16,Leo Brown,leo.brown16@example.com,2024-06-26,FR,1967-07-12,Active
17,Noah Lee,noah.lee17@example.com,2026-04-12,RO,1993-06-08,Active
18,Olivia Brown,olivia.brown18@example.com,2025-11-09,IT,1999-04-11,Active
19,Sofia Brown,sofia.brown19@example.com,2026-07-09,NG,1969-05-09,Active
20,Daniel Taylor,daniel.taylor20@example.com,2025-02-20,NL,1996-12-28,Active
21,James Martin,james.martin21@example.com,2023-08-23,DE,2003-03-05,Active
22,Lucas Rossi,lucas.rossi22@example.com,2024-08-24,ES,1994-01-02,Active
23,Noah Thomas,noah.thomas23@example.com,2024-01-01,IT,2000-07-18,Active
24,Ava Lewis,ava.lewis24@example.com,2025-11-05,ES,1972-11-04,Active
25,Emma Thomas,emma.thomas25@example.com,2025-12-22,RO,1955-01-19,Active
26,James Rossi,james.rossi26@example.com,2025-01-13,FR,1982-08-03,Active
27,Daniel Rossi,daniel.rossi27@example.com,2025-09-22,NL,1961-03-17,Active
28,Alex Martin,alex.martin28@example.com,2025-08-31,ES,2004-04-28,Active
29,Isabella Garcia,isabella.garcia29@example.com,2026-01-09,AE,1973-01-17,Active
30,Mia Anderson,mia.anderson30@example.com,2025-11-25,IT,1995-07-04,Active
31,Daniel Wilson,daniel.wilson31@example.com,2023-02-13,FR,2004-09-10,Active
32,James Rossi,james.rossi32@example.com,2023-05-01,IT,1975-07-16,Active
33,Lucas Rossi,lucas.rossi33@example.com,2025-11-18,DE,1976-05-08,Active
34,Liam Thomas,liam.thomas34@example.com,2023-09-28,FR,1997-05-28,Active
35,Isabella Garcia,isabella.garcia35@example.com,2023-07-13,NG,1963-09-12,Active
36,Isabella Taylor,isabella.taylor36@example.com,2025-08-14,NG,1959-11-11,Active
37,Sofia Smith,sofia.smith37@example.com,2025-04-04,IT,1985-06-10,Active
38,Liam Thomas,liam.thomas38@example.com,2025-07-07,GR,1967-07-30,Active
39,Leo Garcia,leo.garcia39@example.com,2023-06-04,NL,1994-10-03,Active
40,James Rossi,james.rossi40@example.com,2024-04-29,GR,1969-12-02,Active
41,Liam Lewis,liam.lewis41@example.com,2025-04-01,ES,1960-04-05,Active
42,Ethan Miller,ethan.miller42@example.com,2025-07-20,GR,1980-08-04,Active
43,Amelia Brown,amelia.brown43@example.com,2024-01-24,FR,1981-08-14,Suspended
44,Maria Lee,maria.lee44@example.com,2024-10-04,GB,1960-02-17,Active
45,Emma Smith,emma.smith45@example.com,2025-11-06,ES,1962-03-10,Active
46,Daniel Martin,daniel.martin46@example.com,2024-04-26,IT,1991-03-23,Suspended
47,Olivia Moore,olivia.moore47@example.com,2026-05-02,RO,1958-07-26,Active
48,Lucas Miller,lucas.miller48@example.com,2024-02-23,FR,1983-03-10,Active
49,Alex Martin,alex.martin49@example.com,2024-09-06,US,1996-01-08,Active
50,Daniel Smith,daniel.smith50@example.com,2025-07-27,IT,2005-07-05,Active
51,Liam Thomas,liam.thomas51@example.com,2024-06-27,US,1966-11-19,Active
52,Olivia Wilson,olivia.wilson52@example.com,2024-08-06,AL,1969-02-25,Active
53,Ava Moore,ava.moore53@example.com,2025-12-19,NG,1955-09-14,Active
54,Ava Martin,ava.martin54@example.com,2023-08-01,DE,1967-01-18,Active
55,Sofia Lee,sofia.lee55@example.com,2026-02-07,DE,1968-12-11,Active
56,Liam Lee,liam.lee56@example.com,2024-12-03,NG,1973-04-07,Active
57,Noah Thomas,noah.thomas57@example.com,2025-09-27,GB,1977-07-12,Active
58,Isabella Lewis,isabella.lewis58@example.com,2024-07-20,GB,1958-12-15,Active
59,Alex Martin,alex.martin59@example.com,2024-06-20,AE,1969-06-30,Active
60,Isabella Thomas,isabella.thomas60@example.com,2023-01-20,IT,1965-01-13,Suspended
61,Alex Thomas,alex.thomas61@example.com,2023-03-15,RO,1988-02-15,Active
62,Isabella Brown,isabella.brown62@example.com,2023-03-27,US,1982-08-28,Active
63,Maria Wilson,maria.wilson63@example.com,2024-03-06,NG,1977-05-21,Active
64,Isabella Moore,isabella.moore64@example.com,2023-11-13,ES,1976-03-28,Suspended
65,Emma Taylor,emma.taylor65@example.com,2023-02-20,AE,1971-02-03,Active
66,Isabella Clark,isabella.clark66@example.com,2024-05-23,ES,1978-12-08,Active
67,Sofia Taylor,sofia.taylor67@example.com,2023-03-21,FR,1997-03-24,Active
68,Leo Wilson,leo.wilson68@example.com,2024-09-17,FR,1975-06-02,Active
69,Liam Taylor,liam.taylor69@example.com,2024-11-03,IT,1979-12-30,Suspended
70,Noah Wilson,noah.wilson70@example.com,2025-11-09,NG,1990-11-09,Closed
71,Lucas Smith,lucas.smith71@example.com,2023-08-25,ES,1978-06-08,Active
72,Noah Smith,noah.smith72@example.com,2023-08-11,US,1993-12-26,Active
73,Lucas Taylor,lucas.taylor73@example.com,2026-05-26,IT,2000-11-18,Active
74,Liam Miller,liam.miller74@example.com,2023-04-01,GB,1994-02-13,Active
75,Liam Wilson,liam.wilson75@example.com,2025-06-02,NG,1961-04-11,Active
76,Lucas Martin,lucas.martin76@example.com,2023-09-13,NL,1981-12-10,Active
77,Isabella Wilson,isabella.wilson77@example.com,2025-04-04,NL,1981-07-11,Active
78,Isabella Martin,isabella.martin78@example.com,2025-02-15,RO,1970-08-12,Active
79,Ethan Thomas,ethan.thomas79@example.com,2023-01-01,DE,1982-04-06,Active
80,Lucas Anderson,lucas.anderson80@example.com,2025-06-23,NG,1994-09-01,Active
81,Amelia Clark,amelia.clark81@example.com,2023-12-14,DE,1962-08-10,Active
82,Lucas Rossi,lucas.rossi82@example.com,2024-04-26,FR,1982-11-06,Active
83,Alex Smith,alex.smith83@example.com,2023-04-05,AL,1976-12-19,Active
84,Daniel Anderson,daniel.anderson84@example.com,2025-04-28,AE,1972-06-11,Active
85,Amelia Taylor,amelia.taylor85@example.com,2024-05-14,NG,1968-03-28,Active
86,Sofia Clark,sofia.clark86@example.com,2025-05-20,ES,1974-08-19,Active
87,Leo Smith,leo.smith87@example.com,2026-02-15,IT,1977-05-10,Active
88,Leo Martin,leo.martin88@example.com,2025-12-23,RO,2005-02-21,Active
89,Leo Moore,leo.moore89@example.com,2025-10-30,NL,1993-04-14,Active
90,Emma Lee,emma.lee90@example.com,2025-08-30,DE,1995-05-18,Active
91,Noah Clark,noah.clark91@example.com,2025-12-03,NG,1998-06-23,Active
92,Leo Rossi,leo.rossi92@example.com,2024-08-08,DE,1976-01-14,Active
93,Daniel Brown,daniel.brown93@example.com,2023-11-05,GR,1975-09-30,Active
94,Liam Rossi,liam.rossi94@example.com,2025-04-29,US,1991-07-27,Active
95,Isabella Smith,isabella.smith95@example.com,2024-02-28,GR,1992-09-10,Active
96,James Lewis,james.lewis96@example.com,2026-03-25,AL,1989-02-15,Active
97,Mia Miller,mia.miller97@example.com,2025-03-09,NL,1992-08-04,Active
98,Olivia Anderson,olivia.anderson98@example.com,2024-03-25,GR,1979-06-27,Active
99,Ethan Wilson,ethan.wilson99@example.com,2025-04-08,AL,1969-10-22,Active
100,James Taylor,james.taylor100@example.com,2026-04-27,NG,2005-08-19,Active
101,Isabella Brown,isabella.brown101@example.com,2025-08-03,GB,1971-04-21,Active
102,Lucas Garcia,lucas.garcia102@example.com,2025-07-20,US,1984-04-28,Active
103,Ethan Miller,ethan.miller103@example.com,2025-05-13,IT,1977-08-19,Active
104,Maria Wilson,maria.wilson104@example.com,2024-04-04,NG,1961-02-26,Active
105,James Garcia,james.garcia105@example.com,2024-02-13,RO,1956-10-29,Active
106,Alex Anderson,alex.anderson106@example.com,2023-08-23,FR,2005-08-06,Active
107,Noah Clark,noah.clark107@example.com,2025-01-25,RO,1970-01-20,Active
108,Sofia Clark,sofia.clark108@example.com,2023-12-02,IT,1982-11-27,Active
109,Ava Moore,ava.moore109@example.com,2025-02-07,AE,1990-08-02,Active
110,Olivia Rossi,olivia.rossi110@example.com,2024-09-09,RO,1965-11-10,Active
111,Mia Thomas,mia.thomas111@example.com,2025-05-27,IT,1988-03-30,Active
112,Lucas Smith,lucas.smith112@example.com,2025-05-10,IT,1998-12-23,Active
113,Mia Martin,mia.martin113@example.com,2025-07-30,GR,1968-09-22,Active
114,Noah Moore,noah.moore114@example.com,2026-01-07,AL,1998-05-18,Active
115,Noah Wilson,noah.wilson115@example.com,2024-05-17,DE,1962-10-10,Active
116,Olivia Clark,olivia.clark116@example.com,2025-08-09,US,1988-12-31,Active
117,Lucas Brown,lucas.brown117@example.com,2025-09-25,US,1974-01-11,Active
118,Lucas Miller,lucas.miller118@example.com,2026-05-05,NL,1979-10-14,Active
119,Liam Rossi,liam.rossi119@example.com,2024-05-09,AL,1991-06-18,Active
120,Olivia Lee,olivia.lee120@example.com,2025-09-02,AL,1999-01-13,Active
121,Daniel Miller,daniel.miller121@example.com,2024-03-29,AE,1991-04-13,Active
122,Mia Anderson,mia.anderson122@example.com,2026-02-07,US,2002-08-19,Active
123,Lucas Wilson,lucas.wilson123@example.com,2025-07-18,DE,1979-04-22,Active
124,Sofia Lee,sofia.lee124@example.com,2024-01-30,IT,1983-04-23,Active
125,Emma Garcia,emma.garcia125@example.com,2024-03-19,DE,1998-06-10,Active
126,Ava Rossi,ava.rossi126@example.com,2024-02-02,FR,1981-07-30,Active
127,Ava Smith,ava.smith127@example.com,2025-12-29,DE,1966-05-10,Active
128,Maria Thomas,maria.thomas128@example.com,2024-08-21,NG,1966-04-30,Active
129,Amelia Rossi,amelia.rossi129@example.com,2023-01-26,AL,1980-07-05,Active
130,Lucas Brown,lucas.brown130@example.com,2023-04-16,AL,1977-08-26,Active
131,Daniel Taylor,daniel.taylor131@example.com,2025-10-04,RO,1961-08-24,Active
132,Maria Brown,maria.brown132@example.com,2023-11-02,DE,2005-06-30,Active
133,Olivia Rossi,olivia.rossi133@example.com,2026-02-16,RO,1992-05-03,Active
134,Olivia Clark,olivia.clark134@example.com,2025-12-06,AL,1989-02-15,Active
135,Ava Lewis,ava.lewis135@example.com,2026-04-20,DE,1993-06-21,Active
136,Maria Moore,maria.moore136@example.com,2023-07-23,NG,1973-08-22,Active
137,Daniel Brown,daniel.brown137@example.com,2024-05-06,NL,1970-08-05,Active
138,James Taylor,james.taylor138@example.com,2025-07-11,DE,1997-02-27,Active
139,Ava Lee,ava.lee139@example.com,2024-08-02,IT,1995-09-25,Active
140,Noah Clark,noah.clark140@example.com,2026-07-04,GR,1972-09-30,Active
141,Olivia Martin,olivia.martin141@example.com,2023-11-02,ES,1978-10-31,Active
142,Emma Clark,emma.clark142@example.com,2024-09-21,AL,1980-11-22,Active
143,Ava Lee,ava.lee143@example.com,2025-04-04,NL,1979-06-04,Active
144,Leo Rossi,leo.rossi144@example.com,2026-05-09,GR,1958-07-30,Active
145,Noah Smith,noah.smith145@example.com,2023-07-07,NG,1975-07-16,Active
146,James Clark,james.clark146@example.com,2024-07-05,ES,1958-08-11,Active
147,Leo Miller,leo.miller147@example.com,2024-01-07,NG,1994-02-08,Active
148,Daniel Anderson,daniel.anderson148@example.com,2024-12-13,US,1991-08-20,Active
149,Sofia Lewis,sofia.lewis149@example.com,2023-11-26,GR,1984-08-03,Active
150,Ava Martin,ava.martin150@example.com,2025-03-31,GB,2004-05-08,Active
151,Lucas Miller,lucas.miller151@example.com,2024-10-24,GR,1965-05-26,Active
152,James Martin,james.martin152@example.com,2026-01-16,GR,1996-06-12,Active
153,Mia Moore,mia.moore153@example.com,2025-10-17,GB,1994-08-28,Active
154,Alex Miller,alex.miller154@example.com,2025-06-16,IT,1998-06-27,Active
155,Olivia Lee,olivia.lee155@example.com,2023-11-21,NL,1982-11-17,Active
156,Isabella Rossi,isabella.rossi156@example.com,2024-04-05,AL,1965-03-06,Suspended
157,Alex Anderson,alex.anderson157@example.com,2024-08-20,AE,2000-08-26,Active
158,Amelia Anderson,amelia.anderson158@example.com,2024-05-14,NL,1995-12-24,Active
159,Liam Moore,liam.moore159@example.com,2025-11-06,IT,1967-04-01,Active
160,Isabella Wilson,isabella.wilson160@example.com,2025-11-05,GB,1978-12-20,Active
161,Ava Lewis,ava.lewis161@example.com,2026-04-17,ES,1998-12-05,Active
162,Amelia Wilson,amelia.wilson162@example.com,2024-11-11,NL,2004-07-07,Active
163,Lucas Lewis,lucas.lewis163@example.com,2024-01-22,RO,1976-06-04,Active
164,Isabella Smith,isabella.smith164@example.com,2024-10-13,AE,1997-06-07,Active
165,Ethan Taylor,ethan.taylor165@example.com,2023-11-08,GB,1999-06-09,Active
166,Lucas Lewis,lucas.lewis166@example.com,2023-07-25,IT,1994-07-02,Active
167,Leo Smith,leo.smith167@example.com,2023-10-23,NG,1991-10-13,Suspended
168,Daniel Anderson,daniel.anderson168@example.com,2024-06-26,RO,1985-05-16,Active
169,Daniel Lewis,daniel.lewis169@example.com,2024-11-03,GR,2002-11-15,Suspended
170,Amelia Lewis,amelia.lewis170@example.com,2026-01-13,RO,1958-03-22,Active
171,Ava Garcia,ava.garcia171@example.com,2023-07-05,IT,1993-12-07,Active
172,Sofia Anderson,sofia.anderson172@example.com,2023-12-07,GB,1981-11-12,Active
173,Maria Miller,maria.miller173@example.com,2025-01-04,GR,1988-08-17,Active
174,Isabella Moore,isabella.moore174@example.com,2024-01-04,ES,1970-04-02,Active
175,Ethan Moore,ethan.moore175@example.com,2024-05-08,RO,1999-08-25,Active
176,Leo Martin,leo.martin176@example.com,2024-06-04,DE,1996-03-25,Active
177,Leo Miller,leo.miller177@example.com,2026-01-24,IT,1969-03-04,Active
178,Mia Moore,mia.moore178@example.com,2024-09-04,AE,1993-01-24,Active
179,Ava Garcia,ava.garcia179@example.com,2025-02-26,IT,1998-05-08,Active
180,Mia Moore,mia.moore180@example.com,2024-08-28,GB,1981-06-27,Suspended
181,Ethan Miller,ethan.miller181@example.com,2023-01-17,NG,2005-10-09,Active
182,Maria Moore,maria.moore182@example.com,2025-10-14,FR,1980-09-04,Active
183,Mia Garcia,mia.garcia183@example.com,2024-01-25,NG,1977-06-26,Active
184,Alex Martin,alex.martin184@example.com,2023-07-18,DE,1958-07-15,Active
185,Maria Moore,maria.moore185@example.com,2025-01-17,IT,1966-10-16,Active
186,Lucas Lee,lucas.lee186@example.com,2025-04-30,FR,1970-10-04,Active
187,Mia Thomas,mia.thomas187@example.com,2025-10-24,ES,1979-06-14,Active
188,Amelia Clark,amelia.clark188@example.com,2024-08-27,IT,1985-05-22,Active
189,Daniel Brown,daniel.brown189@example.com,2024-04-07,NL,1990-08-27,Active
190,Ethan Smith,ethan.smith190@example.com,2024-06-25,IT,2003-02-20,Active
191,Noah Moore,noah.moore191@example.com,2025-02-19,IT,1988-04-29,Active
192,Amelia Smith,amelia.smith192@example.com,2026-06-22,US,2005-05-14,Active
193,Olivia Martin,olivia.martin193@example.com,2023-05-10,AE,1996-08-26,Active
194,Isabella Rossi,isabella.rossi194@example.com,2023-10-14,GB,1959-01-25,Active
195,Amelia Rossi,amelia.rossi195@example.com,2023-07-19,NL,1976-01-24,Active
196,Leo Wilson,leo.wilson196@example.com,2026-01-11,RO,1992-08-07,Active
197,Alex Taylor,alex.taylor197@example.com,2023-07-22,RO,1998-11-25,Active
198,Noah Smith,noah.smith198@example.com,2025-01-28,AL,1974-06-29,Active
199,Olivia Lewis,olivia.lewis199@example.com,2025-01-12,NG,1963-11-30,Active
200,Mia Smith,mia.smith200@example.com,2025-03-26,FR,1979-10-02,Suspended
201,Leo Rossi,leo.rossi201@example.com,2024-03-10,GB,1956-11-30,Active
202,Olivia Brown,olivia.brown202@example.com,2026-03-02,IT,1973-05-30,Active
203,Liam Moore,liam.moore203@example.com,2024-03-18,US,1975-11-26,Active
204,James Miller,james.miller204@example.com,2023-10-24,NL,1966-08-30,Active
205,Emma Rossi,emma.rossi205@example.com,2023-02-22,GB,1966-10-28,Active
206,Olivia Moore,olivia.moore206@example.com,2024-10-25,ES,1956-06-01,Active
207,Alex Lee,alex.lee207@example.com,2025-05-12,IT,2002-03-13,Active
208,Amelia Anderson,amelia.anderson208@example.com,2025-01-11,RO,2001-01-16,Active
209,Olivia Moore,olivia.moore209@example.com,2023-03-30,DE,2001-10-12,Active
210,James Smith,james.smith210@example.com,2025-09-07,GR,1991-01-12,Active
211,Amelia Lee,amelia.lee211@example.com,2025-06-27,IT,1961-08-05,Active
212,Alex Rossi,alex.rossi212@example.com,2023-09-16,RO,1979-09-03,Active
213,Lucas Taylor,lucas.taylor213@example.com,2026-05-08,DE,2002-08-07,Active
214,Isabella Rossi,isabella.rossi214@example.com,2023-08-23,AE,2004-06-18,Active
215,Isabella Anderson,isabella.anderson215@example.com,2024-04-12,US,1992-02-15,Active
216,Ethan Taylor,ethan.taylor216@example.com,2023-07-14,GR,1983-01-15,Active
217,Noah Wilson,noah.wilson217@example.com,2023-11-09,IT,1997-07-19,Active
218,Daniel Rossi,daniel.rossi218@example.com,2025-06-03,AE,1963-08-31,Active
219,Alex Thomas,alex.thomas219@example.com,2023-05-03,NL,2005-05-20,Active
220,Sofia Taylor,sofia.taylor220@example.com,2024-12-25,AE,1992-12-10,Active
221,Ava Moore,ava.moore221@example.com,2024-10-01,IT,1986-07-19,Active
222,Liam Brown,liam.brown222@example.com,2025-09-14,IT,1975-02-13,Active
223,Mia Rossi,mia.rossi223@example.com,2024-07-24,GR,1975-04-16,Active
224,James Moore,james.moore224@example.com,2024-07-01,ES,1957-08-06,Active
225,Ava Wilson,ava.wilson225@example.com,2024-12-19,ES,1955-07-20,Active
226,Ethan Rossi,ethan.rossi226@example.com,2023-10-18,IT,1957-10-01,Active
227,Liam Taylor,liam.taylor227@example.com,2025-05-09,US,1995-09-13,Active
228,Ava Lee,ava.lee228@example.com,2024-10-26,RO,2005-12-02,Active
229,Maria Brown,maria.brown229@example.com,2023-11-19,NG,1959-06-19,Active
230,Leo Martin,leo.martin230@example.com,2025-05-18,RO,1998-07-28,Active
231,Noah Garcia,noah.garcia231@example.com,2025-11-15,US,1965-03-18,Active
232,Ava Martin,ava.martin232@example.com,2026-04-29,NL,1998-08-28,Active
233,Maria Garcia,maria.garcia233@example.com,2025-03-20,GB,1959-12-01,Active
234,Liam Clark,liam.clark234@example.com,2023-10-09,DE,1977-12-03,Active
235,James Anderson,james.anderson235@example.com,2025-05-31,ES,1970-10-06,Active
236,Olivia Thomas,olivia.thomas236@example.com,2026-02-18,IT,1986-10-10,Active
237,Maria Taylor,maria.taylor237@example.com,2023-02-08,IT,1996-03-31,Active
238,Isabella Moore,isabella.moore238@example.com,2025-04-08,DE,1992-06-21,Active
239,James Wilson,james.wilson239@example.com,2023-12-18,AE,1996-04-11,Active
240,Daniel Taylor,daniel.taylor240@example.com,2023-08-05,GR,1976-10-29,Active
241,Daniel Taylor,daniel.taylor241@example.com,2024-09-27,FR,1985-06-17,Active
242,Emma Rossi,emma.rossi242@example.com,2025-11-11,NL,1965-03-25,Active
243,Mia Wilson,mia.wilson243@example.com,2023-10-30,IT,1976-03-13,Active
244,Liam Brown,liam.brown244@example.com,2026-05-18,NG,1968-09-18,Active
245,Amelia Anderson,amelia.anderson245@example.com,2026-02-28,NG,1995-04-10,Active
246,Lucas Lewis,lucas.lewis246@example.com,2026-07-08,ES,1983-05-13,Active
247,Amelia Anderson,amelia.anderson247@example.com,2024-09-12,RO,1979-08-23,Active
248,Daniel Miller,daniel.miller248@example.com,2025-08-03,GB,1995-07-18,Active
249,Ava Rossi,ava.rossi249@example.com,2023-07-04,GR,2000-06-28,Active
250,Maria Anderson,maria.anderson250@example.com,2026-03-16,US,1971-11-21,Active
251,Alex Smith,alex.smith251@example.com,2025-07-11,US,1964-04-14,Closed
252,Daniel Thomas,daniel.thomas252@example.com,2023-12-20,FR,1958-07-06,Active
253,Leo Thomas,leo.thomas253@example.com,2025-12-06,US,1969-03-29,Active
254,Ava Taylor,ava.taylor254@example.com,2025-04-17,NG,1985-05-10,Active
255,Lucas Rossi,lucas.rossi255@example.com,2024-11-06,NL,1963-06-24,Active
256,Ava Miller,ava.miller256@example.com,2026-05-19,US,1968-06-28,Active
257,Alex Wilson,alex.wilson257@example.com,2024-09-27,ES,1990-03-01,Active
258,Daniel Miller,daniel.miller258@example.com,2026-02-18,NG,1988-10-17,Active
259,Alex Martin,alex.martin259@example.com,2025-12-14,NG,1963-05-21,Active
260,Mia Smith,mia.smith260@example.com,2025-01-12,ES,1982-09-16,Suspended
261,Lucas Clark,lucas.clark261@example.com,2025-09-22,FR,1972-03-23,Closed
262,Alex Rossi,alex.rossi262@example.com,2024-08-28,NL,1964-01-28,Active
263,Maria Martin,maria.martin263@example.com,2024-11-20,RO,1966-10-04,Active
264,Emma Brown,emma.brown264@example.com,2026-07-03,AE,1969-11-07,Active
265,Isabella Wilson,isabella.wilson265@example.com,2024-05-01,RO,1994-11-07,Active
266,Leo Garcia,leo.garcia266@example.com,2025-12-29,DE,1976-06-16,Suspended
267,Amelia Lewis,amelia.lewis267@example.com,2024-02-02,NG,1988-01-01,Suspended
268,Leo Anderson,leo.anderson268@example.com,2024-07-31,NL,1989-04-05,Active
269,Emma Lewis,emma.lewis269@example.com,2024-02-13,DE,1967-06-02,Active
270,Amelia Lewis,amelia.lewis270@example.com,2025-01-30,IT,2004-10-01,Active
271,Sofia Miller,sofia.miller271@example.com,2023-06-21,DE,1969-05-20,Active
272,Alex Lewis,alex.lewis272@example.com,2025-06-14,FR,1963-03-25,Active
273,Mia Smith,mia.smith273@example.com,2025-04-29,GR,1959-10-12,Active
274,Olivia Taylor,olivia.taylor274@example.com,2023-06-17,FR,1988-08-20,Active
275,Sofia Lewis,sofia.lewis275@example.com,2024-11-17,ES,1968-02-07,Active
276,Amelia Lee,amelia.lee276@example.com,2023-10-12,AL,1997-01-31,Active
277,Daniel Smith,daniel.smith277@example.com,2024-06-08,ES,1974-05-07,Active
278,Isabella Rossi,isabella.rossi278@example.com,2024-08-13,DE,1976-04-26,Active
279,Olivia Taylor,olivia.taylor279@example.com,2026-06-29,IT,1996-01-04,Active
280,Amelia Moore,amelia.moore280@example.com,2026-01-02,NG,1956-06-22,Active
281,Olivia Lee,olivia.lee281@example.com,2023-10-22,GR,1981-02-17,Active
282,Mia Garcia,mia.garcia282@example.com,2026-03-14,ES,1992-05-16,Active
283,Daniel Thomas,daniel.thomas283@example.com,2025-01-08,NL,1961-01-26,Active
284,James Taylor,james.taylor284@example.com,2025-08-20,NG,1958-11-27,Active
285,Mia Miller,mia.miller285@example.com,2023-02-03,IT,1987-01-14,Active
286,Sofia Clark,sofia.clark286@example.com,2026-04-06,ES,1984-10-30,Active
287,Lucas Lewis,lucas.lewis287@example.com,2023-12-25,AE,1996-09-06,Active
288,Emma Clark,emma.clark288@example.com,2023-10-04,AE,1960-08-29,Active
289,Leo Smith,leo.smith289@example.com,2024-08-23,GB,1973-01-31,Active
290,Maria Wilson,maria.wilson290@example.com,2024-09-27,GR,2001-03-28,Closed
291,Amelia Miller,amelia.miller291@example.com,2023-03-16,DE,1972-02-23,Active
292,Maria Lewis,maria.lewis292@example.com,2024-11-10,IT,1979-07-06,Active
293,Isabella Taylor,isabella.taylor293@example.com,2025-06-19,US,1989-09-08,Suspended
294,Amelia Lee,amelia.lee294@example.com,2025-10-15,NL,1987-12-16,Active
295,Daniel Lee,daniel.lee295@example.com,2025-05-19,GR,1962-01-30,Active
296,Emma Thomas,emma.thomas296@example.com,2024-08-24,IT,1983-10-26,Active
297,Ava Miller,ava.miller297@example.com,2025-07-02,ES,1993-03-24,Active
298,Mia Anderson,mia.anderson298@example.com,2023-03-28,RO,1986-08-18,Closed
299,Noah Martin,noah.martin299@example.com,2023-04-28,NG,1961-09-24,Active
300,Mia Thomas,mia.thomas300@example.com,2023-11-24,ES,1957-10-17,Active
301,Leo Smith,leo.smith301@example.com,2023-09-16,FR,1961-01-12,Active
302,Mia Wilson,mia.wilson302@example.com,2025-02-23,GB,2005-11-21,Active
303,Leo Wilson,leo.wilson303@example.com,2025-01-31,IT,1994-10-30,Active
304,Mia Taylor,mia.taylor304@example.com,2024-10-05,FR,1980-01-02,Suspended
305,James Lee,james.lee305@example.com,2024-01-17,NL,1999-10-09,Active
306,Sofia Miller,sofia.miller306@example.com,2024-06-17,FR,1995-01-14,Closed
307,Ava Lee,ava.lee307@example.com,2025-10-02,IT,1972-12-16,Active
308,Daniel Anderson,daniel.anderson308@example.com,2023-12-20,IT,1994-12-07,Active
309,Lucas Martin,lucas.martin309@example.com,2024-12-12,NL,1960-10-28,Active
310,Ava Lewis,ava.lewis310@example.com,2023-11-19,US,1970-08-14,Active
311,Sofia Garcia,sofia.garcia311@example.com,2023-10-12,AL,1976-03-28,Active
312,Mia Anderson,mia.anderson312@example.com,2026-02-03,RO,1966-08-23,Active
313,Daniel Miller,daniel.miller313@example.com,2025-03-26,NL,1997-12-10,Active
314,Isabella Lewis,isabella.lewis314@example.com,2026-03-23,ES,1961-08-13,Suspended
315,Daniel Anderson,daniel.anderson315@example.com,2025-08-12,US,2001-05-31,Active
316,Emma Clark,emma.clark316@example.com,2023-09-22,NL,1993-10-24,Active
317,Maria Lewis,maria.lewis317@example.com,2023-09-12,ES,2001-06-25,Active
318,Emma Wilson,emma.wilson318@example.com,2024-04-06,NL,1986-01-16,Active
319,Daniel Miller,daniel.miller319@example.com,2024-02-07,DE,2004-06-01,Active
320,Ava Moore,ava.moore320@example.com,2025-12-28,NL,1963-05-20,Active
321,Alex Brown,alex.brown321@example.com,2026-07-02,RO,1985-04-16,Active
322,James Rossi,james.rossi322@example.com,2023-04-04,NG,1978-09-29,Active
323,Isabella Moore,isabella.moore323@example.com,2023-03-04,NG,1999-09-06,Active
324,Ava Anderson,ava.anderson324@example.com,2024-05-16,DE,1991-06-07,Active
325,Maria Brown,maria.brown325@example.com,2025-06-19,AL,1992-04-15,Active
326,Lucas Moore,lucas.moore326@example.com,2023-10-22,AE,1983-01-16,Active
327,Mia Taylor,mia.taylor327@example.com,2023-09-25,NL,1988-03-29,Active
328,Lucas Garcia,lucas.garcia328@example.com,2025-08-13,DE,1965-12-28,Active
329,Alex Rossi,alex.rossi329@example.com,2023-04-14,GR,1981-01-13,Active
330,Isabella Garcia,isabella.garcia330@example.com,2023-11-24,RO,1984-05-17,Active
331,Liam Clark,liam.clark331@example.com,2023-11-23,NL,1999-09-14,Active
332,Ava Anderson,ava.anderson332@example.com,2023-02-17,GR,1963-01-29,Active
333,Olivia Garcia,olivia.garcia333@example.com,2026-04-09,GB,1986-08-29,Active
334,Amelia Moore,amelia.moore334@example.com,2025-08-21,NL,1980-08-20,Active
335,Sofia Taylor,sofia.taylor335@example.com,2023-10-02,AE,1978-09-23,Active
336,Ethan Wilson,ethan.wilson336@example.com,2023-04-03,GB,1990-12-09,Active
337,Liam Wilson,liam.wilson337@example.com,2026-02-07,IT,1980-11-21,Active
338,Leo Clark,leo.clark338@example.com,2026-01-31,RO,1980-02-04,Active
339,Sofia Brown,sofia.brown339@example.com,2023-07-18,US,1990-05-04,Active
340,Lucas Thomas,lucas.thomas340@example.com,2025-01-18,FR,1967-12-11,Active
341,Ethan Thomas,ethan.thomas341@example.com,2023-03-24,GB,1959-01-24,Active
342,Lucas Clark,lucas.clark342@example.com,2025-08-28,AL,2001-08-04,Active
343,Alex Wilson,alex.wilson343@example.com,2026-06-09,ES,1983-07-30,Active
344,Ava Moore,ava.moore344@example.com,2024-11-19,NL,2000-07-06,Active
345,Ava Anderson,ava.anderson345@example.com,2023-02-04,US,1988-01-18,Active
346,Isabella Moore,isabella.moore346@example.com,2024-09-22,RO,1957-05-23,Active
347,Olivia Lee,olivia.lee347@example.com,2023-04-16,ES,1998-02-07,Active
348,Ethan Brown,ethan.brown348@example.com,2024-05-11,RO,1957-10-31,Suspended
349,Sofia Garcia,sofia.garcia349@example.com,2023-02-08,US,1994-07-26,Active
350,Isabella Lee,isabella.lee350@example.com,2024-02-22,NL,1991-10-26,Active
351,Amelia Lewis,amelia.lewis351@example.com,2023-05-08,NL,1967-05-22,Active
352,Lucas Martin,lucas.martin352@example.com,2025-09-06,GR,2002-02-21,Active
353,Emma Anderson,emma.anderson353@example.com,2025-12-27,NL,1985-09-17,Active
354,Noah Moore,noah.moore354@example.com,2025-09-18,FR,1972-04-01,Active
355,Ava Garcia,ava.garcia355@example.com,2024-09-01,AE,1980-12-05,Active
356,Amelia Wilson,amelia.wilson356@example.com,2025-09-09,NL,1986-04-17,Active
357,Noah Miller,noah.miller357@example.com,2023-09-07,GR,2003-09-25,Active
358,Ethan Lewis,ethan.lewis358@example.com,2024-12-07,DE,1968-02-21,Active
359,Daniel Wilson,daniel.wilson359@example.com,2025-06-24,AE,1978-01-03,Active
360,Liam Lewis,liam.lewis360@example.com,2026-01-08,NL,1979-04-29,Active
361,Alex Rossi,alex.rossi361@example.com,2026-06-14,FR,1976-06-19,Active
362,Olivia Martin,olivia.martin362@example.com,2024-04-21,IT,1959-09-17,Active
363,Amelia Rossi,amelia.rossi363@example.com,2023-10-09,NL,1955-06-19,Suspended
364,Emma Taylor,emma.taylor364@example.com,2025-09-01,NG,1997-11-01,Active
365,Ava Wilson,ava.wilson365@example.com,2024-08-07,IT,1960-04-22,Active
366,Olivia Thomas,olivia.thomas366@example.com,2023-03-18,GR,1970-09-15,Active
367,Emma Smith,emma.smith367@example.com,2025-03-24,ES,1999-06-11,Active
368,Ava Smith,ava.smith368@example.com,2023-01-19,RO,1981-10-08,Active
369,Lucas Miller,lucas.miller369@example.com,2025-07-19,NL,2003-09-28,Active
370,Alex Lewis,alex.lewis370@example.com,2025-10-29,DE,1996-12-27,Active
371,Sofia Wilson,sofia.wilson371@example.com,2023-11-29,NG,1996-03-03,Active
372,Emma Smith,emma.smith372@example.com,2024-11-21,RO,1981-06-20,Active
373,Liam Brown,liam.brown373@example.com,2026-06-05,GR,1991-05-19,Active
374,Daniel Taylor,daniel.taylor374@example.com,2023-07-15,ES,1971-07-30,Active
375,Olivia Smith,olivia.smith375@example.com,2024-06-18,FR,1989-05-30,Active
376,Noah Wilson,noah.wilson376@example.com,2024-09-10,DE,1956-01-10,Active
377,Olivia Smith,olivia.smith377@example.com,2023-08-31,DE,1996-10-02,Active
378,Ava Lee,ava.lee378@example.com,2023-08-29,US,1981-06-20,Active
379,Olivia Brown,olivia.brown379@example.com,2025-09-06,AL,1968-09-28,Active
380,Mia Taylor,mia.taylor380@example.com,2026-01-29,NL,1997-03-29,Active
381,Liam Clark,liam.clark381@example.com,2024-05-21,NL,1962-05-06,Active
382,Mia Rossi,mia.rossi382@example.com,2026-03-01,GB,1965-01-24,Active
383,Liam Moore,liam.moore383@example.com,2026-01-04,ES,1968-06-11,Active
384,Leo Rossi,leo.rossi384@example.com,2024-02-25,IT,1998-11-08,Active
385,Leo Clark,leo.clark385@example.com,2023-04-24,ES,1995-09-06,Active
386,Leo Moore,leo.moore386@example.com,2023-04-29,AL,2005-02-17,Active
387,Ava Lee,ava.lee387@example.com,2023-02-14,DE,1990-07-10,Active
388,Liam Moore,liam.moore388@example.com,2023-05-30,GR,1959-01-24,Active
389,Daniel Thomas,daniel.thomas389@example.com,2023-05-04,AL,1961-03-11,Active
390,Isabella Brown,isabella.brown390@example.com,2023-10-05,US,1992-09-17,Closed
391,Ethan Anderson,ethan.anderson391@example.com,2025-02-12,IT,1988-09-13,Active
392,Alex Martin,alex.martin392@example.com,2024-12-13,ES,1965-08-23,Closed
393,Ethan Thomas,ethan.thomas393@example.com,2023-09-18,GB,1974-12-24,Active
394,Ava Anderson,ava.anderson394@example.com,2026-01-20,NL,1993-01-18,Active
395,Olivia Garcia,olivia.garcia395@example.com,2025-08-01,ES,1986-01-20,Active
396,Sofia Smith,sofia.smith396@example.com,2025-05-08,FR,1956-05-27,Active
397,Sofia Moore,sofia.moore397@example.com,2023-03-10,RO,1995-01-19,Active
398,Maria Garcia,maria.garcia398@example.com,2023-04-01,AL,1991-02-02,Active
399,Liam Clark,liam.clark399@example.com,2023-04-26,NL,1967-07-28,Closed
400,Olivia Lewis,olivia.lewis400@example.com,2026-03-25,RO,1983-08-11,Active
401,Lucas Garcia,lucas.garcia401@example.com,2024-09-10,NG,1967-11-08,Active
402,Isabella Miller,isabella.miller402@example.com,2024-07-17,NL,1960-06-20,Suspended
403,Emma Martin,emma.martin403@example.com,2025-05-24,AL,2004-11-13,Active
404,Mia Martin,mia.martin404@example.com,2025-02-19,US,2002-01-19,Active
405,Isabella Brown,isabella.brown405@example.com,2024-09-06,ES,1988-10-09,Active
406,Amelia Garcia,amelia.garcia406@example.com,2024-04-06,AE,1981-12-24,Active
407,Leo Smith,leo.smith407@example.com,2026-02-25,GR,1992-01-09,Active
408,Alex Taylor,alex.taylor408@example.com,2024-05-12,FR,1977-11-16,Active
409,Daniel Anderson,daniel.anderson409@example.com,2025-01-29,NL,1963-04-18,Active
410,Liam Smith,liam.smith410@example.com,2024-07-03,NG,1988-11-02,Active
411,Maria Lewis,maria.lewis411@example.com,2023-05-30,RO,1971-11-18,Active
412,Liam Anderson,liam.anderson412@example.com,2024-03-03,DE,1984-11-14,Suspended
413,James Garcia,james.garcia413@example.com,2024-01-25,AE,1965-07-11,Closed
414,Amelia Garcia,amelia.garcia414@example.com,2026-05-22,GR,1973-05-07,Active
415,Lucas Clark,lucas.clark415@example.com,2024-08-02,AL,1989-02-24,Active
416,Mia Miller,mia.miller416@example.com,2024-06-19,NL,1987-04-07,Active
417,Leo Rossi,leo.rossi417@example.com,2025-08-19,FR,1983-09-24,Active
418,Isabella Smith,isabella.smith418@example.com,2026-02-26,AE,1974-11-07,Active
419,Noah Thomas,noah.thomas419@example.com,2026-04-11,DE,1992-06-18,Active
420,Lucas Garcia,lucas.garcia420@example.com,2025-02-16,AL,1977-01-17,Active
421,Lucas Miller,lucas.miller421@example.com,2025-09-27,AL,1999-01-05,Active
422,Mia Brown,mia.brown422@example.com,2023-10-14,AL,2004-01-13,Active
423,Maria Thomas,maria.thomas423@example.com,2023-03-11,NG,1961-09-01,Active
424,James Taylor,james.taylor424@example.com,2023-10-09,IT,1975-10-06,Active
425,James Garcia,james.garcia425@example.com,2025-11-01,US,1995-11-29,Active
426,Amelia Martin,amelia.martin426@example.com,2025-09-26,GB,1956-05-30,Active
427,Isabella Smith,isabella.smith427@example.com,2023-02-04,AE,2002-06-30,Active
428,Ava Smith,ava.smith428@example.com,2025-10-25,ES,1993-08-18,Active
429,Sofia Thomas,sofia.thomas429@example.com,2023-11-01,FR,1976-08-14,Active
430,Noah Lewis,noah.lewis430@example.com,2024-12-26,GR,1978-12-25,Active
431,Ethan Anderson,ethan.anderson431@example.com,2026-03-03,AE,1976-10-26,Active
432,Daniel Martin,daniel.martin432@example.com,2023-03-06,GR,1963-05-22,Active
433,Amelia Smith,amelia.smith433@example.com,2023-01-20,IT,1970-05-17,Active
434,Isabella Martin,isabella.martin434@example.com,2024-11-09,IT,2005-10-06,Active
435,Maria Garcia,maria.garcia435@example.com,2024-03-08,AL,2005-11-06,Active
436,Daniel Martin,daniel.martin436@example.com,2024-07-28,RO,2003-09-20,Active
437,Emma Lewis,emma.lewis437@example.com,2024-10-06,FR,1956-05-28,Active
438,Ethan Rossi,ethan.rossi438@example.com,2024-09-04,RO,1969-07-29,Active
439,Ethan Martin,ethan.martin439@example.com,2026-01-12,GR,1984-10-05,Active
440,Alex Clark,alex.clark440@example.com,2023-06-10,AE,1999-12-05,Suspended
441,Maria Rossi,maria.rossi441@example.com,2025-06-14,IT,1975-10-29,Active
442,Ethan Clark,ethan.clark442@example.com,2024-10-30,NG,1957-08-28,Active
443,Leo Anderson,leo.anderson443@example.com,2024-04-12,NL,1986-12-03,Suspended
444,Isabella Brown,isabella.brown444@example.com,2026-04-14,IT,1989-02-05,Active
445,Ava Clark,ava.clark445@example.com,2024-05-19,IT,1961-08-05,Active
446,Ethan Lee,ethan.lee446@example.com,2023-11-12,US,1989-12-15,Active
447,Daniel Smith,daniel.smith447@example.com,2024-09-23,US,1994-11-25,Active
448,Sofia Brown,sofia.brown448@example.com,2023-06-28,GR,1971-10-24,Active
449,Isabella Rossi,isabella.rossi449@example.com,2023-02-23,US,1963-01-15,Active
450,Lucas Lewis,lucas.lewis450@example.com,2025-02-27,DE,1956-02-09,Active
451,Daniel Lee,daniel.lee451@example.com,2026-02-19,RO,1976-10-11,Active
452,Ethan Brown,ethan.brown452@example.com,2023-10-12,DE,1979-02-15,Active
453,Alex Rossi,alex.rossi453@example.com,2023-12-09,DE,1993-12-30,Active
454,Amelia Clark,amelia.clark454@example.com,2023-06-07,DE,1987-05-26,Suspended
455,Amelia Moore,amelia.moore455@example.com,2026-06-16,AL,1972-07-17,Active
456,Ava Smith,ava.smith456@example.com,2025-03-21,RO,1984-10-21,Active
457,Lucas Anderson,lucas.anderson457@example.com,2024-11-16,NG,1993-08-19,Suspended
458,Alex Miller,alex.miller458@example.com,2024-10-18,AL,1973-01-07,Active
459,Ethan Wilson,ethan.wilson459@example.com,2024-08-19,RO,1999-01-19,Active
460,Lucas Taylor,lucas.taylor460@example.com,2024-07-28,US,1990-04-02,Active
461,Liam Moore,liam.moore461@example.com,2026-01-22,NG,1971-02-21,Active
462,James Lee,james.lee462@example.com,2025-08-03,AL,1973-10-22,Active
463,Daniel Lewis,daniel.lewis463@example.com,2025-04-17,ES,1999-10-18,Active
464,Olivia Miller,olivia.miller464@example.com,2023-11-12,GR,1992-12-17,Active
465,Amelia Moore,amelia.moore465@example.com,2025-03-31,NL,2002-12-10,Active
466,Isabella Thomas,isabella.thomas466@example.com,2023-03-17,AE,1987-04-04,Active
467,Daniel Rossi,daniel.rossi467@example.com,2024-05-23,ES,1986-11-06,Active
468,Maria Moore,maria.moore468@example.com,2025-03-29,GR,1984-09-30,Active
469,Sofia Miller,sofia.miller469@example.com,2024-03-30,AE,2000-10-24,Active
470,Olivia Anderson,olivia.anderson470@example.com,2025-02-05,AL,1990-02-02,Active
471,Alex Wilson,alex.wilson471@example.com,2023-02-20,IT,1998-04-24,Active
472,Daniel Rossi,daniel.rossi472@example.com,2023-10-18,DE,1986-04-02,Active
473,Liam Thomas,liam.thomas473@example.com,2025-09-16,AL,1986-04-01,Active
474,Leo Wilson,leo.wilson474@example.com,2023-05-18,GB,1981-12-09,Active
475,Sofia Smith,sofia.smith475@example.com,2024-12-03,NG,1964-10-23,Active
476,Olivia Thomas,olivia.thomas476@example.com,2023-12-24,ES,2004-07-06,Active
477,Isabella Anderson,isabella.anderson477@example.com,2024-04-19,NG,1991-05-04,Active
478,Isabella Taylor,isabella.taylor478@example.com,2023-03-01,AL,1972-09-13,Active
479,Ethan Smith,ethan.smith479@example.com,2024-03-15,DE,1973-06-18,Active
480,Daniel Moore,daniel.moore480@example.com,2023-07-28,ES,2003-03-02,Active
481,Liam Anderson,liam.anderson481@example.com,2023-08-22,NG,1978-07-15,Active
482,Lucas Moore,lucas.moore482@example.com,2025-03-06,RO,1990-03-20,Active
483,Mia Lewis,mia.lewis483@example.com,2025-07-26,NG,1970-06-24,Active
484,Ava Moore,ava.moore484@example.com,2026-04-23,NG,1962-08-09,Active
485,Sofia Garcia,sofia.garcia485@example.com,2024-09-17,ES,1965-06-29,Active
486,Alex Thomas,alex.thomas486@example.com,2025-03-06,RO,1992-07-09,Active
487,Ethan Taylor,ethan.taylor487@example.com,2024-01-16,NG,1998-08-30,Active
488,Emma Thomas,emma.thomas488@example.com,2023-12-08,DE,1998-12-05,Active
489,Lucas Lewis,lucas.lewis489@example.com,2025-07-12,US,1959-10-23,Suspended
490,Amelia Brown,amelia.brown490@example.com,2024-02-04,NL,1989-06-12,Active
491,Amelia Taylor,amelia.taylor491@example.com,2025-10-04,AE,1992-04-15,Active
492,Amelia Brown,amelia.brown492@example.com,2023-06-19,GB,2005-09-21,Active
493,Olivia Miller,olivia.miller493@example.com,2023-03-08,FR,1979-08-29,Active
494,Emma Clark,emma.clark494@example.com,2025-07-25,AE,2005-09-30,Active
495,Amelia Thomas,amelia.thomas495@example.com,2025-11-12,RO,1965-02-26,Active
496,Mia Thomas,mia.thomas496@example.com,2023-03-27,NL,1994-08-06,Active
497,Isabella Rossi,isabella.rossi497@example.com,2024-05-21,GB,1981-09-16,Active
498,Mia Lewis,mia.lewis498@example.com,2023-06-28,IT,1994-05-23,Active
499,Olivia Garcia,olivia.garcia499@example.com,2026-04-19,AE,1986-06-16,Active
500,Isabella Brown,isabella.brown500@example.com,2026-06-15,FR,1967-06-29,Active
501,Maria Moore,maria.moore501@example.com,2024-12-19,DE,2002-10-02,Active
502,Emma Wilson,emma.wilson502@example.com,2024-08-22,RO,1980-12-15,Active
503,Sofia Brown,sofia.brown503@example.com,2025-04-22,DE,1960-04-26,Active
504,Alex Lee,alex.lee504@example.com,2023-09-29,ES,1977-05-26,Active
505,Olivia Clark,olivia.clark505@example.com,2025-03-15,ES,1998-11-29,Active
506,Noah Martin,noah.martin506@example.com,2025-04-28,AL,1988-08-28,Active
507,Daniel Taylor,daniel.taylor507@example.com,2025-11-21,AE,1979-12-17,Active
508,Mia Anderson,mia.anderson508@example.com,2025-09-26,RO,1984-05-12,Active
509,Daniel Lee,daniel.lee509@example.com,2025-07-27,IT,1987-02-20,Active
510,Ethan Garcia,ethan.garcia510@example.com,2025-05-29,AL,1974-01-02,Active
511,Ava Wilson,ava.wilson511@example.com,2026-01-25,RO,1966-09-19,Active
512,Lucas Martin,lucas.martin512@example.com,2023-04-10,IT,1959-02-14,Active
513,Leo Smith,leo.smith513@example.com,2023-09-12,AL,1969-03-04,Active
514,Isabella Garcia,isabella.garcia514@example.com,2023-09-28,ES,1982-01-30,Active
515,Noah Rossi,noah.rossi515@example.com,2025-01-08,IT,1977-06-18,Active
516,Emma Smith,emma.smith516@example.com,2025-03-22,AE,1982-05-29,Active
517,Olivia Taylor,olivia.taylor517@example.com,2023-07-06,GB,1963-07-16,Active
518,Daniel Brown,daniel.brown518@example.com,2026-04-30,NL,1975-04-17,Active
519,James Smith,james.smith519@example.com,2024-12-04,GR,1965-10-26,Active
520,Amelia Rossi,amelia.rossi520@example.com,2024-04-13,IT,1989-05-14,Active
521,Sofia Rossi,sofia.rossi521@example.com,2024-10-03,DE,1987-12-23,Active
522,Alex Martin,alex.martin522@example.com,2023-10-20,NL,1961-02-19,Active
523,Emma Anderson,emma.anderson523@example.com,2024-12-20,NG,1974-02-11,Active
524,Isabella Moore,isabella.moore524@example.com,2025-06-25,IT,1974-06-28,Active
525,Alex Clark,alex.clark525@example.com,2023-09-10,US,1989-06-14,Suspended
526,Lucas Clark,lucas.clark526@example.com,2023-10-14,DE,1977-03-25,Active
527,Olivia Thomas,olivia.thomas527@example.com,2026-05-15,AE,1980-07-24,Active
528,Ava Garcia,ava.garcia528@example.com,2025-11-26,FR,2000-09-17,Active
529,Ava Martin,ava.martin529@example.com,2023-04-22,AL,1976-06-21,Active
530,Olivia Anderson,olivia.anderson530@example.com,2026-05-01,NL,1961-05-15,Active
531,James Wilson,james.wilson531@example.com,2024-10-10,GR,1966-11-03,Active
532,Isabella Wilson,isabella.wilson532@example.com,2026-01-23,AL,1970-07-02,Suspended
533,Daniel Smith,daniel.smith533@example.com,2026-04-17,GB,1961-01-21,Active
534,Maria Smith,maria.smith534@example.com,2025-03-26,DE,2000-06-13,Active
535,Isabella Taylor,isabella.taylor535@example.com,2025-04-03,NG,1962-05-24,Active
536,Alex Miller,alex.miller536@example.com,2023-06-21,IT,1982-10-21,Active
537,Liam Clark,liam.clark537@example.com,2023-11-15,US,2003-02-14,Active
538,Daniel Miller,daniel.miller538@example.com,2025-06-14,GB,1976-05-29,Active
539,Isabella Rossi,isabella.rossi539@example.com,2025-07-17,DE,1959-12-09,Active
540,Emma Rossi,emma.rossi540@example.com,2023-01-26,AE,1967-04-24,Active
541,Amelia Wilson,amelia.wilson541@example.com,2025-12-07,AE,2001-05-27,Active
542,Mia Brown,mia.brown542@example.com,2024-07-04,GB,1965-08-04,Active
543,Isabella Miller,isabella.miller543@example.com,2025-12-08,DE,1960-09-23,Active
544,Daniel Anderson,daniel.anderson544@example.com,2025-07-21,US,2000-10-28,Active
545,Emma Wilson,emma.wilson545@example.com,2023-11-19,IT,1977-11-20,Active
546,Sofia Garcia,sofia.garcia546@example.com,2025-11-08,GB,1955-03-26,Active
547,James Garcia,james.garcia547@example.com,2023-04-05,US,1997-04-28,Active
548,Alex Brown,alex.brown548@example.com,2023-03-14,AE,2004-08-07,Active
549,Isabella Garcia,isabella.garcia549@example.com,2024-10-21,GR,1977-04-10,Active
550,Lucas Miller,lucas.miller550@example.com,2023-06-09,IT,1988-06-12,Active
551,Maria Brown,maria.brown551@example.com,2024-04-02,GB,2001-04-09,Suspended
552,Daniel Anderson,daniel.anderson552@example.com,2024-08-01,US,1982-11-15,Active
553,Leo Smith,leo.smith553@example.com,2025-01-25,DE,1973-01-01,Active
554,Ava Lee,ava.lee554@example.com,2026-06-29,AL,1976-10-05,Active
555,Amelia Clark,amelia.clark555@example.com,2024-02-05,FR,2004-01-13,Active
556,Isabella Smith,isabella.smith556@example.com,2024-04-22,US,2003-08-02,Active
557,James Wilson,james.wilson557@example.com,2023-01-03,AE,1988-10-03,Active
558,Sofia Garcia,sofia.garcia558@example.com,2025-12-21,GR,1976-05-14,Active
559,Maria Brown,maria.brown559@example.com,2024-07-27,GB,1963-05-07,Active
560,Isabella Lee,isabella.lee560@example.com,2025-02-01,AE,1996-02-17,Active
561,Sofia Thomas,sofia.thomas561@example.com,2023-10-01,IT,1990-05-19,Active
562,Maria Taylor,maria.taylor562@example.com,2023-09-25,DE,1976-03-29,Active
563,Lucas Clark,lucas.clark563@example.com,2025-03-15,US,1984-04-08,Active
564,Olivia Rossi,olivia.rossi564@example.com,2024-02-20,RO,1967-03-19,Active
565,Sofia Brown,sofia.brown565@example.com,2025-07-09,US,1996-10-23,Active
566,Mia Clark,mia.clark566@example.com,2024-03-01,DE,1995-07-18,Active
567,Sofia Rossi,sofia.rossi567@example.com,2023-11-19,AE,1982-04-17,Active
568,Maria Garcia,maria.garcia568@example.com,2024-11-02,IT,1968-04-22,Active
569,Mia Taylor,mia.taylor569@example.com,2025-11-17,NG,1959-05-24,Active
570,Emma Smith,emma.smith570@example.com,2025-04-08,NL,1995-07-27,Active
571,Olivia Rossi,olivia.rossi571@example.com,2025-08-04,ES,1964-02-22,Active
572,Maria Lewis,maria.lewis572@example.com,2024-03-31,FR,1966-09-23,Active
573,Mia Martin,mia.martin573@example.com,2026-07-14,RO,1962-07-16,Active
574,Daniel Smith,daniel.smith574@example.com,2023-05-13,NG,1972-09-27,Active
575,Alex Rossi,alex.rossi575@example.com,2024-11-10,GB,1965-12-28,Suspended
576,Maria Brown,maria.brown576@example.com,2026-03-21,AE,1993-11-10,Active
577,James Taylor,james.taylor577@example.com,2025-05-23,US,1970-07-03,Active
578,Emma Miller,emma.miller578@example.com,2024-07-27,ES,1995-01-05,Active
579,Olivia Martin,olivia.martin579@example.com,2024-08-27,GR,1999-10-04,Active
580,Amelia Smith,amelia.smith580@example.com,2023-06-29,GR,1980-02-06,Active
581,Liam Martin,liam.martin581@example.com,2025-12-12,NG,1977-05-09,Closed
582,James Taylor,james.taylor582@example.com,2025-01-05,NL,1998-01-13,Active
583,Mia Moore,mia.moore583@example.com,2025-10-25,GR,1983-11-08,Active
584,James Wilson,james.wilson584@example.com,2026-05-07,GB,1974-08-25,Active
585,Noah Smith,noah.smith585@example.com,2025-08-24,US,2002-07-01,Active
586,Olivia Brown,olivia.brown586@example.com,2023-07-25,NG,1977-03-27,Active
587,Maria Clark,maria.clark587@example.com,2024-03-25,US,1989-11-05,Active
588,Emma Brown,emma.brown588@example.com,2024-04-29,AE,1983-07-13,Active
589,James Lee,james.lee589@example.com,2024-12-21,RO,2005-12-04,Active
590,Liam Lewis,liam.lewis590@example.com,2025-10-05,DE,2003-08-21,Active
591,Maria Rossi,maria.rossi591@example.com,2023-04-26,RO,1975-11-14,Active
592,Amelia Smith,amelia.smith592@example.com,2024-11-10,ES,1973-01-27,Active
593,Emma Clark,emma.clark593@example.com,2024-10-24,GB,1960-05-05,Active
594,Alex Clark,alex.clark594@example.com,2023-08-16,US,2002-03-20,Suspended
595,Mia Lee,mia.lee595@example.com,2025-03-21,US,1964-01-24,Active
596,Alex Brown,alex.brown596@example.com,2025-06-13,NG,1998-09-16,Active
597,Mia Garcia,mia.garcia597@example.com,2026-04-21,GR,1970-09-24,Active
598,Ava Brown,ava.brown598@example.com,2023-12-30,AE,1955-02-28,Suspended
599,Ethan Lewis,ethan.lewis599@example.com,2026-03-08,ES,1957-11-27,Active
600,Olivia Martin,olivia.martin600@example.com,2026-03-04,AL,1964-05-04,Active
601,Daniel Garcia,daniel.garcia601@example.com,2024-12-11,ES,1983-08-31,Active
602,Daniel Lewis,daniel.lewis602@example.com,2024-11-18,GB,1995-01-26,Active
603,Olivia Lee,olivia.lee603@example.com,2023-05-19,DE,1986-06-11,Active
604,James Smith,james.smith604@example.com,2025-03-01,AE,1994-04-25,Active
605,Emma Taylor,emma.taylor605@example.com,2025-10-06,US,1988-12-22,Active
606,Sofia Lewis,sofia.lewis606@example.com,2025-09-08,ES,1975-03-28,Active
607,Maria Miller,maria.miller607@example.com,2023-02-11,DE,1983-08-05,Suspended
608,Daniel Wilson,daniel.wilson608@example.com,2023-12-15,ES,1988-09-07,Active
609,Daniel Wilson,daniel.wilson609@example.com,2026-05-01,AE,1998-04-23,Active
610,Emma Moore,emma.moore610@example.com,2025-06-08,GB,1969-02-03,Active
611,Liam Garcia,liam.garcia611@example.com,2025-04-18,AE,2004-09-17,Active
612,Noah Martin,noah.martin612@example.com,2024-07-30,FR,1981-09-06,Active
613,Ethan Moore,ethan.moore613@example.com,2026-01-30,ES,1999-01-17,Active
614,James Taylor,james.taylor614@example.com,2023-06-29,NG,1981-06-04,Active
615,Amelia Garcia,amelia.garcia615@example.com,2023-07-18,FR,1957-04-23,Active
616,Ava Rossi,ava.rossi616@example.com,2025-08-27,DE,1965-05-12,Active
617,Amelia Anderson,amelia.anderson617@example.com,2024-06-26,NG,1963-03-06,Active
618,Emma Wilson,emma.wilson618@example.com,2025-02-20,ES,1988-02-21,Active
619,Noah Anderson,noah.anderson619@example.com,2025-08-10,FR,1978-08-19,Active
620,Maria Brown,maria.brown620@example.com,2023-07-18,NG,1962-09-09,Active
621,Isabella Clark,isabella.clark621@example.com,2026-04-22,NL,1975-05-31,Active
622,Ethan Lewis,ethan.lewis622@example.com,2025-12-06,NL,1992-07-22,Active
623,Amelia Moore,amelia.moore623@example.com,2024-04-27,DE,1997-09-23,Active
624,Maria Thomas,maria.thomas624@example.com,2026-03-15,RO,2001-05-14,Active
625,Alex Rossi,alex.rossi625@example.com,2025-07-08,ES,1970-07-05,Suspended
626,Liam Brown,liam.brown626@example.com,2023-03-29,IT,1992-12-25,Closed
627,Isabella Garcia,isabella.garcia627@example.com,2026-07-08,RO,1968-04-07,Active
628,Daniel Rossi,daniel.rossi628@example.com,2025-03-05,GR,2004-11-29,Active
629,Noah Thomas,noah.thomas629@example.com,2025-07-27,AE,1956-02-10,Active
630,Isabella Rossi,isabella.rossi630@example.com,2025-04-28,ES,1968-06-04,Active
631,Sofia Rossi,sofia.rossi631@example.com,2026-02-26,DE,1964-01-23,Active
632,Mia Taylor,mia.taylor632@example.com,2024-06-24,NG,1989-05-13,Active
633,Amelia Smith,amelia.smith633@example.com,2023-12-19,GR,1979-09-16,Active
634,Ethan Smith,ethan.smith634@example.com,2025-03-21,AE,1984-09-27,Active
635,Amelia Miller,amelia.miller635@example.com,2025-02-01,US,1956-10-24,Active
636,Ava Miller,ava.miller636@example.com,2024-07-28,AE,1999-02-08,Active
637,Olivia Brown,olivia.brown637@example.com,2024-09-07,US,1994-10-02,Active
638,Isabella Moore,isabella.moore638@example.com,2023-07-02,AL,1971-11-11,Active
639,Isabella Lee,isabella.lee639@example.com,2025-09-19,US,2001-05-03,Active
640,Emma Rossi,emma.rossi640@example.com,2024-09-29,GR,2000-06-19,Active
641,James Brown,james.brown641@example.com,2024-01-30,GB,1973-01-03,Active
642,Leo Smith,leo.smith642@example.com,2025-01-08,DE,1972-11-11,Active
643,Leo Thomas,leo.thomas643@example.com,2025-03-23,NG,1966-02-11,Active
644,Mia Anderson,mia.anderson644@example.com,2026-05-01,ES,1995-01-08,Suspended
645,Amelia Moore,amelia.moore645@example.com,2026-02-03,US,1986-05-18,Active
646,Noah Lee,noah.lee646@example.com,2023-07-05,GB,1980-07-29,Active
647,Emma Lewis,emma.lewis647@example.com,2026-03-17,FR,1974-03-24,Active
648,Liam Miller,liam.miller648@example.com,2025-04-18,GB,2001-01-18,Active
649,James Anderson,james.anderson649@example.com,2023-09-28,RO,1970-07-16,Active
650,Olivia Miller,olivia.miller650@example.com,2026-05-30,AE,1982-05-28,Suspended
651,Noah Taylor,noah.taylor651@example.com,2025-02-10,AL,1986-04-14,Active
652,Leo Miller,leo.miller652@example.com,2025-12-02,RO,1990-08-18,Active
653,Mia Thomas,mia.thomas653@example.com,2026-05-01,DE,1980-05-11,Active
654,Amelia Rossi,amelia.rossi654@example.com,2024-11-19,NG,1979-10-21,Active
655,Noah Miller,noah.miller655@example.com,2024-09-03,ES,1971-11-25,Active
656,Olivia Smith,olivia.smith656@example.com,2026-05-13,NG,1991-04-03,Active
657,Alex Lee,alex.lee657@example.com,2023-02-22,DE,1999-08-15,Active
658,Isabella Taylor,isabella.taylor658@example.com,2025-03-06,RO,1958-03-03,Active
659,Liam Wilson,liam.wilson659@example.com,2024-03-31,NG,2002-12-18,Active
660,Mia Thomas,mia.thomas660@example.com,2024-09-06,NG,1970-04-02,Active
661,Emma Miller,emma.miller661@example.com,2023-07-19,ES,1997-03-27,Active
662,Emma Martin,emma.martin662@example.com,2024-11-18,FR,1963-01-05,Active
663,Ava Taylor,ava.taylor663@example.com,2024-11-09,DE,1988-05-06,Active
664,Leo Lewis,leo.lewis664@example.com,2023-08-30,GB,1997-03-19,Active
665,Daniel Anderson,daniel.anderson665@example.com,2024-02-03,IT,1999-11-25,Active
666,Ethan Thomas,ethan.thomas666@example.com,2024-09-03,GB,1992-01-23,Active
667,Alex Brown,alex.brown667@example.com,2024-02-15,GR,1985-09-28,Closed
668,Leo Brown,leo.brown668@example.com,2024-10-09,IT,1971-03-07,Active
669,Emma Wilson,emma.wilson669@example.com,2023-04-29,AL,1955-06-04,Active
670,Emma Moore,emma.moore670@example.com,2023-11-21,IT,1998-12-03,Active
671,Isabella Martin,isabella.martin671@example.com,2025-05-29,GR,1991-03-11,Suspended
672,Ethan Smith,ethan.smith672@example.com,2023-03-19,FR,2002-11-20,Active
673,James Wilson,james.wilson673@example.com,2025-12-23,GB,1972-02-05,Active
674,Olivia Garcia,olivia.garcia674@example.com,2024-12-06,ES,1982-12-31,Active
675,Ava Brown,ava.brown675@example.com,2023-05-14,DE,1959-02-07,Suspended
676,Leo Lee,leo.lee676@example.com,2025-12-01,US,2002-01-08,Active
677,Alex Wilson,alex.wilson677@example.com,2025-09-30,FR,1987-03-25,Active
678,Ethan Smith,ethan.smith678@example.com,2024-04-12,AE,1975-02-15,Closed
679,Liam Lee,liam.lee679@example.com,2023-02-14,ES,2000-04-09,Active
680,Maria Taylor,maria.taylor680@example.com,2024-06-07,RO,2002-12-22,Active
681,Maria Martin,maria.martin681@example.com,2023-08-10,GB,1956-10-08,Active
682,Isabella Anderson,isabella.anderson682@example.com,2025-02-17,NL,1966-02-01,Active
683,Alex Garcia,alex.garcia683@example.com,2026-07-14,DE,1955-11-01,Active
684,Sofia Martin,sofia.martin684@example.com,2025-12-01,RO,1979-03-22,Active
685,Alex Taylor,alex.taylor685@example.com,2023-08-03,AE,2000-11-23,Active
686,Ava Rossi,ava.rossi686@example.com,2023-08-06,FR,1999-08-27,Active
687,Noah Lewis,noah.lewis687@example.com,2025-12-07,US,1973-02-03,Active
688,Ava Brown,ava.brown688@example.com,2023-03-22,AL,2004-03-05,Active
689,Amelia Wilson,amelia.wilson689@example.com,2024-04-25,GB,1955-03-31,Active
690,Sofia Lewis,sofia.lewis690@example.com,2026-03-21,ES,1999-04-30,Suspended
691,Daniel Lee,daniel.lee691@example.com,2023-07-27,NG,1977-12-16,Active
692,Ava Miller,ava.miller692@example.com,2025-08-08,IT,1959-06-30,Active
693,Maria Lewis,maria.lewis693@example.com,2024-08-18,NG,1987-04-26,Active
694,Sofia Rossi,sofia.rossi694@example.com,2023-04-04,ES,1955-11-13,Active
695,Emma Wilson,emma.wilson695@example.com,2025-01-02,RO,1994-04-09,Active
696,Daniel Wilson,daniel.wilson696@example.com,2024-12-02,IT,1971-05-29,Active
697,Leo Miller,leo.miller697@example.com,2025-02-28,GR,1997-11-27,Active
698,Emma Rossi,emma.rossi698@example.com,2023-09-29,ES,1960-04-05,Active
699,Amelia Clark,amelia.clark699@example.com,2026-03-11,ES,1994-04-23,Active
700,Mia Moore,mia.moore700@example.com,2023-03-01,AL,1966-09-21,Active
701,Sofia Taylor,sofia.taylor701@example.com,2025-06-21,IT,1959-02-15,Active
702,Lucas Smith,lucas.smith702@example.com,2025-12-10,FR,2005-09-09,Suspended
703,Lucas Thomas,lucas.thomas703@example.com,2025-12-07,GR,1963-07-18,Active
704,Olivia Anderson,olivia.anderson704@example.com,2024-12-09,ES,1989-07-12,Active
705,Maria Smith,maria.smith705@example.com,2023-11-18,AL,2000-05-10,Active
706,Emma Rossi,emma.rossi706@example.com,2025-10-03,FR,1983-10-07,Active
707,Noah Smith,noah.smith707@example.com,2025-11-04,NL,1974-12-24,Active
708,Ethan Lewis,ethan.lewis708@example.com,2024-04-26,AL,1962-01-27,Active
709,Leo Rossi,leo.rossi709@example.com,2025-10-17,US,1995-02-09,Active
710,Amelia Lee,amelia.lee710@example.com,2023-02-06,GR,1964-03-17,Active
711,James Lewis,james.lewis711@example.com,2023-07-06,NL,1982-04-30,Active
712,Leo Wilson,leo.wilson712@example.com,2025-01-14,FR,1959-11-14,Active
713,Lucas Thomas,lucas.thomas713@example.com,2026-06-23,AE,1997-06-12,Active
714,Leo Rossi,leo.rossi714@example.com,2023-07-19,GB,1974-11-23,Active
715,Ava Thomas,ava.thomas715@example.com,2025-12-05,AE,1988-07-17,Active
716,Emma Anderson,emma.anderson716@example.com,2023-10-15,IT,1991-09-18,Active
717,Liam Garcia,liam.garcia717@example.com,2023-09-05,FR,1990-04-01,Active
718,Liam Lee,liam.lee718@example.com,2024-11-23,GR,1964-09-01,Active
719,Sofia Clark,sofia.clark719@example.com,2025-07-11,NG,1996-01-13,Active
720,Alex Anderson,alex.anderson720@example.com,2023-01-09,AE,2002-07-31,Active
721,Isabella Lewis,isabella.lewis721@example.com,2026-04-13,NL,1998-04-29,Active
722,Emma Lee,emma.lee722@example.com,2026-03-30,AE,1970-07-31,Active
723,Sofia Taylor,sofia.taylor723@example.com,2026-05-14,NL,1983-11-16,Active
724,Isabella Moore,isabella.moore724@example.com,2024-05-23,GR,1979-07-19,Suspended
725,Ava Anderson,ava.anderson725@example.com,2023-10-01,GR,1967-05-25,Active
726,Ava Lewis,ava.lewis726@example.com,2026-01-26,AE,1983-03-01,Active
727,Liam Garcia,liam.garcia727@example.com,2024-03-05,NG,1981-01-25,Active
728,Alex Lee,alex.lee728@example.com,2023-12-31,NL,2000-03-16,Active
729,Lucas Lee,lucas.lee729@example.com,2023-08-25,NL,1986-08-08,Active
730,Isabella Martin,isabella.martin730@example.com,2025-12-29,GR,1980-08-26,Active
731,Sofia Smith,sofia.smith731@example.com,2025-02-19,GB,1968-01-15,Active
732,Liam Miller,liam.miller732@example.com,2023-11-26,NG,1980-09-17,Active
733,Maria Lee,maria.lee733@example.com,2024-08-27,NL,1973-04-20,Active
734,Leo Rossi,leo.rossi734@example.com,2026-06-15,FR,2005-05-29,Active
735,Ethan Garcia,ethan.garcia735@example.com,2025-11-12,AE,1980-10-21,Active
736,Ethan Taylor,ethan.taylor736@example.com,2025-05-03,NL,1983-01-19,Active
737,Noah Garcia,noah.garcia737@example.com,2026-06-24,FR,1994-10-01,Active
738,Mia Clark,mia.clark738@example.com,2026-04-20,AE,2004-01-15,Active
739,Liam Miller,liam.miller739@example.com,2025-07-08,NG,1970-12-01,Active
740,Emma Lee,emma.lee740@example.com,2025-11-18,GR,1965-09-15,Active
741,Noah Thomas,noah.thomas741@example.com,2024-06-25,ES,1966-09-02,Active
742,Noah Smith,noah.smith742@example.com,2024-11-07,AE,1996-11-01,Active
743,Maria Brown,maria.brown743@example.com,2024-10-22,NG,1959-07-25,Active
744,Ava Anderson,ava.anderson744@example.com,2026-03-18,US,2004-05-10,Active
745,Lucas Thomas,lucas.thomas745@example.com,2024-03-26,NL,1971-07-01,Active
746,Emma Taylor,emma.taylor746@example.com,2026-01-17,GR,2003-03-07,Active
747,Olivia Garcia,olivia.garcia747@example.com,2024-11-10,US,1984-09-13,Active
748,Amelia Thomas,amelia.thomas748@example.com,2023-01-19,NG,1965-04-17,Active
749,Olivia Martin,olivia.martin749@example.com,2026-06-10,GB,1976-11-15,Active
750,Lucas Taylor,lucas.taylor750@example.com,2023-08-21,DE,1989-08-14,Active
751,Ava Smith,ava.smith751@example.com,2025-11-24,NL,1988-08-21,Active
752,Leo Anderson,leo.anderson752@example.com,2023-03-31,NG,1981-08-05,Active
753,Daniel Rossi,daniel.rossi753@example.com,2023-12-09,NL,2003-04-07,Active
754,Daniel Garcia,daniel.garcia754@example.com,2026-07-13,NG,1974-02-15,Active
755,Sofia Garcia,sofia.garcia755@example.com,2026-01-06,NG,1994-01-17,Active
756,Daniel Lee,daniel.lee756@example.com,2023-11-11,AL,1957-02-17,Active
757,Maria Rossi,maria.rossi757@example.com,2023-05-31,ES,1959-11-14,Active
758,Daniel Moore,daniel.moore758@example.com,2024-04-11,GR,1978-03-16,Active
759,Ethan Taylor,ethan.taylor759@example.com,2024-10-09,GR,1956-07-07,Active
760,James Martin,james.martin760@example.com,2026-06-20,AE,1960-09-03,Active
761,Daniel Wilson,daniel.wilson761@example.com,2025-10-26,DE,1964-07-09,Active
762,Ava Moore,ava.moore762@example.com,2023-06-27,AL,1980-04-03,Active
763,James Anderson,james.anderson763@example.com,2023-11-17,FR,2002-11-10,Active
764,Ethan Clark,ethan.clark764@example.com,2026-01-22,NG,1981-06-18,Active
765,Mia Smith,mia.smith765@example.com,2026-02-07,ES,2004-10-18,Active
766,James Moore,james.moore766@example.com,2026-05-06,NL,1990-05-10,Active
767,Daniel Miller,daniel.miller767@example.com,2024-03-06,FR,1985-11-06,Active
768,Alex Brown,alex.brown768@example.com,2024-01-12,RO,1974-10-22,Active
769,Liam Rossi,liam.rossi769@example.com,2024-01-07,GB,2005-11-23,Active
770,Leo Martin,leo.martin770@example.com,2026-01-30,DE,1961-07-24,Active
771,Noah Rossi,noah.rossi771@example.com,2024-02-09,US,1998-09-16,Active
772,Olivia Rossi,olivia.rossi772@example.com,2024-08-06,FR,1961-04-06,Active
773,Leo Wilson,leo.wilson773@example.com,2026-06-16,AE,1982-06-04,Active
774,Mia Clark,mia.clark774@example.com,2024-10-09,ES,1993-06-04,Active
775,Olivia Clark,olivia.clark775@example.com,2024-03-29,DE,1994-02-15,Active
776,Alex Martin,alex.martin776@example.com,2024-11-10,AL,1998-01-22,Active
777,Ava Anderson,ava.anderson777@example.com,2026-02-03,ES,1964-10-06,Active
778,Daniel Lewis,daniel.lewis778@example.com,2024-07-28,NL,1967-07-24,Active
779,Daniel Lee,daniel.lee779@example.com,2023-06-04,NL,1956-09-02,Active
780,Ethan Clark,ethan.clark780@example.com,2026-04-23,GB,1974-02-01,Active
781,Amelia Martin,amelia.martin781@example.com,2023-11-01,GR,1987-10-27,Active
782,Ava Brown,ava.brown782@example.com,2025-08-09,NL,1999-12-16,Active
783,Mia Thomas,mia.thomas783@example.com,2023-01-22,RO,1976-06-06,Active
784,Alex Anderson,alex.anderson784@example.com,2023-11-23,RO,1971-01-27,Suspended
785,Alex Lee,alex.lee785@example.com,2025-09-17,GB,1987-03-11,Active
786,Amelia Garcia,amelia.garcia786@example.com,2023-05-09,US,1978-09-19,Active
787,Liam Thomas,liam.thomas787@example.com,2025-01-09,AL,1989-10-26,Active
788,Maria Smith,maria.smith788@example.com,2024-10-25,AE,1964-04-05,Suspended
789,Noah Lewis,noah.lewis789@example.com,2024-06-23,RO,2003-11-02,Active
790,Ethan Wilson,ethan.wilson790@example.com,2026-04-18,NL,1961-12-25,Active
791,Olivia Thomas,olivia.thomas791@example.com,2025-04-11,US,1986-08-29,Active
792,Amelia Moore,amelia.moore792@example.com,2023-01-14,ES,2000-01-09,Active
793,Olivia Rossi,olivia.rossi793@example.com,2025-11-19,FR,1980-03-11,Active
794,Emma Wilson,emma.wilson794@example.com,2026-05-17,NG,1965-08-13,Active
795,Lucas Lee,lucas.lee795@example.com,2023-08-21,NG,1998-03-14,Active
796,Liam Moore,liam.moore796@example.com,2023-11-27,GB,1991-11-12,Active
797,Alex Moore,alex.moore797@example.com,2026-04-28,ES,1969-06-15,Active
798,Maria Moore,maria.moore798@example.com,2023-10-28,ES,1960-01-07,Active
799,Emma Thomas,emma.thomas799@example.com,2025-04-10,NG,2005-07-25,Active
800,Ava Rossi,ava.rossi800@example.com,2024-03-19,RO,1995-04-20,Closed
801,Amelia Brown,amelia.brown801@example.com,2024-03-25,RO,1991-11-08,Active
802,Emma Moore,emma.moore802@example.com,2025-11-12,ES,1978-09-24,Active
803,Lucas Anderson,lucas.anderson803@example.com,2026-05-06,FR,1961-03-05,Active
804,Alex Rossi,alex.rossi804@example.com,2023-02-03,NL,1973-02-25,Active
805,Isabella Lewis,isabella.lewis805@example.com,2023-11-03,ES,1963-08-22,Active
806,Maria Clark,maria.clark806@example.com,2025-12-24,IT,2000-02-27,Active
807,Alex Moore,alex.moore807@example.com,2026-01-09,NG,1955-02-09,Active
808,Isabella Wilson,isabella.wilson808@example.com,2023-03-30,GR,2002-07-14,Active
809,Amelia Clark,amelia.clark809@example.com,2025-02-19,RO,1986-06-12,Active
810,Sofia Taylor,sofia.taylor810@example.com,2023-10-02,AL,1977-11-01,Active
811,Daniel Miller,daniel.miller811@example.com,2026-05-10,GR,2003-10-12,Active
812,James Lee,james.lee812@example.com,2023-01-15,IT,2001-11-17,Active
813,Ethan Martin,ethan.martin813@example.com,2024-02-25,GR,1983-05-05,Active
814,Alex Taylor,alex.taylor814@example.com,2026-04-13,DE,1977-10-03,Active
815,Isabella Moore,isabella.moore815@example.com,2025-01-18,NG,1979-09-21,Active
816,Liam Taylor,liam.taylor816@example.com,2026-02-04,AL,2005-01-08,Active
817,Amelia Miller,amelia.miller817@example.com,2024-09-20,AE,1985-11-22,Active
818,Alex Lewis,alex.lewis818@example.com,2023-09-01,AL,1975-08-13,Active
819,Emma Rossi,emma.rossi819@example.com,2024-03-15,GR,2000-08-09,Active
820,Maria Brown,maria.brown820@example.com,2025-03-07,IT,1955-06-23,Active
821,Amelia Moore,amelia.moore821@example.com,2025-06-10,IT,1962-11-28,Active
822,Mia Rossi,mia.rossi822@example.com,2026-06-01,AE,1958-05-22,Active
823,Ethan Moore,ethan.moore823@example.com,2025-12-03,AE,1980-09-13,Suspended
824,Maria Clark,maria.clark824@example.com,2023-12-25,AL,1999-05-09,Active
825,Ava Garcia,ava.garcia825@example.com,2023-03-10,NL,2000-10-20,Active
826,Emma Martin,emma.martin826@example.com,2023-03-15,FR,1987-04-10,Active
827,Emma Rossi,emma.rossi827@example.com,2024-07-19,US,1990-11-01,Active
828,Ethan Moore,ethan.moore828@example.com,2024-02-15,GB,2001-06-13,Active
829,Daniel Rossi,daniel.rossi829@example.com,2026-01-30,AE,1980-07-10,Active
830,Mia Wilson,mia.wilson830@example.com,2024-07-20,RO,1975-04-21,Suspended
831,Leo Taylor,leo.taylor831@example.com,2026-03-23,DE,1955-06-02,Active
832,Sofia Thomas,sofia.thomas832@example.com,2023-05-29,DE,2000-02-21,Active
833,Sofia Clark,sofia.clark833@example.com,2025-11-17,NL,1978-02-13,Active
834,Noah Lee,noah.lee834@example.com,2025-06-25,RO,1988-10-30,Active
835,Olivia Clark,olivia.clark835@example.com,2024-11-26,NG,1996-03-01,Active
836,James Anderson,james.anderson836@example.com,2023-08-27,IT,1978-02-17,Active
837,Olivia Martin,olivia.martin837@example.com,2024-04-15,GR,1983-04-29,Suspended
838,James Lee,james.lee838@example.com,2024-06-23,DE,1977-04-09,Active
839,Lucas Rossi,lucas.rossi839@example.com,2026-02-09,AL,1971-01-05,Active
840,Liam Moore,liam.moore840@example.com,2024-07-05,AE,1971-05-26,Active
841,Liam Anderson,liam.anderson841@example.com,2024-02-13,AE,1976-01-26,Active
842,Noah Garcia,noah.garcia842@example.com,2024-04-14,FR,1973-03-11,Active
843,Mia Brown,mia.brown843@example.com,2023-08-07,IT,1965-10-03,Active
844,Amelia Moore,amelia.moore844@example.com,2023-01-14,GB,2003-07-31,Active
845,Mia Moore,mia.moore845@example.com,2024-10-07,RO,1999-03-04,Active
846,Amelia Brown,amelia.brown846@example.com,2025-11-12,GR,1980-02-22,Active
847,Alex Smith,alex.smith847@example.com,2025-12-12,AL,1992-12-18,Active
848,Maria Thomas,maria.thomas848@example.com,2024-12-12,NG,1990-04-28,Active
849,Leo Rossi,leo.rossi849@example.com,2025-11-27,US,1996-04-10,Active
850,James Martin,james.martin850@example.com,2024-03-07,RO,1989-01-15,Active
851,Mia Moore,mia.moore851@example.com,2024-06-15,NL,1971-10-16,Active
852,Noah Anderson,noah.anderson852@example.com,2026-06-09,US,1985-10-12,Active
853,Isabella Garcia,isabella.garcia853@example.com,2025-05-08,US,1988-05-26,Active
854,Noah Anderson,noah.anderson854@example.com,2024-01-04,RO,1966-10-07,Active
855,Sofia Lee,sofia.lee855@example.com,2024-07-06,NL,1976-02-26,Active
856,Ethan Garcia,ethan.garcia856@example.com,2023-10-26,AL,1968-06-01,Active
857,Emma Taylor,emma.taylor857@example.com,2025-10-20,NG,1967-01-24,Active
858,Lucas Clark,lucas.clark858@example.com,2025-09-23,DE,1981-12-01,Active
859,Maria Taylor,maria.taylor859@example.com,2023-07-22,GB,1969-08-27,Active
860,Noah Anderson,noah.anderson860@example.com,2026-07-13,AL,1963-08-22,Active
861,Noah Wilson,noah.wilson861@example.com,2025-01-07,NL,2005-04-09,Active
862,Noah Wilson,noah.wilson862@example.com,2023-02-10,IT,1991-12-10,Active
863,Liam Moore,liam.moore863@example.com,2026-03-25,ES,2003-04-22,Suspended
864,Ava Wilson,ava.wilson864@example.com,2024-10-27,AL,2000-10-17,Active
865,Leo Rossi,leo.rossi865@example.com,2025-02-19,AL,1980-09-14,Active
866,Alex Lewis,alex.lewis866@example.com,2023-12-10,GR,1985-04-08,Active
867,Ethan Lewis,ethan.lewis867@example.com,2023-05-27,ES,1962-02-05,Active
868,Lucas Wilson,lucas.wilson868@example.com,2024-08-19,RO,1978-12-30,Active
869,Noah Anderson,noah.anderson869@example.com,2025-01-13,AL,2001-09-26,Active
870,Emma Lewis,emma.lewis870@example.com,2023-02-17,AE,1966-03-21,Active
871,Noah Lee,noah.lee871@example.com,2023-06-13,ES,1973-11-22,Active
872,Sofia Rossi,sofia.rossi872@example.com,2025-08-27,GB,2004-03-15,Active
873,Ethan Thomas,ethan.thomas873@example.com,2023-06-20,DE,1964-04-28,Active
874,Daniel Martin,daniel.martin874@example.com,2025-03-09,FR,1982-10-03,Active
875,Ava Anderson,ava.anderson875@example.com,2026-07-07,ES,1966-05-05,Active
876,Emma Smith,emma.smith876@example.com,2023-03-13,US,1987-01-05,Active
877,Leo Lewis,leo.lewis877@example.com,2026-01-12,NL,1979-06-10,Active
878,Emma Moore,emma.moore878@example.com,2026-05-08,NG,1995-12-17,Active
879,Isabella Thomas,isabella.thomas879@example.com,2025-12-29,US,1982-10-12,Active
880,Olivia Clark,olivia.clark880@example.com,2023-07-03,DE,1994-08-22,Active
881,Noah Brown,noah.brown881@example.com,2024-09-13,GB,1955-12-12,Active
882,Alex Wilson,alex.wilson882@example.com,2024-08-10,NL,1997-02-03,Active
883,Amelia Clark,amelia.clark883@example.com,2025-09-04,GB,1981-11-17,Active
884,Ava Moore,ava.moore884@example.com,2024-04-18,NL,1955-08-25,Active
885,Isabella Thomas,isabella.thomas885@example.com,2025-06-14,FR,1990-06-01,Active
886,Ethan Lewis,ethan.lewis886@example.com,2025-02-13,DE,1974-10-16,Active
887,Olivia Thomas,olivia.thomas887@example.com,2026-06-09,DE,1979-05-23,Active
888,Noah Taylor,noah.taylor888@example.com,2024-01-21,ES,1961-02-21,Active
889,Sofia Martin,sofia.martin889@example.com,2025-07-21,DE,1995-08-15,Active
890,Amelia Garcia,amelia.garcia890@example.com,2024-10-18,ES,1956-09-27,Active
891,James Brown,james.brown891@example.com,2023-07-29,DE,1980-04-23,Active
892,Leo Lee,leo.lee892@example.com,2023-01-17,IT,1975-11-20,Active
893,Amelia Garcia,amelia.garcia893@example.com,2024-12-01,DE,1992-09-13,Active
894,Amelia Wilson,amelia.wilson894@example.com,2025-08-07,US,1957-11-05,Active
895,Alex Smith,alex.smith895@example.com,2024-06-29,IT,1990-03-16,Active
896,Emma Garcia,emma.garcia896@example.com,2024-05-27,GB,1989-03-26,Active
897,Olivia Taylor,olivia.taylor897@example.com,2025-06-26,AE,1977-03-05,Closed
898,Liam Anderson,liam.anderson898@example.com,2023-07-12,NG,2001-10-02,Closed
899,Amelia Taylor,amelia.taylor899@example.com,2024-10-01,ES,1983-12-26,Active
900,Maria Lee,maria.lee900@example.com,2026-01-30,IT,2001-09-25,Active
901,Ava Garcia,ava.garcia901@example.com,2025-01-08,NG,1959-09-03,Active
902,Sofia Garcia,sofia.garcia902@example.com,2025-06-08,GB,1984-02-11,Active
903,Noah Moore,noah.moore903@example.com,2023-09-03,FR,1990-07-05,Active
904,Maria Moore,maria.moore904@example.com,2025-08-31,US,1968-11-26,Active
905,Olivia Brown,olivia.brown905@example.com,2025-10-20,NG,1963-03-15,Active
906,Maria Smith,maria.smith906@example.com,2024-12-29,AE,1968-10-22,Active
907,Sofia Brown,sofia.brown907@example.com,2025-09-26,US,1975-11-16,Closed
908,Mia Clark,mia.clark908@example.com,2025-06-17,GB,1972-04-24,Active
909,Mia Lee,mia.lee909@example.com,2023-10-03,GB,1977-06-28,Active
910,Leo Thomas,leo.thomas910@example.com,2024-08-26,AE,2003-09-10,Active
911,Emma Thomas,emma.thomas911@example.com,2024-12-13,AE,1984-01-15,Active
912,Emma Rossi,emma.rossi912@example.com,2025-12-23,AL,1968-11-27,Active
913,Noah Thomas,noah.thomas913@example.com,2025-01-21,GB,1995-09-27,Active
914,Ethan Lee,ethan.lee914@example.com,2024-01-15,RO,1956-09-05,Active
915,Olivia Wilson,olivia.wilson915@example.com,2023-05-10,GR,2003-05-09,Active
916,Amelia Clark,amelia.clark916@example.com,2026-02-03,RO,1968-10-29,Active
917,Isabella Martin,isabella.martin917@example.com,2024-10-21,IT,1964-11-28,Active
918,Daniel Smith,daniel.smith918@example.com,2023-09-23,GB,1971-01-10,Active
919,Amelia Garcia,amelia.garcia919@example.com,2023-07-22,RO,1957-11-08,Active
920,Ethan Martin,ethan.martin920@example.com,2025-09-30,RO,2002-03-05,Active
921,Noah Smith,noah.smith921@example.com,2025-01-20,RO,1974-10-20,Active
922,James Garcia,james.garcia922@example.com,2025-10-03,AL,1962-03-05,Active
923,Maria Wilson,maria.wilson923@example.com,2026-02-16,US,1992-04-25,Active
924,Maria Lewis,maria.lewis924@example.com,2026-06-17,NL,1978-11-06,Active
925,Daniel Lewis,daniel.lewis925@example.com,2024-09-14,FR,1961-12-28,Suspended
926,Sofia Rossi,sofia.rossi926@example.com,2024-04-18,GR,2002-09-12,Active
927,Olivia Moore,olivia.moore927@example.com,2026-07-04,NL,1971-01-19,Active
928,Isabella Lee,isabella.lee928@example.com,2023-08-05,NG,1987-02-11,Active
929,Isabella Rossi,isabella.rossi929@example.com,2023-12-08,NL,1971-03-09,Active
930,Lucas Martin,lucas.martin930@example.com,2023-11-20,RO,2002-11-24,Active
931,Mia Wilson,mia.wilson931@example.com,2026-01-31,US,1984-02-16,Active
932,Isabella Lewis,isabella.lewis932@example.com,2024-10-24,RO,1976-08-05,Active
933,Ethan Clark,ethan.clark933@example.com,2026-01-31,US,1977-10-17,Suspended
934,Leo Taylor,leo.taylor934@example.com,2023-01-01,DE,1958-02-09,Active
935,Alex Miller,alex.miller935@example.com,2023-01-14,FR,1981-12-11,Active
936,Lucas Smith,lucas.smith936@example.com,2024-07-19,NL,2004-09-02,Active
937,Alex Rossi,alex.rossi937@example.com,2023-03-19,US,1996-04-20,Active
938,Noah Wilson,noah.wilson938@example.com,2026-04-07,FR,1977-06-01,Active
939,Ava Rossi,ava.rossi939@example.com,2026-03-14,RO,1990-11-13,Active
940,Daniel Lee,daniel.lee940@example.com,2024-10-26,ES,1998-04-16,Active
941,Sofia Moore,sofia.moore941@example.com,2024-09-07,AE,1958-05-09,Active
942,Ethan Rossi,ethan.rossi942@example.com,2023-04-25,US,1984-12-31,Active
943,Isabella Taylor,isabella.taylor943@example.com,2023-09-04,AE,1975-05-05,Active
944,James Martin,james.martin944@example.com,2025-02-22,DE,1959-11-09,Active
945,Lucas Thomas,lucas.thomas945@example.com,2026-03-02,US,1968-06-02,Active
946,Olivia Brown,olivia.brown946@example.com,2023-04-14,AL,1990-03-31,Active
947,Daniel Garcia,daniel.garcia947@example.com,2025-06-03,GR,1980-12-30,Active
948,Lucas Rossi,lucas.rossi948@example.com,2025-09-01,NL,1959-06-04,Active
949,Daniel Taylor,daniel.taylor949@example.com,2025-10-24,AE,1993-12-24,Active
950,Alex Anderson,alex.anderson950@example.com,2026-02-19,AL,1972-10-09,Active
951,Liam Thomas,liam.thomas951@example.com,2026-06-15,FR,2002-01-12,Active
952,Noah Clark,noah.clark952@example.com,2025-05-30,NG,1984-01-06,Active
953,Daniel Rossi,daniel.rossi953@example.com,2025-04-27,US,1992-12-30,Active
954,Lucas Wilson,lucas.wilson954@example.com,2026-05-01,DE,1957-03-04,Active
955,Mia Moore,mia.moore955@example.com,2025-06-24,AL,1968-01-31,Active
956,Olivia Garcia,olivia.garcia956@example.com,2025-02-04,AE,1968-12-29,Active
957,Sofia Lee,sofia.lee957@example.com,2023-04-22,RO,1976-10-21,Active
958,Ava Smith,ava.smith958@example.com,2024-12-04,DE,1964-12-25,Active
959,James Wilson,james.wilson959@example.com,2024-03-04,FR,2003-04-08,Active
960,Noah Thomas,noah.thomas960@example.com,2025-09-16,AE,1967-09-06,Active
961,James Taylor,james.taylor961@example.com,2026-04-08,GB,2002-04-06,Active
962,Maria Miller,maria.miller962@example.com,2024-02-16,GB,1979-05-04,Active
963,James Rossi,james.rossi963@example.com,2025-03-06,NG,1979-05-05,Active
964,Mia Lewis,mia.lewis964@example.com,2023-08-09,DE,1956-09-17,Active
965,Ethan Garcia,ethan.garcia965@example.com,2025-02-18,AE,2000-08-15,Active
966,Lucas Anderson,lucas.anderson966@example.com,2026-05-07,IT,2002-09-09,Active
967,Leo Thomas,leo.thomas967@example.com,2023-02-14,FR,1958-07-26,Active
968,Ava Wilson,ava.wilson968@example.com,2025-09-30,AE,1990-04-17,Active
969,Mia Martin,mia.martin969@example.com,2024-12-21,NG,1986-11-19,Active
970,Noah Clark,noah.clark970@example.com,2023-05-07,GR,1978-02-12,Active
971,James Thomas,james.thomas971@example.com,2024-07-27,ES,1975-03-28,Active
972,Ethan Martin,ethan.martin972@example.com,2023-10-09,AE,1962-11-16,Active
973,Olivia Taylor,olivia.taylor973@example.com,2024-05-07,GR,1968-09-14,Suspended
974,Lucas Anderson,lucas.anderson974@example.com,2026-01-15,FR,1966-10-27,Active
975,Liam Lewis,liam.lewis975@example.com,2023-10-10,AE,1982-09-21,Active
976,Alex Taylor,alex.taylor976@example.com,2023-10-25,ES,2005-09-03,Active
977,Sofia Brown,sofia.brown977@example.com,2024-10-12,AE,1968-01-21,Active
978,Lucas Taylor,lucas.taylor978@example.com,2025-04-22,AL,1982-03-20,Active
979,Noah Brown,noah.brown979@example.com,2024-01-20,ES,1964-07-30,Active
980,Noah Moore,noah.moore980@example.com,2026-03-07,RO,1975-09-19,Active
981,James Wilson,james.wilson981@example.com,2023-06-12,ES,1997-10-04,Active
982,Amelia Lee,amelia.lee982@example.com,2025-02-04,GR,1971-07-04,Active
983,Alex Brown,alex.brown983@example.com,2024-01-31,GB,1975-04-20,Active
984,James Miller,james.miller984@example.com,2025-04-25,AE,1974-12-19,Active
985,Liam Clark,liam.clark985@example.com,2024-02-23,ES,1960-12-07,Active
986,Leo Lewis,leo.lewis986@example.com,2026-06-17,AE,1998-12-15,Active
987,Leo Garcia,leo.garcia987@example.com,2025-05-25,GB,1991-04-28,Active
988,Ethan Lee,ethan.lee988@example.com,2024-10-02,RO,1990-05-12,Active
989,Maria Thomas,maria.thomas989@example.com,2023-08-12,AL,1995-07-08,Active
990,Maria Garcia,maria.garcia990@example.com,2025-11-28,GR,2003-04-03,Closed
991,Maria Thomas,maria.thomas991@example.com,2025-03-04,NG,2001-04-21,Suspended
992,Liam Miller,liam.miller992@example.com,2025-06-19,DE,1990-09-16,Active
993,Ava Anderson,ava.anderson993@example.com,2023-12-07,DE,1992-11-25,Active
994,Maria Lee,maria.lee994@example.com,2025-11-24,AL,1967-10-05,Active
995,Leo Rossi,leo.rossi995@example.com,2025-10-22,ES,1965-02-25,Active
996,Alex Taylor,alex.taylor996@example.com,2025-04-26,AL,1984-01-08,Active
997,Leo Moore,leo.moore997@example.com,2024-02-18,IT,1995-10-17,Active
998,Emma Lee,emma.lee998@example.com,2023-09-11,IT,1963-03-08,Active
999,Mia Rossi,mia.rossi999@example.com,2025-12-08,AE,1989-06-16,Active
1000,Emma Taylor,emma.taylor1000@example.com,2026-02-01,GB,1989-02-22,Active
1001,Lucas Moore,lucas.moore1001@example.com,2023-11-04,ES,1969-07-18,Active
1002,Maria Taylor,maria.taylor1002@example.com,2024-09-22,AE,1982-10-08,Active
1003,Leo Miller,leo.miller1003@example.com,2026-07-06,IT,1971-03-19,Active
1004,Liam Smith,liam.smith1004@example.com,2026-06-29,GB,1977-09-15,Active
1005,Amelia Thomas,amelia.thomas1005@example.com,2023-01-12,FR,1999-04-09,Active
1006,Amelia Anderson,amelia.anderson1006@example.com,2025-04-19,IT,1994-08-23,Active
1007,James Garcia,james.garcia1007@example.com,2026-01-25,RO,1979-12-14,Active
1008,Liam Smith,liam.smith1008@example.com,2024-01-14,GB,1968-04-20,Active
1009,Maria Brown,maria.brown1009@example.com,2023-03-08,US,1981-10-10,Active
1010,Maria Rossi,maria.rossi1010@example.com,2025-05-03,ES,1970-12-28,Active
1011,Emma Anderson,emma.anderson1011@example.com,2026-03-31,GB,1987-04-25,Active
1012,Ava Wilson,ava.wilson1012@example.com,2025-01-24,IT,1988-12-30,Active
1013,Daniel Miller,daniel.miller1013@example.com,2025-08-22,IT,1967-01-26,Active
1014,Noah Wilson,noah.wilson1014@example.com,2025-12-15,NL,1992-02-14,Active
1015,Liam Moore,liam.moore1015@example.com,2023-04-30,RO,1964-10-21,Active
1016,Daniel Anderson,daniel.anderson1016@example.com,2026-05-23,GR,1980-10-06,Active
1017,Lucas Miller,lucas.miller1017@example.com,2025-12-12,ES,1986-09-30,Active
1018,Amelia Thomas,amelia.thomas1018@example.com,2025-10-16,ES,1999-03-09,Active
1019,Olivia Lee,olivia.lee1019@example.com,2024-08-17,GB,1972-05-13,Active
1020,Leo Martin,leo.martin1020@example.com,2023-08-30,RO,1973-08-07,Closed
1021,Isabella Smith,isabella.smith1021@example.com,2024-11-14,NL,1986-05-15,Active
1022,Liam Smith,liam.smith1022@example.com,2024-02-17,DE,1980-04-07,Active
1023,Ava Miller,ava.miller1023@example.com,2025-11-03,US,2004-05-05,Active
1024,Sofia Martin,sofia.martin1024@example.com,2024-11-13,GR,1985-08-16,Active
1025,James Lewis,james.lewis1025@example.com,2023-12-26,US,1972-05-28,Active
1026,Amelia Anderson,amelia.anderson1026@example.com,2023-03-14,AL,1967-03-07,Active
1027,Leo Lewis,leo.lewis1027@example.com,2026-01-04,AL,1985-01-23,Active
1028,Isabella Lee,isabella.lee1028@example.com,2023-04-25,DE,2001-09-30,Active
1029,Lucas Thomas,lucas.thomas1029@example.com,2026-01-02,FR,1956-09-05,Active
1030,Lucas Clark,lucas.clark1030@example.com,2024-12-25,ES,1960-12-09,Active
1031,James Wilson,james.wilson1031@example.com,2025-02-07,ES,2002-12-07,Active
1032,Ethan Brown,ethan.brown1032@example.com,2026-05-03,DE,1965-06-25,Active
1033,Lucas Lee,lucas.lee1033@example.com,2023-03-06,GR,1979-05-11,Active
1034,Olivia Wilson,olivia.wilson1034@example.com,2025-07-14,FR,1982-02-24,Active
1035,Emma Rossi,emma.rossi1035@example.com,2025-02-05,FR,1958-05-10,Active
1036,Leo Thomas,leo.thomas1036@example.com,2023-02-21,NL,1998-04-20,Active
1037,Lucas Anderson,lucas.anderson1037@example.com,2025-12-08,US,1982-11-04,Active
1038,Sofia Lewis,sofia.lewis1038@example.com,2025-11-23,FR,1966-11-27,Active
1039,Leo Taylor,leo.taylor1039@example.com,2025-12-05,GB,1965-05-23,Active
1040,Maria Martin,maria.martin1040@example.com,2026-05-02,US,1962-10-24,Active
1041,Maria Rossi,maria.rossi1041@example.com,2025-12-02,GB,1983-01-13,Active
1042,Ava Martin,ava.martin1042@example.com,2024-03-05,FR,1983-10-15,Active
1043,Noah Thomas,noah.thomas1043@example.com,2024-10-15,NG,1994-07-29,Active
1044,Alex Brown,alex.brown1044@example.com,2024-07-14,GB,1965-04-08,Suspended
1045,Sofia Garcia,sofia.garcia1045@example.com,2026-01-16,NL,1986-06-06,Active
1046,Alex Lee,alex.lee1046@example.com,2024-08-03,ES,1976-12-18,Active
1047,Lucas Thomas,lucas.thomas1047@example.com,2025-06-27,ES,1959-07-21,Active
1048,Maria Rossi,maria.rossi1048@example.com,2025-02-24,IT,1959-10-29,Active
1049,Emma Lee,emma.lee1049@example.com,2026-05-05,RO,1994-12-31,Active
1050,Lucas Lewis,lucas.lewis1050@example.com,2024-02-10,IT,2002-11-11,Suspended
1051,Leo Moore,leo.moore1051@example.com,2023-09-27,AE,1963-05-03,Active
1052,Leo Miller,leo.miller1052@example.com,2025-08-11,FR,1997-03-19,Suspended
1053,Alex Lewis,alex.lewis1053@example.com,2026-06-17,US,1978-02-24,Active
1054,Lucas Clark,lucas.clark1054@example.com,2024-10-27,AL,1995-09-01,Active
1055,Amelia Rossi,amelia.rossi1055@example.com,2024-12-20,AL,1997-12-10,Active
1056,Ava Clark,ava.clark1056@example.com,2024-12-14,NL,1966-06-06,Active
1057,Sofia Wilson,sofia.wilson1057@example.com,2026-02-12,DE,1961-05-13,Active
1058,Ethan Moore,ethan.moore1058@example.com,2025-04-26,RO,1976-05-27,Active
1059,Emma Anderson,emma.anderson1059@example.com,2025-02-25,US,1960-12-04,Active
1060,Isabella Clark,isabella.clark1060@example.com,2025-06-10,US,2005-11-20,Active
1061,Olivia Brown,olivia.brown1061@example.com,2023-06-09,IT,1998-08-28,Active
1062,Leo Wilson,leo.wilson1062@example.com,2026-02-10,AL,1963-10-05,Active
1063,Ethan Rossi,ethan.rossi1063@example.com,2026-05-10,NG,1964-10-03,Active
1064,Ethan Wilson,ethan.wilson1064@example.com,2025-10-09,IT,1960-07-07,Active
1065,Alex Moore,alex.moore1065@example.com,2023-01-01,NG,1968-02-29,Active
1066,Ava Taylor,ava.taylor1066@example.com,2026-06-14,FR,1995-02-12,Active
1067,Lucas Miller,lucas.miller1067@example.com,2026-03-13,GR,1982-04-28,Active
1068,Mia Rossi,mia.rossi1068@example.com,2026-04-08,RO,1955-09-24,Closed
1069,Ethan Lewis,ethan.lewis1069@example.com,2023-09-19,GB,1981-05-23,Active
1070,Maria Smith,maria.smith1070@example.com,2026-02-20,IT,1987-03-25,Active
1071,James Garcia,james.garcia1071@example.com,2025-06-03,NG,1990-05-16,Active
1072,Ethan Taylor,ethan.taylor1072@example.com,2025-02-20,NL,1994-01-16,Active
1073,Emma Anderson,emma.anderson1073@example.com,2023-10-12,NL,1971-11-20,Active
1074,Mia Lewis,mia.lewis1074@example.com,2025-05-04,DE,1968-11-03,Closed
1075,Alex Brown,alex.brown1075@example.com,2023-01-24,NG,1961-06-08,Active
1076,Amelia Martin,amelia.martin1076@example.com,2025-06-13,IT,1967-03-08,Active
1077,Isabella Lewis,isabella.lewis1077@example.com,2025-07-22,RO,1993-03-11,Active
1078,Isabella Thomas,isabella.thomas1078@example.com,2025-07-10,US,1989-07-07,Active
1079,Isabella Moore,isabella.moore1079@example.com,2023-01-16,AE,1999-09-10,Active
1080,Noah Taylor,noah.taylor1080@example.com,2026-01-23,GB,1987-12-03,Suspended
1081,Amelia Lee,amelia.lee1081@example.com,2025-01-24,RO,1965-02-25,Active
1082,Daniel Brown,daniel.brown1082@example.com,2025-12-14,AL,1980-01-26,Active
1083,Daniel Garcia,daniel.garcia1083@example.com,2025-08-25,NG,1962-01-02,Active
1084,Ava Moore,ava.moore1084@example.com,2023-04-19,NL,1985-10-27,Active
1085,Amelia Anderson,amelia.anderson1085@example.com,2025-11-15,RO,1997-02-04,Active
1086,Isabella Wilson,isabella.wilson1086@example.com,2024-08-26,ES,1980-12-11,Active
1087,Ava Lee,ava.lee1087@example.com,2026-02-28,GB,1978-05-14,Active
1088,Emma Moore,emma.moore1088@example.com,2023-04-16,AE,1981-03-05,Active
1089,Ava Anderson,ava.anderson1089@example.com,2023-06-18,NL,1966-05-18,Active
1090,Noah Miller,noah.miller1090@example.com,2023-09-29,DE,1980-03-16,Active
1091,James Lee,james.lee1091@example.com,2023-08-17,RO,1970-08-31,Active
1092,Leo Wilson,leo.wilson1092@example.com,2023-12-26,AE,1978-06-09,Active
1093,Emma Clark,emma.clark1093@example.com,2025-12-16,US,1957-12-20,Closed
1094,Alex Moore,alex.moore1094@example.com,2023-11-12,GR,1999-06-30,Active
1095,Olivia Martin,olivia.martin1095@example.com,2025-06-20,FR,1970-01-03,Active
1096,Mia Smith,mia.smith1096@example.com,2024-06-25,GB,1965-05-28,Active
1097,Ethan Anderson,ethan.anderson1097@example.com,2024-09-09,AE,1997-09-23,Suspended
1098,Olivia Taylor,olivia.taylor1098@example.com,2025-03-09,DE,1997-07-30,Active
1099,Isabella Smith,isabella.smith1099@example.com,2024-08-14,GR,1995-04-07,Active
1100,Maria Rossi,maria.rossi1100@example.com,2025-12-24,GR,1986-09-29,Active
1101,Noah Wilson,noah.wilson1101@example.com,2024-07-07,IT,1978-12-17,Active
1102,Ethan Anderson,ethan.anderson1102@example.com,2024-05-10,NL,1972-06-27,Active
1103,Emma Wilson,emma.wilson1103@example.com,2026-01-26,NG,1955-12-13,Active
1104,Daniel Smith,daniel.smith1104@example.com,2025-04-22,NL,1963-10-07,Active
1105,Leo Wilson,leo.wilson1105@example.com,2024-03-25,DE,1980-06-01,Active
1106,James Moore,james.moore1106@example.com,2023-07-08,RO,1960-02-07,Active
1107,Liam Moore,liam.moore1107@example.com,2023-09-07,IT,1965-10-06,Active
1108,Alex Taylor,alex.taylor1108@example.com,2026-03-05,IT,1971-07-30,Active
1109,Noah Miller,noah.miller1109@example.com,2025-08-14,NG,1961-10-17,Active
1110,Noah Clark,noah.clark1110@example.com,2025-05-24,DE,1984-01-06,Active
1111,Daniel Miller,daniel.miller1111@example.com,2023-05-08,GR,1989-05-05,Active
1112,Maria Miller,maria.miller1112@example.com,2024-06-26,AL,1970-12-18,Active
1113,Liam Moore,liam.moore1113@example.com,2025-03-15,NG,1971-01-04,Active
1114,Alex Thomas,alex.thomas1114@example.com,2025-06-02,RO,1974-08-05,Active
1115,Leo Lee,leo.lee1115@example.com,2024-06-14,GB,1964-04-07,Active
1116,Noah Clark,noah.clark1116@example.com,2025-07-02,AL,1956-09-06,Active
1117,James Smith,james.smith1117@example.com,2025-03-10,ES,1978-11-26,Active
1118,Ethan Moore,ethan.moore1118@example.com,2023-01-08,AE,2001-03-28,Active
1119,Amelia Anderson,amelia.anderson1119@example.com,2025-06-12,AE,1991-03-28,Active
1120,Daniel Thomas,daniel.thomas1120@example.com,2024-04-07,GR,1955-04-19,Suspended
1121,Amelia Rossi,amelia.rossi1121@example.com,2026-03-07,US,2003-01-09,Active
1122,Ava Taylor,ava.taylor1122@example.com,2023-04-24,US,1963-02-18,Active
1123,Lucas Rossi,lucas.rossi1123@example.com,2025-07-30,NG,1981-01-05,Active
1124,Maria Taylor,maria.taylor1124@example.com,2024-01-27,AE,1981-10-24,Active
1125,Sofia Martin,sofia.martin1125@example.com,2025-01-05,IT,1998-08-24,Active
1126,Leo Lee,leo.lee1126@example.com,2024-01-24,GB,1967-07-22,Active
1127,Olivia Anderson,olivia.anderson1127@example.com,2025-03-07,NL,1960-08-26,Active
1128,Amelia Thomas,amelia.thomas1128@example.com,2025-07-09,GB,1956-06-21,Active
1129,Lucas Clark,lucas.clark1129@example.com,2023-03-29,IT,1991-05-19,Active
1130,Leo Martin,leo.martin1130@example.com,2026-01-03,AE,1968-05-12,Active
1131,Daniel Smith,daniel.smith1131@example.com,2023-10-17,NG,1998-11-11,Active
1132,Maria Garcia,maria.garcia1132@example.com,2023-09-25,ES,1956-04-15,Active
1133,Ava Lewis,ava.lewis1133@example.com,2023-07-19,RO,1995-12-05,Active
1134,Daniel Lewis,daniel.lewis1134@example.com,2023-08-06,AL,1965-03-30,Active
1135,Olivia Rossi,olivia.rossi1135@example.com,2024-02-20,US,1993-03-28,Active
1136,Ethan Wilson,ethan.wilson1136@example.com,2023-09-05,ES,2003-12-22,Active
1137,Liam Clark,liam.clark1137@example.com,2023-04-04,US,1970-07-24,Active
1138,Noah Brown,noah.brown1138@example.com,2025-04-30,AE,1970-01-28,Active
1139,Emma Anderson,emma.anderson1139@example.com,2024-05-13,ES,1958-08-26,Active
1140,Ethan Clark,ethan.clark1140@example.com,2023-11-20,AL,1956-05-27,Active
1141,James Brown,james.brown1141@example.com,2023-07-02,GR,1980-06-15,Active
1142,Amelia Lee,amelia.lee1142@example.com,2023-09-17,ES,1973-06-30,Active
1143,Leo Taylor,leo.taylor1143@example.com,2024-05-04,RO,1970-08-29,Active
1144,Emma Lee,emma.lee1144@example.com,2025-10-20,NG,1962-11-24,Active
1145,Ava Wilson,ava.wilson1145@example.com,2025-05-07,NL,1955-05-30,Active
1146,Sofia Thomas,sofia.thomas1146@example.com,2023-07-15,NL,1987-06-20,Active
1147,Leo Clark,leo.clark1147@example.com,2026-07-06,DE,1973-09-02,Active
1148,Sofia Clark,sofia.clark1148@example.com,2023-11-02,AL,1997-07-24,Active
1149,Maria Smith,maria.smith1149@example.com,2025-01-15,FR,1980-07-28,Active
1150,Lucas Moore,lucas.moore1150@example.com,2025-07-17,IT,1958-11-20,Active
1151,Emma Brown,emma.brown1151@example.com,2023-03-01,NL,1998-07-08,Active
1152,Olivia Lee,olivia.lee1152@example.com,2025-06-29,GR,1984-03-30,Active
1153,Lucas Garcia,lucas.garcia1153@example.com,2023-08-14,FR,1984-04-04,Active
1154,Isabella Lewis,isabella.lewis1154@example.com,2024-02-14,FR,1988-09-09,Active
1155,Amelia Smith,amelia.smith1155@example.com,2025-06-11,FR,1968-01-02,Active
1156,Leo Brown,leo.brown1156@example.com,2025-03-04,ES,1988-07-04,Active
1157,Liam Martin,liam.martin1157@example.com,2025-01-04,FR,1979-03-13,Active
1158,Maria Lee,maria.lee1158@example.com,2026-03-10,DE,1960-05-08,Active
1159,Leo Anderson,leo.anderson1159@example.com,2025-05-06,US,1970-05-11,Active
1160,Ava Moore,ava.moore1160@example.com,2023-11-18,RO,1970-03-31,Suspended
1161,Olivia Rossi,olivia.rossi1161@example.com,2025-04-23,AL,2001-10-23,Active
1162,Liam Moore,liam.moore1162@example.com,2025-08-27,DE,1996-07-07,Active
1163,Isabella Lee,isabella.lee1163@example.com,2024-05-20,US,1977-03-26,Active
1164,Olivia Moore,olivia.moore1164@example.com,2023-11-02,GR,1955-06-16,Closed
1165,Maria Anderson,maria.anderson1165@example.com,2025-10-29,GR,1958-01-06,Active
1166,Amelia Clark,amelia.clark1166@example.com,2023-07-20,AL,1995-08-04,Active
1167,James Lee,james.lee1167@example.com,2025-04-12,ES,1974-07-23,Active
1168,Olivia Martin,olivia.martin1168@example.com,2023-07-05,AL,1956-06-05,Active
1169,Emma Lee,emma.lee1169@example.com,2025-07-29,AL,1957-03-10,Active
1170,Alex Lewis,alex.lewis1170@example.com,2025-04-10,US,1971-08-05,Active
1171,James Lewis,james.lewis1171@example.com,2026-07-08,GR,1961-05-05,Active
1172,Lucas Thomas,lucas.thomas1172@example.com,2023-03-08,GR,1981-08-10,Active
1173,Liam Clark,liam.clark1173@example.com,2023-06-15,AE,1985-02-12,Active
1174,Mia Smith,mia.smith1174@example.com,2023-08-16,US,1989-05-10,Active
1175,Maria Wilson,maria.wilson1175@example.com,2025-01-20,NG,1970-09-22,Active
1176,Daniel Thomas,daniel.thomas1176@example.com,2024-02-24,US,1967-06-02,Active
1177,Sofia Martin,sofia.martin1177@example.com,2025-09-06,AE,1973-10-27,Active
1178,Lucas Wilson,lucas.wilson1178@example.com,2024-07-01,NG,2000-03-05,Active
1179,Maria Rossi,maria.rossi1179@example.com,2025-02-02,AL,1985-12-21,Active
1180,Sofia Anderson,sofia.anderson1180@example.com,2025-12-25,DE,2002-10-21,Active
1181,Mia Clark,mia.clark1181@example.com,2023-05-15,AL,1971-11-24,Active
1182,Ethan Brown,ethan.brown1182@example.com,2024-08-13,IT,1961-11-26,Active
1183,Sofia Lee,sofia.lee1183@example.com,2023-10-31,ES,1999-07-12,Active
1184,James Miller,james.miller1184@example.com,2025-05-03,ES,2003-07-29,Active
1185,Isabella Anderson,isabella.anderson1185@example.com,2023-02-13,FR,1981-02-25,Active
1186,Olivia Lewis,olivia.lewis1186@example.com,2025-11-30,GR,1985-02-18,Active
1187,Lucas Anderson,lucas.anderson1187@example.com,2026-04-30,NL,2002-07-25,Active
1188,Ava Moore,ava.moore1188@example.com,2023-09-28,ES,1982-07-01,Active
1189,Olivia Anderson,olivia.anderson1189@example.com,2025-01-31,GB,1980-11-06,Active
1190,Ava Anderson,ava.anderson1190@example.com,2023-12-07,AE,1969-06-04,Active
1191,Emma Brown,emma.brown1191@example.com,2023-11-11,FR,1969-06-19,Active
1192,Lucas Moore,lucas.moore1192@example.com,2023-09-17,DE,1994-07-22,Active
1193,Liam Thomas,liam.thomas1193@example.com,2023-03-13,US,1983-06-08,Active
1194,Leo Thomas,leo.thomas1194@example.com,2023-11-29,DE,2002-11-16,Active
1195,James Taylor,james.taylor1195@example.com,2025-10-19,AL,1968-01-16,Active
1196,Alex Smith,alex.smith1196@example.com,2026-01-23,US,2000-07-09,Active
1197,Ava Anderson,ava.anderson1197@example.com,2024-08-16,RO,1968-03-12,Active
1198,Leo Wilson,leo.wilson1198@example.com,2023-08-19,GB,1997-12-21,Active
1199,Sofia Miller,sofia.miller1199@example.com,2023-02-20,RO,1991-01-12,Active
1200,Leo Wilson,leo.wilson1200@example.com,2023-07-09,GB,1984-04-12,Active
1201,Liam Moore,liam.moore1201@example.com,2025-12-14,DE,1974-12-06,Active
1202,Daniel Thomas,daniel.thomas1202@example.com,2025-07-01,NL,1962-11-03,Active
1203,Amelia Wilson,amelia.wilson1203@example.com,2026-05-20,GB,2000-11-22,Active
1204,Mia Taylor,mia.taylor1204@example.com,2023-10-30,US,1993-05-13,Active
1205,James Miller,james.miller1205@example.com,2024-12-07,DE,1986-07-10,Suspended
1206,Daniel Garcia,daniel.garcia1206@example.com,2025-06-28,AL,1992-04-14,Active
1207,Isabella Lee,isabella.lee1207@example.com,2025-04-28,RO,1967-07-10,Active
1208,Alex Garcia,alex.garcia1208@example.com,2024-09-13,NL,1997-07-31,Closed
1209,Daniel Moore,daniel.moore1209@example.com,2025-02-08,GB,1962-12-08,Active
1210,Noah Taylor,noah.taylor1210@example.com,2023-12-25,AL,2004-11-11,Active
1211,Alex Garcia,alex.garcia1211@example.com,2024-01-16,DE,1989-04-01,Active
1212,Maria Lewis,maria.lewis1212@example.com,2024-09-10,AL,1982-04-07,Active
1213,Leo Garcia,leo.garcia1213@example.com,2023-02-24,ES,1955-03-22,Active
1214,Amelia Rossi,amelia.rossi1214@example.com,2024-08-12,ES,1992-06-04,Active
1215,Olivia Smith,olivia.smith1215@example.com,2023-09-02,AL,1979-11-14,Closed
1216,Daniel Moore,daniel.moore1216@example.com,2025-01-10,RO,1998-02-08,Active
1217,Noah Martin,noah.martin1217@example.com,2025-09-01,US,1965-09-23,Active
1218,James Lewis,james.lewis1218@example.com,2024-06-15,RO,1969-08-11,Active
1219,Lucas Anderson,lucas.anderson1219@example.com,2023-10-05,ES,1987-01-23,Active
1220,Mia Taylor,mia.taylor1220@example.com,2024-12-30,DE,1959-05-16,Active
1221,Daniel Thomas,daniel.thomas1221@example.com,2024-02-01,IT,1971-06-10,Active
1222,Emma Thomas,emma.thomas1222@example.com,2024-10-22,NG,1983-05-15,Active
1223,Noah Martin,noah.martin1223@example.com,2025-01-12,NL,1963-08-07,Active
1224,Alex Smith,alex.smith1224@example.com,2023-10-08,DE,2001-06-27,Active
1225,Amelia Taylor,amelia.taylor1225@example.com,2024-11-27,IT,1969-08-17,Active
1226,Olivia Lewis,olivia.lewis1226@example.com,2024-01-21,RO,2005-02-13,Active
1227,Sofia Taylor,sofia.taylor1227@example.com,2025-08-01,IT,1961-11-08,Active
1228,James Anderson,james.anderson1228@example.com,2024-12-14,AE,1982-12-14,Active
1229,Leo Moore,leo.moore1229@example.com,2025-12-07,ES,1985-09-08,Active
1230,James Lee,james.lee1230@example.com,2023-08-31,ES,1974-12-13,Active
1231,Alex Lee,alex.lee1231@example.com,2024-04-09,ES,1982-07-31,Active
1232,Daniel Taylor,daniel.taylor1232@example.com,2023-08-17,GB,1961-12-22,Active
1233,Isabella Smith,isabella.smith1233@example.com,2024-02-07,GB,1964-09-02,Active
1234,Maria Anderson,maria.anderson1234@example.com,2023-09-01,GB,1977-09-12,Active
1235,James Clark,james.clark1235@example.com,2023-07-17,RO,1966-02-08,Active
1236,Liam Brown,liam.brown1236@example.com,2024-12-20,IT,1957-08-16,Active
1237,Noah Moore,noah.moore1237@example.com,2024-12-13,ES,1986-08-06,Active
1238,Olivia Thomas,olivia.thomas1238@example.com,2026-03-13,IT,1961-02-17,Active
1239,James Thomas,james.thomas1239@example.com,2024-03-20,DE,1972-03-08,Active
1240,James Lee,james.lee1240@example.com,2023-07-22,NL,1974-03-14,Active
1241,Amelia Wilson,amelia.wilson1241@example.com,2026-04-22,AL,1971-08-11,Active
1242,Sofia Brown,sofia.brown1242@example.com,2024-12-27,GR,1989-01-21,Active
1243,Olivia Taylor,olivia.taylor1243@example.com,2023-08-20,IT,1983-03-13,Active
1244,Alex Anderson,alex.anderson1244@example.com,2025-01-09,NL,1980-11-11,Active
1245,Daniel Wilson,daniel.wilson1245@example.com,2025-10-08,GR,1965-05-19,Active
1246,Ava Martin,ava.martin1246@example.com,2025-06-28,NL,1975-04-07,Active
1247,Isabella Garcia,isabella.garcia1247@example.com,2023-05-23,NG,1997-09-03,Active
1248,James Martin,james.martin1248@example.com,2025-10-03,GR,1964-06-08,Active
1249,Daniel Rossi,daniel.rossi1249@example.com,2023-10-21,GR,1990-06-03,Active
1250,Sofia Lee,sofia.lee1250@example.com,2023-12-12,US,1960-10-21,Suspended
1251,Lucas Garcia,lucas.garcia1251@example.com,2026-05-03,IT,1991-04-09,Active
1252,Isabella Lee,isabella.lee1252@example.com,2025-10-19,AE,1979-12-27,Active
1253,Noah Clark,noah.clark1253@example.com,2025-03-30,AL,1986-12-12,Active
1254,Ethan Anderson,ethan.anderson1254@example.com,2025-11-13,ES,1980-01-08,Active
1255,Sofia Rossi,sofia.rossi1255@example.com,2024-05-28,AL,1998-11-25,Active
1256,Alex Smith,alex.smith1256@example.com,2023-07-23,IT,1959-09-28,Active
1257,James Brown,james.brown1257@example.com,2025-02-22,ES,1984-05-01,Active
1258,Sofia Clark,sofia.clark1258@example.com,2023-06-06,AL,2001-08-24,Active
1259,Liam Miller,liam.miller1259@example.com,2025-10-16,NL,1998-12-25,Active
1260,Lucas Clark,lucas.clark1260@example.com,2026-01-12,GB,2004-01-15,Suspended
1261,Maria Taylor,maria.taylor1261@example.com,2023-09-01,AL,1989-06-01,Active
1262,Ethan Anderson,ethan.anderson1262@example.com,2025-07-30,GB,1958-03-25,Active
1263,Ava Lee,ava.lee1263@example.com,2023-12-03,GR,1999-02-03,Active
1264,Ethan Anderson,ethan.anderson1264@example.com,2023-08-13,NG,1999-01-04,Active
1265,Amelia Anderson,amelia.anderson1265@example.com,2026-02-25,NL,1969-01-08,Active
1266,Noah Anderson,noah.anderson1266@example.com,2026-04-25,RO,1988-11-22,Active
1267,Ava Wilson,ava.wilson1267@example.com,2023-05-06,RO,1957-07-11,Active
1268,Mia Wilson,mia.wilson1268@example.com,2026-04-10,NG,1957-05-31,Active
1269,Sofia Taylor,sofia.taylor1269@example.com,2024-12-07,GR,1987-01-23,Active
1270,Olivia Garcia,olivia.garcia1270@example.com,2024-04-25,RO,1982-12-31,Active
1271,Daniel Lewis,daniel.lewis1271@example.com,2024-09-16,US,1965-04-08,Active
1272,Lucas Smith,lucas.smith1272@example.com,2025-08-01,RO,1992-11-25,Active
1273,Isabella Miller,isabella.miller1273@example.com,2023-02-11,RO,1997-02-20,Active
1274,Lucas Taylor,lucas.taylor1274@example.com,2026-03-14,US,1990-01-06,Active
1275,Amelia Rossi,amelia.rossi1275@example.com,2024-02-26,AL,1985-02-20,Active
1276,Lucas Brown,lucas.brown1276@example.com,2026-06-13,US,1981-11-14,Suspended
1277,Liam Anderson,liam.anderson1277@example.com,2023-06-04,FR,2003-01-27,Active
1278,Maria Miller,maria.miller1278@example.com,2026-03-20,FR,1991-01-25,Active
1279,Daniel Lee,daniel.lee1279@example.com,2026-03-30,RO,1963-07-02,Active
1280,Daniel Moore,daniel.moore1280@example.com,2025-12-23,GR,1997-08-21,Active
1281,Daniel Martin,daniel.martin1281@example.com,2024-09-10,DE,2000-04-10,Active
1282,Lucas Garcia,lucas.garcia1282@example.com,2025-04-28,DE,1991-02-03,Active
1283,Leo Martin,leo.martin1283@example.com,2026-01-26,GB,1971-03-15,Active
1284,Emma Moore,emma.moore1284@example.com,2025-10-19,NG,1974-02-08,Suspended
1285,Leo Miller,leo.miller1285@example.com,2025-12-27,RO,1993-11-29,Active
1286,Maria Thomas,maria.thomas1286@example.com,2024-02-15,AL,1987-09-06,Active
1287,Alex Lee,alex.lee1287@example.com,2024-09-06,GR,1994-01-22,Active
1288,Daniel Martin,daniel.martin1288@example.com,2024-02-21,DE,1992-01-01,Active
1289,Emma Miller,emma.miller1289@example.com,2026-05-16,GR,1976-03-08,Active
1290,Alex Garcia,alex.garcia1290@example.com,2023-02-26,DE,1977-01-12,Active
1291,Isabella Taylor,isabella.taylor1291@example.com,2023-03-17,ES,1973-02-13,Active
1292,James Miller,james.miller1292@example.com,2024-07-22,ES,2004-05-28,Active
1293,Maria Lee,maria.lee1293@example.com,2025-09-22,GB,1956-10-14,Active
1294,Daniel Wilson,daniel.wilson1294@example.com,2026-05-17,IT,1981-09-25,Active
1295,Isabella Wilson,isabella.wilson1295@example.com,2023-07-04,AE,1990-08-10,Active
1296,Olivia Rossi,olivia.rossi1296@example.com,2026-03-15,IT,1999-11-18,Active
1297,Noah Anderson,noah.anderson1297@example.com,2023-07-04,RO,1976-05-11,Active
1298,Lucas Wilson,lucas.wilson1298@example.com,2026-04-11,AE,1989-12-25,Active
1299,Isabella Garcia,isabella.garcia1299@example.com,2023-10-23,ES,1964-08-01,Active
1300,Noah Anderson,noah.anderson1300@example.com,2025-04-16,RO,1977-10-25,Active
1301,Mia Lee,mia.lee1301@example.com,2023-08-20,NL,1983-05-24,Active
1302,Olivia Miller,olivia.miller1302@example.com,2023-10-24,AL,1987-07-26,Active
1303,Ava Smith,ava.smith1303@example.com,2026-05-25,AE,1958-02-14,Active
1304,Maria Lee,maria.lee1304@example.com,2024-05-05,NL,1977-09-11,Active
1305,Mia Clark,mia.clark1305@example.com,2023-09-07,FR,2002-12-27,Active
1306,Ethan Smith,ethan.smith1306@example.com,2025-03-15,DE,1977-12-04,Active
1307,Olivia Miller,olivia.miller1307@example.com,2024-03-06,AL,1969-05-17,Active
1308,Isabella Clark,isabella.clark1308@example.com,2023-03-11,IT,1979-08-02,Active
1309,Amelia Anderson,amelia.anderson1309@example.com,2025-04-25,AE,1984-11-06,Active
1310,Sofia Lewis,sofia.lewis1310@example.com,2023-11-25,NL,1978-05-31,Active
1311,Isabella Moore,isabella.moore1311@example.com,2026-01-26,AL,1984-04-25,Active
1312,Maria Martin,maria.martin1312@example.com,2024-01-12,NG,1994-10-12,Active
1313,Ethan Garcia,ethan.garcia1313@example.com,2026-07-10,US,1982-05-31,Active
1314,Sofia Brown,sofia.brown1314@example.com,2024-05-26,AE,2001-04-29,Suspended
1315,Alex Lewis,alex.lewis1315@example.com,2026-05-01,US,1991-10-24,Active
1316,Alex Miller,alex.miller1316@example.com,2023-12-22,DE,1984-05-22,Active
1317,Isabella Wilson,isabella.wilson1317@example.com,2024-01-08,GR,1990-04-21,Suspended
1318,Olivia Smith,olivia.smith1318@example.com,2023-02-17,NG,2005-02-08,Active
1319,Olivia Rossi,olivia.rossi1319@example.com,2025-08-05,DE,1972-10-14,Active
1320,Emma Smith,emma.smith1320@example.com,2025-04-01,RO,1993-06-24,Active
1321,Daniel Wilson,daniel.wilson1321@example.com,2023-12-15,IT,2005-11-21,Active
1322,Isabella Clark,isabella.clark1322@example.com,2025-07-18,IT,1999-05-02,Active
1323,Liam Garcia,liam.garcia1323@example.com,2024-06-29,AE,1980-10-31,Active
1324,Alex Taylor,alex.taylor1324@example.com,2024-02-28,DE,1974-05-04,Active
1325,Liam Taylor,liam.taylor1325@example.com,2024-01-05,ES,1991-08-26,Active
1326,Noah Garcia,noah.garcia1326@example.com,2026-06-19,FR,1995-06-17,Active
1327,Leo Rossi,leo.rossi1327@example.com,2023-01-22,ES,1997-01-24,Active
1328,Ethan Martin,ethan.martin1328@example.com,2024-03-10,AE,1989-05-28,Active
1329,Noah Rossi,noah.rossi1329@example.com,2023-07-15,GB,2004-12-20,Active
1330,Olivia Anderson,olivia.anderson1330@example.com,2024-12-26,GB,1959-01-31,Active
1331,Ethan Miller,ethan.miller1331@example.com,2025-03-19,ES,1988-04-10,Suspended
1332,Maria Moore,maria.moore1332@example.com,2024-01-03,ES,1978-05-09,Active
1333,Lucas Anderson,lucas.anderson1333@example.com,2023-09-28,US,1963-01-16,Active
1334,Isabella Brown,isabella.brown1334@example.com,2024-06-17,US,1965-06-25,Active
1335,Alex Anderson,alex.anderson1335@example.com,2024-07-29,GR,1987-05-08,Active
1336,Noah Moore,noah.moore1336@example.com,2024-06-24,US,2001-05-19,Active
1337,Emma Wilson,emma.wilson1337@example.com,2025-10-03,NL,1968-07-27,Active
1338,Leo Smith,leo.smith1338@example.com,2024-01-22,GB,1968-05-02,Active
1339,Maria Anderson,maria.anderson1339@example.com,2024-06-16,AE,1969-09-03,Active
1340,Sofia Anderson,sofia.anderson1340@example.com,2023-03-25,US,1994-08-11,Closed
1341,Amelia Anderson,amelia.anderson1341@example.com,2025-10-06,AE,1965-02-03,Active
1342,Sofia Wilson,sofia.wilson1342@example.com,2023-07-11,DE,1973-04-11,Active
1343,Emma Lee,emma.lee1343@example.com,2025-11-07,RO,1979-06-22,Active
1344,Liam Moore,liam.moore1344@example.com,2023-01-09,RO,2002-03-11,Active
1345,Daniel Garcia,daniel.garcia1345@example.com,2025-10-17,US,1963-06-18,Active
1346,Sofia Taylor,sofia.taylor1346@example.com,2025-02-04,US,1964-07-07,Active
1347,Daniel Anderson,daniel.anderson1347@example.com,2025-09-09,NG,1995-09-26,Suspended
1348,James Wilson,james.wilson1348@example.com,2023-03-31,US,1995-08-26,Suspended
1349,Alex Garcia,alex.garcia1349@example.com,2023-04-10,US,1980-05-20,Active
1350,Daniel Thomas,daniel.thomas1350@example.com,2026-05-18,IT,1989-03-20,Active
1351,Emma Garcia,emma.garcia1351@example.com,2025-03-27,GB,1963-01-01,Active
1352,Emma Taylor,emma.taylor1352@example.com,2025-04-04,NG,1980-07-24,Active
1353,Alex Rossi,alex.rossi1353@example.com,2024-09-03,GR,1999-01-14,Active
1354,Ava Martin,ava.martin1354@example.com,2026-05-20,US,1966-10-12,Active
1355,Mia Thomas,mia.thomas1355@example.com,2024-02-14,AL,1998-12-04,Active
1356,Amelia Miller,amelia.miller1356@example.com,2026-02-27,IT,1992-12-15,Active
1357,Mia Moore,mia.moore1357@example.com,2024-01-17,NG,1993-12-11,Active
1358,Maria Thomas,maria.thomas1358@example.com,2024-11-30,NG,1996-08-01,Active
1359,Alex Anderson,alex.anderson1359@example.com,2025-12-15,IT,2002-01-26,Active
1360,Isabella Rossi,isabella.rossi1360@example.com,2025-09-05,ES,1981-12-13,Closed
1361,Ava Lewis,ava.lewis1361@example.com,2024-05-24,GR,2001-12-05,Active
1362,Maria Thomas,maria.thomas1362@example.com,2023-06-06,NL,1959-01-17,Active
1363,Isabella Taylor,isabella.taylor1363@example.com,2023-07-13,NG,1996-09-07,Active
1364,Noah Wilson,noah.wilson1364@example.com,2024-06-05,NL,1962-05-03,Active
1365,Leo Brown,leo.brown1365@example.com,2024-01-09,GB,1990-04-03,Active
1366,Ava Wilson,ava.wilson1366@example.com,2026-04-17,NG,1995-10-27,Active
1367,Noah Wilson,noah.wilson1367@example.com,2024-01-19,ES,1973-12-08,Active
1368,Noah Lewis,noah.lewis1368@example.com,2023-08-06,NL,1993-12-01,Active
1369,Ethan Rossi,ethan.rossi1369@example.com,2023-01-28,NG,1970-05-29,Active
1370,Ethan Lewis,ethan.lewis1370@example.com,2026-05-17,DE,1998-08-31,Active
1371,Mia Lee,mia.lee1371@example.com,2025-03-19,IT,1982-02-25,Active
1372,James Garcia,james.garcia1372@example.com,2023-08-18,AE,1956-06-04,Suspended
1373,James Garcia,james.garcia1373@example.com,2025-09-12,NG,1968-01-09,Active
1374,Liam Rossi,liam.rossi1374@example.com,2024-09-08,ES,1996-07-29,Active
1375,James Rossi,james.rossi1375@example.com,2023-12-07,AE,1968-09-03,Active
1376,Amelia Anderson,amelia.anderson1376@example.com,2023-02-10,RO,1995-04-30,Active
1377,Ava Moore,ava.moore1377@example.com,2025-03-13,US,1959-07-27,Active
1378,Isabella Taylor,isabella.taylor1378@example.com,2025-10-12,DE,2004-09-23,Active
1379,Ethan Anderson,ethan.anderson1379@example.com,2025-11-17,FR,1998-10-09,Active
1380,James Taylor,james.taylor1380@example.com,2026-03-26,NL,1983-05-03,Active
1381,Isabella Anderson,isabella.anderson1381@example.com,2023-08-28,RO,1999-05-23,Active
1382,Mia Anderson,mia.anderson1382@example.com,2025-06-12,ES,1956-11-12,Active
1383,Liam Anderson,liam.anderson1383@example.com,2024-12-05,FR,1994-04-22,Active
1384,Lucas Moore,lucas.moore1384@example.com,2025-08-17,DE,1966-10-07,Active
1385,Ethan Taylor,ethan.taylor1385@example.com,2025-01-07,ES,1997-05-17,Active
1386,Ava Lee,ava.lee1386@example.com,2023-06-26,ES,1998-04-28,Active
1387,Emma Moore,emma.moore1387@example.com,2025-10-04,GR,1964-01-20,Suspended
1388,Amelia Miller,amelia.miller1388@example.com,2024-04-25,NL,1973-10-15,Active
1389,James Wilson,james.wilson1389@example.com,2024-06-18,NG,1987-01-12,Active
1390,Maria Clark,maria.clark1390@example.com,2023-05-11,GR,1985-04-19,Active
1391,Olivia Rossi,olivia.rossi1391@example.com,2026-02-24,AL,1975-02-08,Active
1392,Lucas Clark,lucas.clark1392@example.com,2024-12-28,NL,1959-03-10,Active
1393,Alex Lewis,alex.lewis1393@example.com,2025-11-21,AE,1964-05-05,Active
1394,Leo Clark,leo.clark1394@example.com,2025-07-25,IT,1964-12-13,Active
1395,Sofia Lewis,sofia.lewis1395@example.com,2026-02-25,NL,1958-10-07,Active
1396,Sofia Lewis,sofia.lewis1396@example.com,2024-02-25,ES,1987-06-12,Active
1397,Leo Clark,leo.clark1397@example.com,2025-11-02,AE,1999-09-18,Active
1398,Alex Martin,alex.martin1398@example.com,2025-01-14,ES,1985-01-07,Active
1399,Liam Anderson,liam.anderson1399@example.com,2025-05-01,FR,1955-08-04,Active
1400,Amelia Wilson,amelia.wilson1400@example.com,2024-08-10,ES,2000-04-22,Active
1401,Mia Lee,mia.lee1401@example.com,2025-04-29,NG,1987-05-10,Active
1402,Alex Clark,alex.clark1402@example.com,2025-12-20,FR,1992-10-31,Active
1403,Isabella Taylor,isabella.taylor1403@example.com,2025-04-18,NL,1996-02-27,Active
1404,Mia Smith,mia.smith1404@example.com,2025-06-25,GB,1968-01-23,Active
1405,Daniel Rossi,daniel.rossi1405@example.com,2024-11-23,GR,1983-03-30,Closed
1406,Emma Taylor,emma.taylor1406@example.com,2023-05-06,GB,1990-04-13,Active
1407,Alex Moore,alex.moore1407@example.com,2023-04-29,DE,2001-08-19,Active
1408,Ava Lee,ava.lee1408@example.com,2024-10-04,GB,1985-11-16,Active
1409,Alex Lee,alex.lee1409@example.com,2025-04-07,NG,1995-01-11,Active
1410,Leo Lee,leo.lee1410@example.com,2024-12-08,FR,1991-04-16,Active
1411,Daniel Smith,daniel.smith1411@example.com,2026-01-05,GR,1985-01-03,Active
1412,Alex Thomas,alex.thomas1412@example.com,2026-01-12,FR,1980-06-21,Active
1413,Ava Thomas,ava.thomas1413@example.com,2024-11-28,GB,1969-05-10,Active
1414,Noah Garcia,noah.garcia1414@example.com,2024-09-14,NL,1992-12-04,Active
1415,Maria Lewis,maria.lewis1415@example.com,2025-02-02,NG,1978-04-21,Active
1416,Sofia Smith,sofia.smith1416@example.com,2023-09-13,DE,1995-04-05,Active
1417,James Anderson,james.anderson1417@example.com,2024-11-25,AE,1976-03-07,Closed
1418,Olivia Wilson,olivia.wilson1418@example.com,2024-09-04,NG,1980-07-11,Active
1419,Alex Lee,alex.lee1419@example.com,2025-02-12,AE,2001-08-15,Active
1420,Lucas Thomas,lucas.thomas1420@example.com,2026-04-07,US,1972-04-10,Active
1421,Alex Lee,alex.lee1421@example.com,2025-05-21,IT,1991-12-20,Active
1422,Isabella Brown,isabella.brown1422@example.com,2025-09-02,AL,1974-04-09,Active
1423,Ethan Moore,ethan.moore1423@example.com,2026-02-18,GR,2001-07-22,Active
1424,Amelia Martin,amelia.martin1424@example.com,2025-05-17,AE,1994-06-25,Active
1425,Amelia Lee,amelia.lee1425@example.com,2025-05-03,ES,1969-08-11,Active
1426,Amelia Lee,amelia.lee1426@example.com,2025-07-26,AE,1966-08-10,Active
1427,Sofia Lee,sofia.lee1427@example.com,2024-03-11,AL,1995-11-10,Active
1428,Emma Thomas,emma.thomas1428@example.com,2025-01-26,RO,1965-08-27,Active
1429,Sofia Rossi,sofia.rossi1429@example.com,2025-01-26,GB,1980-12-24,Active
1430,Sofia Wilson,sofia.wilson1430@example.com,2024-09-16,DE,1988-08-05,Active
1431,James Clark,james.clark1431@example.com,2023-10-20,RO,1967-10-02,Active
1432,Ava Miller,ava.miller1432@example.com,2024-03-17,AE,1971-06-05,Active
1433,Sofia Thomas,sofia.thomas1433@example.com,2024-12-15,GB,1961-01-22,Active
1434,Ava Moore,ava.moore1434@example.com,2025-07-15,GR,1985-04-22,Active
1435,Alex Clark,alex.clark1435@example.com,2023-10-11,NG,2000-04-14,Active
1436,Leo Martin,leo.martin1436@example.com,2025-07-08,AE,1968-05-13,Active
1437,Isabella Taylor,isabella.taylor1437@example.com,2024-04-21,US,1990-06-22,Active
1438,Leo Lee,leo.lee1438@example.com,2024-07-22,ES,1962-12-10,Active
1439,Ava Thomas,ava.thomas1439@example.com,2023-09-11,IT,2005-03-07,Active
1440,Maria Moore,maria.moore1440@example.com,2025-12-04,AL,1971-12-29,Active
1441,James Rossi,james.rossi1441@example.com,2025-12-25,GB,1971-02-15,Active
1442,Liam Garcia,liam.garcia1442@example.com,2026-04-01,IT,1994-11-08,Active
1443,Lucas Taylor,lucas.taylor1443@example.com,2026-04-21,AL,1959-01-14,Active
1444,James Wilson,james.wilson1444@example.com,2025-06-14,GR,1971-03-12,Active
1445,Lucas Taylor,lucas.taylor1445@example.com,2024-06-10,IT,1963-03-02,Suspended
1446,Emma Miller,emma.miller1446@example.com,2023-10-22,DE,1971-05-22,Active
1447,Alex Miller,alex.miller1447@example.com,2025-04-14,GB,1970-03-07,Active
1448,Lucas Brown,lucas.brown1448@example.com,2023-02-25,DE,1960-03-31,Active
1449,Lucas Brown,lucas.brown1449@example.com,2025-04-25,DE,1984-02-01,Active
1450,Sofia Smith,sofia.smith1450@example.com,2024-02-19,RO,1976-06-30,Active
1451,Amelia Thomas,amelia.thomas1451@example.com,2025-10-30,IT,1989-07-18,Active
1452,Lucas Anderson,lucas.anderson1452@example.com,2026-02-06,IT,1991-07-10,Active
1453,Isabella Martin,isabella.martin1453@example.com,2024-04-23,DE,1956-09-02,Active
1454,Sofia Garcia,sofia.garcia1454@example.com,2026-02-10,DE,1966-04-07,Active
1455,Leo Rossi,leo.rossi1455@example.com,2025-10-21,ES,1973-04-02,Active
1456,Emma Clark,emma.clark1456@example.com,2024-05-17,GR,2003-03-23,Suspended
1457,Leo Smith,leo.smith1457@example.com,2023-01-03,RO,1996-09-07,Active
1458,Emma Smith,emma.smith1458@example.com,2023-05-04,DE,1998-04-05,Active
1459,Ethan Wilson,ethan.wilson1459@example.com,2024-03-11,DE,2000-10-13,Active
1460,Daniel Miller,daniel.miller1460@example.com,2023-07-03,AE,1990-06-19,Active
1461,Alex Lee,alex.lee1461@example.com,2026-02-13,GR,1980-01-27,Active
1462,Lucas Martin,lucas.martin1462@example.com,2024-12-02,AE,1978-06-13,Active
1463,Olivia Martin,olivia.martin1463@example.com,2024-10-20,FR,1985-08-25,Active
1464,Lucas Smith,lucas.smith1464@example.com,2023-10-01,RO,1955-03-09,Active
1465,James Martin,james.martin1465@example.com,2023-12-22,NL,1992-01-25,Active
1466,Amelia Clark,amelia.clark1466@example.com,2025-03-15,IT,2003-04-12,Active
1467,Daniel Thomas,daniel.thomas1467@example.com,2023-03-05,NG,1994-12-09,Active
1468,Ethan Lewis,ethan.lewis1468@example.com,2026-05-16,GR,1987-02-11,Active
1469,James Rossi,james.rossi1469@example.com,2025-08-05,FR,1988-03-27,Active
1470,Olivia Lee,olivia.lee1470@example.com,2023-02-10,NG,1980-03-22,Active
1471,Mia Garcia,mia.garcia1471@example.com,2023-07-04,AE,1982-03-14,Active
1472,Amelia Wilson,amelia.wilson1472@example.com,2023-03-17,AL,1980-03-09,Active
1473,Liam Smith,liam.smith1473@example.com,2024-02-06,IT,1990-07-14,Active
1474,Amelia Brown,amelia.brown1474@example.com,2026-02-04,NG,1972-05-20,Active
1475,Emma Rossi,emma.rossi1475@example.com,2026-04-19,AE,1966-07-04,Active
1476,Noah Moore,noah.moore1476@example.com,2024-04-11,AE,2001-12-05,Active
1477,Liam Lewis,liam.lewis1477@example.com,2023-02-17,RO,2002-10-24,Active
1478,Leo Smith,leo.smith1478@example.com,2025-05-24,US,1959-08-27,Active
1479,Isabella Miller,isabella.miller1479@example.com,2023-09-07,AL,2001-07-01,Active
1480,Maria Lee,maria.lee1480@example.com,2024-04-04,DE,1959-03-19,Active
1481,Leo Wilson,leo.wilson1481@example.com,2023-01-11,FR,1990-02-26,Active
1482,James Lee,james.lee1482@example.com,2024-04-07,IT,1993-01-08,Active
1483,Liam Brown,liam.brown1483@example.com,2024-11-05,IT,1982-11-19,Active
1484,Sofia Smith,sofia.smith1484@example.com,2025-09-09,GB,1993-10-02,Active
1485,Lucas Lewis,lucas.lewis1485@example.com,2024-05-27,IT,1977-03-04,Active
1486,Lucas Lewis,lucas.lewis1486@example.com,2023-04-22,NL,1984-12-05,Active
1487,Daniel Clark,daniel.clark1487@example.com,2026-05-13,IT,1994-05-05,Active
1488,Sofia Rossi,sofia.rossi1488@example.com,2023-05-05,GR,1957-12-28,Active
1489,Daniel Clark,daniel.clark1489@example.com,2023-09-19,AL,1960-07-24,Active
1490,Isabella Rossi,isabella.rossi1490@example.com,2023-07-28,NL,1960-01-03,Active
1491,Ethan Taylor,ethan.taylor1491@example.com,2023-07-16,FR,1991-11-19,Active
1492,James Anderson,james.anderson1492@example.com,2025-02-25,GR,1996-08-24,Active
1493,Sofia Wilson,sofia.wilson1493@example.com,2023-02-23,NL,1995-09-27,Active
1494,Liam Rossi,liam.rossi1494@example.com,2023-07-30,RO,1956-02-07,Active
1495,Liam Moore,liam.moore1495@example.com,2023-09-16,DE,2000-08-27,Active
1496,Amelia Lee,amelia.lee1496@example.com,2026-06-25,ES,1994-11-21,Active
1497,Maria Smith,maria.smith1497@example.com,2023-09-19,RO,1982-12-17,Active
1498,Mia Miller,mia.miller1498@example.com,2026-04-10,ES,2003-07-20,Active
1499,Ava Moore,ava.moore1499@example.com,2024-12-03,US,1981-02-10,Suspended
1500,Alex Smith,alex.smith1500@example.com,2024-05-01,NL,2000-06-29,Active
1501,Isabella Wilson,isabella.wilson1501@example.com,2024-02-05,NG,1972-12-22,Active
1502,Daniel Wilson,daniel.wilson1502@example.com,2024-01-23,AE,1997-09-05,Active
1503,Leo Moore,leo.moore1503@example.com,2024-11-09,US,2005-10-14,Active
1504,Isabella Wilson,isabella.wilson1504@example.com,2023-11-29,AL,1964-05-28,Active
1505,Maria Anderson,maria.anderson1505@example.com,2024-03-25,NG,1955-05-02,Active
1506,Olivia Anderson,olivia.anderson1506@example.com,2026-07-01,FR,1974-02-14,Active
1507,Lucas Clark,lucas.clark1507@example.com,2025-02-08,GR,1973-06-02,Active
1508,James Wilson,james.wilson1508@example.com,2023-01-21,US,1961-08-13,Active
1509,Sofia Brown,sofia.brown1509@example.com,2024-08-18,FR,1994-07-06,Active
1510,Mia Smith,mia.smith1510@example.com,2023-03-02,FR,1972-11-11,Active
1511,Olivia Miller,olivia.miller1511@example.com,2023-12-23,NL,1985-06-27,Active
1512,Liam Smith,liam.smith1512@example.com,2023-12-27,IT,1978-06-27,Active
1513,Alex Taylor,alex.taylor1513@example.com,2023-08-16,FR,1985-05-11,Active
1514,Olivia Wilson,olivia.wilson1514@example.com,2025-02-01,NL,1970-05-17,Suspended
1515,Isabella Lee,isabella.lee1515@example.com,2023-05-14,ES,1965-08-18,Active
1516,Alex Clark,alex.clark1516@example.com,2024-01-24,NL,1972-03-13,Active
1517,Mia Wilson,mia.wilson1517@example.com,2026-05-12,NG,1993-07-15,Active
1518,Maria Clark,maria.clark1518@example.com,2026-06-15,NL,1971-12-19,Active
1519,Alex Wilson,alex.wilson1519@example.com,2024-05-21,NG,1959-10-12,Active
1520,Alex Lewis,alex.lewis1520@example.com,2025-11-06,FR,1998-11-14,Active
1521,Amelia Clark,amelia.clark1521@example.com,2026-06-13,ES,1960-10-26,Active
1522,Mia Anderson,mia.anderson1522@example.com,2025-11-28,ES,1996-08-26,Active
1523,Mia Thomas,mia.thomas1523@example.com,2025-09-16,AL,1999-05-23,Active
1524,Ethan Martin,ethan.martin1524@example.com,2026-04-10,FR,1958-04-14,Active
1525,Liam Anderson,liam.anderson1525@example.com,2024-04-25,FR,1990-07-08,Active
1526,Ethan Moore,ethan.moore1526@example.com,2023-11-18,DE,1988-07-24,Active
1527,Alex Clark,alex.clark1527@example.com,2023-06-22,AL,1981-06-21,Active
1528,Olivia Moore,olivia.moore1528@example.com,2023-03-26,NL,1996-09-27,Active
1529,Isabella Anderson,isabella.anderson1529@example.com,2025-08-15,GR,1993-10-20,Active
1530,Amelia Wilson,amelia.wilson1530@example.com,2024-07-13,GB,1989-04-21,Active
1531,Olivia Miller,olivia.miller1531@example.com,2023-06-05,IT,1987-03-20,Active
1532,Daniel Clark,daniel.clark1532@example.com,2024-07-20,IT,1975-06-07,Active
1533,Mia Smith,mia.smith1533@example.com,2026-01-23,US,1972-12-20,Active
1534,Lucas Miller,lucas.miller1534@example.com,2024-09-11,FR,1979-08-16,Active
1535,Alex Lewis,alex.lewis1535@example.com,2026-01-17,GB,1978-06-05,Active
1536,Ava Lewis,ava.lewis1536@example.com,2024-12-10,GR,1991-03-25,Active
1537,James Anderson,james.anderson1537@example.com,2025-11-15,GR,1968-05-23,Active
1538,Liam Anderson,liam.anderson1538@example.com,2024-04-23,RO,2001-04-11,Active
1539,Leo Lee,leo.lee1539@example.com,2025-08-02,IT,1985-07-24,Active
1540,Liam Taylor,liam.taylor1540@example.com,2025-05-05,AL,1973-10-20,Active
1541,James Wilson,james.wilson1541@example.com,2023-10-12,DE,1966-07-07,Suspended
1542,James Anderson,james.anderson1542@example.com,2024-12-27,FR,1985-06-27,Active
1543,Ethan Clark,ethan.clark1543@example.com,2026-01-06,US,1981-11-18,Active
1544,Maria Brown,maria.brown1544@example.com,2023-11-11,RO,1984-08-17,Active
1545,Ethan Taylor,ethan.taylor1545@example.com,2024-02-23,IT,1990-01-17,Active
1546,Liam Anderson,liam.anderson1546@example.com,2023-08-11,RO,1984-07-02,Suspended
1547,Ava Rossi,ava.rossi1547@example.com,2023-12-18,NG,1964-05-11,Active
1548,Maria Lewis,maria.lewis1548@example.com,2026-05-20,GB,1998-11-01,Active
1549,Daniel Taylor,daniel.taylor1549@example.com,2024-08-04,FR,1973-06-21,Active
1550,Daniel Anderson,daniel.anderson1550@example.com,2023-04-28,NL,1988-01-27,Active
1551,Lucas Lewis,lucas.lewis1551@example.com,2025-04-21,ES,1990-02-01,Closed
1552,Alex Thomas,alex.thomas1552@example.com,2025-05-06,AE,1997-11-27,Active
1553,Liam Brown,liam.brown1553@example.com,2024-02-26,GR,1982-10-16,Active
1554,Amelia Brown,amelia.brown1554@example.com,2026-05-21,RO,1982-11-03,Active
1555,Leo Miller,leo.miller1555@example.com,2024-02-18,ES,1955-09-01,Active
1556,Ethan Moore,ethan.moore1556@example.com,2024-05-20,US,2002-03-06,Active
1557,Amelia Anderson,amelia.anderson1557@example.com,2025-08-05,AE,1958-07-04,Active
1558,Leo Wilson,leo.wilson1558@example.com,2024-09-01,RO,1990-02-01,Active
1559,Emma Taylor,emma.taylor1559@example.com,2024-05-25,RO,1971-02-10,Active
1560,Leo Taylor,leo.taylor1560@example.com,2024-01-11,GR,1963-07-28,Active
1561,Maria Garcia,maria.garcia1561@example.com,2023-11-20,NG,1979-07-25,Active
1562,Daniel Lee,daniel.lee1562@example.com,2024-03-20,GR,1999-04-10,Closed
1563,Sofia Wilson,sofia.wilson1563@example.com,2023-06-06,NL,1964-06-09,Active
1564,Lucas Taylor,lucas.taylor1564@example.com,2025-07-12,DE,1969-10-15,Active
1565,Maria Anderson,maria.anderson1565@example.com,2023-02-24,NG,1961-07-26,Active
1566,Leo Taylor,leo.taylor1566@example.com,2024-12-04,FR,1990-10-29,Active
1567,James Miller,james.miller1567@example.com,2023-08-23,US,1967-03-31,Active
1568,Leo Anderson,leo.anderson1568@example.com,2025-08-02,IT,1961-02-13,Active
1569,Olivia Lee,olivia.lee1569@example.com,2025-06-15,AL,1967-08-01,Active
1570,Emma Brown,emma.brown1570@example.com,2023-02-06,ES,1964-01-07,Active
1571,Ethan Brown,ethan.brown1571@example.com,2023-06-08,NG,1956-01-03,Active
1572,Leo Wilson,leo.wilson1572@example.com,2023-12-31,AE,1974-06-09,Active
1573,Liam Anderson,liam.anderson1573@example.com,2023-04-08,NG,2001-11-28,Active
1574,Sofia Taylor,sofia.taylor1574@example.com,2024-09-23,GB,1994-10-31,Active
1575,Maria Clark,maria.clark1575@example.com,2025-02-11,FR,1973-02-05,Active
1576,Olivia Garcia,olivia.garcia1576@example.com,2023-07-07,GR,1956-06-09,Active
1577,James Wilson,james.wilson1577@example.com,2024-01-29,FR,1960-09-01,Suspended
1578,Sofia Clark,sofia.clark1578@example.com,2023-12-10,GB,1969-12-26,Active
1579,Sofia Lewis,sofia.lewis1579@example.com,2024-10-31,NL,1983-12-13,Active
1580,Liam Thomas,liam.thomas1580@example.com,2025-03-20,IT,1993-05-21,Active
1581,Sofia Wilson,sofia.wilson1581@example.com,2024-10-24,GB,1970-07-30,Active
1582,Lucas Smith,lucas.smith1582@example.com,2025-03-08,AL,1974-02-01,Active
1583,Noah Martin,noah.martin1583@example.com,2026-07-01,GB,1988-02-07,Active
1584,Liam Taylor,liam.taylor1584@example.com,2024-09-09,IT,1999-10-27,Active
1585,Emma Miller,emma.miller1585@example.com,2023-07-14,NG,1984-02-06,Active
1586,Alex Wilson,alex.wilson1586@example.com,2023-12-26,NG,1983-07-12,Active
1587,Lucas Smith,lucas.smith1587@example.com,2026-05-31,GR,1995-04-10,Active
1588,Olivia Thomas,olivia.thomas1588@example.com,2026-04-18,FR,1956-03-11,Active
1589,Sofia Miller,sofia.miller1589@example.com,2024-04-29,FR,1993-06-11,Active
1590,Maria Brown,maria.brown1590@example.com,2025-02-06,DE,1999-09-29,Active
1591,Ethan Garcia,ethan.garcia1591@example.com,2023-03-19,AE,1976-05-10,Active
1592,Leo Lee,leo.lee1592@example.com,2024-11-04,DE,1967-01-17,Active
1593,Maria Thomas,maria.thomas1593@example.com,2025-04-29,GB,1980-11-17,Active
1594,Lucas Wilson,lucas.wilson1594@example.com,2024-05-11,NL,1973-06-19,Active
1595,Olivia Clark,olivia.clark1595@example.com,2024-03-31,NL,1989-03-23,Active
1596,Leo Martin,leo.martin1596@example.com,2023-01-13,AL,1960-10-18,Active
1597,Liam Smith,liam.smith1597@example.com,2023-10-17,ES,1973-04-27,Active
1598,Liam Garcia,liam.garcia1598@example.com,2025-11-05,GR,1962-01-05,Active
1599,Ava Brown,ava.brown1599@example.com,2024-02-09,GR,1976-12-21,Active
1600,Olivia Miller,olivia.miller1600@example.com,2024-08-07,NG,1995-03-20,Active
1601,Amelia Rossi,amelia.rossi1601@example.com,2025-01-06,GR,1990-09-23,Active
1602,Leo Taylor,leo.taylor1602@example.com,2025-10-31,ES,1993-11-19,Active
1603,Amelia Smith,amelia.smith1603@example.com,2025-02-20,IT,1993-05-05,Active
1604,Ava Moore,ava.moore1604@example.com,2026-01-05,NL,1968-09-15,Active
1605,Noah Taylor,noah.taylor1605@example.com,2025-08-07,AL,1982-06-10,Active
1606,Amelia Rossi,amelia.rossi1606@example.com,2024-11-13,AE,1967-04-05,Active
1607,Alex Garcia,alex.garcia1607@example.com,2023-01-09,NL,1956-02-25,Active
1608,Mia Anderson,mia.anderson1608@example.com,2025-04-08,GR,1992-04-21,Suspended
1609,Mia Taylor,mia.taylor1609@example.com,2025-09-29,NG,1982-08-13,Closed
1610,Daniel Taylor,daniel.taylor1610@example.com,2023-03-21,GR,1966-03-02,Active
1611,Emma Garcia,emma.garcia1611@example.com,2025-06-12,AE,1977-11-25,Active
1612,Amelia Martin,amelia.martin1612@example.com,2025-01-24,NG,1960-03-05,Active
1613,Isabella Lee,isabella.lee1613@example.com,2024-05-20,AL,1976-09-28,Active
1614,Mia Martin,mia.martin1614@example.com,2023-02-27,DE,1968-04-07,Active
1615,Alex Miller,alex.miller1615@example.com,2024-05-21,GB,1969-06-25,Active
1616,Daniel Martin,daniel.martin1616@example.com,2025-02-26,AE,1990-09-04,Active
1617,Daniel Thomas,daniel.thomas1617@example.com,2024-01-22,ES,1992-12-11,Active
1618,Noah Lee,noah.lee1618@example.com,2024-09-10,NL,1999-12-01,Active
1619,Ethan Moore,ethan.moore1619@example.com,2024-09-22,AE,1991-12-05,Active
1620,Sofia Martin,sofia.martin1620@example.com,2026-03-18,ES,1985-11-24,Active
1621,Liam Lee,liam.lee1621@example.com,2025-03-26,GB,1982-08-22,Closed
1622,Amelia Smith,amelia.smith1622@example.com,2023-07-18,AE,1961-04-07,Active
1623,Isabella Martin,isabella.martin1623@example.com,2024-08-13,ES,1993-08-30,Active
1624,Emma Lee,emma.lee1624@example.com,2023-10-03,AL,1972-10-06,Active
1625,Sofia Anderson,sofia.anderson1625@example.com,2026-03-07,ES,1974-01-26,Active
1626,Emma Clark,emma.clark1626@example.com,2024-01-28,GR,1978-04-08,Active
1627,Sofia Lewis,sofia.lewis1627@example.com,2023-12-07,DE,1962-02-28,Active
1628,Sofia Miller,sofia.miller1628@example.com,2023-05-12,GB,1985-09-11,Active
1629,Amelia Anderson,amelia.anderson1629@example.com,2023-07-26,GB,1955-11-08,Active
1630,James Martin,james.martin1630@example.com,2026-04-07,IT,1958-10-03,Active
1631,James Taylor,james.taylor1631@example.com,2026-05-19,DE,2001-08-28,Active
1632,Amelia Clark,amelia.clark1632@example.com,2024-11-21,US,1993-07-12,Active
1633,Lucas Wilson,lucas.wilson1633@example.com,2024-05-05,NG,1987-05-29,Active
1634,Maria Wilson,maria.wilson1634@example.com,2024-11-07,GB,1963-12-27,Active
1635,Ethan Lee,ethan.lee1635@example.com,2023-10-12,RO,1957-04-21,Active
1636,Noah Lee,noah.lee1636@example.com,2024-05-24,AL,1988-01-20,Active
1637,Amelia Thomas,amelia.thomas1637@example.com,2025-04-26,GB,1971-11-11,Closed
1638,Lucas Smith,lucas.smith1638@example.com,2025-01-07,AE,1959-02-08,Active
1639,Leo Garcia,leo.garcia1639@example.com,2026-05-27,GR,1998-06-21,Active
1640,Daniel Wilson,daniel.wilson1640@example.com,2025-05-26,NG,1997-09-18,Active
1641,Sofia Lee,sofia.lee1641@example.com,2025-02-27,RO,1981-05-13,Active
1642,Alex Lewis,alex.lewis1642@example.com,2025-12-01,GB,2000-04-09,Active
1643,Daniel Miller,daniel.miller1643@example.com,2026-01-28,ES,1996-11-17,Active
1644,Sofia Anderson,sofia.anderson1644@example.com,2026-01-12,FR,1976-08-11,Active
1645,Daniel Rossi,daniel.rossi1645@example.com,2025-06-09,ES,1957-08-15,Active
1646,Lucas Taylor,lucas.taylor1646@example.com,2024-07-28,AE,1974-10-09,Active
1647,Amelia Martin,amelia.martin1647@example.com,2023-09-10,NL,1967-03-07,Active
1648,Amelia Rossi,amelia.rossi1648@example.com,2024-11-12,RO,1975-01-29,Active
1649,Daniel Martin,daniel.martin1649@example.com,2024-12-03,AE,1988-10-27,Active
1650,Ethan Martin,ethan.martin1650@example.com,2026-02-24,FR,1994-03-15,Active
1651,Sofia Miller,sofia.miller1651@example.com,2023-06-29,IT,1964-12-28,Active
1652,Liam Lee,liam.lee1652@example.com,2023-08-26,ES,1987-12-29,Active
1653,Ethan Moore,ethan.moore1653@example.com,2023-01-04,GB,1982-11-19,Active
1654,Liam Lewis,liam.lewis1654@example.com,2025-03-05,US,1993-01-04,Active
1655,Alex Thomas,alex.thomas1655@example.com,2026-05-17,IT,1974-12-06,Active
1656,Leo Wilson,leo.wilson1656@example.com,2023-10-24,FR,1981-08-18,Active
1657,Leo Brown,leo.brown1657@example.com,2026-05-16,ES,1980-06-04,Active
1658,Maria Moore,maria.moore1658@example.com,2024-10-17,NL,1982-09-17,Closed
1659,Sofia Miller,sofia.miller1659@example.com,2026-03-21,NG,1997-11-28,Active
1660,Amelia Miller,amelia.miller1660@example.com,2025-02-10,US,1960-04-11,Active
1661,Liam Lewis,liam.lewis1661@example.com,2024-04-05,ES,1959-09-19,Active
1662,Ethan Miller,ethan.miller1662@example.com,2023-11-23,NL,1956-12-07,Active
1663,Isabella Martin,isabella.martin1663@example.com,2025-08-27,GR,1986-04-01,Active
1664,Ava Miller,ava.miller1664@example.com,2024-02-04,GR,2004-03-01,Active
1665,Lucas Clark,lucas.clark1665@example.com,2026-04-03,AE,1959-11-09,Active
1666,Emma Moore,emma.moore1666@example.com,2023-10-09,AE,1994-08-23,Active
1667,Alex Garcia,alex.garcia1667@example.com,2024-03-22,AE,1972-07-21,Active
1668,Mia Lee,mia.lee1668@example.com,2026-03-24,NG,1964-02-23,Active
1669,Alex Taylor,alex.taylor1669@example.com,2025-05-24,GB,1970-02-03,Active
1670,Amelia Brown,amelia.brown1670@example.com,2023-04-18,NL,1965-07-12,Active
1671,Isabella Brown,isabella.brown1671@example.com,2026-07-08,FR,1991-03-31,Active
1672,Olivia Taylor,olivia.taylor1672@example.com,2025-09-27,AE,1982-02-26,Active
1673,Emma Martin,emma.martin1673@example.com,2025-02-07,AL,1963-01-15,Active
1674,Ethan Miller,ethan.miller1674@example.com,2025-06-30,GB,1987-12-15,Active
1675,Daniel Rossi,daniel.rossi1675@example.com,2025-09-28,FR,2000-09-24,Active
1676,Amelia Miller,amelia.miller1676@example.com,2023-07-13,GR,1971-04-01,Active
1677,Isabella Miller,isabella.miller1677@example.com,2026-03-16,IT,1966-03-27,Active
1678,Emma Taylor,emma.taylor1678@example.com,2023-02-10,NL,1990-04-30,Active
1679,Amelia Rossi,amelia.rossi1679@example.com,2025-11-28,AE,2003-05-10,Active
1680,Sofia Clark,sofia.clark1680@example.com,2024-02-29,ES,1965-07-11,Active
1681,Emma Smith,emma.smith1681@example.com,2026-02-10,US,1995-02-14,Active
1682,Alex Moore,alex.moore1682@example.com,2024-02-27,IT,1969-06-18,Active
1683,Maria Rossi,maria.rossi1683@example.com,2023-09-13,DE,2000-05-29,Active
1684,Emma Taylor,emma.taylor1684@example.com,2023-01-01,DE,1977-04-12,Active
1685,Ava Martin,ava.martin1685@example.com,2025-12-29,ES,1994-12-01,Active
1686,Lucas Thomas,lucas.thomas1686@example.com,2024-12-22,NL,2003-04-15,Active
1687,Sofia Martin,sofia.martin1687@example.com,2023-04-02,GB,1976-04-09,Active
1688,Ava Lewis,ava.lewis1688@example.com,2024-03-16,RO,1967-01-15,Active
1689,Mia Miller,mia.miller1689@example.com,2023-09-21,IT,1992-11-10,Active
1690,Noah Taylor,noah.taylor1690@example.com,2023-12-01,AL,1990-11-22,Active
1691,Noah Martin,noah.martin1691@example.com,2025-05-21,NL,1967-11-07,Active
1692,Noah Martin,noah.martin1692@example.com,2024-01-30,RO,1988-05-21,Active
1693,Emma Taylor,emma.taylor1693@example.com,2023-11-11,GR,1983-05-20,Active
1694,Olivia Rossi,olivia.rossi1694@example.com,2024-07-07,NL,1966-03-07,Active
1695,Isabella Rossi,isabella.rossi1695@example.com,2024-11-05,US,1962-12-25,Active
1696,Noah Brown,noah.brown1696@example.com,2024-04-07,GB,1979-07-20,Active
1697,Olivia Taylor,olivia.taylor1697@example.com,2023-08-04,ES,1966-01-29,Active
1698,Ava Moore,ava.moore1698@example.com,2025-09-29,NL,1963-07-28,Active
1699,Ava Thomas,ava.thomas1699@example.com,2024-07-09,GB,1963-11-21,Active
1700,Ethan Brown,ethan.brown1700@example.com,2024-12-07,NL,2002-09-13,Active
1701,Ethan Anderson,ethan.anderson1701@example.com,2026-04-28,DE,1966-06-12,Active
1702,Alex Martin,alex.martin1702@example.com,2023-09-16,GR,1967-10-20,Active
1703,Noah Smith,noah.smith1703@example.com,2025-01-28,NG,1977-05-07,Active
1704,Leo Brown,leo.brown1704@example.com,2025-06-17,AL,1986-10-04,Active
1705,Noah Taylor,noah.taylor1705@example.com,2025-12-02,DE,1975-07-11,Active
1706,Daniel Miller,daniel.miller1706@example.com,2025-04-12,IT,1983-01-21,Active
1707,Daniel Lee,daniel.lee1707@example.com,2024-05-06,ES,1963-05-27,Active
1708,Daniel Lee,daniel.lee1708@example.com,2024-08-08,AL,2004-09-18,Active
1709,James Taylor,james.taylor1709@example.com,2025-11-07,AL,1967-03-29,Active
1710,Sofia Taylor,sofia.taylor1710@example.com,2023-01-29,AE,1972-01-23,Active
1711,Isabella Lee,isabella.lee1711@example.com,2025-12-30,FR,1985-12-15,Closed
1712,Maria Moore,maria.moore1712@example.com,2025-07-07,NG,1970-02-13,Active
1713,Olivia Brown,olivia.brown1713@example.com,2023-06-03,ES,1987-12-06,Active
1714,Maria Taylor,maria.taylor1714@example.com,2025-10-11,ES,1989-01-04,Active
1715,Sofia Wilson,sofia.wilson1715@example.com,2024-05-26,IT,2003-05-14,Active
1716,Amelia Miller,amelia.miller1716@example.com,2024-06-26,GB,1974-02-11,Active
1717,Ethan Garcia,ethan.garcia1717@example.com,2024-09-16,GB,2001-04-01,Active
1718,Amelia Smith,amelia.smith1718@example.com,2024-12-29,RO,1955-07-13,Active
1719,Ava Wilson,ava.wilson1719@example.com,2023-08-08,US,1955-06-18,Active
1720,Emma Taylor,emma.taylor1720@example.com,2024-12-27,IT,1955-10-18,Active
1721,Liam Rossi,liam.rossi1721@example.com,2025-12-19,ES,2001-02-21,Active
1722,Amelia Smith,amelia.smith1722@example.com,2023-11-15,FR,1977-06-10,Active
1723,Mia Miller,mia.miller1723@example.com,2025-01-16,ES,1993-06-05,Active
1724,Noah Rossi,noah.rossi1724@example.com,2025-06-17,ES,1994-06-01,Active
1725,Isabella Smith,isabella.smith1725@example.com,2025-01-05,IT,1972-10-21,Active
1726,Maria Brown,maria.brown1726@example.com,2025-03-19,AE,1992-10-10,Active
1727,Maria Brown,maria.brown1727@example.com,2024-02-12,NG,1997-12-31,Closed
1728,Sofia Taylor,sofia.taylor1728@example.com,2025-09-28,AL,2004-05-09,Active
1729,Alex Wilson,alex.wilson1729@example.com,2025-03-29,AE,2000-01-09,Active
1730,Ethan Brown,ethan.brown1730@example.com,2023-08-13,GB,1964-09-04,Active
1731,Mia Thomas,mia.thomas1731@example.com,2023-01-28,GB,1976-03-20,Active
1732,Lucas Taylor,lucas.taylor1732@example.com,2026-05-07,GR,1955-09-21,Active
1733,Ava Anderson,ava.anderson1733@example.com,2023-06-19,FR,1993-06-25,Active
1734,Emma Garcia,emma.garcia1734@example.com,2024-07-29,DE,1965-04-26,Closed
1735,Olivia Martin,olivia.martin1735@example.com,2025-05-28,AL,1972-10-19,Active
1736,Sofia Lee,sofia.lee1736@example.com,2025-10-25,FR,1971-04-04,Closed
1737,Alex Garcia,alex.garcia1737@example.com,2023-09-04,GR,1966-11-14,Active
1738,Liam Brown,liam.brown1738@example.com,2025-05-23,RO,1956-08-01,Active
1739,Maria Taylor,maria.taylor1739@example.com,2025-04-14,DE,2002-02-05,Active
1740,Olivia Garcia,olivia.garcia1740@example.com,2024-11-19,AL,1993-03-23,Active
1741,Isabella Martin,isabella.martin1741@example.com,2023-04-16,IT,1982-04-19,Active
1742,Noah Wilson,noah.wilson1742@example.com,2025-05-06,US,1977-02-26,Active
1743,Emma Smith,emma.smith1743@example.com,2023-01-02,NG,1959-09-05,Active
1744,Liam Miller,liam.miller1744@example.com,2025-08-24,RO,1980-02-19,Active
1745,Emma Miller,emma.miller1745@example.com,2025-10-03,US,1987-08-14,Active
1746,Sofia Martin,sofia.martin1746@example.com,2023-01-28,ES,2004-07-02,Active
1747,Mia Lee,mia.lee1747@example.com,2026-04-21,RO,2002-06-12,Active
1748,Noah Garcia,noah.garcia1748@example.com,2026-04-11,IT,1989-06-15,Active
1749,Alex Martin,alex.martin1749@example.com,2026-05-17,GB,1965-10-18,Active
1750,Liam Garcia,liam.garcia1750@example.com,2025-07-01,IT,1963-11-07,Suspended
1751,Lucas Miller,lucas.miller1751@example.com,2025-08-29,NL,1973-02-14,Active
1752,Maria Brown,maria.brown1752@example.com,2024-01-28,NL,1992-07-08,Active
1753,Mia Wilson,mia.wilson1753@example.com,2025-07-07,GR,1965-07-14,Active
1754,Isabella Thomas,isabella.thomas1754@example.com,2025-10-28,ES,1956-12-17,Active
1755,Alex Miller,alex.miller1755@example.com,2023-04-04,GB,2005-10-17,Active
1756,Liam Lee,liam.lee1756@example.com,2025-03-25,NG,1999-05-31,Active
1757,Daniel Brown,daniel.brown1757@example.com,2025-06-15,GR,2000-09-09,Active
1758,Ethan Taylor,ethan.taylor1758@example.com,2026-05-28,FR,1979-05-11,Active
1759,Emma Moore,emma.moore1759@example.com,2024-03-22,NL,1955-10-18,Active
1760,Noah Miller,noah.miller1760@example.com,2024-03-27,AE,1981-08-03,Active
1761,Sofia Brown,sofia.brown1761@example.com,2024-04-03,NL,1959-02-03,Active
1762,Maria Martin,maria.martin1762@example.com,2023-10-31,ES,1979-12-02,Active
1763,Maria Martin,maria.martin1763@example.com,2024-05-24,NL,1973-11-02,Active
1764,Mia Martin,mia.martin1764@example.com,2026-05-24,US,1988-02-12,Active
1765,Noah Lee,noah.lee1765@example.com,2023-10-01,RO,1991-08-20,Active
1766,Maria Martin,maria.martin1766@example.com,2023-01-22,FR,1986-11-22,Active
1767,Noah Brown,noah.brown1767@example.com,2024-06-08,NL,1956-05-27,Active
1768,Sofia Lee,sofia.lee1768@example.com,2025-02-21,NG,1978-02-01,Active
1769,Liam Lewis,liam.lewis1769@example.com,2025-06-24,US,1974-10-17,Active
1770,Ethan Brown,ethan.brown1770@example.com,2025-07-02,AE,1975-10-16,Active
1771,Mia Brown,mia.brown1771@example.com,2025-09-08,AL,1963-05-29,Active
1772,Emma Lewis,emma.lewis1772@example.com,2023-12-27,RO,1971-12-11,Active
1773,Emma Martin,emma.martin1773@example.com,2024-07-31,DE,1956-11-20,Active
1774,Emma Lewis,emma.lewis1774@example.com,2025-03-18,IT,1971-11-08,Active
1775,Isabella Garcia,isabella.garcia1775@example.com,2025-07-20,IT,1991-02-10,Active
1776,Alex Lee,alex.lee1776@example.com,2023-01-25,GR,1963-12-12,Active
1777,Sofia Lewis,sofia.lewis1777@example.com,2023-01-28,ES,1958-12-04,Active
1778,Daniel Miller,daniel.miller1778@example.com,2023-10-20,GB,1956-03-18,Suspended
1779,Sofia Thomas,sofia.thomas1779@example.com,2024-11-24,FR,1962-08-16,Active
1780,Leo Lewis,leo.lewis1780@example.com,2023-12-01,US,1982-07-30,Active
1781,Olivia Smith,olivia.smith1781@example.com,2026-01-18,NG,1978-12-30,Active
1782,James Lewis,james.lewis1782@example.com,2023-04-02,NL,1964-03-23,Active
1783,Isabella Brown,isabella.brown1783@example.com,2023-01-03,GB,1975-02-15,Active
1784,Ethan Brown,ethan.brown1784@example.com,2024-12-24,FR,1980-09-25,Active
1785,Ethan Martin,ethan.martin1785@example.com,2023-08-19,ES,1999-02-14,Closed
1786,Olivia Rossi,olivia.rossi1786@example.com,2024-07-31,IT,1987-01-21,Active
1787,Sofia Wilson,sofia.wilson1787@example.com,2023-06-23,RO,1958-11-21,Active
1788,Isabella Thomas,isabella.thomas1788@example.com,2024-11-16,NG,1971-04-09,Active
1789,Ava Moore,ava.moore1789@example.com,2024-08-10,IT,1986-04-03,Active
1790,Amelia Martin,amelia.martin1790@example.com,2025-01-25,AE,1978-10-23,Active
1791,James Lewis,james.lewis1791@example.com,2023-11-01,US,1968-02-25,Active
1792,Leo Lee,leo.lee1792@example.com,2025-09-06,IT,1961-01-14,Active
1793,Noah Brown,noah.brown1793@example.com,2023-07-05,ES,1983-12-25,Active
1794,Ethan Wilson,ethan.wilson1794@example.com,2024-10-15,GR,1999-05-04,Active
1795,Isabella Moore,isabella.moore1795@example.com,2024-11-13,NG,1967-05-27,Active
1796,Ethan Taylor,ethan.taylor1796@example.com,2026-01-30,NL,1999-08-07,Active
1797,Olivia Taylor,olivia.taylor1797@example.com,2023-06-21,NL,1992-11-04,Active
1798,Olivia Lee,olivia.lee1798@example.com,2023-06-28,US,1976-02-06,Active
1799,James Wilson,james.wilson1799@example.com,2026-02-17,ES,1997-07-08,Active
1800,Maria Wilson,maria.wilson1800@example.com,2025-01-09,DE,1967-07-03,Active
1801,Isabella Garcia,isabella.garcia1801@example.com,2024-03-07,GB,1975-02-24,Active
1802,Sofia Lee,sofia.lee1802@example.com,2023-10-21,AE,1988-11-11,Active
1803,Isabella Wilson,isabella.wilson1803@example.com,2023-04-21,NG,1964-07-05,Active
1804,Amelia Lewis,amelia.lewis1804@example.com,2026-05-01,GB,1969-03-11,Active
1805,Alex Rossi,alex.rossi1805@example.com,2024-05-16,GB,1961-11-30,Active
1806,Isabella Brown,isabella.brown1806@example.com,2024-01-09,AE,1997-02-22,Active
1807,Ava Anderson,ava.anderson1807@example.com,2025-04-22,AL,1985-04-06,Active
1808,James Miller,james.miller1808@example.com,2023-08-16,GB,1968-12-26,Active
1809,Maria Moore,maria.moore1809@example.com,2023-12-22,ES,2000-02-25,Active
1810,Isabella Martin,isabella.martin1810@example.com,2025-07-19,AE,2004-09-18,Active
1811,Ava Lee,ava.lee1811@example.com,2024-04-10,ES,1993-01-03,Active
1812,Daniel Thomas,daniel.thomas1812@example.com,2025-02-12,AE,1966-03-24,Active
1813,Maria Garcia,maria.garcia1813@example.com,2025-03-14,AE,1971-06-25,Suspended
1814,Daniel Lewis,daniel.lewis1814@example.com,2025-08-17,US,1997-10-30,Active
1815,Ethan Lewis,ethan.lewis1815@example.com,2025-02-18,GB,1969-10-14,Active
1816,Isabella Garcia,isabella.garcia1816@example.com,2024-07-06,IT,1964-09-22,Active
1817,Lucas Smith,lucas.smith1817@example.com,2024-05-05,ES,1980-04-26,Active
1818,Daniel Garcia,daniel.garcia1818@example.com,2026-05-07,DE,1955-12-26,Active
1819,Liam Martin,liam.martin1819@example.com,2023-03-08,DE,1976-07-24,Active
1820,Maria Moore,maria.moore1820@example.com,2025-09-17,GB,1959-02-05,Active
1821,Ava Smith,ava.smith1821@example.com,2024-12-31,GR,1980-05-02,Active
1822,Lucas Clark,lucas.clark1822@example.com,2025-03-11,ES,1986-12-04,Active
1823,Sofia Wilson,sofia.wilson1823@example.com,2025-04-14,IT,2000-03-06,Active
1824,Alex Smith,alex.smith1824@example.com,2026-04-17,AL,1989-04-13,Active
1825,Maria Miller,maria.miller1825@example.com,2023-11-27,NG,1968-08-05,Active
1826,Daniel Lee,daniel.lee1826@example.com,2024-04-19,NG,1974-05-07,Active
1827,Emma Thomas,emma.thomas1827@example.com,2025-11-23,US,2001-12-12,Active
1828,Alex Wilson,alex.wilson1828@example.com,2024-08-18,RO,1987-04-29,Active
1829,Isabella Smith,isabella.smith1829@example.com,2025-03-04,FR,1976-06-14,Closed
1830,Daniel Brown,daniel.brown1830@example.com,2026-03-07,IT,1999-08-20,Active
1831,Alex Clark,alex.clark1831@example.com,2024-09-25,IT,2004-02-01,Active
1832,Leo Wilson,leo.wilson1832@example.com,2023-12-14,ES,1981-07-09,Active
1833,Mia Wilson,mia.wilson1833@example.com,2023-07-02,ES,1961-05-19,Active
1834,Leo Miller,leo.miller1834@example.com,2025-08-27,AL,1977-12-20,Active
1835,Alex Rossi,alex.rossi1835@example.com,2026-03-10,GB,1998-10-21,Active
1836,Ava Taylor,ava.taylor1836@example.com,2025-04-17,AL,1966-07-28,Active
1837,Lucas Wilson,lucas.wilson1837@example.com,2023-06-20,NL,1992-01-26,Active
1838,Maria Moore,maria.moore1838@example.com,2023-04-27,AE,1976-12-18,Active
1839,James Brown,james.brown1839@example.com,2023-08-04,GR,1981-01-28,Active
1840,Ethan Lewis,ethan.lewis1840@example.com,2023-05-30,GR,1975-01-04,Active
1841,Daniel Wilson,daniel.wilson1841@example.com,2025-08-12,NG,1997-01-11,Active
1842,Leo Rossi,leo.rossi1842@example.com,2023-06-25,AE,1971-03-05,Active
1843,Ethan Clark,ethan.clark1843@example.com,2025-06-06,GR,1972-11-23,Active
1844,Lucas Wilson,lucas.wilson1844@example.com,2026-05-22,FR,1998-08-17,Active
1845,Amelia Rossi,amelia.rossi1845@example.com,2024-07-24,GB,1995-10-13,Active
1846,Amelia Brown,amelia.brown1846@example.com,2024-03-13,RO,1983-09-22,Active
1847,Ethan Smith,ethan.smith1847@example.com,2025-01-10,AL,1993-08-02,Active
1848,Liam Lewis,liam.lewis1848@example.com,2023-02-16,DE,1992-12-10,Active
1849,Emma Rossi,emma.rossi1849@example.com,2023-10-18,DE,1961-03-19,Active
1850,Ava Lewis,ava.lewis1850@example.com,2025-07-13,NL,1992-08-27,Active
1851,Noah Brown,noah.brown1851@example.com,2023-04-21,GR,1963-04-18,Active
1852,Ava Brown,ava.brown1852@example.com,2024-02-11,GR,1986-05-03,Active
1853,Emma Lee,emma.lee1853@example.com,2025-06-13,AE,1986-10-27,Active
1854,James Thomas,james.thomas1854@example.com,2026-05-07,IT,1972-10-24,Active
1855,Alex Wilson,alex.wilson1855@example.com,2024-10-10,ES,1956-04-09,Active
1856,Alex Anderson,alex.anderson1856@example.com,2024-10-10,NG,1965-03-11,Active
1857,James Anderson,james.anderson1857@example.com,2023-09-15,NG,1995-04-24,Suspended
1858,Sofia Smith,sofia.smith1858@example.com,2024-03-23,GR,1971-11-02,Active
1859,Emma Moore,emma.moore1859@example.com,2025-02-12,US,1974-05-23,Active
1860,Liam Martin,liam.martin1860@example.com,2026-03-27,US,1956-04-15,Active
1861,James Miller,james.miller1861@example.com,2024-09-20,IT,2000-01-17,Active
1862,Leo Taylor,leo.taylor1862@example.com,2025-04-20,US,1986-07-22,Active
1863,Isabella Thomas,isabella.thomas1863@example.com,2024-11-18,ES,1965-03-04,Active
1864,Mia Brown,mia.brown1864@example.com,2026-02-06,NL,1969-08-04,Active
1865,Ava Lewis,ava.lewis1865@example.com,2025-06-14,AE,1980-05-30,Active
1866,Sofia Rossi,sofia.rossi1866@example.com,2023-08-01,NG,1963-01-16,Active
1867,Isabella Rossi,isabella.rossi1867@example.com,2025-10-13,IT,2003-11-14,Active
1868,Maria Martin,maria.martin1868@example.com,2024-08-16,FR,1992-09-26,Active
1869,Leo Thomas,leo.thomas1869@example.com,2025-02-19,FR,1965-04-09,Active
1870,Sofia Wilson,sofia.wilson1870@example.com,2025-08-08,NG,1992-01-18,Active
1871,Ethan Smith,ethan.smith1871@example.com,2025-02-06,NL,1975-02-02,Active
1872,Noah Miller,noah.miller1872@example.com,2025-04-29,GB,1976-09-02,Active
1873,Isabella Smith,isabella.smith1873@example.com,2023-02-01,ES,1957-05-10,Active
1874,Lucas Wilson,lucas.wilson1874@example.com,2023-12-16,FR,1993-07-30,Active
1875,Ethan Garcia,ethan.garcia1875@example.com,2026-06-16,GB,1990-04-15,Active
1876,Isabella Brown,isabella.brown1876@example.com,2025-03-10,GR,1970-08-02,Active
1877,Emma Taylor,emma.taylor1877@example.com,2024-04-18,AE,1963-12-07,Active
1878,Sofia Martin,sofia.martin1878@example.com,2026-03-27,NG,1990-03-03,Active
1879,Emma Wilson,emma.wilson1879@example.com,2024-02-22,IT,1963-05-14,Active
1880,James Martin,james.martin1880@example.com,2026-04-30,GB,1968-09-24,Active
1881,Daniel Moore,daniel.moore1881@example.com,2025-02-22,AE,1957-04-08,Active
1882,Leo Martin,leo.martin1882@example.com,2025-01-03,FR,1971-09-27,Active
1883,Olivia Miller,olivia.miller1883@example.com,2024-02-01,FR,2003-01-13,Active
1884,Ethan Clark,ethan.clark1884@example.com,2024-06-17,DE,1959-08-23,Active
1885,Alex Martin,alex.martin1885@example.com,2023-02-17,IT,1964-04-11,Active
1886,Sofia Rossi,sofia.rossi1886@example.com,2023-10-18,DE,1980-05-04,Active
1887,Daniel Rossi,daniel.rossi1887@example.com,2025-10-09,FR,1987-06-04,Active
1888,Amelia Clark,amelia.clark1888@example.com,2023-02-14,IT,1992-02-13,Active
1889,Daniel Garcia,daniel.garcia1889@example.com,2025-05-09,US,1988-08-31,Active
1890,Leo Clark,leo.clark1890@example.com,2023-11-26,DE,1971-02-17,Active
1891,Emma Martin,emma.martin1891@example.com,2026-03-07,IT,1957-10-27,Suspended
1892,Mia Anderson,mia.anderson1892@example.com,2026-06-11,GB,2004-01-11,Active
1893,Noah Rossi,noah.rossi1893@example.com,2024-01-30,NL,1957-08-26,Active
1894,Alex Garcia,alex.garcia1894@example.com,2025-01-17,FR,1965-04-19,Active
1895,Alex Garcia,alex.garcia1895@example.com,2023-06-20,DE,1966-05-10,Active
1896,Liam Rossi,liam.rossi1896@example.com,2024-12-14,NG,2004-06-23,Active
1897,Amelia Taylor,amelia.taylor1897@example.com,2025-11-15,FR,1990-11-18,Active
1898,Liam Martin,liam.martin1898@example.com,2024-07-29,IT,1990-03-30,Active
1899,Ava Brown,ava.brown1899@example.com,2024-02-26,GR,1998-10-07,Active
1900,Isabella Moore,isabella.moore1900@example.com,2024-07-10,RO,1983-08-06,Active
1901,Ethan Taylor,ethan.taylor1901@example.com,2024-02-14,US,2005-11-18,Active
1902,Daniel Anderson,daniel.anderson1902@example.com,2023-12-09,NL,1958-01-11,Active
1903,Isabella Miller,isabella.miller1903@example.com,2026-05-21,US,2002-08-05,Active
1904,Sofia Brown,sofia.brown1904@example.com,2024-10-22,ES,1993-07-10,Active
1905,Daniel Garcia,daniel.garcia1905@example.com,2025-01-31,ES,1988-05-15,Active
1906,Sofia Smith,sofia.smith1906@example.com,2024-10-14,AE,1955-12-24,Active
1907,Leo Moore,leo.moore1907@example.com,2024-10-20,NL,1975-11-15,Active
1908,Ava Moore,ava.moore1908@example.com,2024-03-10,FR,2002-04-21,Active
1909,Noah Lee,noah.lee1909@example.com,2026-05-29,RO,1961-09-17,Active
1910,Isabella Martin,isabella.martin1910@example.com,2025-06-10,US,1983-07-06,Active
1911,Maria Clark,maria.clark1911@example.com,2025-10-08,GB,1999-09-26,Closed
1912,Isabella Rossi,isabella.rossi1912@example.com,2023-09-12,ES,1995-08-15,Active
1913,Ethan Garcia,ethan.garcia1913@example.com,2026-03-26,DE,1956-11-27,Active
1914,James Anderson,james.anderson1914@example.com,2024-08-05,GR,1966-10-04,Active
1915,Maria Wilson,maria.wilson1915@example.com,2023-02-03,AL,1961-03-25,Active
1916,Isabella Lee,isabella.lee1916@example.com,2024-09-08,US,1979-08-23,Active
1917,Ethan Rossi,ethan.rossi1917@example.com,2026-02-13,AL,1983-02-05,Active
1918,Ethan Miller,ethan.miller1918@example.com,2025-07-19,NG,1999-04-05,Suspended
1919,Sofia Lewis,sofia.lewis1919@example.com,2025-02-04,GB,1964-03-20,Active
1920,James Brown,james.brown1920@example.com,2023-08-04,AE,1983-12-19,Active
1921,Olivia Brown,olivia.brown1921@example.com,2023-06-30,AE,1972-02-24,Active
1922,Mia Lewis,mia.lewis1922@example.com,2026-01-05,AE,1955-06-11,Active
1923,Noah Clark,noah.clark1923@example.com,2023-03-30,GB,1964-12-09,Suspended
1924,Daniel Miller,daniel.miller1924@example.com,2024-11-05,DE,1989-01-19,Active
1925,Alex Moore,alex.moore1925@example.com,2025-08-01,ES,1965-10-03,Active
1926,Alex Clark,alex.clark1926@example.com,2026-04-11,NG,1992-01-29,Active
1927,Sofia Thomas,sofia.thomas1927@example.com,2025-12-16,RO,1976-07-30,Active
1928,Amelia Miller,amelia.miller1928@example.com,2024-10-21,FR,1998-04-22,Active
1929,Ava Lee,ava.lee1929@example.com,2023-06-19,NL,1986-09-02,Active
1930,Olivia Martin,olivia.martin1930@example.com,2024-02-26,IT,1961-12-31,Suspended
1931,Maria Garcia,maria.garcia1931@example.com,2023-01-27,AL,1974-05-23,Active
1932,Liam Anderson,liam.anderson1932@example.com,2023-08-03,FR,1985-07-17,Active
1933,Lucas Clark,lucas.clark1933@example.com,2024-09-30,NG,1995-09-25,Active
1934,Sofia Brown,sofia.brown1934@example.com,2024-03-24,GR,1987-08-16,Suspended
1935,Liam Clark,liam.clark1935@example.com,2025-03-30,IT,1971-11-11,Active
1936,Emma Martin,emma.martin1936@example.com,2024-09-21,ES,1964-02-27,Active
1937,Sofia Lee,sofia.lee1937@example.com,2023-08-14,GB,1976-07-31,Active
1938,Emma Miller,emma.miller1938@example.com,2023-02-28,NG,1997-09-22,Active
1939,Mia Miller,mia.miller1939@example.com,2023-08-31,IT,2004-05-15,Active
1940,Liam Brown,liam.brown1940@example.com,2025-03-23,GR,2000-01-20,Active
1941,Maria Anderson,maria.anderson1941@example.com,2024-07-12,IT,1988-03-04,Active
1942,Ethan Lee,ethan.lee1942@example.com,2025-05-15,DE,1972-05-25,Active
1943,Emma Moore,emma.moore1943@example.com,2024-07-19,RO,2002-07-05,Active
1944,Isabella Rossi,isabella.rossi1944@example.com,2023-04-13,IT,1977-05-02,Active
1945,Maria Smith,maria.smith1945@example.com,2026-03-24,FR,1978-11-18,Active
1946,Sofia Miller,sofia.miller1946@example.com,2024-04-08,GR,1991-04-18,Active
1947,Olivia Lee,olivia.lee1947@example.com,2024-07-03,FR,1999-06-04,Active
1948,Liam Wilson,liam.wilson1948@example.com,2024-08-12,AE,1980-11-01,Active
1949,Emma Thomas,emma.thomas1949@example.com,2026-06-28,AE,1997-10-09,Active
1950,Olivia Brown,olivia.brown1950@example.com,2024-10-07,ES,1961-03-25,Active
1951,Leo Brown,leo.brown1951@example.com,2023-01-27,GR,1997-07-30,Active
1952,Emma Miller,emma.miller1952@example.com,2023-06-07,NG,1970-04-26,Active
1953,James Moore,james.moore1953@example.com,2024-12-22,RO,1997-07-05,Active
1954,Olivia Anderson,olivia.anderson1954@example.com,2023-08-13,GB,1959-01-20,Active
1955,Ava Lewis,ava.lewis1955@example.com,2024-04-12,NL,2002-02-15,Active
1956,Alex Clark,alex.clark1956@example.com,2023-07-12,DE,1963-12-21,Active
1957,Lucas Anderson,lucas.anderson1957@example.com,2025-10-01,NL,1986-06-21,Active
1958,Amelia Miller,amelia.miller1958@example.com,2025-01-16,GB,1996-02-27,Active
1959,Ava Lee,ava.lee1959@example.com,2024-11-14,NG,2001-06-16,Active
1960,Amelia Rossi,amelia.rossi1960@example.com,2024-07-06,AE,2001-08-03,Active
1961,Alex Taylor,alex.taylor1961@example.com,2024-03-27,US,1967-09-16,Active
1962,Olivia Moore,olivia.moore1962@example.com,2025-06-01,FR,1987-03-31,Active
1963,Liam Taylor,liam.taylor1963@example.com,2023-08-10,NG,1979-07-29,Active
1964,Leo Thomas,leo.thomas1964@example.com,2023-12-25,NG,1978-10-20,Active
1965,Lucas Taylor,lucas.taylor1965@example.com,2026-04-21,DE,1992-06-08,Active
1966,Maria Moore,maria.moore1966@example.com,2025-12-01,RO,1985-10-18,Active
1967,Leo Moore,leo.moore1967@example.com,2024-12-11,IT,1980-11-15,Suspended
1968,Amelia Martin,amelia.martin1968@example.com,2023-10-29,NG,1996-11-01,Active
1969,Ava Moore,ava.moore1969@example.com,2026-02-17,DE,1969-08-03,Active
1970,Daniel Clark,daniel.clark1970@example.com,2024-08-26,AL,1956-05-25,Active
1971,Ava Lewis,ava.lewis1971@example.com,2026-04-29,GB,1966-01-27,Active
1972,James Taylor,james.taylor1972@example.com,2024-12-22,GB,1955-01-22,Active
1973,Mia Miller,mia.miller1973@example.com,2025-10-25,ES,2005-04-22,Suspended
1974,Noah Brown,noah.brown1974@example.com,2024-02-07,RO,1993-10-05,Active
1975,Ava Garcia,ava.garcia1975@example.com,2023-03-07,US,1997-06-14,Active
1976,Ethan Taylor,ethan.taylor1976@example.com,2025-03-28,DE,1963-10-21,Active
1977,Ava Brown,ava.brown1977@example.com,2026-02-28,NG,1994-02-05,Active
1978,Alex Martin,alex.martin1978@example.com,2024-02-13,ES,1977-06-06,Active
1979,Liam Miller,liam.miller1979@example.com,2024-09-16,DE,1962-09-05,Active
1980,Leo Thomas,leo.thomas1980@example.com,2024-01-11,GR,1988-09-23,Active
1981,Leo Lee,leo.lee1981@example.com,2024-10-03,NG,2000-03-14,Active
1982,Leo Wilson,leo.wilson1982@example.com,2025-05-25,GR,1996-11-08,Suspended
1983,Leo Smith,leo.smith1983@example.com,2026-02-18,GR,1957-05-15,Active
1984,Alex Moore,alex.moore1984@example.com,2024-09-11,RO,1976-10-08,Active
1985,Alex Moore,alex.moore1985@example.com,2026-01-17,DE,2005-09-27,Active
1986,Ethan Brown,ethan.brown1986@example.com,2025-04-05,AL,1955-07-15,Active
1987,Leo Lewis,leo.lewis1987@example.com,2023-04-22,GB,1962-08-06,Active
1988,Sofia Wilson,sofia.wilson1988@example.com,2026-05-02,DE,1963-09-27,Active
1989,Lucas Lewis,lucas.lewis1989@example.com,2023-05-05,AE,1965-11-23,Active
1990,Maria Lee,maria.lee1990@example.com,2024-02-24,ES,2001-04-25,Active
1991,Amelia Brown,amelia.brown1991@example.com,2024-04-02,DE,1968-11-19,Active
1992,James Clark,james.clark1992@example.com,2025-09-20,IT,1973-01-02,Active
1993,Alex Moore,alex.moore1993@example.com,2023-09-05,IT,2001-08-20,Active
1994,Sofia Anderson,sofia.anderson1994@example.com,2023-02-20,AL,2000-05-18,Active
1995,Sofia Miller,sofia.miller1995@example.com,2025-04-08,ES,1998-05-25,Active
1996,Noah Lewis,noah.lewis1996@example.com,2026-06-08,NG,1994-05-25,Active
1997,Isabella Brown,isabella.brown1997@example.com,2023-02-14,ES,1971-07-31,Active
1998,Olivia Brown,olivia.brown1998@example.com,2025-11-13,FR,2004-01-17,Active
1999,Ava Miller,ava.miller1999@example.com,2023-07-24,US,1999-03-24,Active
2000,Ethan Taylor,ethan.taylor2000@example.com,2023-08-08,GR,1996-08-16,Active
