booking_id,fraud_confirmed,investigation_status,investigation_date
1,0,Cleared,2025-01-19
2,0,Cleared,2026-05-19
3,0,Cleared,2026-06-19
4,0,Cleared,2026-05-08
5,0,Cleared,2026-05-20
6,0,Cleared,2026-04-03
7,0,Cleared,2026-06-02
8,0,Cleared,2026-01-15
9,0,Cleared,2025-08-29
10,0,Cleared,2026-01-30
11,0,Cleared,2025-04-13
12,0,Cleared,2026-02-11
13,0,Cleared,2026-05-13
14,0,Cleared,2026-06-15
15,0,Cleared,2026-03-11
16,0,Cleared,2025-04-01
17,0,Cleared,2025-11-28
18,0,Cleared,2026-02-11
19,0,Cleared,2026-02-18
20,0,Cleared,2026-01-26
21,0,Cleared,2025-08-09
22,0,Cleared,2025-09-27
23,0,Cleared,2026-05-21
24,0,Cleared,2026-06-03
25,0,Cleared,2026-03-20
26,0,Cleared,2025-05-02
27,0,Cleared,2026-04-02
28,0,Cleared,2026-06-14
29,0,Cleared,2025-07-21
30,0,Cleared,2026-07-22
31,0,Cleared,2026-06-24
32,0,Cleared,2026-04-27
33,0,Cleared,2025-12-19
34,0,Cleared,2025-07-28
35,0,Cleared,2025-12-18
36,0,Cleared,2025-04-29
37,0,Cleared,2026-04-05
38,0,Cleared,2026-01-07
39,0,Cleared,2026-02-08
40,0,Cleared,2025-07-04
41,0,Cleared,2026-07-19
42,0,Cleared,2026-03-23
43,1,Confirmed Fraud,2026-01-12
44,0,Cleared,2025-12-22
45,0,Cleared,2025-09-27
46,0,Cleared,2025-02-24
47,0,Cleared,2026-06-29
48,0,Cleared,2026-03-16
49,0,Cleared,2025-10-27
50,0,Cleared,2025-07-08
51,0,Cleared,2026-01-05
52,0,Cleared,2026-03-07
53,0,Cleared,2026-07-18
54,0,Cleared,2026-05-13
55,0,Cleared,2026-03-24
56,0,Cleared,2025-09-17
57,0,Cleared,2025-09-13
58,0,Cleared,2025-08-20
59,0,Cleared,2025-08-09
60,0,Cleared,2026-01-03
61,0,Cleared,2026-07-16
62,0,Cleared,2026-06-20
63,0,Cleared,2026-04-29
64,0,Cleared,2026-01-27
65,0,Cleared,2025-11-01
66,0,Cleared,2025-06-19
67,0,Cleared,2025-10-25
68,0,Cleared,2025-10-11
69,0,Cleared,2025-08-20
70,0,Cleared,2025-04-24
71,0,Cleared,2025-02-05
72,0,Cleared,2025-03-15
73,0,Cleared,2026-05-28
74,0,Cleared,2026-01-19
75,1,Confirmed Fraud,2025-12-02
76,0,Cleared,2026-07-20
77,0,Cleared,2025-11-19
78,0,Cleared,2025-11-06
79,0,Cleared,2025-10-24
80,0,Cleared,2025-06-04
81,0,Cleared,2026-05-13
82,0,Cleared,2026-01-31
83,1,Confirmed Fraud,2025-09-11
84,0,Cleared,2025-11-13
85,0,Cleared,2026-06-23
86,0,Cleared,2026-05-20
87,0,Cleared,2025-01-11
88,0,Cleared,2025-09-23
89,0,Cleared,2026-07-04
90,0,Cleared,2026-04-24
91,1,Confirmed Fraud,2025-11-05
92,0,Cleared,2026-06-29
93,0,Cleared,2026-08-14
94,0,Cleared,2026-06-15
95,0,Cleared,2025-09-03
96,0,Cleared,2025-07-25
97,0,Cleared,2025-07-25
98,0,Cleared,2026-06-19
99,0,Cleared,2026-07-22
100,0,Cleared,2026-04-03
101,0,Cleared,2026-05-13
102,0,Cleared,2026-06-28
103,0,Cleared,2025-03-20
104,0,Cleared,2026-02-05
105,0,Cleared,2025-05-14
106,0,Cleared,2025-10-10
107,0,Cleared,2025-11-21
108,0,Cleared,2026-02-13
109,0,Cleared,2026-01-04
110,0,Cleared,2026-03-29
111,0,Cleared,2025-12-06
112,0,Cleared,2026-02-10
113,0,Cleared,2026-01-14
114,0,Cleared,2025-06-29
115,0,Cleared,2026-07-26
116,0,Cleared,2025-06-29
117,0,Cleared,2025-11-24
118,0,Cleared,2026-05-17
119,0,Cleared,2026-01-22
120,0,Cleared,2026-06-15
121,0,Cleared,2025-08-18
122,0,Cleared,2026-02-08
123,1,Confirmed Fraud,2025-04-28
124,0,Cleared,2026-07-18
125,0,Cleared,2025-11-30
126,0,Cleared,2025-04-03
127,0,Cleared,2025-06-13
128,0,Cleared,2026-06-23
129,0,Cleared,2025-11-21
130,0,Cleared,2025-07-01
131,0,Cleared,2026-02-15
132,0,Cleared,2025-12-06
133,0,Cleared,2025-07-30
134,0,Cleared,2025-03-06
135,0,Cleared,2026-07-03
136,0,Cleared,2025-08-24
137,0,Cleared,2025-09-24
138,0,Cleared,2026-03-30
139,0,Cleared,2026-07-23
140,0,Cleared,2025-10-23
141,0,Cleared,2026-07-07
142,0,Cleared,2026-03-14
143,0,Cleared,2026-08-03
144,0,Cleared,2026-08-06
145,0,Cleared,2026-05-16
146,0,Cleared,2025-04-09
147,0,Cleared,2025-08-06
148,0,Cleared,2025-07-10
149,1,Confirmed Fraud,2026-06-28
150,0,Cleared,2026-06-22
151,0,Cleared,2025-10-28
152,0,Cleared,2025-11-05
153,0,Cleared,2025-06-02
154,0,Cleared,2025-12-01
155,0,Cleared,2025-08-21
156,0,Cleared,2025-09-14
157,0,Cleared,2026-05-26
158,0,Cleared,2025-12-25
159,0,Cleared,2025-08-19
160,0,Cleared,2025-07-28
161,0,Cleared,2026-06-27
162,0,Cleared,2026-02-23
163,0,Cleared,2026-04-20
164,0,Cleared,2025-07-14
165,0,Cleared,2025-03-19
166,0,Cleared,2025-04-27
167,0,Cleared,2026-04-30
168,0,Cleared,2026-05-22
169,0,Cleared,2026-05-06
170,0,Cleared,2025-04-28
171,0,Cleared,2026-04-19
172,0,Cleared,2026-07-13
173,0,Cleared,2025-03-18
174,0,Cleared,2025-08-29
175,0,Cleared,2025-09-02
176,1,Confirmed Fraud,2026-06-03
177,0,Cleared,2026-02-22
178,0,Cleared,2025-05-02
179,0,Cleared,2025-07-15
180,0,Cleared,2026-01-21
181,0,Cleared,2026-06-27
182,0,Cleared,2026-04-05
183,0,Cleared,2025-09-08
184,0,Cleared,2026-04-11
185,1,Confirmed Fraud,2026-07-14
186,0,Cleared,2025-09-18
187,0,Cleared,2025-06-27
188,0,Cleared,2026-06-23
189,0,Cleared,2025-02-25
190,0,Cleared,2026-07-08
191,0,Cleared,2025-11-18
192,0,Cleared,2026-06-14
193,0,Cleared,2025-08-01
194,0,Cleared,2025-10-04
195,0,Cleared,2026-05-24
196,0,Cleared,2025-02-06
197,0,Cleared,2025-05-29
198,0,Cleared,2026-03-17
199,1,Confirmed Fraud,2025-03-07
200,0,Cleared,2026-06-09
201,0,Cleared,2026-03-14
202,0,Cleared,2026-06-08
203,0,Cleared,2025-04-22
204,0,Cleared,2025-08-19
205,0,Cleared,2025-02-03
206,0,Cleared,2025-06-26
207,0,Cleared,2025-12-03
208,0,Cleared,2025-07-31
209,0,Cleared,2026-03-30
210,0,Cleared,2025-10-23
211,0,Cleared,2025-02-07
212,0,Cleared,2026-04-27
213,0,Cleared,2026-03-31
214,0,Cleared,2025-04-12
215,0,Cleared,2026-06-14
216,1,Confirmed Fraud,2026-05-14
217,0,Cleared,2026-07-20
218,0,Cleared,2025-05-02
219,0,Cleared,2025-11-01
220,0,Cleared,2026-08-02
221,0,Cleared,2025-04-17
222,0,Cleared,2025-05-02
223,0,Cleared,2025-08-07
224,0,Cleared,2026-01-12
225,0,Cleared,2025-05-06
226,0,Cleared,2026-01-14
227,0,Cleared,2025-12-02
228,0,Cleared,2025-06-08
229,0,Cleared,2026-04-15
230,1,Confirmed Fraud,2025-04-19
231,0,Cleared,2025-08-17
232,0,Cleared,2026-06-01
233,0,Cleared,2026-03-06
234,0,Cleared,2025-05-21
235,0,Cleared,2026-04-05
236,0,Cleared,2025-03-05
237,0,Cleared,2026-06-15
238,0,Cleared,2025-07-24
239,0,Cleared,2025-11-25
240,0,Cleared,2026-07-01
241,0,Cleared,2025-12-23
242,1,Confirmed Fraud,2025-08-20
243,0,Cleared,2026-01-26
244,0,Cleared,2026-05-18
245,0,Cleared,2025-09-20
246,1,Confirmed Fraud,2025-12-12
247,0,Cleared,2025-06-13
248,0,Cleared,2025-07-11
249,0,Cleared,2026-01-24
250,0,Cleared,2026-04-17
251,0,Cleared,2026-06-15
252,0,Cleared,2025-01-26
253,0,Cleared,2025-06-04
254,0,Cleared,2026-05-10
255,0,Cleared,2026-03-10
256,0,Cleared,2026-06-19
257,0,Cleared,2026-05-24
258,0,Cleared,2025-09-11
259,0,Cleared,2025-02-17
260,0,Cleared,2025-08-31
261,0,Cleared,2025-05-20
262,0,Cleared,2026-01-11
263,0,Cleared,2026-06-25
264,0,Cleared,2025-02-24
265,1,Confirmed Fraud,2025-08-24
266,0,Cleared,2026-06-17
267,0,Cleared,2026-03-13
268,0,Cleared,2026-04-17
269,0,Cleared,2026-03-05
270,0,Cleared,2026-07-19
271,0,Cleared,2025-02-25
272,0,Cleared,2026-06-27
273,1,Confirmed Fraud,2026-04-02
274,0,Cleared,2026-06-20
275,0,Cleared,2026-07-21
276,0,Cleared,2025-08-08
277,0,Cleared,2026-07-24
278,0,Cleared,2026-07-21
279,0,Cleared,2025-02-08
280,1,Confirmed Fraud,2025-08-25
281,0,Cleared,2025-12-12
282,0,Cleared,2026-03-24
283,0,Cleared,2026-02-15
284,0,Cleared,2025-11-11
285,0,Cleared,2026-03-04
286,0,Cleared,2026-04-27
287,0,Cleared,2025-10-20
288,0,Cleared,2025-03-05
289,0,Cleared,2026-05-14
290,1,Confirmed Fraud,2025-03-27
291,0,Cleared,2025-04-01
292,1,Confirmed Fraud,2025-11-09
293,0,Cleared,2025-04-11
294,1,Confirmed Fraud,2025-05-20
295,0,Cleared,2025-01-21
296,0,Cleared,2026-05-23
297,0,Cleared,2026-01-30
298,0,Cleared,2026-04-21
299,0,Cleared,2026-03-31
300,0,Cleared,2025-07-08
301,0,Cleared,2026-07-07
302,0,Cleared,2025-10-17
303,0,Cleared,2026-01-09
304,0,Cleared,2026-03-01
305,0,Cleared,2025-03-10
306,0,Cleared,2026-03-20
307,1,Confirmed Fraud,2026-06-04
308,0,Cleared,2025-10-15
309,0,Cleared,2026-03-29
310,0,Cleared,2026-07-04
311,0,Cleared,2025-03-09
312,0,Cleared,2025-06-18
313,0,Cleared,2026-07-22
314,0,Cleared,2025-05-31
315,0,Cleared,2025-03-21
316,0,Cleared,2026-06-16
317,0,Cleared,2026-06-29
318,0,Cleared,2025-07-19
319,0,Cleared,2026-01-11
320,0,Cleared,2025-03-02
321,0,Cleared,2026-06-06
322,0,Cleared,2026-04-19
323,0,Cleared,2025-05-27
324,0,Cleared,2026-06-26
325,0,Cleared,2025-08-07
326,0,Cleared,2026-06-26
327,0,Cleared,2026-05-06
328,0,Cleared,2026-07-19
329,0,Cleared,2025-08-06
330,0,Cleared,2026-06-02
331,0,Cleared,2025-11-23
332,0,Cleared,2026-06-28
333,0,Cleared,2025-07-29
334,0,Cleared,2025-06-21
335,0,Cleared,2026-01-03
336,0,Cleared,2025-01-16
337,0,Cleared,2025-02-03
338,0,Cleared,2026-01-09
339,0,Cleared,2025-03-18
340,0,Cleared,2025-03-18
341,0,Cleared,2025-07-03
342,1,Confirmed Fraud,2026-05-11
343,0,Cleared,2026-04-08
344,0,Cleared,2025-12-31
345,0,Cleared,2025-12-31
346,0,Cleared,2026-06-08
347,0,Cleared,2025-09-25
348,0,Cleared,2026-07-07
349,0,Cleared,2026-05-04
350,1,Confirmed Fraud,2025-03-16
351,0,Cleared,2025-04-21
352,0,Cleared,2026-02-16
353,0,Cleared,2026-05-11
354,0,Cleared,2025-08-31
355,0,Cleared,2025-03-02
356,0,Cleared,2026-08-06
357,0,Cleared,2026-05-15
358,0,Cleared,2026-04-18
359,1,Confirmed Fraud,2026-07-16
360,0,Cleared,2026-01-26
361,0,Cleared,2026-07-07
362,0,Cleared,2026-07-16
363,0,Cleared,2025-12-20
364,0,Cleared,2025-09-15
365,0,Cleared,2025-07-14
366,0,Cleared,2025-12-23
367,0,Cleared,2025-04-01
368,0,Cleared,2025-04-16
369,1,Confirmed Fraud,2025-07-05
370,0,Cleared,2025-03-01
371,0,Cleared,2026-03-03
372,0,Cleared,2026-06-03
373,0,Cleared,2026-01-02
374,0,Cleared,2025-09-27
375,0,Cleared,2026-06-26
376,1,Confirmed Fraud,2025-11-20
377,0,Cleared,2026-05-26
378,0,Cleared,2026-06-11
379,0,Cleared,2026-03-01
380,0,Cleared,2026-01-30
381,0,Cleared,2026-06-27
382,0,Cleared,2025-07-13
383,0,Cleared,2026-07-20
384,0,Cleared,2026-03-28
385,0,Cleared,2025-04-23
386,0,Cleared,2025-07-26
387,0,Cleared,2025-08-10
388,0,Cleared,2026-01-19
389,0,Cleared,2025-11-18
390,0,Cleared,2026-04-03
391,0,Cleared,2025-09-19
392,0,Cleared,2026-07-22
393,0,Cleared,2025-08-10
394,0,Cleared,2025-07-21
395,0,Cleared,2025-08-12
396,0,Cleared,2025-11-11
397,0,Cleared,2026-07-21
398,0,Cleared,2026-07-11
399,0,Cleared,2026-05-31
400,0,Cleared,2025-05-28
401,0,Cleared,2025-09-20
402,0,Cleared,2025-09-28
403,0,Cleared,2026-03-26
404,0,Cleared,2026-02-03
405,0,Cleared,2025-02-15
406,0,Cleared,2025-05-14
407,0,Cleared,2026-06-22
408,0,Cleared,2026-05-17
409,0,Cleared,2026-07-28
410,0,Cleared,2026-05-30
411,0,Cleared,2026-01-30
412,0,Cleared,2025-11-22
413,0,Cleared,2026-06-22
414,0,Cleared,2025-07-02
415,0,Cleared,2026-07-03
416,0,Cleared,2025-09-15
417,0,Cleared,2025-11-26
418,0,Cleared,2026-06-21
419,0,Cleared,2025-01-11
420,0,Cleared,2026-03-20
421,0,Cleared,2025-02-23
422,1,Confirmed Fraud,2025-01-28
423,0,Cleared,2026-01-16
424,0,Cleared,2026-06-22
425,0,Cleared,2026-06-13
426,0,Cleared,2026-04-25
427,0,Cleared,2025-11-19
428,1,Confirmed Fraud,2025-08-22
429,0,Cleared,2025-09-16
430,0,Cleared,2026-04-18
431,0,Cleared,2026-06-14
432,0,Cleared,2026-04-16
433,0,Cleared,2026-02-08
434,0,Cleared,2025-02-20
435,0,Cleared,2025-09-05
436,0,Cleared,2026-07-28
437,0,Cleared,2026-06-01
438,0,Cleared,2025-09-10
439,0,Cleared,2025-11-06
440,0,Cleared,2026-06-01
441,0,Cleared,2025-03-30
442,0,Cleared,2026-07-13
443,1,Confirmed Fraud,2025-03-28
444,0,Cleared,2026-03-28
445,0,Cleared,2025-09-28
446,0,Cleared,2026-07-02
447,0,Cleared,2026-05-21
448,0,Cleared,2025-02-23
449,0,Cleared,2026-04-24
450,0,Cleared,2026-03-07
451,0,Cleared,2025-10-01
452,0,Cleared,2026-01-08
453,0,Cleared,2025-06-11
454,1,Confirmed Fraud,2025-10-27
455,0,Cleared,2025-09-26
456,0,Cleared,2026-07-06
457,0,Cleared,2025-05-15
458,0,Cleared,2026-04-29
459,0,Cleared,2026-07-09
460,0,Cleared,2026-06-01
461,0,Cleared,2026-03-26
462,0,Cleared,2025-07-12
463,0,Cleared,2025-09-03
464,0,Cleared,2026-01-18
465,1,Confirmed Fraud,2026-02-12
466,1,Confirmed Fraud,2025-04-25
467,0,Cleared,2025-05-13
468,0,Cleared,2025-09-07
469,0,Cleared,2026-07-17
470,0,Cleared,2026-04-09
471,0,Cleared,2026-03-30
472,0,Cleared,2025-05-17
473,0,Cleared,2025-09-26
474,0,Cleared,2026-06-12
475,1,Confirmed Fraud,2025-12-08
476,0,Cleared,2026-05-14
477,0,Cleared,2026-06-03
478,0,Cleared,2025-09-27
479,0,Cleared,2025-08-27
480,0,Cleared,2026-02-25
481,0,Cleared,2025-04-02
482,0,Cleared,2026-07-04
483,0,Cleared,2025-12-01
484,0,Cleared,2026-04-03
485,0,Cleared,2026-05-16
486,0,Cleared,2025-05-29
487,1,Confirmed Fraud,2026-04-16
488,0,Cleared,2026-07-03
489,0,Cleared,2026-08-02
490,0,Cleared,2026-06-25
491,0,Cleared,2026-03-07
492,0,Cleared,2025-06-11
493,0,Cleared,2026-06-29
494,0,Cleared,2026-03-31
495,0,Cleared,2026-06-06
496,0,Cleared,2026-04-14
497,0,Cleared,2026-03-27
498,0,Cleared,2026-07-13
499,0,Cleared,2025-09-19
500,0,Cleared,2026-05-23
501,0,Cleared,2026-02-01
502,0,Cleared,2026-04-14
503,0,Cleared,2026-01-06
504,0,Cleared,2026-01-22
505,0,Cleared,2025-03-12
506,0,Cleared,2025-07-31
507,0,Cleared,2025-12-06
508,1,Confirmed Fraud,2025-10-25
509,0,Cleared,2025-07-28
510,0,Cleared,2025-12-03
511,1,Confirmed Fraud,2026-04-08
512,0,Cleared,2026-01-23
513,0,Cleared,2026-06-11
514,0,Cleared,2026-04-20
515,1,Confirmed Fraud,2026-02-06
516,0,Cleared,2026-06-01
517,0,Cleared,2025-04-10
518,0,Cleared,2025-06-09
519,0,Cleared,2025-09-17
520,0,Cleared,2025-09-10
521,0,Cleared,2025-06-22
522,0,Cleared,2026-04-09
523,0,Cleared,2026-07-04
524,0,Cleared,2025-03-06
525,0,Cleared,2026-03-15
526,0,Cleared,2026-03-20
527,0,Cleared,2026-03-07
528,1,Confirmed Fraud,2026-01-08
529,0,Cleared,2025-10-11
530,0,Cleared,2025-09-12
531,0,Cleared,2025-07-30
532,0,Cleared,2025-03-03
533,0,Cleared,2026-08-07
534,0,Cleared,2025-06-11
535,0,Cleared,2025-02-27
536,0,Cleared,2025-05-12
537,0,Cleared,2026-07-13
538,0,Cleared,2025-03-01
539,0,Cleared,2025-09-23
540,0,Cleared,2025-09-27
541,0,Cleared,2026-05-27
542,0,Cleared,2026-05-25
543,0,Cleared,2025-10-29
544,0,Cleared,2026-05-10
545,0,Cleared,2026-01-05
546,0,Cleared,2026-06-22
547,0,Cleared,2025-10-30
548,0,Cleared,2025-10-05
549,0,Cleared,2025-01-27
550,0,Cleared,2026-06-24
551,1,Confirmed Fraud,2025-05-14
552,0,Cleared,2025-11-30
553,0,Cleared,2026-08-02
554,1,Confirmed Fraud,2026-03-21
555,0,Cleared,2025-02-26
556,0,Cleared,2026-04-03
557,1,Confirmed Fraud,2025-01-06
558,0,Cleared,2025-07-08
559,1,Confirmed Fraud,2026-03-05
560,0,Cleared,2025-06-10
561,0,Cleared,2025-06-18
562,0,Cleared,2026-03-05
563,0,Cleared,2025-09-22
564,0,Cleared,2026-03-09
565,0,Cleared,2026-01-28
566,0,Cleared,2026-04-18
567,0,Cleared,2025-03-10
568,0,Cleared,2026-07-02
569,0,Cleared,2026-03-14
570,0,Cleared,2026-07-19
571,0,Cleared,2025-03-28
572,0,Cleared,2026-07-15
573,0,Cleared,2025-03-20
574,0,Cleared,2026-05-03
575,0,Cleared,2026-04-28
576,0,Cleared,2025-07-27
577,0,Cleared,2026-06-27
578,0,Cleared,2025-02-02
579,0,Cleared,2026-03-26
580,1,Confirmed Fraud,2026-05-28
581,1,Confirmed Fraud,2025-07-20
582,0,Cleared,2026-04-29
583,0,Cleared,2026-06-03
584,0,Cleared,2026-07-24
585,0,Cleared,2026-02-20
586,0,Cleared,2026-01-07
587,0,Cleared,2026-05-15
588,0,Cleared,2025-11-30
589,0,Cleared,2026-07-30
590,1,Confirmed Fraud,2026-02-13
591,0,Cleared,2025-09-30
592,0,Cleared,2025-11-08
593,0,Cleared,2026-02-10
594,0,Cleared,2026-05-08
595,0,Cleared,2026-04-09
596,0,Cleared,2025-11-21
597,0,Cleared,2026-02-08
598,1,Confirmed Fraud,2026-08-01
599,0,Cleared,2026-01-21
600,0,Cleared,2025-11-05
601,0,Cleared,2026-01-24
602,0,Cleared,2025-08-29
603,0,Cleared,2025-10-21
604,0,Cleared,2025-05-12
605,0,Cleared,2026-07-18
606,0,Cleared,2025-02-20
607,0,Cleared,2025-02-22
608,0,Cleared,2025-06-23
609,0,Cleared,2025-12-25
610,0,Cleared,2025-11-06
611,0,Cleared,2026-08-05
612,0,Cleared,2025-05-02
613,1,Confirmed Fraud,2026-05-28
614,0,Cleared,2026-04-09
615,0,Cleared,2025-08-24
616,0,Cleared,2026-07-12
617,0,Cleared,2026-01-14
618,0,Cleared,2025-05-10
619,0,Cleared,2025-07-25
620,0,Cleared,2026-05-15
621,0,Cleared,2026-06-25
622,0,Cleared,2025-06-27
623,0,Cleared,2025-06-13
624,0,Cleared,2026-05-26
625,0,Cleared,2025-10-14
626,1,Confirmed Fraud,2025-11-16
627,0,Cleared,2025-11-23
628,1,Confirmed Fraud,2025-03-22
629,0,Cleared,2025-06-02
630,1,Confirmed Fraud,2026-03-06
631,0,Cleared,2025-09-12
632,0,Cleared,2026-05-20
633,0,Cleared,2025-06-18
634,0,Cleared,2026-06-25
635,0,Cleared,2025-04-01
636,0,Cleared,2025-10-11
637,0,Cleared,2026-07-13
638,0,Cleared,2026-07-25
639,0,Cleared,2025-12-04
640,0,Cleared,2026-08-01
641,1,Confirmed Fraud,2026-01-11
642,0,Cleared,2026-04-20
643,1,Confirmed Fraud,2026-04-22
644,0,Cleared,2026-04-02
645,0,Cleared,2025-08-06
646,0,Cleared,2025-10-07
647,0,Cleared,2026-07-10
648,0,Cleared,2025-05-01
649,0,Cleared,2025-04-27
650,0,Cleared,2025-10-21
651,0,Cleared,2026-04-13
652,0,Cleared,2025-05-07
653,0,Cleared,2026-04-27
654,0,Cleared,2026-05-17
655,0,Cleared,2026-04-11
656,0,Cleared,2026-08-02
657,0,Cleared,2026-07-05
658,0,Cleared,2025-08-01
659,0,Cleared,2026-03-19
660,0,Cleared,2025-09-24
661,1,Confirmed Fraud,2025-08-17
662,0,Cleared,2025-09-07
663,0,Cleared,2025-07-25
664,0,Cleared,2025-10-08
665,0,Cleared,2026-04-03
666,0,Cleared,2026-02-17
667,0,Cleared,2025-11-12
668,0,Cleared,2025-08-08
669,0,Cleared,2026-04-24
670,0,Cleared,2025-06-20
671,0,Cleared,2026-08-06
672,0,Cleared,2025-03-24
673,0,Cleared,2026-06-30
674,0,Cleared,2025-07-12
675,0,Cleared,2026-03-14
676,0,Cleared,2026-03-01
677,0,Cleared,2026-02-05
678,0,Cleared,2025-07-14
679,0,Cleared,2026-05-24
680,0,Cleared,2026-02-28
681,0,Cleared,2026-06-25
682,0,Cleared,2025-10-07
683,0,Cleared,2026-08-05
684,0,Cleared,2025-03-10
685,0,Cleared,2026-06-22
686,0,Cleared,2026-05-06
687,0,Cleared,2026-01-31
688,0,Cleared,2026-05-26
689,0,Cleared,2025-08-17
690,0,Cleared,2025-07-17
691,0,Cleared,2026-01-11
692,0,Cleared,2025-12-02
693,0,Cleared,2025-06-05
694,0,Cleared,2025-10-01
695,0,Cleared,2025-04-01
696,0,Cleared,2026-05-30
697,0,Cleared,2026-05-06
698,0,Cleared,2026-08-07
699,0,Cleared,2026-03-21
700,0,Cleared,2026-04-13
701,0,Cleared,2026-08-02
702,0,Cleared,2025-07-10
703,0,Cleared,2026-02-16
704,0,Cleared,2026-04-17
705,1,Confirmed Fraud,2026-05-27
706,0,Cleared,2025-05-20
707,0,Cleared,2025-03-04
708,0,Cleared,2026-03-20
709,0,Cleared,2025-05-08
710,0,Cleared,2025-04-19
711,0,Cleared,2025-10-16
712,0,Cleared,2026-03-30
713,0,Cleared,2026-06-02
714,0,Cleared,2025-03-24
715,0,Cleared,2025-08-01
716,0,Cleared,2026-04-11
717,0,Cleared,2026-04-04
718,0,Cleared,2026-03-26
719,0,Cleared,2026-03-08
720,0,Cleared,2026-06-30
721,0,Cleared,2025-07-01
722,0,Cleared,2025-02-15
723,0,Cleared,2026-03-19
724,0,Cleared,2026-07-07
725,0,Cleared,2025-09-26
726,0,Cleared,2026-03-26
727,0,Cleared,2026-05-28
728,0,Cleared,2026-05-24
729,0,Cleared,2025-11-17
730,0,Cleared,2026-06-24
731,0,Cleared,2025-11-19
732,0,Cleared,2025-10-22
733,0,Cleared,2025-09-29
734,0,Cleared,2026-05-04
735,0,Cleared,2025-07-18
736,0,Cleared,2025-11-08
737,0,Cleared,2026-01-10
738,0,Cleared,2026-03-07
739,0,Cleared,2026-05-07
740,0,Cleared,2025-10-01
741,0,Cleared,2025-05-07
742,0,Cleared,2025-03-22
743,0,Cleared,2025-12-30
744,0,Cleared,2026-07-05
745,0,Cleared,2025-04-16
746,0,Cleared,2026-04-26
747,0,Cleared,2026-03-24
748,0,Cleared,2026-03-12
749,0,Cleared,2025-03-16
750,0,Cleared,2026-06-22
751,0,Cleared,2025-05-28
752,0,Cleared,2026-01-31
753,0,Cleared,2026-07-01
754,1,Confirmed Fraud,2025-07-22
755,0,Cleared,2026-01-28
756,0,Cleared,2025-07-22
757,0,Cleared,2025-11-18
758,0,Cleared,2026-03-24
759,0,Cleared,2025-11-27
760,0,Cleared,2025-06-23
761,0,Cleared,2026-02-08
762,0,Cleared,2025-04-12
763,0,Cleared,2025-05-29
764,0,Cleared,2026-07-07
765,0,Cleared,2026-01-17
766,0,Cleared,2026-05-20
767,0,Cleared,2025-12-13
768,0,Cleared,2026-06-28
769,0,Cleared,2026-05-25
770,0,Cleared,2025-11-10
771,0,Cleared,2026-07-20
772,0,Cleared,2026-01-06
773,0,Cleared,2026-05-30
774,0,Cleared,2026-05-31
775,0,Cleared,2026-07-10
776,0,Cleared,2026-04-25
777,0,Cleared,2025-09-28
778,0,Cleared,2026-07-11
779,0,Cleared,2025-08-31
780,0,Cleared,2025-01-28
781,0,Cleared,2025-12-02
782,0,Cleared,2025-10-13
783,0,Cleared,2025-04-10
784,0,Cleared,2025-04-27
785,0,Cleared,2025-08-07
786,0,Cleared,2026-02-08
787,0,Cleared,2026-03-31
788,0,Cleared,2026-07-25
789,1,Confirmed Fraud,2026-04-21
790,0,Cleared,2026-02-16
791,1,Confirmed Fraud,2026-08-15
792,0,Cleared,2025-01-20
793,0,Cleared,2026-04-04
794,0,Cleared,2025-02-21
795,0,Cleared,2026-01-08
796,0,Cleared,2025-02-07
797,0,Cleared,2025-10-30
798,0,Cleared,2026-01-12
799,0,Cleared,2025-01-20
800,0,Cleared,2025-04-02
801,0,Cleared,2026-01-10
802,0,Cleared,2025-05-28
803,0,Cleared,2026-03-11
804,0,Cleared,2025-09-29
805,0,Cleared,2026-05-02
806,0,Cleared,2026-05-12
807,0,Cleared,2026-02-05
808,0,Cleared,2026-01-02
809,0,Cleared,2026-05-30
810,0,Cleared,2025-05-10
811,0,Cleared,2025-10-04
812,0,Cleared,2025-08-14
813,0,Cleared,2025-03-06
814,0,Cleared,2026-03-12
815,0,Cleared,2026-02-10
816,0,Cleared,2025-03-11
817,0,Cleared,2026-04-04
818,0,Cleared,2026-05-30
819,0,Cleared,2025-03-28
820,0,Cleared,2026-02-08
821,0,Cleared,2025-09-23
822,0,Cleared,2026-05-09
823,0,Cleared,2026-02-16
824,0,Cleared,2026-06-25
825,0,Cleared,2026-02-16
826,0,Cleared,2026-04-06
827,1,Confirmed Fraud,2026-01-09
828,0,Cleared,2026-02-25
829,0,Cleared,2025-05-19
830,0,Cleared,2026-07-28
831,0,Cleared,2026-03-15
832,0,Cleared,2026-01-23
833,0,Cleared,2025-09-20
834,0,Cleared,2026-05-29
835,0,Cleared,2026-01-25
836,0,Cleared,2025-06-26
837,0,Cleared,2026-04-20
838,0,Cleared,2025-02-03
839,0,Cleared,2025-08-28
840,0,Cleared,2026-04-10
841,0,Cleared,2025-08-29
842,0,Cleared,2026-07-25
843,0,Cleared,2026-01-29
844,0,Cleared,2026-05-22
845,0,Cleared,2025-09-28
846,0,Cleared,2026-08-13
847,0,Cleared,2026-02-08
848,0,Cleared,2025-10-23
849,0,Cleared,2025-11-13
850,0,Cleared,2026-05-29
851,0,Cleared,2026-04-16
852,0,Cleared,2025-10-16
853,1,Confirmed Fraud,2026-06-03
854,0,Cleared,2026-05-04
855,0,Cleared,2026-06-15
856,1,Confirmed Fraud,2025-12-12
857,0,Cleared,2026-03-18
858,0,Cleared,2025-11-11
859,0,Cleared,2026-04-28
860,0,Cleared,2025-01-23
861,0,Cleared,2026-01-11
862,0,Cleared,2026-01-16
863,0,Cleared,2026-02-17
864,1,Confirmed Fraud,2026-03-28
865,0,Cleared,2026-05-07
866,0,Cleared,2025-08-09
867,0,Cleared,2025-08-14
868,0,Cleared,2025-02-05
869,0,Cleared,2025-04-30
870,0,Cleared,2026-05-20
871,1,Confirmed Fraud,2026-04-03
872,0,Cleared,2025-09-02
873,0,Cleared,2025-11-18
874,0,Cleared,2026-07-18
875,0,Cleared,2026-05-18
876,0,Cleared,2026-07-27
877,0,Cleared,2026-03-11
878,0,Cleared,2026-05-07
879,0,Cleared,2026-07-22
880,0,Cleared,2025-12-29
881,0,Cleared,2026-01-18
882,1,Confirmed Fraud,2026-06-25
883,0,Cleared,2026-01-13
884,0,Cleared,2026-05-28
885,0,Cleared,2026-07-07
886,0,Cleared,2026-05-12
887,0,Cleared,2025-11-09
888,0,Cleared,2026-05-21
889,0,Cleared,2025-12-18
890,0,Cleared,2026-06-28
891,0,Cleared,2026-07-22
892,0,Cleared,2026-04-08
893,0,Cleared,2026-02-05
894,0,Cleared,2026-07-26
895,0,Cleared,2026-06-18
896,0,Cleared,2025-07-24
897,0,Cleared,2025-11-15
898,0,Cleared,2026-01-27
899,0,Cleared,2025-04-06
900,0,Cleared,2026-07-23
901,0,Cleared,2026-08-04
902,0,Cleared,2025-12-18
903,0,Cleared,2026-03-22
904,0,Cleared,2026-06-27
905,0,Cleared,2025-12-04
906,0,Cleared,2026-07-26
907,0,Cleared,2025-05-10
908,0,Cleared,2026-08-10
909,1,Confirmed Fraud,2026-07-17
910,0,Cleared,2025-06-20
911,0,Cleared,2025-12-01
912,0,Cleared,2026-01-03
913,0,Cleared,2025-09-18
914,0,Cleared,2025-01-20
915,0,Cleared,2026-06-21
916,0,Cleared,2025-10-26
917,0,Cleared,2025-02-14
918,0,Cleared,2026-02-19
919,0,Cleared,2026-04-27
920,0,Cleared,2025-07-16
921,0,Cleared,2025-06-05
922,0,Cleared,2025-07-13
923,0,Cleared,2025-08-18
924,0,Cleared,2026-04-19
925,0,Cleared,2025-06-19
926,0,Cleared,2026-04-14
927,0,Cleared,2025-05-27
928,0,Cleared,2025-06-14
929,0,Cleared,2025-07-09
930,0,Cleared,2025-05-12
931,0,Cleared,2025-04-08
932,0,Cleared,2025-04-27
933,0,Cleared,2026-05-22
934,0,Cleared,2026-07-22
935,0,Cleared,2025-06-17
936,0,Cleared,2025-02-20
937,0,Cleared,2025-06-12
938,1,Confirmed Fraud,2025-04-01
939,0,Cleared,2026-06-15
940,0,Cleared,2025-09-17
941,0,Cleared,2025-12-01
942,0,Cleared,2026-05-09
943,0,Cleared,2026-01-16
944,0,Cleared,2026-01-23
945,0,Cleared,2026-06-09
946,0,Cleared,2025-10-09
947,1,Confirmed Fraud,2025-08-02
948,0,Cleared,2025-07-07
949,0,Cleared,2026-08-08
950,0,Cleared,2026-05-29
951,0,Cleared,2026-08-16
952,0,Cleared,2026-05-30
953,0,Cleared,2026-02-13
954,0,Cleared,2025-09-16
955,0,Cleared,2026-05-10
956,0,Cleared,2025-03-31
957,0,Cleared,2026-04-16
958,0,Cleared,2026-01-27
959,0,Cleared,2026-05-08
960,0,Cleared,2026-05-20
961,0,Cleared,2025-08-04
962,0,Cleared,2026-05-23
963,0,Cleared,2025-11-23
964,0,Cleared,2026-02-22
965,0,Cleared,2026-05-27
966,0,Cleared,2026-07-31
967,1,Confirmed Fraud,2026-02-18
968,0,Cleared,2026-05-27
969,0,Cleared,2025-11-17
970,0,Cleared,2026-07-29
971,0,Cleared,2025-03-20
972,0,Cleared,2026-05-04
973,0,Cleared,2026-01-27
974,0,Cleared,2026-01-24
975,0,Cleared,2026-05-26
976,0,Cleared,2025-08-09
977,0,Cleared,2025-05-27
978,0,Cleared,2025-03-31
979,0,Cleared,2026-05-17
980,0,Cleared,2026-07-05
981,0,Cleared,2025-02-28
982,0,Cleared,2025-05-09
983,0,Cleared,2025-03-02
984,0,Cleared,2026-05-08
985,1,Confirmed Fraud,2026-02-24
986,0,Cleared,2026-04-07
987,0,Cleared,2026-07-26
988,0,Cleared,2026-06-17
989,0,Cleared,2025-11-02
990,0,Cleared,2025-06-29
991,0,Cleared,2026-04-30
992,0,Cleared,2025-10-25
993,0,Cleared,2025-09-13
994,0,Cleared,2026-01-05
995,0,Cleared,2026-03-05
996,0,Cleared,2025-04-21
997,0,Cleared,2026-02-18
998,0,Cleared,2025-09-26
999,0,Cleared,2025-05-13
1000,0,Cleared,2025-10-27
1001,0,Cleared,2026-07-11
1002,0,Cleared,2025-03-31
1003,1,Confirmed Fraud,2025-07-18
1004,0,Cleared,2026-04-16
1005,0,Cleared,2025-06-02
1006,1,Confirmed Fraud,2025-06-24
1007,0,Cleared,2025-02-02
1008,0,Cleared,2026-05-25
1009,0,Cleared,2026-03-17
1010,0,Cleared,2026-01-23
1011,0,Cleared,2025-02-23
1012,0,Cleared,2026-04-14
1013,0,Cleared,2025-10-26
1014,0,Cleared,2025-06-29
1015,0,Cleared,2025-04-13
1016,0,Cleared,2026-08-08
1017,0,Cleared,2026-03-25
1018,0,Cleared,2025-03-20
1019,0,Cleared,2026-02-06
1020,0,Cleared,2026-02-01
1021,0,Cleared,2026-04-12
1022,0,Cleared,2025-10-03
1023,0,Cleared,2025-12-30
1024,0,Cleared,2025-08-27
1025,0,Cleared,2026-07-19
1026,1,Confirmed Fraud,2026-06-02
1027,0,Cleared,2026-04-18
1028,0,Cleared,2025-11-04
1029,0,Cleared,2026-05-06
1030,0,Cleared,2025-12-01
1031,0,Cleared,2025-12-16
1032,0,Cleared,2026-06-15
1033,0,Cleared,2025-11-16
1034,0,Cleared,2026-01-31
1035,0,Cleared,2026-06-29
1036,0,Cleared,2026-01-02
1037,0,Cleared,2025-11-11
1038,0,Cleared,2025-07-11
1039,1,Confirmed Fraud,2026-03-05
1040,0,Cleared,2026-05-15
1041,0,Cleared,2026-04-25
1042,1,Confirmed Fraud,2025-04-01
1043,0,Cleared,2026-04-14
1044,0,Cleared,2025-11-15
1045,0,Cleared,2026-04-02
1046,0,Cleared,2025-08-06
1047,0,Cleared,2026-07-07
1048,0,Cleared,2025-04-24
1049,0,Cleared,2026-05-23
1050,0,Cleared,2025-06-12
1051,0,Cleared,2025-01-28
1052,0,Cleared,2025-03-29
1053,0,Cleared,2025-10-10
1054,0,Cleared,2026-02-27
1055,0,Cleared,2026-07-27
1056,0,Cleared,2025-09-24
1057,0,Cleared,2026-02-11
1058,0,Cleared,2026-07-10
1059,0,Cleared,2026-06-12
1060,0,Cleared,2026-05-25
1061,1,Confirmed Fraud,2026-03-31
1062,0,Cleared,2026-01-19
1063,1,Confirmed Fraud,2026-03-26
1064,0,Cleared,2026-01-04
1065,0,Cleared,2025-03-18
1066,0,Cleared,2026-04-21
1067,0,Cleared,2026-07-02
1068,0,Cleared,2025-01-26
1069,0,Cleared,2026-05-27
1070,0,Cleared,2025-02-01
1071,0,Cleared,2026-03-31
1072,0,Cleared,2025-09-09
1073,0,Cleared,2025-03-18
1074,0,Cleared,2025-06-26
1075,0,Cleared,2025-11-21
1076,0,Cleared,2026-07-19
1077,0,Cleared,2026-06-05
1078,0,Cleared,2025-06-09
1079,0,Cleared,2026-01-07
1080,0,Cleared,2026-04-29
1081,0,Cleared,2026-04-11
1082,0,Cleared,2026-06-11
1083,0,Cleared,2025-07-13
1084,0,Cleared,2025-02-20
1085,0,Cleared,2025-03-02
1086,0,Cleared,2026-01-03
1087,0,Cleared,2026-07-23
1088,0,Cleared,2026-01-13
1089,0,Cleared,2026-07-14
1090,0,Cleared,2026-02-24
1091,0,Cleared,2025-06-01
1092,1,Confirmed Fraud,2025-07-04
1093,0,Cleared,2026-02-08
1094,0,Cleared,2025-07-15
1095,0,Cleared,2026-05-17
1096,0,Cleared,2025-08-04
1097,0,Cleared,2026-02-26
1098,0,Cleared,2026-05-16
1099,0,Cleared,2026-07-19
1100,0,Cleared,2025-12-20
1101,0,Cleared,2025-12-29
1102,0,Cleared,2026-03-29
1103,0,Cleared,2025-05-23
1104,0,Cleared,2026-07-09
1105,0,Cleared,2025-04-10
1106,0,Cleared,2026-06-14
1107,0,Cleared,2026-05-05
1108,0,Cleared,2025-08-26
1109,0,Cleared,2025-04-16
1110,0,Cleared,2026-02-25
1111,0,Cleared,2025-11-05
1112,0,Cleared,2026-05-04
1113,0,Cleared,2026-07-24
1114,0,Cleared,2026-06-08
1115,0,Cleared,2025-03-21
1116,0,Cleared,2026-06-17
1117,0,Cleared,2025-09-25
1118,0,Cleared,2026-08-12
1119,0,Cleared,2025-02-18
1120,0,Cleared,2026-03-02
1121,0,Cleared,2025-02-10
1122,0,Cleared,2025-08-10
1123,0,Cleared,2025-12-23
1124,1,Confirmed Fraud,2026-07-31
1125,0,Cleared,2025-12-05
1126,0,Cleared,2025-06-21
1127,0,Cleared,2026-01-23
1128,0,Cleared,2025-10-31
1129,1,Confirmed Fraud,2026-07-07
1130,1,Confirmed Fraud,2025-12-12
1131,0,Cleared,2025-09-29
1132,0,Cleared,2025-06-27
1133,0,Cleared,2026-08-05
1134,0,Cleared,2026-07-16
1135,0,Cleared,2025-11-22
1136,0,Cleared,2026-07-07
1137,0,Cleared,2025-08-07
1138,0,Cleared,2025-10-09
1139,0,Cleared,2026-05-23
1140,0,Cleared,2025-12-30
1141,0,Cleared,2026-07-29
1142,1,Confirmed Fraud,2026-07-05
1143,0,Cleared,2025-06-25
1144,0,Cleared,2026-05-10
1145,0,Cleared,2025-11-21
1146,0,Cleared,2025-09-26
1147,0,Cleared,2026-08-11
1148,1,Confirmed Fraud,2026-07-16
1149,0,Cleared,2025-10-29
1150,0,Cleared,2026-03-15
1151,0,Cleared,2025-10-20
1152,1,Confirmed Fraud,2026-07-08
1153,0,Cleared,2026-02-06
1154,0,Cleared,2025-12-04
1155,0,Cleared,2025-11-24
1156,0,Cleared,2026-02-27
1157,0,Cleared,2025-02-28
1158,0,Cleared,2025-11-18
1159,0,Cleared,2025-07-22
1160,0,Cleared,2026-02-21
1161,0,Cleared,2026-05-09
1162,0,Cleared,2025-07-01
1163,1,Confirmed Fraud,2026-06-29
1164,0,Cleared,2026-02-08
1165,0,Cleared,2026-08-08
1166,0,Cleared,2026-01-27
1167,0,Cleared,2025-07-18
1168,0,Cleared,2025-03-04
1169,0,Cleared,2026-05-04
1170,0,Cleared,2025-12-15
1171,0,Cleared,2025-10-18
1172,0,Cleared,2026-02-11
1173,0,Cleared,2026-05-22
1174,0,Cleared,2025-11-08
1175,0,Cleared,2025-01-26
1176,0,Cleared,2025-07-30
1177,0,Cleared,2026-04-17
1178,0,Cleared,2026-03-18
1179,0,Cleared,2026-02-15
1180,0,Cleared,2025-10-09
1181,0,Cleared,2025-08-16
1182,0,Cleared,2025-05-25
1183,0,Cleared,2026-04-03
1184,0,Cleared,2026-04-03
1185,0,Cleared,2025-11-03
1186,0,Cleared,2026-03-06
1187,0,Cleared,2026-01-10
1188,0,Cleared,2026-05-28
1189,0,Cleared,2025-10-02
1190,0,Cleared,2026-04-21
1191,0,Cleared,2026-07-29
1192,0,Cleared,2025-12-26
1193,0,Cleared,2025-05-03
1194,0,Cleared,2026-08-02
1195,0,Cleared,2025-09-28
1196,0,Cleared,2025-03-20
1197,0,Cleared,2026-07-13
1198,0,Cleared,2025-06-08
1199,0,Cleared,2026-07-17
1200,0,Cleared,2025-09-01
1201,0,Cleared,2025-08-14
1202,0,Cleared,2025-01-25
1203,0,Cleared,2026-06-20
1204,0,Cleared,2026-05-05
1205,0,Cleared,2025-07-04
1206,0,Cleared,2025-04-04
1207,0,Cleared,2026-04-25
1208,0,Cleared,2026-05-13
1209,0,Cleared,2026-06-08
1210,0,Cleared,2026-02-01
1211,0,Cleared,2026-08-12
1212,0,Cleared,2026-06-17
1213,0,Cleared,2026-07-10
1214,1,Confirmed Fraud,2026-04-13
1215,0,Cleared,2026-06-30
1216,0,Cleared,2025-12-25
1217,0,Cleared,2026-01-24
1218,0,Cleared,2026-04-10
1219,0,Cleared,2026-01-20
1220,0,Cleared,2026-04-20
1221,0,Cleared,2025-10-02
1222,0,Cleared,2026-05-29
1223,0,Cleared,2025-07-26
1224,0,Cleared,2025-07-22
1225,0,Cleared,2026-04-15
1226,0,Cleared,2026-01-03
1227,0,Cleared,2025-06-15
1228,0,Cleared,2026-03-28
1229,0,Cleared,2025-02-10
1230,0,Cleared,2025-05-12
1231,0,Cleared,2025-07-27
1232,0,Cleared,2026-02-24
1233,0,Cleared,2026-03-09
1234,0,Cleared,2025-12-25
1235,0,Cleared,2026-03-15
1236,0,Cleared,2026-04-17
1237,0,Cleared,2025-05-25
1238,0,Cleared,2025-02-26
1239,0,Cleared,2026-03-19
1240,0,Cleared,2025-05-10
1241,1,Confirmed Fraud,2026-06-12
1242,0,Cleared,2026-03-21
1243,0,Cleared,2026-05-25
1244,0,Cleared,2026-07-23
1245,0,Cleared,2026-04-11
1246,0,Cleared,2026-05-26
1247,0,Cleared,2026-02-03
1248,0,Cleared,2025-11-19
1249,0,Cleared,2025-12-13
1250,0,Cleared,2026-04-14
1251,0,Cleared,2025-12-19
1252,0,Cleared,2026-02-28
1253,0,Cleared,2025-10-02
1254,0,Cleared,2026-06-21
1255,0,Cleared,2026-06-13
1256,0,Cleared,2026-05-22
1257,0,Cleared,2026-08-06
1258,0,Cleared,2025-12-03
1259,0,Cleared,2026-01-17
1260,0,Cleared,2025-08-27
1261,0,Cleared,2026-01-12
1262,0,Cleared,2025-07-05
1263,0,Cleared,2025-12-17
1264,0,Cleared,2025-10-23
1265,0,Cleared,2025-05-22
1266,0,Cleared,2025-03-05
1267,0,Cleared,2025-05-25
1268,0,Cleared,2026-08-12
1269,0,Cleared,2025-06-27
1270,0,Cleared,2026-02-06
1271,0,Cleared,2025-11-06
1272,0,Cleared,2025-12-29
1273,0,Cleared,2026-04-24
1274,0,Cleared,2025-05-02
1275,0,Cleared,2026-04-14
1276,0,Cleared,2026-07-29
1277,0,Cleared,2025-06-28
1278,0,Cleared,2026-07-10
1279,0,Cleared,2026-08-05
1280,0,Cleared,2025-03-03
1281,0,Cleared,2026-05-28
1282,0,Cleared,2026-01-21
1283,0,Cleared,2026-08-01
1284,0,Cleared,2026-04-02
1285,0,Cleared,2025-04-24
1286,0,Cleared,2026-08-02
1287,0,Cleared,2026-03-16
1288,0,Cleared,2026-06-19
1289,0,Cleared,2026-07-22
1290,0,Cleared,2026-01-24
1291,0,Cleared,2025-09-27
1292,0,Cleared,2026-08-10
1293,0,Cleared,2025-08-19
1294,1,Confirmed Fraud,2026-06-11
1295,0,Cleared,2026-05-05
1296,0,Cleared,2026-03-07
1297,1,Confirmed Fraud,2025-09-17
1298,0,Cleared,2025-08-02
1299,0,Cleared,2026-01-09
1300,0,Cleared,2025-11-10
1301,0,Cleared,2025-11-27
1302,0,Cleared,2025-04-26
1303,0,Cleared,2025-10-17
1304,1,Confirmed Fraud,2025-07-30
1305,0,Cleared,2026-08-08
1306,0,Cleared,2025-11-22
1307,0,Cleared,2026-07-28
1308,0,Cleared,2025-03-28
1309,0,Cleared,2026-05-08
1310,0,Cleared,2025-12-09
1311,0,Cleared,2026-06-10
1312,0,Cleared,2025-11-09
1313,0,Cleared,2025-10-24
1314,0,Cleared,2026-04-04
1315,0,Cleared,2025-02-14
1316,0,Cleared,2026-07-18
1317,0,Cleared,2025-02-01
1318,0,Cleared,2025-11-19
1319,0,Cleared,2026-03-25
1320,0,Cleared,2026-05-25
1321,0,Cleared,2025-11-08
1322,0,Cleared,2025-05-16
1323,0,Cleared,2025-08-29
1324,0,Cleared,2025-06-14
1325,0,Cleared,2025-05-24
1326,0,Cleared,2026-05-11
1327,0,Cleared,2025-09-29
1328,1,Confirmed Fraud,2026-06-17
1329,0,Cleared,2025-08-08
1330,0,Cleared,2026-01-16
1331,0,Cleared,2026-05-20
1332,0,Cleared,2025-10-01
1333,0,Cleared,2026-06-20
1334,0,Cleared,2026-03-12
1335,0,Cleared,2026-07-28
1336,0,Cleared,2025-11-22
1337,0,Cleared,2025-05-18
1338,0,Cleared,2026-07-12
1339,0,Cleared,2025-06-12
1340,0,Cleared,2025-04-03
1341,0,Cleared,2025-03-30
1342,0,Cleared,2025-05-16
1343,0,Cleared,2026-01-31
1344,0,Cleared,2025-07-09
1345,0,Cleared,2025-06-19
1346,0,Cleared,2025-12-16
1347,0,Cleared,2026-04-14
1348,0,Cleared,2026-01-28
1349,0,Cleared,2025-07-22
1350,0,Cleared,2025-07-21
1351,0,Cleared,2025-04-07
1352,0,Cleared,2026-01-12
1353,0,Cleared,2025-10-17
1354,0,Cleared,2026-06-19
1355,0,Cleared,2025-02-10
1356,0,Cleared,2026-02-16
1357,0,Cleared,2026-04-18
1358,0,Cleared,2026-05-30
1359,0,Cleared,2026-07-18
1360,0,Cleared,2026-04-11
1361,0,Cleared,2025-08-27
1362,0,Cleared,2025-04-09
1363,0,Cleared,2026-03-02
1364,0,Cleared,2025-06-14
1365,0,Cleared,2026-04-17
1366,0,Cleared,2025-02-28
1367,0,Cleared,2026-01-20
1368,0,Cleared,2025-07-30
1369,0,Cleared,2026-06-21
1370,0,Cleared,2026-03-16
1371,0,Cleared,2026-02-22
1372,0,Cleared,2026-07-02
1373,0,Cleared,2026-07-29
1374,0,Cleared,2026-07-25
1375,0,Cleared,2025-12-06
1376,0,Cleared,2025-08-20
1377,0,Cleared,2025-08-14
1378,0,Cleared,2025-12-12
1379,0,Cleared,2026-05-02
1380,0,Cleared,2026-06-14
1381,0,Cleared,2026-06-23
1382,0,Cleared,2025-10-04
1383,0,Cleared,2026-04-26
1384,0,Cleared,2026-01-29
1385,0,Cleared,2025-02-12
1386,0,Cleared,2026-01-11
1387,0,Cleared,2026-01-24
1388,0,Cleared,2025-11-25
1389,0,Cleared,2026-06-17
1390,0,Cleared,2026-03-29
1391,0,Cleared,2025-12-22
1392,0,Cleared,2026-08-08
1393,0,Cleared,2026-04-08
1394,0,Cleared,2025-09-17
1395,0,Cleared,2025-05-20
1396,0,Cleared,2026-03-08
1397,0,Cleared,2025-05-16
1398,0,Cleared,2026-03-03
1399,0,Cleared,2026-06-05
1400,0,Cleared,2025-07-09
1401,0,Cleared,2026-07-03
1402,0,Cleared,2026-03-19
1403,0,Cleared,2025-01-22
1404,0,Cleared,2026-03-11
1405,0,Cleared,2025-05-01
1406,0,Cleared,2026-05-25
1407,0,Cleared,2025-06-27
1408,0,Cleared,2026-06-20
1409,0,Cleared,2025-08-12
1410,0,Cleared,2026-07-19
1411,0,Cleared,2025-03-24
1412,0,Cleared,2026-06-02
1413,0,Cleared,2025-12-09
1414,0,Cleared,2025-02-27
1415,0,Cleared,2026-01-22
1416,0,Cleared,2025-02-24
1417,0,Cleared,2026-06-06
1418,0,Cleared,2026-04-28
1419,0,Cleared,2026-08-10
1420,0,Cleared,2026-03-08
1421,0,Cleared,2026-07-24
1422,0,Cleared,2025-03-24
1423,0,Cleared,2026-05-31
1424,0,Cleared,2026-02-13
1425,0,Cleared,2026-07-18
1426,1,Confirmed Fraud,2025-01-24
1427,0,Cleared,2025-09-23
1428,0,Cleared,2026-03-31
1429,0,Cleared,2025-12-15
1430,1,Confirmed Fraud,2025-07-11
1431,0,Cleared,2025-08-28
1432,0,Cleared,2025-01-29
1433,0,Cleared,2026-05-04
1434,0,Cleared,2025-08-19
1435,0,Cleared,2026-03-23
1436,0,Cleared,2025-12-29
1437,0,Cleared,2026-05-18
1438,0,Cleared,2025-11-11
1439,0,Cleared,2026-01-24
1440,0,Cleared,2026-05-09
1441,0,Cleared,2026-01-26
1442,0,Cleared,2026-07-13
1443,0,Cleared,2026-06-24
1444,0,Cleared,2025-03-11
1445,0,Cleared,2025-02-04
1446,0,Cleared,2025-04-06
1447,0,Cleared,2026-07-13
1448,0,Cleared,2025-07-02
1449,0,Cleared,2026-06-11
1450,0,Cleared,2026-01-03
1451,0,Cleared,2025-03-17
1452,0,Cleared,2025-04-12
1453,0,Cleared,2025-02-17
1454,0,Cleared,2026-07-10
1455,0,Cleared,2025-05-25
1456,0,Cleared,2026-07-27
1457,0,Cleared,2026-04-16
1458,0,Cleared,2026-06-04
1459,0,Cleared,2026-07-31
1460,0,Cleared,2026-05-16
1461,0,Cleared,2025-06-29
1462,0,Cleared,2025-07-17
1463,0,Cleared,2026-03-10
1464,0,Cleared,2025-08-18
1465,0,Cleared,2025-03-13
1466,0,Cleared,2026-02-12
1467,0,Cleared,2026-03-16
1468,0,Cleared,2025-06-30
1469,0,Cleared,2025-09-14
1470,0,Cleared,2026-06-05
1471,0,Cleared,2025-06-06
1472,0,Cleared,2025-05-31
1473,0,Cleared,2025-10-22
1474,0,Cleared,2025-11-24
1475,0,Cleared,2026-04-20
1476,0,Cleared,2025-02-21
1477,0,Cleared,2026-05-14
1478,1,Confirmed Fraud,2025-11-15
1479,0,Cleared,2026-05-18
1480,1,Confirmed Fraud,2026-03-02
1481,0,Cleared,2025-11-25
1482,0,Cleared,2025-11-28
1483,0,Cleared,2026-06-26
1484,0,Cleared,2025-03-07
1485,0,Cleared,2026-03-29
1486,0,Cleared,2025-11-21
1487,0,Cleared,2025-10-10
1488,0,Cleared,2026-07-31
1489,0,Cleared,2026-05-01
1490,0,Cleared,2025-09-05
1491,0,Cleared,2026-01-23
1492,0,Cleared,2026-07-26
1493,0,Cleared,2025-09-28
1494,0,Cleared,2025-05-17
1495,0,Cleared,2025-07-21
1496,0,Cleared,2026-03-14
1497,0,Cleared,2026-06-21
1498,0,Cleared,2025-11-22
1499,0,Cleared,2025-08-15
1500,0,Cleared,2025-08-08
1501,0,Cleared,2025-12-28
1502,0,Cleared,2026-02-19
1503,0,Cleared,2026-07-08
1504,0,Cleared,2026-04-11
1505,0,Cleared,2026-07-16
1506,0,Cleared,2025-12-08
1507,0,Cleared,2026-04-26
1508,0,Cleared,2025-12-11
1509,0,Cleared,2026-04-30
1510,0,Cleared,2026-07-27
1511,0,Cleared,2025-04-15
1512,0,Cleared,2026-03-18
1513,0,Cleared,2026-07-22
1514,0,Cleared,2025-12-24
1515,0,Cleared,2025-12-20
1516,0,Cleared,2025-07-19
1517,0,Cleared,2025-09-26
1518,0,Cleared,2026-06-24
1519,1,Confirmed Fraud,2026-07-19
1520,0,Cleared,2026-07-06
1521,0,Cleared,2025-06-02
1522,0,Cleared,2025-05-18
1523,0,Cleared,2025-03-11
1524,0,Cleared,2025-11-12
1525,0,Cleared,2026-01-05
1526,0,Cleared,2026-08-01
1527,0,Cleared,2025-05-23
1528,0,Cleared,2026-05-09
1529,0,Cleared,2025-04-30
1530,0,Cleared,2025-11-13
1531,0,Cleared,2025-11-10
1532,0,Cleared,2025-09-23
1533,0,Cleared,2026-03-06
1534,0,Cleared,2026-06-29
1535,0,Cleared,2026-07-12
1536,0,Cleared,2026-05-13
1537,0,Cleared,2025-04-23
1538,0,Cleared,2025-11-20
1539,0,Cleared,2025-04-19
1540,0,Cleared,2025-06-15
1541,0,Cleared,2026-02-15
1542,0,Cleared,2026-01-19
1543,0,Cleared,2026-06-16
1544,0,Cleared,2025-04-18
1545,0,Cleared,2026-04-28
1546,0,Cleared,2025-06-20
1547,0,Cleared,2026-06-10
1548,0,Cleared,2026-01-25
1549,0,Cleared,2025-02-08
1550,0,Cleared,2025-04-10
1551,0,Cleared,2026-03-23
1552,0,Cleared,2026-05-03
1553,0,Cleared,2026-03-08
1554,0,Cleared,2026-07-05
1555,0,Cleared,2026-07-06
1556,0,Cleared,2026-04-17
1557,0,Cleared,2025-06-22
1558,1,Confirmed Fraud,2025-04-08
1559,0,Cleared,2026-06-27
1560,0,Cleared,2026-06-07
1561,0,Cleared,2025-09-04
1562,0,Cleared,2026-08-16
1563,0,Cleared,2026-03-13
1564,0,Cleared,2026-06-27
1565,0,Cleared,2025-05-22
1566,0,Cleared,2026-07-16
1567,0,Cleared,2025-10-27
1568,0,Cleared,2026-08-03
1569,0,Cleared,2025-09-09
1570,0,Cleared,2026-06-19
1571,0,Cleared,2026-07-06
1572,0,Cleared,2026-06-15
1573,0,Cleared,2025-10-09
1574,0,Cleared,2026-04-07
1575,0,Cleared,2025-08-23
1576,1,Confirmed Fraud,2025-01-24
1577,0,Cleared,2026-08-13
1578,0,Cleared,2026-06-16
1579,0,Cleared,2026-02-14
1580,0,Cleared,2025-06-28
1581,0,Cleared,2026-02-27
1582,0,Cleared,2026-03-01
1583,0,Cleared,2026-07-17
1584,0,Cleared,2026-07-02
1585,0,Cleared,2025-07-13
1586,0,Cleared,2025-03-24
1587,1,Confirmed Fraud,2026-07-03
1588,0,Cleared,2026-06-06
1589,0,Cleared,2026-05-11
1590,0,Cleared,2026-06-16
1591,0,Cleared,2025-09-03
1592,0,Cleared,2026-06-07
1593,0,Cleared,2026-07-11
1594,0,Cleared,2025-03-06
1595,0,Cleared,2025-01-27
1596,0,Cleared,2025-11-01
1597,0,Cleared,2025-11-14
1598,0,Cleared,2026-03-16
1599,0,Cleared,2025-03-26
1600,0,Cleared,2025-11-12
1601,0,Cleared,2026-05-05
1602,0,Cleared,2026-04-09
1603,0,Cleared,2026-04-20
1604,1,Confirmed Fraud,2026-06-01
1605,0,Cleared,2025-09-20
1606,0,Cleared,2025-12-03
1607,0,Cleared,2026-05-31
1608,1,Confirmed Fraud,2025-04-28
1609,0,Cleared,2025-07-23
1610,0,Cleared,2026-03-20
1611,0,Cleared,2025-05-04
1612,0,Cleared,2026-02-06
1613,0,Cleared,2026-01-28
1614,0,Cleared,2026-01-28
1615,0,Cleared,2025-04-04
1616,0,Cleared,2026-06-19
1617,0,Cleared,2025-03-08
1618,0,Cleared,2026-07-09
1619,0,Cleared,2026-02-27
1620,0,Cleared,2025-12-07
1621,0,Cleared,2026-05-13
1622,0,Cleared,2025-05-17
1623,0,Cleared,2026-01-25
1624,0,Cleared,2026-08-03
1625,0,Cleared,2026-05-14
1626,0,Cleared,2025-10-23
1627,0,Cleared,2025-03-19
1628,0,Cleared,2026-05-10
1629,0,Cleared,2025-12-19
1630,0,Cleared,2026-05-20
1631,0,Cleared,2025-06-01
1632,0,Cleared,2025-11-17
1633,0,Cleared,2025-09-28
1634,0,Cleared,2025-12-25
1635,0,Cleared,2026-05-10
1636,0,Cleared,2025-11-03
1637,1,Confirmed Fraud,2025-06-15
1638,0,Cleared,2025-10-26
1639,0,Cleared,2025-02-09
1640,0,Cleared,2026-04-19
1641,0,Cleared,2026-06-17
1642,0,Cleared,2025-03-02
1643,1,Confirmed Fraud,2026-01-18
1644,0,Cleared,2026-03-17
1645,0,Cleared,2025-09-30
1646,0,Cleared,2025-07-11
1647,0,Cleared,2026-01-20
1648,0,Cleared,2026-01-04
1649,1,Confirmed Fraud,2026-01-17
1650,0,Cleared,2026-06-25
1651,0,Cleared,2026-06-18
1652,0,Cleared,2025-10-29
1653,0,Cleared,2025-04-30
1654,0,Cleared,2025-03-24
1655,0,Cleared,2026-05-29
1656,0,Cleared,2026-02-08
1657,0,Cleared,2025-04-07
1658,0,Cleared,2026-03-19
1659,0,Cleared,2026-04-19
1660,0,Cleared,2025-03-13
1661,0,Cleared,2026-03-26
1662,0,Cleared,2025-12-13
1663,0,Cleared,2026-07-17
1664,0,Cleared,2025-04-24
1665,0,Cleared,2026-01-16
1666,0,Cleared,2026-03-11
1667,0,Cleared,2026-06-24
1668,1,Confirmed Fraud,2026-06-10
1669,0,Cleared,2026-04-23
1670,0,Cleared,2025-11-23
1671,0,Cleared,2026-01-21
1672,0,Cleared,2025-06-19
1673,0,Cleared,2026-03-20
1674,1,Confirmed Fraud,2026-07-20
1675,0,Cleared,2026-07-14
1676,0,Cleared,2026-05-24
1677,0,Cleared,2025-01-16
1678,0,Cleared,2025-10-16
1679,0,Cleared,2026-05-11
1680,0,Cleared,2026-08-07
1681,0,Cleared,2025-01-29
1682,0,Cleared,2025-09-10
1683,0,Cleared,2025-08-06
1684,0,Cleared,2025-10-04
1685,0,Cleared,2025-02-01
1686,0,Cleared,2025-10-21
1687,1,Confirmed Fraud,2026-07-08
1688,0,Cleared,2026-02-02
1689,0,Cleared,2025-08-16
1690,0,Cleared,2025-11-26
1691,0,Cleared,2026-04-08
1692,0,Cleared,2026-07-22
1693,0,Cleared,2026-07-07
1694,0,Cleared,2025-07-17
1695,0,Cleared,2026-06-10
1696,0,Cleared,2025-12-18
1697,0,Cleared,2026-06-08
1698,0,Cleared,2026-02-16
1699,0,Cleared,2025-07-19
1700,1,Confirmed Fraud,2026-06-18
1701,0,Cleared,2025-11-27
1702,0,Cleared,2025-12-05
1703,0,Cleared,2026-04-22
1704,0,Cleared,2026-02-16
1705,0,Cleared,2025-05-12
1706,0,Cleared,2026-03-08
1707,0,Cleared,2025-04-08
1708,0,Cleared,2026-06-26
1709,0,Cleared,2026-05-17
1710,0,Cleared,2025-03-10
1711,0,Cleared,2026-02-03
1712,0,Cleared,2026-04-12
1713,0,Cleared,2025-03-10
1714,0,Cleared,2026-07-24
1715,0,Cleared,2025-10-16
1716,0,Cleared,2026-02-23
1717,0,Cleared,2025-07-13
1718,0,Cleared,2026-05-19
1719,0,Cleared,2025-12-25
1720,0,Cleared,2026-06-08
1721,0,Cleared,2026-03-17
1722,0,Cleared,2025-12-17
1723,0,Cleared,2025-07-22
1724,0,Cleared,2026-06-19
1725,0,Cleared,2026-06-30
1726,0,Cleared,2025-11-11
1727,1,Confirmed Fraud,2026-07-31
1728,0,Cleared,2025-08-09
1729,0,Cleared,2026-07-10
1730,0,Cleared,2025-07-29
1731,0,Cleared,2026-06-03
1732,0,Cleared,2025-12-03
1733,0,Cleared,2025-06-25
1734,0,Cleared,2026-02-01
1735,0,Cleared,2025-11-19
1736,0,Cleared,2026-04-22
1737,0,Cleared,2025-03-11
1738,0,Cleared,2025-03-27
1739,0,Cleared,2026-07-25
1740,0,Cleared,2025-08-03
1741,0,Cleared,2026-04-11
1742,0,Cleared,2025-02-17
1743,0,Cleared,2025-04-22
1744,0,Cleared,2026-01-08
1745,0,Cleared,2026-01-28
1746,0,Cleared,2026-03-01
1747,0,Cleared,2026-06-12
1748,0,Cleared,2025-09-02
1749,0,Cleared,2025-05-25
1750,0,Cleared,2026-04-08
1751,0,Cleared,2026-04-02
1752,0,Cleared,2026-01-04
1753,0,Cleared,2026-06-22
1754,0,Cleared,2026-06-27
1755,0,Cleared,2025-07-31
1756,0,Cleared,2026-06-25
1757,0,Cleared,2025-07-10
1758,0,Cleared,2026-01-25
1759,0,Cleared,2026-05-22
1760,0,Cleared,2026-08-03
1761,0,Cleared,2025-01-22
1762,0,Cleared,2026-08-13
1763,0,Cleared,2026-06-22
1764,0,Cleared,2026-07-24
1765,0,Cleared,2026-07-26
1766,0,Cleared,2025-12-02
1767,0,Cleared,2025-12-13
1768,0,Cleared,2025-02-06
1769,0,Cleared,2026-06-10
1770,0,Cleared,2026-07-14
1771,0,Cleared,2026-01-24
1772,0,Cleared,2026-07-05
1773,0,Cleared,2026-05-16
1774,0,Cleared,2025-12-19
1775,0,Cleared,2026-04-27
1776,0,Cleared,2025-07-08
1777,0,Cleared,2025-03-27
1778,0,Cleared,2026-05-15
1779,0,Cleared,2025-09-17
1780,0,Cleared,2025-04-04
1781,0,Cleared,2026-06-26
1782,0,Cleared,2025-06-18
1783,0,Cleared,2025-06-06
1784,0,Cleared,2026-01-05
1785,0,Cleared,2025-09-26
1786,0,Cleared,2026-06-28
1787,0,Cleared,2026-06-25
1788,0,Cleared,2026-04-19
1789,0,Cleared,2026-03-02
1790,0,Cleared,2026-01-08
1791,0,Cleared,2025-10-23
1792,0,Cleared,2026-06-03
1793,0,Cleared,2026-06-04
1794,0,Cleared,2025-06-13
1795,0,Cleared,2026-07-09
1796,0,Cleared,2025-09-08
1797,0,Cleared,2026-06-15
1798,0,Cleared,2026-06-21
1799,0,Cleared,2026-07-29
1800,0,Cleared,2026-04-27
1801,0,Cleared,2026-08-03
1802,0,Cleared,2025-09-04
1803,0,Cleared,2026-03-17
1804,0,Cleared,2026-07-23
1805,1,Confirmed Fraud,2026-03-02
1806,0,Cleared,2026-06-09
1807,0,Cleared,2025-12-28
1808,0,Cleared,2025-10-01
1809,0,Cleared,2026-07-15
1810,0,Cleared,2026-02-12
1811,0,Cleared,2026-06-21
1812,0,Cleared,2025-10-27
1813,0,Cleared,2025-09-22
1814,0,Cleared,2026-03-01
1815,0,Cleared,2026-06-29
1816,0,Cleared,2026-05-26
1817,0,Cleared,2025-07-09
1818,0,Cleared,2025-12-17
1819,0,Cleared,2026-07-30
1820,0,Cleared,2025-08-18
1821,0,Cleared,2025-02-01
1822,0,Cleared,2025-05-18
1823,0,Cleared,2025-03-14
1824,0,Cleared,2026-02-28
1825,0,Cleared,2025-06-12
1826,0,Cleared,2026-02-14
1827,0,Cleared,2026-07-29
1828,0,Cleared,2026-03-18
1829,0,Cleared,2025-12-22
1830,0,Cleared,2026-04-29
1831,0,Cleared,2026-07-04
1832,0,Cleared,2025-10-22
1833,0,Cleared,2026-04-27
1834,0,Cleared,2026-01-30
1835,0,Cleared,2025-11-30
1836,1,Confirmed Fraud,2025-04-26
1837,0,Cleared,2025-11-09
1838,0,Cleared,2026-06-27
1839,0,Cleared,2025-08-27
1840,0,Cleared,2025-08-14
1841,0,Cleared,2026-02-13
1842,0,Cleared,2026-04-09
1843,0,Cleared,2025-11-23
1844,0,Cleared,2026-03-20
1845,0,Cleared,2025-08-05
1846,1,Confirmed Fraud,2025-01-26
1847,0,Cleared,2025-12-04
1848,1,Confirmed Fraud,2026-04-01
1849,0,Cleared,2026-07-06
1850,0,Cleared,2025-02-12
1851,0,Cleared,2026-01-11
1852,0,Cleared,2025-05-15
1853,0,Cleared,2025-11-30
1854,0,Cleared,2026-08-03
1855,0,Cleared,2026-04-25
1856,0,Cleared,2026-06-30
1857,0,Cleared,2026-05-24
1858,0,Cleared,2026-06-30
1859,0,Cleared,2026-02-25
1860,0,Cleared,2026-06-08
1861,1,Confirmed Fraud,2026-07-19
1862,0,Cleared,2026-05-06
1863,0,Cleared,2026-08-04
1864,0,Cleared,2026-05-14
1865,0,Cleared,2025-05-30
1866,1,Confirmed Fraud,2026-04-10
1867,0,Cleared,2025-06-08
1868,0,Cleared,2025-05-28
1869,0,Cleared,2026-07-15
1870,0,Cleared,2026-05-15
1871,0,Cleared,2025-08-23
1872,0,Cleared,2026-04-06
1873,0,Cleared,2026-02-04
1874,0,Cleared,2025-11-02
1875,0,Cleared,2026-02-17
1876,0,Cleared,2025-09-24
1877,0,Cleared,2026-03-06
1878,0,Cleared,2025-02-08
1879,0,Cleared,2026-06-09
1880,0,Cleared,2026-04-20
1881,0,Cleared,2026-02-26
1882,0,Cleared,2026-07-22
1883,0,Cleared,2026-03-18
1884,0,Cleared,2025-10-25
1885,0,Cleared,2025-07-27
1886,0,Cleared,2026-01-15
1887,0,Cleared,2025-08-08
1888,0,Cleared,2026-01-23
1889,1,Confirmed Fraud,2025-12-10
1890,0,Cleared,2025-01-26
1891,0,Cleared,2025-04-09
1892,0,Cleared,2026-07-16
1893,0,Cleared,2025-11-11
1894,0,Cleared,2026-07-30
1895,0,Cleared,2025-05-22
1896,0,Cleared,2026-07-12
1897,1,Confirmed Fraud,2025-08-17
1898,0,Cleared,2025-12-08
1899,1,Confirmed Fraud,2026-06-22
1900,0,Cleared,2026-06-15
1901,1,Confirmed Fraud,2025-07-24
1902,0,Cleared,2025-03-07
1903,0,Cleared,2026-03-08
1904,0,Cleared,2026-04-21
1905,0,Cleared,2025-10-12
1906,0,Cleared,2026-03-09
1907,0,Cleared,2026-04-09
1908,0,Cleared,2026-03-15
1909,0,Cleared,2026-04-26
1910,0,Cleared,2025-10-06
1911,0,Cleared,2026-02-28
1912,0,Cleared,2025-04-04
1913,0,Cleared,2026-03-26
1914,0,Cleared,2026-06-30
1915,0,Cleared,2026-05-23
1916,0,Cleared,2026-06-11
1917,0,Cleared,2025-03-28
1918,0,Cleared,2026-02-27
1919,0,Cleared,2025-09-29
1920,0,Cleared,2025-02-05
1921,0,Cleared,2025-12-22
1922,0,Cleared,2026-06-05
1923,0,Cleared,2026-04-18
1924,0,Cleared,2025-12-31
1925,0,Cleared,2025-10-05
1926,1,Confirmed Fraud,2025-11-30
1927,0,Cleared,2025-07-17
1928,0,Cleared,2026-03-01
1929,0,Cleared,2025-09-24
1930,0,Cleared,2025-06-10
1931,1,Confirmed Fraud,2026-01-21
1932,0,Cleared,2026-05-09
1933,0,Cleared,2025-07-15
1934,0,Cleared,2025-06-28
1935,0,Cleared,2025-02-13
1936,0,Cleared,2025-07-21
1937,0,Cleared,2025-09-29
1938,0,Cleared,2026-07-09
1939,1,Confirmed Fraud,2025-11-16
1940,0,Cleared,2026-05-15
1941,0,Cleared,2025-03-03
1942,0,Cleared,2025-07-13
1943,0,Cleared,2025-10-27
1944,0,Cleared,2026-01-19
1945,0,Cleared,2025-07-10
1946,0,Cleared,2026-06-20
1947,0,Cleared,2025-03-29
1948,0,Cleared,2025-12-15
1949,0,Cleared,2025-03-30
1950,0,Cleared,2026-05-23
1951,0,Cleared,2025-12-16
1952,1,Confirmed Fraud,2026-04-07
1953,0,Cleared,2026-04-27
1954,0,Cleared,2025-07-18
1955,0,Cleared,2026-03-31
1956,0,Cleared,2025-12-06
1957,0,Cleared,2026-06-04
1958,0,Cleared,2026-07-11
1959,0,Cleared,2025-02-24
1960,0,Cleared,2026-03-30
1961,0,Cleared,2025-05-11
1962,0,Cleared,2026-05-26
1963,0,Cleared,2026-07-18
1964,0,Cleared,2025-09-03
1965,0,Cleared,2025-11-08
1966,0,Cleared,2026-07-22
1967,0,Cleared,2025-04-19
1968,0,Cleared,2025-11-21
1969,0,Cleared,2026-07-27
1970,0,Cleared,2026-03-16
1971,0,Cleared,2025-12-05
1972,0,Cleared,2026-08-13
1973,0,Cleared,2026-06-11
1974,0,Cleared,2026-07-18
1975,0,Cleared,2026-02-26
1976,0,Cleared,2026-05-14
1977,0,Cleared,2026-04-01
1978,1,Confirmed Fraud,2026-03-31
1979,0,Cleared,2026-08-07
1980,0,Cleared,2026-06-20
1981,0,Cleared,2026-06-07
1982,0,Cleared,2025-06-11
1983,0,Cleared,2026-06-23
1984,0,Cleared,2026-06-14
1985,0,Cleared,2026-02-02
1986,0,Cleared,2026-03-08
1987,0,Cleared,2026-07-24
1988,0,Cleared,2025-12-25
1989,0,Cleared,2025-08-20
1990,0,Cleared,2026-05-22
1991,0,Cleared,2025-09-24
1992,0,Cleared,2026-05-19
1993,0,Cleared,2025-08-28
1994,0,Cleared,2026-05-22
1995,0,Cleared,2026-03-25
1996,0,Cleared,2025-11-03
1997,0,Cleared,2026-06-07
1998,0,Cleared,2026-04-15
1999,0,Cleared,2026-07-22
2000,0,Cleared,2025-01-14
2001,1,Confirmed Fraud,2025-11-05
2002,0,Cleared,2026-04-12
2003,0,Cleared,2026-04-29
2004,0,Cleared,2026-07-30
2005,0,Cleared,2025-06-20
2006,0,Cleared,2026-07-05
2007,0,Cleared,2026-05-22
2008,0,Cleared,2025-05-24
2009,0,Cleared,2026-04-14
2010,0,Cleared,2026-06-23
2011,0,Cleared,2025-11-06
2012,0,Cleared,2026-08-12
2013,0,Cleared,2025-06-29
2014,0,Cleared,2026-05-09
2015,0,Cleared,2026-05-11
2016,0,Cleared,2026-08-09
2017,0,Cleared,2025-05-18
2018,0,Cleared,2025-11-22
2019,0,Cleared,2026-06-25
2020,0,Cleared,2025-07-23
2021,0,Cleared,2025-06-04
2022,0,Cleared,2025-04-21
2023,0,Cleared,2026-06-04
2024,0,Cleared,2025-03-30
2025,0,Cleared,2025-03-20
2026,0,Cleared,2025-12-04
2027,0,Cleared,2025-09-16
2028,0,Cleared,2026-06-19
2029,0,Cleared,2025-06-15
2030,0,Cleared,2026-06-14
2031,0,Cleared,2026-01-15
2032,0,Cleared,2025-09-27
2033,0,Cleared,2025-03-07
2034,0,Cleared,2026-01-29
2035,0,Cleared,2026-06-17
2036,0,Cleared,2026-07-03
2037,0,Cleared,2026-01-28
2038,0,Cleared,2026-04-20
2039,0,Cleared,2026-08-08
2040,0,Cleared,2025-03-04
2041,0,Cleared,2025-09-05
2042,0,Cleared,2025-09-07
2043,0,Cleared,2026-04-13
2044,0,Cleared,2025-05-11
2045,0,Cleared,2026-07-12
2046,0,Cleared,2025-01-25
2047,0,Cleared,2025-01-23
2048,1,Confirmed Fraud,2026-04-16
2049,0,Cleared,2026-03-14
2050,1,Confirmed Fraud,2026-02-13
2051,0,Cleared,2026-04-14
2052,1,Confirmed Fraud,2026-02-02
2053,0,Cleared,2025-09-01
2054,0,Cleared,2025-05-16
2055,0,Cleared,2026-02-21
2056,0,Cleared,2026-04-24
2057,0,Cleared,2026-04-30
2058,0,Cleared,2026-06-16
2059,0,Cleared,2026-05-26
2060,1,Confirmed Fraud,2026-05-25
2061,0,Cleared,2026-04-25
2062,0,Cleared,2026-06-07
2063,0,Cleared,2025-12-28
2064,0,Cleared,2025-12-02
2065,0,Cleared,2026-07-16
2066,0,Cleared,2025-06-26
2067,0,Cleared,2025-01-08
2068,0,Cleared,2026-05-31
2069,1,Confirmed Fraud,2025-06-27
2070,0,Cleared,2026-04-30
2071,0,Cleared,2025-07-11
2072,0,Cleared,2025-12-09
2073,0,Cleared,2026-02-24
2074,0,Cleared,2026-04-23
2075,0,Cleared,2025-08-07
2076,0,Cleared,2026-07-17
2077,0,Cleared,2025-03-24
2078,0,Cleared,2025-09-02
2079,0,Cleared,2025-11-28
2080,0,Cleared,2026-01-14
2081,0,Cleared,2026-04-12
2082,0,Cleared,2025-03-25
2083,0,Cleared,2026-02-14
2084,0,Cleared,2025-06-29
2085,0,Cleared,2025-07-30
2086,0,Cleared,2026-05-22
2087,0,Cleared,2026-06-27
2088,0,Cleared,2025-08-07
2089,0,Cleared,2026-04-03
2090,0,Cleared,2025-05-06
2091,0,Cleared,2026-01-11
2092,0,Cleared,2026-01-16
2093,0,Cleared,2025-10-31
2094,0,Cleared,2026-02-04
2095,0,Cleared,2026-08-17
2096,0,Cleared,2026-03-25
2097,0,Cleared,2026-03-06
2098,0,Cleared,2025-07-29
2099,0,Cleared,2025-06-22
2100,0,Cleared,2025-06-15
2101,0,Cleared,2025-10-12
2102,0,Cleared,2025-11-01
2103,0,Cleared,2026-07-26
2104,0,Cleared,2026-02-14
2105,0,Cleared,2026-07-08
2106,0,Cleared,2026-05-26
2107,0,Cleared,2026-07-16
2108,0,Cleared,2025-04-02
2109,0,Cleared,2026-07-03
2110,0,Cleared,2025-01-17
2111,0,Cleared,2025-05-07
2112,0,Cleared,2026-05-08
2113,0,Cleared,2026-04-14
2114,0,Cleared,2025-06-27
2115,0,Cleared,2025-10-01
2116,0,Cleared,2025-05-06
2117,0,Cleared,2026-02-27
2118,0,Cleared,2026-05-11
2119,0,Cleared,2026-02-12
2120,0,Cleared,2025-10-25
2121,0,Cleared,2026-04-22
2122,0,Cleared,2026-07-21
2123,0,Cleared,2026-06-16
2124,1,Confirmed Fraud,2026-07-24
2125,0,Cleared,2025-08-12
2126,0,Cleared,2025-09-15
2127,0,Cleared,2026-01-05
2128,0,Cleared,2026-05-01
2129,0,Cleared,2025-10-30
2130,0,Cleared,2026-06-11
2131,0,Cleared,2026-07-22
2132,0,Cleared,2025-10-30
2133,0,Cleared,2025-07-30
2134,0,Cleared,2025-11-13
2135,0,Cleared,2026-07-18
2136,0,Cleared,2026-02-27
2137,0,Cleared,2026-07-26
2138,1,Confirmed Fraud,2025-07-29
2139,0,Cleared,2025-10-04
2140,0,Cleared,2026-01-22
2141,0,Cleared,2025-09-27
2142,0,Cleared,2026-08-15
2143,0,Cleared,2025-10-07
2144,0,Cleared,2025-07-03
2145,0,Cleared,2026-03-10
2146,0,Cleared,2026-04-14
2147,0,Cleared,2026-06-10
2148,0,Cleared,2026-06-23
2149,0,Cleared,2026-01-11
2150,0,Cleared,2025-03-30
2151,0,Cleared,2026-06-19
2152,0,Cleared,2025-03-23
2153,0,Cleared,2026-01-19
2154,0,Cleared,2026-07-31
2155,1,Confirmed Fraud,2026-01-12
2156,0,Cleared,2025-12-11
2157,0,Cleared,2026-03-03
2158,0,Cleared,2026-03-07
2159,0,Cleared,2025-02-03
2160,0,Cleared,2025-05-19
2161,0,Cleared,2026-06-07
2162,0,Cleared,2025-04-06
2163,0,Cleared,2026-03-14
2164,0,Cleared,2025-04-10
2165,0,Cleared,2026-06-05
2166,0,Cleared,2025-11-11
2167,0,Cleared,2026-05-11
2168,0,Cleared,2026-03-16
2169,0,Cleared,2025-06-03
2170,0,Cleared,2025-05-07
2171,0,Cleared,2025-09-05
2172,0,Cleared,2025-12-22
2173,0,Cleared,2026-05-02
2174,0,Cleared,2026-05-11
2175,0,Cleared,2026-03-06
2176,0,Cleared,2025-10-09
2177,0,Cleared,2025-06-25
2178,0,Cleared,2025-02-26
2179,0,Cleared,2025-07-07
2180,0,Cleared,2025-06-06
2181,0,Cleared,2025-07-04
2182,0,Cleared,2025-01-11
2183,0,Cleared,2025-09-27
2184,0,Cleared,2026-05-20
2185,0,Cleared,2026-07-29
2186,0,Cleared,2026-05-07
2187,0,Cleared,2025-11-13
2188,0,Cleared,2025-08-28
2189,0,Cleared,2026-04-26
2190,0,Cleared,2025-09-30
2191,0,Cleared,2025-12-15
2192,1,Confirmed Fraud,2025-04-03
2193,0,Cleared,2026-05-08
2194,0,Cleared,2025-11-01
2195,0,Cleared,2026-08-02
2196,0,Cleared,2026-01-24
2197,0,Cleared,2025-10-27
2198,0,Cleared,2025-09-15
2199,0,Cleared,2025-02-16
2200,0,Cleared,2025-08-15
2201,0,Cleared,2026-08-16
2202,0,Cleared,2025-10-20
2203,0,Cleared,2026-02-13
2204,0,Cleared,2025-03-24
2205,0,Cleared,2026-05-07
2206,0,Cleared,2026-01-23
2207,0,Cleared,2026-02-23
2208,0,Cleared,2026-02-20
2209,0,Cleared,2026-07-13
2210,0,Cleared,2025-11-24
2211,0,Cleared,2026-05-05
2212,0,Cleared,2026-04-24
2213,0,Cleared,2026-03-30
2214,0,Cleared,2026-07-27
2215,0,Cleared,2026-02-05
2216,0,Cleared,2025-03-31
2217,1,Confirmed Fraud,2025-10-18
2218,0,Cleared,2025-02-06
2219,0,Cleared,2025-05-10
2220,0,Cleared,2026-05-09
2221,0,Cleared,2025-06-08
2222,0,Cleared,2026-07-26
2223,0,Cleared,2026-01-24
2224,0,Cleared,2026-02-19
2225,0,Cleared,2025-10-05
2226,0,Cleared,2026-06-28
2227,0,Cleared,2025-07-06
2228,0,Cleared,2025-02-08
2229,0,Cleared,2025-06-18
2230,0,Cleared,2025-10-11
2231,0,Cleared,2025-09-07
2232,0,Cleared,2026-05-20
2233,0,Cleared,2026-06-15
2234,0,Cleared,2025-12-03
2235,0,Cleared,2026-01-25
2236,0,Cleared,2025-08-17
2237,0,Cleared,2026-04-04
2238,0,Cleared,2026-06-02
2239,0,Cleared,2025-08-22
2240,0,Cleared,2026-07-20
2241,0,Cleared,2025-05-22
2242,0,Cleared,2026-03-20
2243,0,Cleared,2026-04-17
2244,0,Cleared,2025-04-09
2245,0,Cleared,2025-12-21
2246,0,Cleared,2025-07-22
2247,0,Cleared,2025-04-07
2248,0,Cleared,2025-10-12
2249,0,Cleared,2025-09-30
2250,0,Cleared,2025-09-29
2251,0,Cleared,2026-04-13
2252,0,Cleared,2025-03-28
2253,0,Cleared,2025-03-11
2254,0,Cleared,2026-02-25
2255,0,Cleared,2025-05-27
2256,0,Cleared,2026-02-24
2257,0,Cleared,2026-06-10
2258,0,Cleared,2025-06-06
2259,0,Cleared,2026-06-30
2260,0,Cleared,2025-11-01
2261,0,Cleared,2025-02-12
2262,0,Cleared,2025-04-16
2263,0,Cleared,2026-03-06
2264,0,Cleared,2026-04-05
2265,0,Cleared,2026-06-16
2266,0,Cleared,2026-07-13
2267,0,Cleared,2025-02-11
2268,0,Cleared,2025-09-06
2269,1,Confirmed Fraud,2026-04-25
2270,0,Cleared,2025-07-08
2271,0,Cleared,2025-11-05
2272,0,Cleared,2025-12-11
2273,0,Cleared,2025-07-09
2274,0,Cleared,2025-10-13
2275,0,Cleared,2026-04-07
2276,0,Cleared,2025-01-21
2277,0,Cleared,2025-10-06
2278,0,Cleared,2026-06-10
2279,0,Cleared,2026-04-28
2280,0,Cleared,2026-08-09
2281,1,Confirmed Fraud,2026-03-16
2282,0,Cleared,2025-11-29
2283,0,Cleared,2026-06-17
2284,0,Cleared,2026-04-02
2285,0,Cleared,2026-02-09
2286,0,Cleared,2026-05-22
2287,0,Cleared,2025-10-03
2288,0,Cleared,2026-03-19
2289,0,Cleared,2025-08-20
2290,0,Cleared,2025-11-15
2291,0,Cleared,2026-03-02
2292,1,Confirmed Fraud,2026-03-05
2293,0,Cleared,2026-08-13
2294,0,Cleared,2026-02-20
2295,0,Cleared,2026-04-30
2296,0,Cleared,2025-07-21
2297,0,Cleared,2025-10-01
2298,0,Cleared,2026-04-23
2299,0,Cleared,2026-01-28
2300,0,Cleared,2025-02-05
2301,0,Cleared,2026-04-05
2302,0,Cleared,2026-04-10
2303,0,Cleared,2026-07-20
2304,0,Cleared,2026-02-03
2305,0,Cleared,2026-02-17
2306,0,Cleared,2025-03-09
2307,0,Cleared,2025-07-26
2308,0,Cleared,2026-06-23
2309,0,Cleared,2025-08-22
2310,0,Cleared,2026-05-15
2311,0,Cleared,2026-04-05
2312,0,Cleared,2025-12-27
2313,0,Cleared,2025-10-02
2314,0,Cleared,2026-04-30
2315,0,Cleared,2025-09-18
2316,1,Confirmed Fraud,2025-07-12
2317,0,Cleared,2026-06-18
2318,0,Cleared,2026-07-21
2319,0,Cleared,2026-08-02
2320,0,Cleared,2025-08-04
2321,0,Cleared,2025-07-10
2322,1,Confirmed Fraud,2026-07-11
2323,0,Cleared,2025-04-30
2324,0,Cleared,2026-06-01
2325,0,Cleared,2026-01-06
2326,0,Cleared,2025-03-12
2327,0,Cleared,2025-10-17
2328,0,Cleared,2025-03-09
2329,0,Cleared,2026-02-08
2330,0,Cleared,2026-08-03
2331,0,Cleared,2026-07-10
2332,0,Cleared,2026-02-25
2333,0,Cleared,2025-09-19
2334,0,Cleared,2025-08-19
2335,0,Cleared,2025-05-24
2336,0,Cleared,2025-08-01
2337,0,Cleared,2025-02-07
2338,0,Cleared,2025-09-17
2339,0,Cleared,2026-02-22
2340,0,Cleared,2026-03-30
2341,0,Cleared,2025-05-06
2342,0,Cleared,2026-03-31
2343,0,Cleared,2026-08-08
2344,1,Confirmed Fraud,2025-09-15
2345,0,Cleared,2026-07-27
2346,0,Cleared,2026-04-24
2347,0,Cleared,2026-06-16
2348,0,Cleared,2026-07-24
2349,0,Cleared,2026-07-24
2350,0,Cleared,2025-08-31
2351,0,Cleared,2026-07-03
2352,0,Cleared,2026-05-08
2353,0,Cleared,2026-01-06
2354,0,Cleared,2026-06-07
2355,0,Cleared,2026-08-04
2356,0,Cleared,2025-06-23
2357,0,Cleared,2026-05-18
2358,0,Cleared,2025-08-07
2359,0,Cleared,2025-03-10
2360,1,Confirmed Fraud,2026-01-27
2361,0,Cleared,2026-05-31
2362,0,Cleared,2026-05-16
2363,0,Cleared,2026-03-20
2364,0,Cleared,2025-10-02
2365,0,Cleared,2026-06-11
2366,0,Cleared,2026-01-16
2367,0,Cleared,2025-06-27
2368,0,Cleared,2025-12-15
2369,0,Cleared,2025-08-11
2370,0,Cleared,2026-01-31
2371,0,Cleared,2025-02-07
2372,0,Cleared,2025-02-03
2373,0,Cleared,2026-01-09
2374,0,Cleared,2025-07-06
2375,1,Confirmed Fraud,2026-06-10
2376,0,Cleared,2025-12-18
2377,0,Cleared,2025-07-31
2378,0,Cleared,2026-07-15
2379,0,Cleared,2026-03-28
2380,0,Cleared,2025-02-14
2381,0,Cleared,2026-07-04
2382,0,Cleared,2025-06-17
2383,0,Cleared,2025-08-14
2384,0,Cleared,2026-01-04
2385,0,Cleared,2026-07-10
2386,0,Cleared,2025-11-22
2387,0,Cleared,2026-03-09
2388,0,Cleared,2026-01-26
2389,0,Cleared,2025-05-15
2390,0,Cleared,2026-06-27
2391,0,Cleared,2026-02-01
2392,0,Cleared,2026-01-30
2393,0,Cleared,2025-07-27
2394,0,Cleared,2025-02-02
2395,0,Cleared,2026-03-28
2396,1,Confirmed Fraud,2025-11-17
2397,0,Cleared,2026-05-14
2398,1,Confirmed Fraud,2025-03-30
2399,0,Cleared,2026-01-12
2400,0,Cleared,2026-03-10
2401,0,Cleared,2025-02-28
2402,0,Cleared,2026-04-18
2403,0,Cleared,2026-04-01
2404,0,Cleared,2026-05-10
2405,0,Cleared,2025-05-18
2406,0,Cleared,2026-01-07
2407,0,Cleared,2025-02-18
2408,0,Cleared,2026-05-08
2409,0,Cleared,2026-06-27
2410,0,Cleared,2025-12-23
2411,0,Cleared,2026-06-03
2412,0,Cleared,2025-11-15
2413,0,Cleared,2025-09-27
2414,0,Cleared,2025-07-01
2415,0,Cleared,2026-06-28
2416,0,Cleared,2026-01-29
2417,0,Cleared,2026-01-20
2418,0,Cleared,2025-11-22
2419,0,Cleared,2026-04-02
2420,0,Cleared,2026-03-29
2421,0,Cleared,2025-09-08
2422,0,Cleared,2025-11-21
2423,0,Cleared,2026-07-26
2424,0,Cleared,2025-12-08
2425,0,Cleared,2026-07-06
2426,0,Cleared,2025-02-02
2427,0,Cleared,2026-07-08
2428,0,Cleared,2026-04-10
2429,0,Cleared,2025-03-09
2430,0,Cleared,2026-03-29
2431,0,Cleared,2026-04-23
2432,0,Cleared,2025-07-09
2433,0,Cleared,2026-06-09
2434,0,Cleared,2026-06-24
2435,0,Cleared,2025-12-24
2436,0,Cleared,2026-07-21
2437,0,Cleared,2026-07-20
2438,0,Cleared,2026-04-09
2439,0,Cleared,2026-01-29
2440,0,Cleared,2026-07-15
2441,0,Cleared,2025-07-11
2442,0,Cleared,2026-01-04
2443,0,Cleared,2026-05-05
2444,1,Confirmed Fraud,2025-02-04
2445,0,Cleared,2026-07-27
2446,0,Cleared,2025-11-28
2447,0,Cleared,2026-01-23
2448,0,Cleared,2025-07-20
2449,0,Cleared,2025-08-10
2450,0,Cleared,2026-01-31
2451,0,Cleared,2026-04-13
2452,0,Cleared,2025-09-18
2453,0,Cleared,2026-04-28
2454,0,Cleared,2025-02-15
2455,0,Cleared,2026-06-26
2456,0,Cleared,2026-05-22
2457,0,Cleared,2026-01-21
2458,0,Cleared,2026-05-05
2459,0,Cleared,2026-05-09
2460,0,Cleared,2025-10-02
2461,0,Cleared,2025-11-24
2462,0,Cleared,2026-05-25
2463,0,Cleared,2025-04-19
2464,0,Cleared,2026-08-05
2465,0,Cleared,2026-07-02
2466,0,Cleared,2025-11-19
2467,0,Cleared,2026-04-18
2468,0,Cleared,2025-05-04
2469,0,Cleared,2026-07-04
2470,0,Cleared,2025-12-11
2471,0,Cleared,2025-10-07
2472,0,Cleared,2025-09-12
2473,0,Cleared,2025-03-21
2474,0,Cleared,2026-04-06
2475,0,Cleared,2026-05-04
2476,0,Cleared,2025-04-17
2477,0,Cleared,2025-02-03
2478,0,Cleared,2026-03-09
2479,0,Cleared,2025-07-14
2480,1,Confirmed Fraud,2026-01-06
2481,1,Confirmed Fraud,2026-06-03
2482,1,Confirmed Fraud,2025-11-12
2483,0,Cleared,2025-06-01
2484,0,Cleared,2025-05-12
2485,0,Cleared,2026-03-18
2486,1,Confirmed Fraud,2026-01-28
2487,0,Cleared,2026-07-15
2488,0,Cleared,2026-07-26
2489,0,Cleared,2026-05-10
2490,0,Cleared,2026-02-23
2491,0,Cleared,2025-12-08
2492,0,Cleared,2025-05-29
2493,0,Cleared,2025-02-18
2494,0,Cleared,2026-01-29
2495,0,Cleared,2026-08-08
2496,0,Cleared,2025-05-01
2497,0,Cleared,2025-10-11
2498,0,Cleared,2026-07-18
2499,1,Confirmed Fraud,2026-02-02
2500,0,Cleared,2025-12-06
2501,0,Cleared,2026-02-03
2502,0,Cleared,2026-05-02
2503,0,Cleared,2025-08-16
2504,0,Cleared,2025-09-25
2505,0,Cleared,2026-05-22
2506,0,Cleared,2025-05-12
2507,0,Cleared,2025-05-20
2508,0,Cleared,2025-10-30
2509,0,Cleared,2025-08-19
2510,0,Cleared,2026-06-29
2511,0,Cleared,2026-01-23
2512,0,Cleared,2025-02-16
2513,0,Cleared,2025-06-04
2514,0,Cleared,2026-03-28
2515,0,Cleared,2025-06-04
2516,0,Cleared,2025-08-20
2517,0,Cleared,2026-08-01
2518,0,Cleared,2025-11-27
2519,0,Cleared,2025-12-12
2520,0,Cleared,2025-08-05
2521,0,Cleared,2026-01-28
2522,0,Cleared,2025-12-15
2523,0,Cleared,2025-12-29
2524,0,Cleared,2026-07-16
2525,0,Cleared,2026-07-05
2526,0,Cleared,2026-07-13
2527,0,Cleared,2026-07-18
2528,0,Cleared,2025-09-14
2529,0,Cleared,2026-01-03
2530,0,Cleared,2025-10-30
2531,0,Cleared,2026-05-17
2532,0,Cleared,2025-10-04
2533,0,Cleared,2025-01-07
2534,0,Cleared,2026-07-13
2535,0,Cleared,2025-08-18
2536,0,Cleared,2026-07-11
2537,0,Cleared,2025-11-04
2538,0,Cleared,2025-08-21
2539,0,Cleared,2025-05-08
2540,0,Cleared,2025-06-10
2541,0,Cleared,2025-10-27
2542,0,Cleared,2026-03-19
2543,0,Cleared,2026-04-15
2544,0,Cleared,2025-10-30
2545,0,Cleared,2025-12-12
2546,0,Cleared,2025-07-02
2547,0,Cleared,2026-03-26
2548,0,Cleared,2026-05-25
2549,0,Cleared,2026-04-08
2550,0,Cleared,2026-01-12
2551,0,Cleared,2026-07-30
2552,0,Cleared,2026-05-29
2553,0,Cleared,2026-03-06
2554,0,Cleared,2026-08-03
2555,0,Cleared,2026-07-24
2556,0,Cleared,2025-08-31
2557,0,Cleared,2026-03-03
2558,1,Confirmed Fraud,2025-12-05
2559,0,Cleared,2026-07-04
2560,0,Cleared,2026-07-10
2561,0,Cleared,2025-01-14
2562,0,Cleared,2026-02-13
2563,0,Cleared,2026-06-19
2564,0,Cleared,2025-04-03
2565,0,Cleared,2026-05-23
2566,0,Cleared,2026-03-07
2567,0,Cleared,2026-04-27
2568,0,Cleared,2026-02-13
2569,0,Cleared,2025-08-17
2570,0,Cleared,2026-05-07
2571,0,Cleared,2025-12-24
2572,0,Cleared,2026-03-05
2573,0,Cleared,2026-06-18
2574,1,Confirmed Fraud,2025-03-15
2575,0,Cleared,2026-03-22
2576,0,Cleared,2026-02-02
2577,0,Cleared,2026-06-02
2578,0,Cleared,2026-04-11
2579,0,Cleared,2025-05-24
2580,0,Cleared,2025-03-06
2581,0,Cleared,2026-06-09
2582,0,Cleared,2026-04-28
2583,0,Cleared,2026-04-05
2584,0,Cleared,2026-01-01
2585,0,Cleared,2025-03-07
2586,0,Cleared,2026-06-27
2587,0,Cleared,2025-06-24
2588,0,Cleared,2025-06-08
2589,0,Cleared,2025-11-27
2590,0,Cleared,2025-10-26
2591,0,Cleared,2025-11-14
2592,0,Cleared,2026-07-02
2593,0,Cleared,2025-06-16
2594,0,Cleared,2026-01-02
2595,0,Cleared,2026-02-28
2596,0,Cleared,2026-02-06
2597,0,Cleared,2026-05-11
2598,0,Cleared,2026-06-10
2599,0,Cleared,2026-05-06
2600,0,Cleared,2025-09-13
2601,0,Cleared,2026-01-01
2602,0,Cleared,2026-07-26
2603,0,Cleared,2026-07-30
2604,0,Cleared,2025-04-13
2605,0,Cleared,2025-09-30
2606,0,Cleared,2026-07-27
2607,0,Cleared,2026-07-08
2608,0,Cleared,2026-05-03
2609,0,Cleared,2025-07-20
2610,0,Cleared,2025-07-24
2611,0,Cleared,2026-06-17
2612,0,Cleared,2026-05-07
2613,1,Confirmed Fraud,2026-04-15
2614,0,Cleared,2025-06-20
2615,0,Cleared,2025-10-01
2616,0,Cleared,2025-08-27
2617,0,Cleared,2025-03-30
2618,0,Cleared,2026-07-07
2619,0,Cleared,2026-06-20
2620,0,Cleared,2026-06-28
2621,0,Cleared,2026-06-06
2622,0,Cleared,2025-06-06
2623,0,Cleared,2026-06-29
2624,0,Cleared,2025-01-22
2625,0,Cleared,2026-02-11
2626,0,Cleared,2025-11-03
2627,0,Cleared,2025-11-03
2628,0,Cleared,2025-06-01
2629,0,Cleared,2026-03-21
2630,0,Cleared,2026-06-29
2631,1,Confirmed Fraud,2026-05-05
2632,0,Cleared,2025-06-05
2633,0,Cleared,2026-01-15
2634,0,Cleared,2025-03-06
2635,0,Cleared,2026-07-15
2636,0,Cleared,2025-02-10
2637,0,Cleared,2025-02-07
2638,0,Cleared,2026-07-05
2639,0,Cleared,2026-07-05
2640,0,Cleared,2025-07-10
2641,0,Cleared,2026-06-13
2642,0,Cleared,2025-12-28
2643,0,Cleared,2026-02-13
2644,0,Cleared,2026-04-03
2645,0,Cleared,2025-12-04
2646,0,Cleared,2025-11-14
2647,0,Cleared,2025-04-14
2648,0,Cleared,2026-04-01
2649,0,Cleared,2025-09-01
2650,0,Cleared,2025-09-03
2651,0,Cleared,2026-03-11
2652,1,Confirmed Fraud,2025-11-06
2653,0,Cleared,2026-02-18
2654,0,Cleared,2025-02-05
2655,1,Confirmed Fraud,2025-10-30
2656,0,Cleared,2026-01-09
2657,0,Cleared,2026-07-17
2658,0,Cleared,2025-05-28
2659,0,Cleared,2026-06-25
2660,0,Cleared,2026-07-04
2661,0,Cleared,2026-03-27
2662,0,Cleared,2025-08-11
2663,0,Cleared,2025-03-27
2664,0,Cleared,2026-04-16
2665,0,Cleared,2025-07-23
2666,0,Cleared,2026-04-23
2667,0,Cleared,2026-03-22
2668,0,Cleared,2026-03-07
2669,0,Cleared,2026-01-10
2670,0,Cleared,2026-07-13
2671,0,Cleared,2026-03-14
2672,0,Cleared,2025-06-17
2673,0,Cleared,2025-10-07
2674,0,Cleared,2026-03-20
2675,0,Cleared,2025-04-19
2676,0,Cleared,2025-06-12
2677,0,Cleared,2026-05-24
2678,0,Cleared,2025-07-01
2679,0,Cleared,2026-05-17
2680,0,Cleared,2026-07-12
2681,0,Cleared,2025-11-02
2682,0,Cleared,2026-01-22
2683,0,Cleared,2026-07-23
2684,0,Cleared,2026-07-07
2685,0,Cleared,2025-09-07
2686,0,Cleared,2025-08-28
2687,0,Cleared,2025-04-06
2688,0,Cleared,2025-06-01
2689,0,Cleared,2026-03-05
2690,0,Cleared,2026-05-30
2691,0,Cleared,2025-03-24
2692,0,Cleared,2025-04-14
2693,0,Cleared,2026-07-21
2694,0,Cleared,2025-09-06
2695,0,Cleared,2025-11-25
2696,0,Cleared,2026-05-10
2697,0,Cleared,2026-03-22
2698,0,Cleared,2026-04-10
2699,0,Cleared,2025-07-28
2700,0,Cleared,2026-04-22
2701,1,Confirmed Fraud,2026-08-08
2702,0,Cleared,2026-03-01
2703,0,Cleared,2026-02-20
2704,0,Cleared,2026-02-26
2705,0,Cleared,2026-07-06
2706,0,Cleared,2026-03-30
2707,0,Cleared,2025-03-19
2708,0,Cleared,2026-06-05
2709,0,Cleared,2025-09-21
2710,0,Cleared,2026-02-08
2711,1,Confirmed Fraud,2025-11-20
2712,0,Cleared,2025-11-20
2713,0,Cleared,2025-04-03
2714,0,Cleared,2026-02-17
2715,0,Cleared,2026-07-25
2716,0,Cleared,2026-05-08
2717,0,Cleared,2026-06-04
2718,0,Cleared,2026-02-28
2719,0,Cleared,2026-04-16
2720,0,Cleared,2025-06-16
2721,0,Cleared,2026-04-19
2722,0,Cleared,2025-10-23
2723,0,Cleared,2026-04-05
2724,0,Cleared,2026-05-04
2725,0,Cleared,2025-10-14
2726,0,Cleared,2026-05-23
2727,0,Cleared,2026-07-27
2728,0,Cleared,2026-06-08
2729,0,Cleared,2026-01-21
2730,0,Cleared,2025-12-01
2731,0,Cleared,2025-11-30
2732,0,Cleared,2025-05-22
2733,0,Cleared,2025-09-08
2734,0,Cleared,2025-10-03
2735,0,Cleared,2025-12-10
2736,0,Cleared,2025-03-02
2737,0,Cleared,2026-04-11
2738,0,Cleared,2025-12-05
2739,0,Cleared,2026-05-11
2740,0,Cleared,2025-07-01
2741,1,Confirmed Fraud,2026-05-15
2742,0,Cleared,2026-06-29
2743,0,Cleared,2026-06-07
2744,0,Cleared,2025-05-01
2745,0,Cleared,2026-07-14
2746,0,Cleared,2026-03-18
2747,0,Cleared,2025-09-13
2748,0,Cleared,2026-01-29
2749,0,Cleared,2026-02-08
2750,0,Cleared,2026-05-14
2751,0,Cleared,2026-07-31
2752,0,Cleared,2025-06-15
2753,0,Cleared,2026-01-04
2754,0,Cleared,2026-06-07
2755,0,Cleared,2026-07-25
2756,0,Cleared,2025-06-03
2757,0,Cleared,2026-05-22
2758,0,Cleared,2026-06-16
2759,0,Cleared,2026-06-13
2760,0,Cleared,2025-09-14
2761,0,Cleared,2026-04-10
2762,0,Cleared,2026-03-18
2763,0,Cleared,2025-10-12
2764,0,Cleared,2026-08-01
2765,0,Cleared,2025-11-05
2766,0,Cleared,2025-07-11
2767,0,Cleared,2026-07-13
2768,0,Cleared,2026-01-04
2769,0,Cleared,2025-10-31
2770,1,Confirmed Fraud,2026-05-19
2771,0,Cleared,2025-08-03
2772,0,Cleared,2025-03-06
2773,0,Cleared,2026-07-05
2774,0,Cleared,2025-02-03
2775,0,Cleared,2026-05-24
2776,0,Cleared,2025-07-20
2777,0,Cleared,2026-05-24
2778,0,Cleared,2025-07-17
2779,0,Cleared,2026-03-16
2780,1,Confirmed Fraud,2026-04-16
2781,0,Cleared,2025-08-20
2782,0,Cleared,2025-08-23
2783,0,Cleared,2025-10-25
2784,0,Cleared,2025-11-20
2785,0,Cleared,2026-03-11
2786,0,Cleared,2026-02-21
2787,0,Cleared,2026-02-24
2788,0,Cleared,2026-01-26
2789,0,Cleared,2026-06-25
2790,0,Cleared,2026-05-11
2791,0,Cleared,2026-07-05
2792,1,Confirmed Fraud,2026-08-07
2793,0,Cleared,2026-07-11
2794,0,Cleared,2025-08-24
2795,0,Cleared,2025-12-27
2796,0,Cleared,2026-06-06
2797,0,Cleared,2026-04-23
2798,0,Cleared,2025-11-29
2799,0,Cleared,2025-06-29
2800,0,Cleared,2025-07-11
2801,0,Cleared,2025-06-13
2802,0,Cleared,2025-03-30
2803,0,Cleared,2025-05-18
2804,0,Cleared,2025-10-24
2805,0,Cleared,2026-06-17
2806,0,Cleared,2026-07-02
2807,0,Cleared,2025-12-06
2808,0,Cleared,2025-11-17
2809,0,Cleared,2025-06-05
2810,0,Cleared,2026-06-18
2811,1,Confirmed Fraud,2026-04-25
2812,0,Cleared,2026-07-04
2813,0,Cleared,2026-04-19
2814,0,Cleared,2025-12-14
2815,0,Cleared,2025-09-11
2816,0,Cleared,2025-11-08
2817,0,Cleared,2025-09-18
2818,0,Cleared,2025-07-14
2819,0,Cleared,2025-03-02
2820,0,Cleared,2025-12-25
2821,0,Cleared,2026-04-25
2822,0,Cleared,2026-07-26
2823,0,Cleared,2026-05-02
2824,0,Cleared,2025-12-31
2825,0,Cleared,2025-06-11
2826,0,Cleared,2026-02-03
2827,0,Cleared,2026-06-16
2828,0,Cleared,2025-09-20
2829,0,Cleared,2025-12-21
2830,0,Cleared,2025-10-21
2831,0,Cleared,2025-09-21
2832,0,Cleared,2026-03-25
2833,0,Cleared,2025-06-23
2834,1,Confirmed Fraud,2025-08-28
2835,0,Cleared,2026-06-15
2836,0,Cleared,2026-06-10
2837,0,Cleared,2025-04-14
2838,0,Cleared,2026-06-22
2839,0,Cleared,2026-07-04
2840,1,Confirmed Fraud,2026-03-17
2841,0,Cleared,2025-10-20
2842,0,Cleared,2026-05-11
2843,0,Cleared,2026-03-11
2844,0,Cleared,2025-08-02
2845,0,Cleared,2025-07-02
2846,0,Cleared,2026-05-06
2847,0,Cleared,2026-04-26
2848,0,Cleared,2026-07-14
2849,0,Cleared,2026-06-08
2850,0,Cleared,2026-05-10
2851,0,Cleared,2025-11-19
2852,1,Confirmed Fraud,2026-03-08
2853,0,Cleared,2025-09-20
2854,0,Cleared,2025-03-29
2855,0,Cleared,2025-03-19
2856,0,Cleared,2026-03-03
2857,0,Cleared,2025-03-31
2858,1,Confirmed Fraud,2026-03-27
2859,0,Cleared,2026-07-30
2860,0,Cleared,2026-07-11
2861,0,Cleared,2026-05-20
2862,0,Cleared,2026-03-29
2863,0,Cleared,2025-11-10
2864,0,Cleared,2026-07-05
2865,1,Confirmed Fraud,2026-04-26
2866,0,Cleared,2026-07-29
2867,0,Cleared,2026-07-08
2868,0,Cleared,2025-09-10
2869,0,Cleared,2026-06-21
2870,1,Confirmed Fraud,2026-06-16
2871,0,Cleared,2025-05-05
2872,0,Cleared,2026-07-06
2873,0,Cleared,2025-10-08
2874,0,Cleared,2025-08-16
2875,0,Cleared,2025-11-05
2876,0,Cleared,2025-09-20
2877,0,Cleared,2026-07-12
2878,0,Cleared,2026-08-08
2879,0,Cleared,2025-08-08
2880,0,Cleared,2025-10-24
2881,0,Cleared,2025-04-04
2882,1,Confirmed Fraud,2026-06-03
2883,1,Confirmed Fraud,2026-05-11
2884,0,Cleared,2025-07-08
2885,1,Confirmed Fraud,2025-12-12
2886,0,Cleared,2025-03-26
2887,0,Cleared,2026-06-13
2888,0,Cleared,2025-11-13
2889,0,Cleared,2025-07-22
2890,0,Cleared,2026-06-08
2891,0,Cleared,2025-12-30
2892,0,Cleared,2025-09-18
2893,0,Cleared,2026-05-13
2894,0,Cleared,2026-06-21
2895,0,Cleared,2026-08-08
2896,0,Cleared,2025-11-08
2897,0,Cleared,2025-08-17
2898,0,Cleared,2025-12-20
2899,0,Cleared,2025-11-17
2900,0,Cleared,2026-07-18
2901,0,Cleared,2026-07-20
2902,0,Cleared,2026-07-30
2903,0,Cleared,2026-02-03
2904,0,Cleared,2026-03-15
2905,0,Cleared,2025-09-23
2906,1,Confirmed Fraud,2025-06-02
2907,0,Cleared,2026-07-25
2908,0,Cleared,2025-07-12
2909,0,Cleared,2025-07-02
2910,0,Cleared,2026-07-19
2911,0,Cleared,2025-03-10
2912,0,Cleared,2026-02-14
2913,0,Cleared,2025-08-11
2914,0,Cleared,2026-07-27
2915,0,Cleared,2026-02-01
2916,0,Cleared,2025-11-13
2917,0,Cleared,2026-06-16
2918,0,Cleared,2025-10-03
2919,0,Cleared,2025-03-17
2920,0,Cleared,2025-11-28
2921,1,Confirmed Fraud,2026-06-30
2922,0,Cleared,2025-04-18
2923,0,Cleared,2025-09-23
2924,0,Cleared,2025-11-05
2925,1,Confirmed Fraud,2026-07-24
2926,0,Cleared,2025-03-16
2927,0,Cleared,2026-06-20
2928,0,Cleared,2026-07-08
2929,0,Cleared,2025-02-26
2930,0,Cleared,2025-08-19
2931,1,Confirmed Fraud,2025-02-09
2932,1,Confirmed Fraud,2025-07-30
2933,0,Cleared,2025-10-12
2934,0,Cleared,2025-10-10
2935,0,Cleared,2026-01-10
2936,0,Cleared,2026-07-04
2937,0,Cleared,2025-06-07
2938,0,Cleared,2026-03-14
2939,0,Cleared,2026-06-18
2940,0,Cleared,2025-11-19
2941,0,Cleared,2026-03-23
2942,0,Cleared,2025-06-02
2943,0,Cleared,2026-02-04
2944,0,Cleared,2026-01-28
2945,0,Cleared,2026-02-28
2946,1,Confirmed Fraud,2025-07-16
2947,0,Cleared,2025-05-22
2948,0,Cleared,2025-05-14
2949,0,Cleared,2025-03-10
2950,0,Cleared,2025-02-07
2951,0,Cleared,2026-03-08
2952,0,Cleared,2025-02-26
2953,0,Cleared,2026-07-08
2954,0,Cleared,2025-10-11
2955,0,Cleared,2026-06-13
2956,0,Cleared,2025-06-22
2957,0,Cleared,2026-05-29
2958,0,Cleared,2025-10-23
2959,0,Cleared,2025-12-01
2960,0,Cleared,2026-08-04
2961,0,Cleared,2025-10-28
2962,0,Cleared,2026-06-20
2963,0,Cleared,2025-03-30
2964,0,Cleared,2026-04-16
2965,0,Cleared,2025-10-05
2966,0,Cleared,2025-12-23
2967,0,Cleared,2025-04-23
2968,0,Cleared,2026-05-19
2969,0,Cleared,2026-05-10
2970,0,Cleared,2025-09-09
2971,0,Cleared,2026-02-08
2972,0,Cleared,2026-06-11
2973,0,Cleared,2026-03-17
2974,0,Cleared,2025-07-20
2975,0,Cleared,2025-10-14
2976,0,Cleared,2026-07-25
2977,0,Cleared,2026-06-24
2978,0,Cleared,2026-02-11
2979,0,Cleared,2025-04-10
2980,0,Cleared,2025-08-28
2981,0,Cleared,2026-07-21
2982,0,Cleared,2026-05-26
2983,0,Cleared,2026-04-27
2984,0,Cleared,2026-04-08
2985,0,Cleared,2025-11-29
2986,0,Cleared,2026-07-08
2987,0,Cleared,2025-01-22
2988,0,Cleared,2026-03-04
2989,0,Cleared,2026-07-21
2990,0,Cleared,2026-07-01
2991,0,Cleared,2026-04-10
2992,0,Cleared,2025-09-18
2993,0,Cleared,2026-03-05
2994,0,Cleared,2025-05-16
2995,0,Cleared,2025-03-11
2996,0,Cleared,2025-06-16
2997,0,Cleared,2026-03-04
2998,0,Cleared,2025-11-12
2999,0,Cleared,2025-04-07
3000,0,Cleared,2026-07-05
3001,0,Cleared,2026-07-12
3002,0,Cleared,2026-07-14
3003,0,Cleared,2026-05-09
3004,0,Cleared,2026-06-14
3005,0,Cleared,2025-11-08
3006,1,Confirmed Fraud,2025-12-12
3007,0,Cleared,2026-03-11
3008,0,Cleared,2026-04-19
3009,0,Cleared,2026-08-03
3010,0,Cleared,2026-06-07
3011,0,Cleared,2025-07-03
3012,0,Cleared,2026-05-02
3013,1,Confirmed Fraud,2026-01-10
3014,0,Cleared,2025-12-21
3015,0,Cleared,2026-04-27
3016,0,Cleared,2025-06-22
3017,0,Cleared,2026-01-24
3018,0,Cleared,2025-10-08
3019,0,Cleared,2025-11-15
3020,0,Cleared,2026-07-31
3021,0,Cleared,2025-12-05
3022,0,Cleared,2026-03-13
3023,0,Cleared,2025-06-16
3024,0,Cleared,2026-04-12
3025,0,Cleared,2026-03-22
3026,0,Cleared,2026-07-19
3027,0,Cleared,2026-02-28
3028,0,Cleared,2026-01-29
3029,0,Cleared,2026-08-12
3030,0,Cleared,2025-02-16
3031,0,Cleared,2026-02-16
3032,0,Cleared,2026-07-26
3033,0,Cleared,2026-06-08
3034,0,Cleared,2026-07-07
3035,0,Cleared,2026-07-26
3036,0,Cleared,2026-04-07
3037,0,Cleared,2025-08-22
3038,0,Cleared,2026-03-02
3039,0,Cleared,2025-05-16
3040,0,Cleared,2026-06-23
3041,0,Cleared,2026-04-24
3042,0,Cleared,2026-04-25
3043,0,Cleared,2025-03-19
3044,0,Cleared,2026-06-14
3045,0,Cleared,2025-10-27
3046,0,Cleared,2026-05-04
3047,0,Cleared,2026-07-22
3048,0,Cleared,2026-04-14
3049,0,Cleared,2025-06-09
3050,0,Cleared,2025-09-03
3051,1,Confirmed Fraud,2026-06-21
3052,0,Cleared,2026-04-20
3053,0,Cleared,2025-07-04
3054,0,Cleared,2025-08-18
3055,0,Cleared,2026-04-13
3056,0,Cleared,2026-06-18
3057,0,Cleared,2026-07-16
3058,0,Cleared,2025-12-01
3059,0,Cleared,2025-08-13
3060,0,Cleared,2025-05-30
3061,0,Cleared,2025-11-12
3062,0,Cleared,2026-05-04
3063,0,Cleared,2026-05-17
3064,0,Cleared,2026-02-28
3065,0,Cleared,2026-07-22
3066,0,Cleared,2026-05-07
3067,1,Confirmed Fraud,2025-07-08
3068,0,Cleared,2026-08-03
3069,0,Cleared,2025-04-11
3070,0,Cleared,2025-12-15
3071,0,Cleared,2025-09-22
3072,0,Cleared,2025-08-25
3073,0,Cleared,2026-05-07
3074,0,Cleared,2026-01-14
3075,0,Cleared,2026-05-24
3076,0,Cleared,2026-01-24
3077,0,Cleared,2026-08-07
3078,0,Cleared,2025-08-23
3079,0,Cleared,2026-06-05
3080,0,Cleared,2025-03-10
3081,0,Cleared,2026-02-08
3082,1,Confirmed Fraud,2025-02-28
3083,0,Cleared,2026-06-19
3084,0,Cleared,2026-02-04
3085,1,Confirmed Fraud,2025-04-28
3086,0,Cleared,2025-06-03
3087,0,Cleared,2025-11-03
3088,0,Cleared,2026-06-19
3089,0,Cleared,2026-05-25
3090,0,Cleared,2026-06-26
3091,1,Confirmed Fraud,2026-02-04
3092,0,Cleared,2025-12-09
3093,0,Cleared,2026-05-11
3094,1,Confirmed Fraud,2026-07-26
3095,0,Cleared,2025-05-29
3096,0,Cleared,2026-06-11
3097,0,Cleared,2025-06-02
3098,0,Cleared,2025-10-14
3099,0,Cleared,2025-08-07
3100,0,Cleared,2025-03-15
3101,0,Cleared,2026-05-16
3102,0,Cleared,2025-07-12
3103,0,Cleared,2025-02-02
3104,0,Cleared,2026-06-30
3105,0,Cleared,2025-12-22
3106,0,Cleared,2026-07-12
3107,0,Cleared,2025-07-25
3108,1,Confirmed Fraud,2025-08-08
3109,0,Cleared,2025-03-22
3110,0,Cleared,2025-03-03
3111,0,Cleared,2025-08-24
3112,0,Cleared,2025-09-20
3113,0,Cleared,2026-01-28
3114,0,Cleared,2026-05-15
3115,0,Cleared,2026-01-22
3116,0,Cleared,2026-06-23
3117,0,Cleared,2025-06-30
3118,0,Cleared,2026-06-04
3119,0,Cleared,2025-08-08
3120,0,Cleared,2025-11-06
3121,0,Cleared,2025-03-23
3122,0,Cleared,2026-07-25
3123,0,Cleared,2026-04-11
3124,0,Cleared,2025-08-30
3125,0,Cleared,2026-03-16
3126,0,Cleared,2025-04-11
3127,0,Cleared,2025-07-14
3128,0,Cleared,2025-07-19
3129,0,Cleared,2026-01-18
3130,0,Cleared,2026-07-13
3131,0,Cleared,2026-03-25
3132,0,Cleared,2026-06-17
3133,0,Cleared,2026-05-16
3134,0,Cleared,2026-07-22
3135,0,Cleared,2026-06-17
3136,0,Cleared,2025-11-02
3137,0,Cleared,2025-09-04
3138,0,Cleared,2025-05-11
3139,0,Cleared,2025-09-27
3140,0,Cleared,2026-01-31
3141,0,Cleared,2025-09-15
3142,0,Cleared,2025-10-20
3143,0,Cleared,2025-05-29
3144,0,Cleared,2025-07-08
3145,0,Cleared,2025-03-03
3146,0,Cleared,2025-05-20
3147,1,Confirmed Fraud,2026-04-21
3148,0,Cleared,2026-05-23
3149,0,Cleared,2025-12-02
3150,0,Cleared,2025-11-14
3151,0,Cleared,2026-04-05
3152,0,Cleared,2025-10-29
3153,0,Cleared,2026-01-21
3154,0,Cleared,2025-09-11
3155,0,Cleared,2026-04-01
3156,0,Cleared,2026-07-17
3157,0,Cleared,2025-08-20
3158,0,Cleared,2026-02-07
3159,0,Cleared,2025-04-30
3160,0,Cleared,2025-10-05
3161,0,Cleared,2025-03-25
3162,0,Cleared,2026-02-21
3163,0,Cleared,2026-02-19
3164,0,Cleared,2026-07-08
3165,0,Cleared,2025-05-06
3166,0,Cleared,2025-03-02
3167,0,Cleared,2025-12-08
3168,0,Cleared,2025-04-12
3169,0,Cleared,2026-05-03
3170,0,Cleared,2026-07-11
3171,0,Cleared,2025-10-07
3172,1,Confirmed Fraud,2025-12-25
3173,0,Cleared,2026-05-29
3174,0,Cleared,2026-07-27
3175,0,Cleared,2026-06-30
3176,0,Cleared,2026-01-12
3177,0,Cleared,2025-07-14
3178,0,Cleared,2026-06-09
3179,0,Cleared,2025-01-17
3180,0,Cleared,2025-04-05
3181,0,Cleared,2025-03-23
3182,0,Cleared,2025-11-04
3183,0,Cleared,2025-02-02
3184,0,Cleared,2026-06-24
3185,0,Cleared,2026-07-27
3186,0,Cleared,2026-07-28
3187,0,Cleared,2025-06-27
3188,0,Cleared,2026-05-18
3189,0,Cleared,2025-03-11
3190,0,Cleared,2025-02-13
3191,1,Confirmed Fraud,2026-07-10
3192,0,Cleared,2025-10-08
3193,0,Cleared,2025-02-23
3194,0,Cleared,2026-07-19
3195,0,Cleared,2025-09-06
3196,0,Cleared,2026-01-30
3197,0,Cleared,2026-06-12
3198,0,Cleared,2026-01-17
3199,1,Confirmed Fraud,2025-08-22
3200,1,Confirmed Fraud,2025-05-08
3201,0,Cleared,2026-04-05
3202,0,Cleared,2026-03-08
3203,0,Cleared,2026-05-07
3204,0,Cleared,2026-07-26
3205,0,Cleared,2026-05-09
3206,0,Cleared,2025-08-06
3207,0,Cleared,2026-01-08
3208,0,Cleared,2025-11-26
3209,0,Cleared,2026-04-07
3210,0,Cleared,2026-08-02
3211,0,Cleared,2025-02-12
3212,0,Cleared,2026-07-06
3213,0,Cleared,2026-01-05
3214,0,Cleared,2026-06-29
3215,0,Cleared,2025-04-03
3216,0,Cleared,2026-05-18
3217,0,Cleared,2025-11-11
3218,0,Cleared,2026-07-30
3219,0,Cleared,2025-11-28
3220,0,Cleared,2026-08-12
3221,0,Cleared,2025-11-24
3222,0,Cleared,2026-04-23
3223,0,Cleared,2025-07-02
3224,0,Cleared,2025-06-30
3225,0,Cleared,2026-06-25
3226,0,Cleared,2026-06-10
3227,0,Cleared,2025-10-24
3228,1,Confirmed Fraud,2025-03-10
3229,0,Cleared,2025-03-25
3230,0,Cleared,2026-05-16
3231,0,Cleared,2025-11-12
3232,0,Cleared,2026-02-12
3233,0,Cleared,2025-10-05
3234,0,Cleared,2025-11-07
3235,0,Cleared,2025-05-10
3236,0,Cleared,2025-10-31
3237,0,Cleared,2026-02-23
3238,0,Cleared,2026-04-28
3239,0,Cleared,2025-07-28
3240,0,Cleared,2026-07-25
3241,0,Cleared,2025-07-11
3242,0,Cleared,2025-09-11
3243,0,Cleared,2025-09-23
3244,0,Cleared,2026-06-21
3245,0,Cleared,2026-07-20
3246,0,Cleared,2025-04-27
3247,0,Cleared,2026-03-06
3248,0,Cleared,2026-02-27
3249,0,Cleared,2026-03-18
3250,0,Cleared,2026-02-26
3251,0,Cleared,2026-05-13
3252,0,Cleared,2025-04-25
3253,0,Cleared,2025-04-11
3254,0,Cleared,2026-07-25
3255,0,Cleared,2026-06-19
3256,0,Cleared,2026-01-30
3257,0,Cleared,2026-05-08
3258,0,Cleared,2025-12-30
3259,1,Confirmed Fraud,2025-12-16
3260,0,Cleared,2026-06-07
3261,0,Cleared,2025-02-25
3262,0,Cleared,2026-05-26
3263,0,Cleared,2026-01-26
3264,0,Cleared,2025-06-20
3265,0,Cleared,2025-08-17
3266,0,Cleared,2026-07-30
3267,0,Cleared,2025-01-28
3268,0,Cleared,2026-03-11
3269,0,Cleared,2026-05-28
3270,0,Cleared,2026-06-05
3271,1,Confirmed Fraud,2025-05-21
3272,0,Cleared,2026-07-13
3273,0,Cleared,2025-08-21
3274,0,Cleared,2025-03-03
3275,0,Cleared,2025-08-09
3276,0,Cleared,2025-10-26
3277,0,Cleared,2025-04-13
3278,0,Cleared,2025-01-26
3279,0,Cleared,2025-04-21
3280,0,Cleared,2026-07-11
3281,0,Cleared,2025-08-04
3282,0,Cleared,2025-04-24
3283,0,Cleared,2025-09-07
3284,0,Cleared,2026-01-17
3285,0,Cleared,2026-02-24
3286,0,Cleared,2026-05-30
3287,0,Cleared,2026-07-01
3288,0,Cleared,2026-06-22
3289,0,Cleared,2025-06-20
3290,0,Cleared,2025-10-13
3291,0,Cleared,2026-04-17
3292,0,Cleared,2025-09-06
3293,0,Cleared,2026-03-08
3294,0,Cleared,2026-01-18
3295,0,Cleared,2025-06-07
3296,0,Cleared,2026-03-14
3297,0,Cleared,2025-10-23
3298,0,Cleared,2026-05-12
3299,0,Cleared,2025-10-13
3300,0,Cleared,2026-03-26
3301,0,Cleared,2026-08-03
3302,0,Cleared,2026-03-23
3303,0,Cleared,2026-05-04
3304,0,Cleared,2025-10-19
3305,0,Cleared,2026-04-17
3306,0,Cleared,2025-09-15
3307,0,Cleared,2026-05-16
3308,1,Confirmed Fraud,2025-12-01
3309,0,Cleared,2025-11-17
3310,0,Cleared,2025-07-17
3311,0,Cleared,2025-02-18
3312,0,Cleared,2026-01-31
3313,0,Cleared,2026-02-27
3314,0,Cleared,2026-08-01
3315,0,Cleared,2025-03-20
3316,0,Cleared,2026-07-23
3317,0,Cleared,2025-08-17
3318,0,Cleared,2025-08-04
3319,0,Cleared,2025-10-16
3320,0,Cleared,2025-11-27
3321,0,Cleared,2026-04-07
3322,0,Cleared,2025-08-07
3323,0,Cleared,2025-09-01
3324,0,Cleared,2026-04-13
3325,0,Cleared,2026-07-05
3326,0,Cleared,2026-06-18
3327,0,Cleared,2025-12-21
3328,0,Cleared,2026-06-16
3329,0,Cleared,2025-12-29
3330,0,Cleared,2025-05-20
3331,0,Cleared,2025-11-22
3332,0,Cleared,2025-10-06
3333,0,Cleared,2026-02-22
3334,0,Cleared,2026-01-29
3335,0,Cleared,2026-06-02
3336,0,Cleared,2025-12-07
3337,0,Cleared,2026-02-14
3338,0,Cleared,2025-05-02
3339,0,Cleared,2025-05-05
3340,0,Cleared,2026-07-03
3341,0,Cleared,2026-04-11
3342,0,Cleared,2025-02-21
3343,1,Confirmed Fraud,2026-06-14
3344,0,Cleared,2025-10-15
3345,0,Cleared,2026-04-22
3346,0,Cleared,2026-03-26
3347,0,Cleared,2026-02-15
3348,0,Cleared,2026-04-15
3349,0,Cleared,2025-08-11
3350,0,Cleared,2025-11-24
3351,0,Cleared,2025-05-27
3352,0,Cleared,2026-06-24
3353,0,Cleared,2026-02-07
3354,0,Cleared,2026-05-16
3355,0,Cleared,2026-06-30
3356,0,Cleared,2026-01-02
3357,0,Cleared,2025-12-05
3358,0,Cleared,2026-04-20
3359,0,Cleared,2026-04-02
3360,0,Cleared,2026-07-11
3361,0,Cleared,2026-07-28
3362,0,Cleared,2025-10-08
3363,0,Cleared,2025-04-18
3364,0,Cleared,2025-08-03
3365,0,Cleared,2026-05-31
3366,1,Confirmed Fraud,2026-06-16
3367,0,Cleared,2026-02-03
3368,0,Cleared,2026-04-23
3369,0,Cleared,2026-02-02
3370,0,Cleared,2026-03-24
3371,0,Cleared,2025-06-06
3372,0,Cleared,2026-07-13
3373,0,Cleared,2025-06-04
3374,0,Cleared,2025-09-25
3375,0,Cleared,2025-09-02
3376,0,Cleared,2026-05-24
3377,0,Cleared,2026-07-21
3378,0,Cleared,2025-11-26
3379,0,Cleared,2026-07-28
3380,0,Cleared,2026-05-13
3381,0,Cleared,2025-06-21
3382,0,Cleared,2025-02-15
3383,0,Cleared,2025-08-18
3384,1,Confirmed Fraud,2026-05-07
3385,0,Cleared,2025-12-08
3386,0,Cleared,2025-04-23
3387,0,Cleared,2026-03-10
3388,0,Cleared,2025-09-26
3389,0,Cleared,2025-06-22
3390,0,Cleared,2025-10-08
3391,0,Cleared,2026-08-01
3392,0,Cleared,2026-03-01
3393,0,Cleared,2026-05-06
3394,0,Cleared,2026-06-20
3395,0,Cleared,2025-08-15
3396,0,Cleared,2026-03-18
3397,0,Cleared,2025-12-11
3398,0,Cleared,2025-05-06
3399,0,Cleared,2026-06-10
3400,0,Cleared,2025-08-05
3401,0,Cleared,2026-07-15
3402,0,Cleared,2025-03-22
3403,0,Cleared,2026-05-24
3404,0,Cleared,2026-08-14
3405,0,Cleared,2026-07-01
3406,0,Cleared,2026-04-23
3407,0,Cleared,2026-07-28
3408,0,Cleared,2025-01-16
3409,0,Cleared,2026-01-30
3410,1,Confirmed Fraud,2026-01-15
3411,0,Cleared,2026-06-30
3412,0,Cleared,2025-11-02
3413,0,Cleared,2025-09-24
3414,0,Cleared,2025-11-01
3415,0,Cleared,2026-06-17
3416,0,Cleared,2026-05-26
3417,0,Cleared,2026-04-09
3418,0,Cleared,2025-09-20
3419,0,Cleared,2026-03-06
3420,0,Cleared,2026-07-13
3421,0,Cleared,2025-09-05
3422,0,Cleared,2026-07-21
3423,0,Cleared,2026-07-08
3424,0,Cleared,2025-03-21
3425,0,Cleared,2025-10-08
3426,0,Cleared,2025-10-28
3427,0,Cleared,2026-01-14
3428,0,Cleared,2026-08-09
3429,0,Cleared,2025-07-13
3430,0,Cleared,2025-11-16
3431,0,Cleared,2025-04-24
3432,0,Cleared,2026-05-02
3433,0,Cleared,2025-09-11
3434,0,Cleared,2025-06-24
3435,0,Cleared,2025-05-13
3436,0,Cleared,2025-02-18
3437,0,Cleared,2026-07-06
3438,0,Cleared,2025-08-08
3439,0,Cleared,2025-12-12
3440,0,Cleared,2026-07-16
3441,0,Cleared,2025-07-25
3442,1,Confirmed Fraud,2026-06-20
3443,0,Cleared,2025-10-22
3444,0,Cleared,2025-06-04
3445,0,Cleared,2026-02-10
3446,0,Cleared,2025-07-30
3447,0,Cleared,2025-09-07
3448,0,Cleared,2026-05-15
3449,0,Cleared,2025-10-14
3450,0,Cleared,2026-01-15
3451,0,Cleared,2025-04-01
3452,0,Cleared,2025-07-22
3453,1,Confirmed Fraud,2026-03-29
3454,0,Cleared,2026-07-29
3455,0,Cleared,2025-11-13
3456,0,Cleared,2025-02-14
3457,0,Cleared,2026-07-10
3458,0,Cleared,2025-10-22
3459,0,Cleared,2026-01-22
3460,0,Cleared,2026-02-14
3461,0,Cleared,2026-02-12
3462,0,Cleared,2026-04-12
3463,0,Cleared,2026-05-15
3464,0,Cleared,2025-08-11
3465,0,Cleared,2025-05-11
3466,0,Cleared,2026-03-11
3467,0,Cleared,2025-06-10
3468,0,Cleared,2025-12-05
3469,0,Cleared,2025-04-03
3470,0,Cleared,2025-06-09
3471,0,Cleared,2026-04-20
3472,0,Cleared,2026-03-25
3473,0,Cleared,2025-02-13
3474,0,Cleared,2025-04-28
3475,0,Cleared,2026-03-29
3476,0,Cleared,2025-06-29
3477,0,Cleared,2026-06-25
3478,0,Cleared,2026-03-08
3479,0,Cleared,2025-06-30
3480,0,Cleared,2025-01-18
3481,0,Cleared,2025-12-27
3482,0,Cleared,2026-04-28
3483,0,Cleared,2026-03-09
3484,0,Cleared,2026-06-19
3485,0,Cleared,2025-11-25
3486,0,Cleared,2025-05-31
3487,0,Cleared,2025-11-11
3488,0,Cleared,2026-04-14
3489,0,Cleared,2026-01-29
3490,0,Cleared,2026-07-01
3491,0,Cleared,2025-12-28
3492,0,Cleared,2025-04-12
3493,0,Cleared,2026-05-13
3494,0,Cleared,2026-06-16
3495,0,Cleared,2026-07-10
3496,0,Cleared,2025-02-16
3497,1,Confirmed Fraud,2026-04-15
3498,0,Cleared,2026-01-04
3499,0,Cleared,2025-04-15
3500,0,Cleared,2025-08-26
3501,0,Cleared,2025-06-27
3502,0,Cleared,2025-07-11
3503,1,Confirmed Fraud,2025-03-24
3504,0,Cleared,2026-06-26
3505,0,Cleared,2025-02-01
3506,0,Cleared,2026-05-21
3507,0,Cleared,2026-06-28
3508,0,Cleared,2026-06-01
3509,0,Cleared,2026-07-08
3510,0,Cleared,2026-02-23
3511,0,Cleared,2025-12-25
3512,0,Cleared,2026-07-23
3513,0,Cleared,2026-01-09
3514,0,Cleared,2025-04-27
3515,0,Cleared,2026-02-10
3516,0,Cleared,2026-06-15
3517,0,Cleared,2025-01-23
3518,0,Cleared,2026-04-11
3519,0,Cleared,2025-08-11
3520,0,Cleared,2025-11-21
3521,1,Confirmed Fraud,2026-04-13
3522,0,Cleared,2026-03-03
3523,0,Cleared,2026-05-04
3524,0,Cleared,2026-06-02
3525,0,Cleared,2026-05-13
3526,0,Cleared,2026-05-23
3527,0,Cleared,2025-12-13
3528,0,Cleared,2025-05-09
3529,0,Cleared,2025-12-10
3530,0,Cleared,2026-08-05
3531,0,Cleared,2026-07-14
3532,0,Cleared,2025-05-28
3533,0,Cleared,2025-09-05
3534,0,Cleared,2025-07-21
3535,1,Confirmed Fraud,2026-04-24
3536,0,Cleared,2026-02-27
3537,0,Cleared,2026-01-01
3538,0,Cleared,2025-05-07
3539,0,Cleared,2026-07-02
3540,0,Cleared,2026-07-13
3541,0,Cleared,2026-02-17
3542,0,Cleared,2026-05-17
3543,0,Cleared,2025-04-13
3544,0,Cleared,2025-06-14
3545,0,Cleared,2025-04-17
3546,0,Cleared,2025-08-24
3547,0,Cleared,2025-01-29
3548,0,Cleared,2026-04-25
3549,0,Cleared,2026-04-09
3550,0,Cleared,2026-05-08
3551,0,Cleared,2025-05-22
3552,0,Cleared,2026-02-17
3553,0,Cleared,2025-10-25
3554,0,Cleared,2026-01-05
3555,0,Cleared,2026-03-15
3556,1,Confirmed Fraud,2026-07-03
3557,0,Cleared,2025-10-25
3558,0,Cleared,2026-06-30
3559,0,Cleared,2026-07-24
3560,0,Cleared,2026-07-01
3561,0,Cleared,2026-07-23
3562,0,Cleared,2025-07-07
3563,0,Cleared,2026-05-03
3564,0,Cleared,2025-11-28
3565,0,Cleared,2026-06-13
3566,0,Cleared,2026-02-14
3567,0,Cleared,2026-07-22
3568,0,Cleared,2025-02-02
3569,0,Cleared,2026-06-25
3570,0,Cleared,2026-07-06
3571,0,Cleared,2026-02-26
3572,0,Cleared,2026-06-06
3573,0,Cleared,2026-04-26
3574,0,Cleared,2026-03-10
3575,0,Cleared,2025-11-07
3576,0,Cleared,2026-06-14
3577,1,Confirmed Fraud,2026-08-01
3578,0,Cleared,2026-04-12
3579,0,Cleared,2025-08-03
3580,0,Cleared,2026-07-31
3581,0,Cleared,2025-05-26
3582,0,Cleared,2026-08-02
3583,0,Cleared,2026-05-10
3584,0,Cleared,2025-10-21
3585,1,Confirmed Fraud,2026-06-18
3586,0,Cleared,2025-11-25
3587,0,Cleared,2025-06-06
3588,1,Confirmed Fraud,2025-01-29
3589,0,Cleared,2025-12-24
3590,0,Cleared,2025-06-21
3591,0,Cleared,2025-12-15
3592,0,Cleared,2026-07-26
3593,1,Confirmed Fraud,2025-08-23
3594,0,Cleared,2025-07-19
3595,0,Cleared,2026-07-16
3596,1,Confirmed Fraud,2026-07-06
3597,0,Cleared,2026-07-11
3598,0,Cleared,2025-06-08
3599,0,Cleared,2026-01-08
3600,0,Cleared,2025-05-24
3601,0,Cleared,2025-10-21
3602,0,Cleared,2025-02-08
3603,0,Cleared,2026-01-24
3604,0,Cleared,2026-04-28
3605,0,Cleared,2025-11-13
3606,0,Cleared,2025-05-14
3607,1,Confirmed Fraud,2025-01-27
3608,0,Cleared,2026-07-29
3609,0,Cleared,2025-08-29
3610,0,Cleared,2026-06-04
3611,0,Cleared,2025-09-23
3612,0,Cleared,2026-02-14
3613,0,Cleared,2026-05-07
3614,0,Cleared,2026-06-06
3615,0,Cleared,2025-11-02
3616,0,Cleared,2026-07-28
3617,0,Cleared,2026-08-11
3618,1,Confirmed Fraud,2026-06-19
3619,0,Cleared,2026-06-30
3620,0,Cleared,2026-03-20
3621,0,Cleared,2025-03-17
3622,0,Cleared,2025-10-25
3623,0,Cleared,2026-03-16
3624,0,Cleared,2025-10-14
3625,0,Cleared,2026-01-31
3626,0,Cleared,2025-04-13
3627,0,Cleared,2025-07-29
3628,0,Cleared,2025-12-17
3629,0,Cleared,2026-08-10
3630,0,Cleared,2025-11-28
3631,0,Cleared,2026-05-08
3632,0,Cleared,2026-04-20
3633,0,Cleared,2026-06-11
3634,1,Confirmed Fraud,2026-06-19
3635,0,Cleared,2026-05-13
3636,0,Cleared,2025-07-31
3637,0,Cleared,2025-05-25
3638,0,Cleared,2026-04-26
3639,0,Cleared,2026-05-01
3640,0,Cleared,2025-10-06
3641,0,Cleared,2025-07-31
3642,1,Confirmed Fraud,2025-11-25
3643,0,Cleared,2025-04-12
3644,0,Cleared,2026-03-05
3645,0,Cleared,2025-06-21
3646,0,Cleared,2025-12-24
3647,0,Cleared,2026-07-22
3648,0,Cleared,2026-04-14
3649,0,Cleared,2026-05-15
3650,0,Cleared,2026-02-03
3651,0,Cleared,2025-08-07
3652,0,Cleared,2026-07-17
3653,0,Cleared,2026-04-14
3654,0,Cleared,2026-07-09
3655,0,Cleared,2026-06-01
3656,0,Cleared,2025-06-03
3657,0,Cleared,2025-11-01
3658,0,Cleared,2026-04-28
3659,0,Cleared,2026-03-19
3660,0,Cleared,2026-04-02
3661,0,Cleared,2026-02-10
3662,0,Cleared,2026-02-26
3663,0,Cleared,2026-06-17
3664,0,Cleared,2026-07-18
3665,0,Cleared,2025-06-23
3666,0,Cleared,2026-04-17
3667,0,Cleared,2026-06-06
3668,0,Cleared,2026-07-30
3669,0,Cleared,2026-07-09
3670,0,Cleared,2025-11-16
3671,0,Cleared,2026-04-29
3672,0,Cleared,2025-07-14
3673,0,Cleared,2026-03-27
3674,0,Cleared,2026-07-03
3675,0,Cleared,2025-07-30
3676,0,Cleared,2026-03-15
3677,0,Cleared,2026-03-09
3678,0,Cleared,2026-07-01
3679,0,Cleared,2025-04-26
3680,0,Cleared,2025-02-06
3681,0,Cleared,2025-10-22
3682,0,Cleared,2025-08-25
3683,1,Confirmed Fraud,2025-06-25
3684,0,Cleared,2025-03-17
3685,0,Cleared,2025-08-05
3686,0,Cleared,2025-10-21
3687,0,Cleared,2025-02-13
3688,0,Cleared,2026-02-23
3689,0,Cleared,2026-03-28
3690,0,Cleared,2026-03-11
3691,0,Cleared,2025-02-28
3692,0,Cleared,2025-12-08
3693,0,Cleared,2025-07-04
3694,0,Cleared,2025-01-22
3695,0,Cleared,2026-04-06
3696,0,Cleared,2025-07-11
3697,0,Cleared,2025-03-25
3698,0,Cleared,2025-05-24
3699,0,Cleared,2026-07-17
3700,0,Cleared,2026-02-03
3701,0,Cleared,2025-06-07
3702,0,Cleared,2025-10-13
3703,0,Cleared,2025-05-31
3704,0,Cleared,2025-05-05
3705,0,Cleared,2026-07-11
3706,0,Cleared,2025-01-30
3707,0,Cleared,2025-04-14
3708,0,Cleared,2026-04-11
3709,0,Cleared,2026-04-16
3710,0,Cleared,2025-07-20
3711,0,Cleared,2025-12-13
3712,0,Cleared,2025-07-27
3713,0,Cleared,2026-07-23
3714,0,Cleared,2026-06-06
3715,0,Cleared,2026-02-17
3716,0,Cleared,2025-11-08
3717,0,Cleared,2025-08-16
3718,1,Confirmed Fraud,2025-07-15
3719,0,Cleared,2026-04-03
3720,0,Cleared,2026-02-04
3721,0,Cleared,2025-04-22
3722,0,Cleared,2026-03-19
3723,0,Cleared,2026-03-16
3724,0,Cleared,2025-09-15
3725,0,Cleared,2026-02-09
3726,0,Cleared,2025-03-16
3727,0,Cleared,2026-01-01
3728,0,Cleared,2025-10-25
3729,0,Cleared,2025-08-27
3730,0,Cleared,2026-07-13
3731,0,Cleared,2025-09-23
3732,0,Cleared,2026-07-31
3733,0,Cleared,2026-03-08
3734,0,Cleared,2026-05-17
3735,0,Cleared,2025-11-28
3736,0,Cleared,2025-10-29
3737,0,Cleared,2025-05-05
3738,0,Cleared,2026-03-27
3739,0,Cleared,2026-07-07
3740,0,Cleared,2026-06-30
3741,0,Cleared,2026-05-20
3742,0,Cleared,2026-03-10
3743,0,Cleared,2026-01-02
3744,0,Cleared,2025-08-16
3745,1,Confirmed Fraud,2026-06-16
3746,0,Cleared,2026-07-19
3747,0,Cleared,2025-10-04
3748,0,Cleared,2026-05-18
3749,0,Cleared,2025-01-30
3750,0,Cleared,2026-03-26
3751,0,Cleared,2026-03-08
3752,0,Cleared,2026-07-04
3753,0,Cleared,2025-06-16
3754,0,Cleared,2026-05-24
3755,1,Confirmed Fraud,2026-01-13
3756,0,Cleared,2026-01-30
3757,0,Cleared,2025-10-31
3758,0,Cleared,2026-07-22
3759,0,Cleared,2026-03-26
3760,0,Cleared,2026-01-27
3761,0,Cleared,2026-03-22
3762,0,Cleared,2026-03-16
3763,0,Cleared,2026-03-17
3764,0,Cleared,2025-05-15
3765,1,Confirmed Fraud,2026-06-10
3766,0,Cleared,2025-08-11
3767,0,Cleared,2026-07-28
3768,0,Cleared,2026-06-29
3769,0,Cleared,2026-03-06
3770,0,Cleared,2025-06-10
3771,0,Cleared,2026-07-24
3772,0,Cleared,2026-03-06
3773,0,Cleared,2026-06-23
3774,0,Cleared,2025-07-10
3775,0,Cleared,2026-03-03
3776,0,Cleared,2026-06-12
3777,0,Cleared,2026-07-04
3778,0,Cleared,2026-06-29
3779,0,Cleared,2025-08-24
3780,0,Cleared,2025-04-14
3781,0,Cleared,2025-10-23
3782,0,Cleared,2025-02-12
3783,0,Cleared,2026-07-14
3784,0,Cleared,2025-08-29
3785,0,Cleared,2026-05-24
3786,0,Cleared,2025-11-15
3787,0,Cleared,2026-01-24
3788,0,Cleared,2025-05-10
3789,0,Cleared,2026-06-17
3790,0,Cleared,2026-08-03
3791,0,Cleared,2026-06-10
3792,0,Cleared,2026-07-13
3793,0,Cleared,2025-06-25
3794,0,Cleared,2026-07-15
3795,0,Cleared,2025-09-27
3796,0,Cleared,2026-03-28
3797,0,Cleared,2025-10-26
3798,0,Cleared,2025-06-29
3799,0,Cleared,2025-12-06
3800,0,Cleared,2026-02-11
3801,0,Cleared,2025-07-16
3802,0,Cleared,2026-08-08
3803,0,Cleared,2025-12-28
3804,0,Cleared,2025-10-14
3805,0,Cleared,2025-07-26
3806,0,Cleared,2026-03-10
3807,0,Cleared,2026-03-28
3808,0,Cleared,2025-04-03
3809,0,Cleared,2025-05-19
3810,0,Cleared,2026-05-31
3811,0,Cleared,2025-11-28
3812,0,Cleared,2026-02-05
3813,0,Cleared,2026-05-12
3814,0,Cleared,2025-11-25
3815,0,Cleared,2026-06-26
3816,0,Cleared,2025-08-06
3817,0,Cleared,2025-10-23
3818,0,Cleared,2025-08-13
3819,0,Cleared,2026-02-08
3820,0,Cleared,2026-03-21
3821,0,Cleared,2025-12-24
3822,0,Cleared,2026-02-14
3823,0,Cleared,2025-07-29
3824,0,Cleared,2026-02-05
3825,0,Cleared,2025-04-11
3826,0,Cleared,2025-10-30
3827,0,Cleared,2025-05-11
3828,0,Cleared,2026-07-15
3829,0,Cleared,2025-12-18
3830,0,Cleared,2026-04-30
3831,0,Cleared,2025-05-03
3832,0,Cleared,2025-03-30
3833,0,Cleared,2026-02-05
3834,1,Confirmed Fraud,2026-06-18
3835,0,Cleared,2025-11-14
3836,0,Cleared,2026-03-29
3837,0,Cleared,2026-07-26
3838,0,Cleared,2025-05-12
3839,0,Cleared,2026-07-23
3840,0,Cleared,2026-05-06
3841,0,Cleared,2025-07-25
3842,0,Cleared,2026-03-28
3843,0,Cleared,2026-04-10
3844,0,Cleared,2026-07-17
3845,0,Cleared,2026-08-11
3846,0,Cleared,2026-07-24
3847,0,Cleared,2026-04-04
3848,0,Cleared,2026-05-03
3849,0,Cleared,2025-06-02
3850,0,Cleared,2026-07-18
3851,0,Cleared,2025-03-09
3852,0,Cleared,2025-04-26
3853,0,Cleared,2025-10-01
3854,0,Cleared,2025-07-25
3855,0,Cleared,2025-06-23
3856,0,Cleared,2026-02-22
3857,0,Cleared,2026-02-02
3858,0,Cleared,2026-04-10
3859,1,Confirmed Fraud,2025-02-20
3860,0,Cleared,2025-03-28
3861,0,Cleared,2025-02-19
3862,0,Cleared,2025-01-19
3863,0,Cleared,2025-08-28
3864,0,Cleared,2025-12-31
3865,1,Confirmed Fraud,2025-12-22
3866,0,Cleared,2026-05-17
3867,0,Cleared,2025-08-27
3868,0,Cleared,2025-10-15
3869,0,Cleared,2026-02-03
3870,0,Cleared,2026-03-05
3871,0,Cleared,2025-11-18
3872,0,Cleared,2025-04-24
3873,0,Cleared,2025-04-06
3874,0,Cleared,2026-06-01
3875,0,Cleared,2025-06-14
3876,0,Cleared,2026-01-08
3877,0,Cleared,2026-01-05
3878,0,Cleared,2025-02-26
3879,0,Cleared,2026-07-14
3880,0,Cleared,2026-03-12
3881,1,Confirmed Fraud,2026-05-20
3882,0,Cleared,2026-01-28
3883,0,Cleared,2026-03-07
3884,0,Cleared,2025-08-20
3885,0,Cleared,2026-07-24
3886,0,Cleared,2025-09-25
3887,0,Cleared,2026-05-11
3888,0,Cleared,2025-03-10
3889,0,Cleared,2025-07-09
3890,0,Cleared,2025-02-19
3891,0,Cleared,2025-11-24
3892,0,Cleared,2026-02-09
3893,0,Cleared,2025-04-20
3894,0,Cleared,2026-07-12
3895,0,Cleared,2026-03-09
3896,0,Cleared,2026-05-10
3897,0,Cleared,2026-06-17
3898,0,Cleared,2025-05-01
3899,0,Cleared,2026-06-03
3900,0,Cleared,2025-02-14
3901,0,Cleared,2026-01-26
3902,0,Cleared,2026-04-17
3903,1,Confirmed Fraud,2025-11-27
3904,0,Cleared,2026-02-20
3905,0,Cleared,2026-07-01
3906,0,Cleared,2025-06-03
3907,0,Cleared,2026-07-08
3908,0,Cleared,2025-08-20
3909,0,Cleared,2026-04-15
3910,0,Cleared,2026-08-02
3911,0,Cleared,2025-12-12
3912,0,Cleared,2025-03-23
3913,1,Confirmed Fraud,2026-03-27
3914,0,Cleared,2026-06-26
3915,0,Cleared,2025-05-30
3916,0,Cleared,2026-03-07
3917,0,Cleared,2026-07-26
3918,0,Cleared,2026-03-27
3919,0,Cleared,2026-04-20
3920,0,Cleared,2025-05-25
3921,0,Cleared,2025-05-07
3922,1,Confirmed Fraud,2026-02-11
3923,1,Confirmed Fraud,2025-11-10
3924,0,Cleared,2025-12-16
3925,0,Cleared,2026-06-05
3926,0,Cleared,2025-06-25
3927,0,Cleared,2025-02-15
3928,0,Cleared,2025-12-27
3929,0,Cleared,2026-07-03
3930,0,Cleared,2025-08-27
3931,0,Cleared,2026-04-22
3932,0,Cleared,2026-07-31
3933,0,Cleared,2026-01-14
3934,0,Cleared,2025-07-16
3935,0,Cleared,2026-07-19
3936,0,Cleared,2026-07-29
3937,0,Cleared,2026-05-29
3938,0,Cleared,2026-05-03
3939,0,Cleared,2026-07-31
3940,0,Cleared,2026-05-14
3941,0,Cleared,2026-02-20
3942,0,Cleared,2025-11-12
3943,0,Cleared,2025-07-06
3944,0,Cleared,2026-06-09
3945,0,Cleared,2025-09-07
3946,0,Cleared,2026-06-13
3947,0,Cleared,2026-04-09
3948,0,Cleared,2026-04-28
3949,0,Cleared,2026-07-07
3950,1,Confirmed Fraud,2026-04-28
3951,0,Cleared,2026-06-11
3952,0,Cleared,2026-05-06
3953,0,Cleared,2025-08-31
3954,0,Cleared,2025-09-12
3955,0,Cleared,2026-03-27
3956,0,Cleared,2025-04-30
3957,0,Cleared,2025-06-25
3958,0,Cleared,2026-06-09
3959,0,Cleared,2025-10-23
3960,0,Cleared,2026-05-15
3961,0,Cleared,2025-10-13
3962,0,Cleared,2026-07-23
3963,1,Confirmed Fraud,2026-07-06
3964,0,Cleared,2025-06-19
3965,0,Cleared,2025-03-27
3966,0,Cleared,2026-03-01
3967,0,Cleared,2026-03-04
3968,0,Cleared,2026-07-08
3969,0,Cleared,2025-07-18
3970,0,Cleared,2026-03-11
3971,0,Cleared,2025-03-26
3972,0,Cleared,2025-05-07
3973,0,Cleared,2026-07-23
3974,0,Cleared,2025-05-11
3975,0,Cleared,2026-01-26
3976,0,Cleared,2026-06-29
3977,0,Cleared,2025-05-17
3978,0,Cleared,2025-10-31
3979,0,Cleared,2026-01-25
3980,0,Cleared,2025-08-17
3981,0,Cleared,2026-07-18
3982,0,Cleared,2026-05-25
3983,0,Cleared,2026-04-03
3984,1,Confirmed Fraud,2026-02-24
3985,0,Cleared,2026-05-21
3986,0,Cleared,2026-04-04
3987,0,Cleared,2026-07-28
3988,0,Cleared,2026-02-04
3989,0,Cleared,2026-02-25
3990,0,Cleared,2025-01-20
3991,0,Cleared,2025-11-02
3992,0,Cleared,2025-12-10
3993,0,Cleared,2026-05-15
3994,0,Cleared,2025-11-12
3995,0,Cleared,2026-07-07
3996,0,Cleared,2025-10-29
3997,0,Cleared,2025-06-21
3998,0,Cleared,2026-07-02
3999,0,Cleared,2025-08-01
4000,0,Cleared,2025-04-20
4001,0,Cleared,2026-03-20
4002,0,Cleared,2026-03-05
4003,0,Cleared,2025-08-01
4004,0,Cleared,2025-01-17
4005,0,Cleared,2026-01-05
4006,0,Cleared,2026-07-22
4007,0,Cleared,2026-08-04
4008,0,Cleared,2025-06-17
4009,0,Cleared,2025-12-25
4010,0,Cleared,2026-07-06
4011,0,Cleared,2026-07-11
4012,0,Cleared,2026-06-08
4013,0,Cleared,2026-04-02
4014,0,Cleared,2025-01-31
4015,0,Cleared,2026-05-26
4016,0,Cleared,2026-02-22
4017,0,Cleared,2025-11-06
4018,0,Cleared,2026-06-09
4019,0,Cleared,2026-07-25
4020,0,Cleared,2026-03-15
4021,0,Cleared,2025-12-11
4022,0,Cleared,2026-04-18
4023,0,Cleared,2025-11-21
4024,1,Confirmed Fraud,2025-07-06
4025,0,Cleared,2025-04-11
4026,0,Cleared,2025-10-02
4027,0,Cleared,2025-06-19
4028,0,Cleared,2025-12-09
4029,0,Cleared,2025-09-13
4030,0,Cleared,2026-04-30
4031,0,Cleared,2026-04-28
4032,0,Cleared,2026-07-14
4033,0,Cleared,2026-06-09
4034,0,Cleared,2026-02-26
4035,0,Cleared,2026-07-07
4036,0,Cleared,2025-10-14
4037,0,Cleared,2026-04-29
4038,0,Cleared,2025-09-10
4039,0,Cleared,2025-02-27
4040,0,Cleared,2026-04-26
4041,0,Cleared,2026-04-08
4042,0,Cleared,2025-07-05
4043,0,Cleared,2025-10-18
4044,1,Confirmed Fraud,2026-06-14
4045,0,Cleared,2025-08-18
4046,0,Cleared,2026-07-13
4047,0,Cleared,2026-04-21
4048,0,Cleared,2025-04-06
4049,0,Cleared,2025-02-14
4050,0,Cleared,2025-11-27
4051,0,Cleared,2026-06-21
4052,0,Cleared,2025-03-04
4053,0,Cleared,2025-08-26
4054,0,Cleared,2026-06-13
4055,1,Confirmed Fraud,2026-08-13
4056,0,Cleared,2025-12-22
4057,0,Cleared,2026-07-29
4058,0,Cleared,2025-12-01
4059,0,Cleared,2025-08-03
4060,0,Cleared,2025-11-26
4061,0,Cleared,2025-07-19
4062,0,Cleared,2025-07-04
4063,0,Cleared,2026-01-01
4064,0,Cleared,2026-05-03
4065,1,Confirmed Fraud,2026-05-07
4066,0,Cleared,2026-03-10
4067,0,Cleared,2026-04-27
4068,0,Cleared,2026-04-15
4069,1,Confirmed Fraud,2025-08-24
4070,0,Cleared,2026-07-26
4071,0,Cleared,2025-08-16
4072,0,Cleared,2026-04-01
4073,0,Cleared,2026-05-29
4074,0,Cleared,2026-04-13
4075,0,Cleared,2025-06-14
4076,0,Cleared,2025-12-23
4077,0,Cleared,2026-07-16
4078,0,Cleared,2025-02-06
4079,0,Cleared,2026-05-21
4080,0,Cleared,2026-07-19
4081,0,Cleared,2025-02-21
4082,0,Cleared,2026-03-24
4083,0,Cleared,2026-07-05
4084,0,Cleared,2026-01-22
4085,0,Cleared,2025-01-07
4086,1,Confirmed Fraud,2025-03-10
4087,0,Cleared,2025-05-10
4088,0,Cleared,2026-07-29
4089,0,Cleared,2026-05-29
4090,0,Cleared,2025-01-25
4091,0,Cleared,2025-12-23
4092,1,Confirmed Fraud,2025-06-14
4093,0,Cleared,2025-09-25
4094,0,Cleared,2026-07-08
4095,0,Cleared,2025-11-19
4096,0,Cleared,2025-08-17
4097,1,Confirmed Fraud,2025-02-20
4098,0,Cleared,2026-05-07
4099,0,Cleared,2026-07-21
4100,0,Cleared,2026-05-21
4101,0,Cleared,2026-06-18
4102,1,Confirmed Fraud,2026-07-17
4103,1,Confirmed Fraud,2026-02-19
4104,0,Cleared,2025-01-17
4105,0,Cleared,2026-06-25
4106,0,Cleared,2026-05-31
4107,0,Cleared,2025-10-20
4108,0,Cleared,2026-07-04
4109,0,Cleared,2026-05-29
4110,0,Cleared,2026-05-03
4111,0,Cleared,2026-06-12
4112,0,Cleared,2025-11-13
4113,0,Cleared,2026-04-11
4114,0,Cleared,2026-03-16
4115,0,Cleared,2025-01-19
4116,0,Cleared,2025-11-26
4117,0,Cleared,2025-05-03
4118,0,Cleared,2025-05-26
4119,0,Cleared,2026-03-27
4120,0,Cleared,2025-11-07
4121,0,Cleared,2026-07-26
4122,0,Cleared,2025-08-16
4123,1,Confirmed Fraud,2026-02-01
4124,0,Cleared,2025-09-26
4125,1,Confirmed Fraud,2025-03-15
4126,0,Cleared,2025-09-26
4127,0,Cleared,2026-03-12
4128,0,Cleared,2025-11-18
4129,0,Cleared,2026-04-09
4130,0,Cleared,2026-04-11
4131,0,Cleared,2025-01-30
4132,0,Cleared,2026-06-30
4133,0,Cleared,2026-07-07
4134,0,Cleared,2026-05-16
4135,0,Cleared,2025-09-22
4136,0,Cleared,2025-04-12
4137,0,Cleared,2025-07-08
4138,0,Cleared,2026-02-07
4139,0,Cleared,2026-08-12
4140,0,Cleared,2026-07-29
4141,0,Cleared,2025-10-06
4142,0,Cleared,2025-08-28
4143,0,Cleared,2025-10-17
4144,0,Cleared,2026-07-27
4145,0,Cleared,2026-04-14
4146,0,Cleared,2026-02-12
4147,0,Cleared,2026-04-15
4148,0,Cleared,2026-07-20
4149,0,Cleared,2026-05-01
4150,0,Cleared,2025-07-29
4151,0,Cleared,2026-03-23
4152,0,Cleared,2026-02-22
4153,0,Cleared,2025-09-21
4154,1,Confirmed Fraud,2026-04-07
4155,0,Cleared,2025-07-02
4156,0,Cleared,2025-07-26
4157,0,Cleared,2025-12-14
4158,0,Cleared,2025-11-12
4159,1,Confirmed Fraud,2026-02-27
4160,0,Cleared,2025-11-09
4161,0,Cleared,2026-02-28
4162,0,Cleared,2025-07-27
4163,0,Cleared,2025-11-15
4164,0,Cleared,2026-03-19
4165,0,Cleared,2026-07-18
4166,0,Cleared,2025-01-16
4167,0,Cleared,2026-04-07
4168,0,Cleared,2025-11-09
4169,0,Cleared,2026-02-14
4170,0,Cleared,2026-06-09
4171,0,Cleared,2025-04-10
4172,0,Cleared,2025-11-05
4173,0,Cleared,2026-06-07
4174,0,Cleared,2025-04-28
4175,0,Cleared,2026-08-06
4176,0,Cleared,2026-01-28
4177,0,Cleared,2026-08-02
4178,0,Cleared,2026-01-05
4179,0,Cleared,2026-04-26
4180,0,Cleared,2025-11-19
4181,0,Cleared,2026-01-20
4182,0,Cleared,2026-01-05
4183,0,Cleared,2026-07-08
4184,0,Cleared,2025-02-02
4185,0,Cleared,2026-02-05
4186,0,Cleared,2026-04-27
4187,0,Cleared,2025-05-11
4188,0,Cleared,2025-10-10
4189,0,Cleared,2025-12-22
4190,0,Cleared,2026-07-07
4191,0,Cleared,2026-05-25
4192,0,Cleared,2026-07-16
4193,0,Cleared,2026-02-03
4194,0,Cleared,2026-02-17
4195,0,Cleared,2026-05-02
4196,0,Cleared,2026-06-06
4197,0,Cleared,2026-02-24
4198,0,Cleared,2026-05-29
4199,0,Cleared,2026-04-03
4200,0,Cleared,2026-01-30
4201,0,Cleared,2026-03-25
4202,0,Cleared,2026-04-14
4203,1,Confirmed Fraud,2026-02-28
4204,0,Cleared,2025-07-23
4205,0,Cleared,2026-01-10
4206,0,Cleared,2026-05-31
4207,0,Cleared,2026-07-21
4208,0,Cleared,2026-06-23
4209,0,Cleared,2026-04-17
4210,0,Cleared,2025-08-23
4211,0,Cleared,2026-07-09
4212,0,Cleared,2025-12-28
4213,0,Cleared,2026-03-16
4214,0,Cleared,2025-12-26
4215,0,Cleared,2026-04-16
4216,0,Cleared,2025-09-28
4217,0,Cleared,2025-04-07
4218,0,Cleared,2026-03-26
4219,0,Cleared,2026-02-04
4220,0,Cleared,2026-03-29
4221,0,Cleared,2026-06-21
4222,0,Cleared,2026-02-14
4223,0,Cleared,2026-03-18
4224,0,Cleared,2026-05-16
4225,0,Cleared,2025-08-08
4226,0,Cleared,2025-03-24
4227,0,Cleared,2026-07-22
4228,0,Cleared,2026-07-11
4229,0,Cleared,2025-09-15
4230,0,Cleared,2026-04-02
4231,0,Cleared,2025-09-26
4232,0,Cleared,2026-04-25
4233,0,Cleared,2026-06-09
4234,0,Cleared,2025-02-12
4235,0,Cleared,2026-06-24
4236,0,Cleared,2025-06-30
4237,0,Cleared,2025-05-26
4238,1,Confirmed Fraud,2026-08-04
4239,0,Cleared,2026-03-11
4240,0,Cleared,2026-07-16
4241,0,Cleared,2026-06-29
4242,1,Confirmed Fraud,2026-03-14
4243,0,Cleared,2025-03-05
4244,0,Cleared,2026-07-10
4245,0,Cleared,2025-07-16
4246,0,Cleared,2026-08-07
4247,0,Cleared,2026-07-10
4248,0,Cleared,2025-03-12
4249,0,Cleared,2025-01-21
4250,0,Cleared,2026-05-09
4251,0,Cleared,2025-10-11
4252,0,Cleared,2025-05-02
4253,0,Cleared,2025-12-13
4254,0,Cleared,2026-07-10
4255,0,Cleared,2025-06-09
4256,0,Cleared,2025-11-17
4257,0,Cleared,2026-07-23
4258,0,Cleared,2026-07-09
4259,0,Cleared,2026-03-13
4260,0,Cleared,2025-08-04
4261,0,Cleared,2026-06-26
4262,0,Cleared,2026-05-06
4263,0,Cleared,2026-07-09
4264,0,Cleared,2025-12-26
4265,0,Cleared,2026-04-15
4266,0,Cleared,2026-05-29
4267,0,Cleared,2025-12-24
4268,1,Confirmed Fraud,2026-01-11
4269,0,Cleared,2026-05-05
4270,0,Cleared,2026-05-13
4271,0,Cleared,2026-08-15
4272,0,Cleared,2026-07-28
4273,0,Cleared,2025-06-25
4274,0,Cleared,2026-01-05
4275,0,Cleared,2025-11-08
4276,0,Cleared,2026-06-08
4277,0,Cleared,2026-05-02
4278,0,Cleared,2025-11-08
4279,0,Cleared,2025-04-09
4280,0,Cleared,2025-05-04
4281,0,Cleared,2026-05-09
4282,0,Cleared,2026-07-18
4283,0,Cleared,2026-04-04
4284,0,Cleared,2025-10-15
4285,0,Cleared,2025-12-25
4286,0,Cleared,2026-03-11
4287,0,Cleared,2026-07-20
4288,0,Cleared,2026-01-23
4289,0,Cleared,2026-05-25
4290,0,Cleared,2026-07-02
4291,0,Cleared,2026-05-01
4292,0,Cleared,2025-09-19
4293,0,Cleared,2026-05-15
4294,0,Cleared,2025-12-09
4295,0,Cleared,2025-05-16
4296,0,Cleared,2025-08-09
4297,0,Cleared,2025-11-25
4298,0,Cleared,2026-05-14
4299,0,Cleared,2026-01-01
4300,0,Cleared,2025-05-05
4301,0,Cleared,2025-04-10
4302,1,Confirmed Fraud,2026-07-17
4303,0,Cleared,2026-04-30
4304,0,Cleared,2026-06-07
4305,1,Confirmed Fraud,2026-04-15
4306,0,Cleared,2026-08-08
4307,0,Cleared,2025-05-13
4308,0,Cleared,2025-10-03
4309,0,Cleared,2026-07-06
4310,0,Cleared,2026-03-09
4311,0,Cleared,2026-06-30
4312,0,Cleared,2026-06-15
4313,0,Cleared,2026-04-08
4314,0,Cleared,2025-03-18
4315,0,Cleared,2026-04-09
4316,1,Confirmed Fraud,2026-01-21
4317,0,Cleared,2025-05-22
4318,0,Cleared,2026-04-27
4319,0,Cleared,2026-06-27
4320,0,Cleared,2026-06-22
4321,0,Cleared,2026-01-29
4322,0,Cleared,2026-01-13
4323,0,Cleared,2025-06-16
4324,0,Cleared,2026-05-10
4325,0,Cleared,2026-06-30
4326,0,Cleared,2025-05-10
4327,1,Confirmed Fraud,2025-09-09
4328,0,Cleared,2025-08-19
4329,0,Cleared,2025-10-30
4330,1,Confirmed Fraud,2026-06-21
4331,0,Cleared,2026-05-08
4332,0,Cleared,2025-09-15
4333,0,Cleared,2025-03-25
4334,0,Cleared,2025-03-08
4335,0,Cleared,2026-01-12
4336,0,Cleared,2025-05-30
4337,0,Cleared,2025-05-16
4338,0,Cleared,2026-07-17
4339,0,Cleared,2025-08-01
4340,0,Cleared,2026-04-17
4341,0,Cleared,2025-11-08
4342,0,Cleared,2026-05-29
4343,0,Cleared,2025-04-19
4344,0,Cleared,2026-07-04
4345,0,Cleared,2026-01-29
4346,0,Cleared,2026-04-15
4347,0,Cleared,2026-08-08
4348,0,Cleared,2026-03-01
4349,0,Cleared,2025-07-24
4350,0,Cleared,2025-12-08
4351,0,Cleared,2025-02-24
4352,0,Cleared,2026-04-26
4353,0,Cleared,2025-09-02
4354,0,Cleared,2025-11-23
4355,0,Cleared,2025-07-29
4356,0,Cleared,2025-09-05
4357,0,Cleared,2025-08-18
4358,0,Cleared,2025-04-06
4359,0,Cleared,2025-07-26
4360,0,Cleared,2025-08-02
4361,0,Cleared,2025-10-02
4362,0,Cleared,2025-11-04
4363,0,Cleared,2026-06-03
4364,0,Cleared,2026-02-22
4365,0,Cleared,2026-01-14
4366,0,Cleared,2026-01-18
4367,0,Cleared,2026-02-11
4368,0,Cleared,2025-02-21
4369,0,Cleared,2026-05-02
4370,0,Cleared,2025-05-13
4371,0,Cleared,2026-05-28
4372,0,Cleared,2026-07-22
4373,0,Cleared,2025-06-23
4374,0,Cleared,2026-07-24
4375,0,Cleared,2025-06-03
4376,0,Cleared,2025-01-23
4377,1,Confirmed Fraud,2025-01-28
4378,1,Confirmed Fraud,2025-08-01
4379,0,Cleared,2025-08-16
4380,0,Cleared,2025-05-11
4381,0,Cleared,2025-05-08
4382,0,Cleared,2025-11-06
4383,0,Cleared,2026-06-23
4384,0,Cleared,2026-01-15
4385,0,Cleared,2026-01-15
4386,0,Cleared,2025-12-16
4387,0,Cleared,2026-05-16
4388,0,Cleared,2025-12-21
4389,0,Cleared,2026-06-26
4390,0,Cleared,2026-07-09
4391,0,Cleared,2025-09-21
4392,0,Cleared,2025-11-11
4393,1,Confirmed Fraud,2026-05-27
4394,0,Cleared,2026-05-31
4395,0,Cleared,2026-05-06
4396,0,Cleared,2025-11-06
4397,0,Cleared,2026-08-01
4398,0,Cleared,2025-02-18
4399,0,Cleared,2026-05-02
4400,0,Cleared,2026-01-06
4401,0,Cleared,2025-05-07
4402,0,Cleared,2025-05-06
4403,0,Cleared,2026-03-30
4404,0,Cleared,2025-11-07
4405,0,Cleared,2025-10-23
4406,0,Cleared,2025-05-28
4407,0,Cleared,2026-07-04
4408,0,Cleared,2026-01-02
4409,0,Cleared,2025-07-19
4410,0,Cleared,2025-02-20
4411,0,Cleared,2026-03-17
4412,0,Cleared,2026-04-03
4413,0,Cleared,2026-07-26
4414,0,Cleared,2026-02-15
4415,0,Cleared,2026-06-13
4416,0,Cleared,2026-05-01
4417,0,Cleared,2025-06-02
4418,0,Cleared,2026-04-24
4419,0,Cleared,2026-06-18
4420,0,Cleared,2026-03-29
4421,0,Cleared,2025-11-28
4422,0,Cleared,2026-06-12
4423,0,Cleared,2025-11-21
4424,0,Cleared,2026-03-01
4425,0,Cleared,2026-05-30
4426,0,Cleared,2025-10-21
4427,0,Cleared,2026-07-01
4428,0,Cleared,2025-12-25
4429,1,Confirmed Fraud,2025-02-10
4430,0,Cleared,2025-02-01
4431,0,Cleared,2025-10-29
4432,0,Cleared,2025-11-23
4433,0,Cleared,2026-07-27
4434,0,Cleared,2026-03-04
4435,0,Cleared,2026-02-24
4436,1,Confirmed Fraud,2025-03-01
4437,0,Cleared,2025-08-01
4438,0,Cleared,2025-11-21
4439,0,Cleared,2025-07-16
4440,0,Cleared,2026-02-21
4441,0,Cleared,2026-05-31
4442,0,Cleared,2026-07-25
4443,0,Cleared,2025-04-17
4444,0,Cleared,2025-11-17
4445,0,Cleared,2025-06-20
4446,0,Cleared,2025-11-16
4447,0,Cleared,2026-01-11
4448,0,Cleared,2025-06-22
4449,0,Cleared,2026-03-28
4450,0,Cleared,2025-05-26
4451,0,Cleared,2025-12-27
4452,0,Cleared,2026-07-09
4453,0,Cleared,2026-03-03
4454,1,Confirmed Fraud,2025-08-13
4455,0,Cleared,2025-02-22
4456,0,Cleared,2025-08-30
4457,0,Cleared,2026-07-05
4458,0,Cleared,2026-07-02
4459,0,Cleared,2025-01-27
4460,0,Cleared,2025-08-08
4461,0,Cleared,2025-09-07
4462,0,Cleared,2025-01-31
4463,0,Cleared,2025-02-06
4464,0,Cleared,2025-04-05
4465,0,Cleared,2026-07-16
4466,0,Cleared,2025-09-23
4467,0,Cleared,2025-08-02
4468,0,Cleared,2025-07-13
4469,0,Cleared,2026-07-12
4470,0,Cleared,2026-02-22
4471,0,Cleared,2025-07-15
4472,0,Cleared,2025-03-26
4473,1,Confirmed Fraud,2026-06-19
4474,0,Cleared,2025-05-13
4475,0,Cleared,2026-06-30
4476,0,Cleared,2026-06-29
4477,0,Cleared,2025-09-10
4478,1,Confirmed Fraud,2025-05-03
4479,0,Cleared,2025-02-23
4480,0,Cleared,2026-05-27
4481,0,Cleared,2025-05-23
4482,1,Confirmed Fraud,2025-06-17
4483,0,Cleared,2025-06-10
4484,0,Cleared,2026-03-06
4485,0,Cleared,2026-06-11
4486,0,Cleared,2026-02-25
4487,0,Cleared,2026-07-23
4488,0,Cleared,2026-02-15
4489,0,Cleared,2026-02-06
4490,0,Cleared,2025-12-09
4491,0,Cleared,2025-07-11
4492,0,Cleared,2025-04-27
4493,0,Cleared,2025-12-03
4494,0,Cleared,2026-03-29
4495,0,Cleared,2026-06-12
4496,0,Cleared,2026-01-07
4497,0,Cleared,2026-06-11
4498,0,Cleared,2026-06-16
4499,0,Cleared,2026-07-03
4500,0,Cleared,2026-07-27
4501,0,Cleared,2025-05-06
4502,1,Confirmed Fraud,2026-05-01
4503,0,Cleared,2025-12-04
4504,0,Cleared,2025-10-25
4505,0,Cleared,2025-04-16
4506,0,Cleared,2026-05-22
4507,0,Cleared,2026-05-02
4508,0,Cleared,2026-03-30
4509,0,Cleared,2026-04-28
4510,0,Cleared,2025-04-30
4511,0,Cleared,2026-05-22
4512,0,Cleared,2025-02-15
4513,0,Cleared,2026-07-26
4514,0,Cleared,2025-10-21
4515,0,Cleared,2026-03-17
4516,0,Cleared,2026-04-22
4517,0,Cleared,2025-09-26
4518,1,Confirmed Fraud,2025-01-19
4519,0,Cleared,2026-06-22
4520,0,Cleared,2025-04-17
4521,0,Cleared,2026-07-28
4522,0,Cleared,2025-07-01
4523,0,Cleared,2025-10-16
4524,0,Cleared,2026-06-02
4525,0,Cleared,2026-07-25
4526,0,Cleared,2025-10-19
4527,1,Confirmed Fraud,2026-07-02
4528,0,Cleared,2025-09-20
4529,0,Cleared,2026-06-30
4530,1,Confirmed Fraud,2025-01-21
4531,0,Cleared,2026-07-12
4532,0,Cleared,2026-02-08
4533,0,Cleared,2025-02-06
4534,0,Cleared,2025-11-26
4535,0,Cleared,2026-06-09
4536,0,Cleared,2026-06-14
4537,0,Cleared,2026-05-24
4538,0,Cleared,2025-08-23
4539,0,Cleared,2026-07-26
4540,0,Cleared,2026-07-03
4541,0,Cleared,2026-03-01
4542,0,Cleared,2026-05-29
4543,0,Cleared,2025-07-17
4544,0,Cleared,2025-06-03
4545,0,Cleared,2026-06-20
4546,0,Cleared,2026-05-23
4547,0,Cleared,2026-07-18
4548,0,Cleared,2025-08-08
4549,0,Cleared,2026-03-15
4550,0,Cleared,2026-07-27
4551,0,Cleared,2026-07-20
4552,0,Cleared,2025-08-25
4553,0,Cleared,2026-03-10
4554,0,Cleared,2026-08-06
4555,0,Cleared,2026-06-07
4556,0,Cleared,2026-06-17
4557,0,Cleared,2025-05-02
4558,0,Cleared,2026-01-25
4559,1,Confirmed Fraud,2025-09-15
4560,0,Cleared,2025-08-01
4561,0,Cleared,2025-08-26
4562,0,Cleared,2025-10-26
4563,0,Cleared,2025-12-29
4564,0,Cleared,2026-01-07
4565,0,Cleared,2025-12-16
4566,0,Cleared,2025-02-15
4567,0,Cleared,2025-06-08
4568,0,Cleared,2025-10-23
4569,0,Cleared,2025-04-16
4570,0,Cleared,2025-03-02
4571,0,Cleared,2025-10-09
4572,0,Cleared,2025-06-24
4573,0,Cleared,2026-01-11
4574,0,Cleared,2026-07-25
4575,0,Cleared,2026-05-12
4576,0,Cleared,2026-03-29
4577,1,Confirmed Fraud,2025-12-15
4578,0,Cleared,2026-05-20
4579,0,Cleared,2025-12-22
4580,0,Cleared,2026-05-16
4581,0,Cleared,2025-08-18
4582,0,Cleared,2026-02-16
4583,0,Cleared,2026-04-26
4584,0,Cleared,2026-07-18
4585,0,Cleared,2025-05-18
4586,0,Cleared,2025-02-12
4587,0,Cleared,2026-06-30
4588,0,Cleared,2026-06-10
4589,0,Cleared,2025-09-02
4590,0,Cleared,2025-07-19
4591,0,Cleared,2025-05-21
4592,0,Cleared,2025-06-23
4593,0,Cleared,2025-12-31
4594,0,Cleared,2025-06-21
4595,0,Cleared,2025-04-17
4596,0,Cleared,2026-07-09
4597,0,Cleared,2026-07-17
4598,0,Cleared,2025-07-22
4599,0,Cleared,2025-11-08
4600,0,Cleared,2026-04-18
4601,0,Cleared,2026-08-15
4602,0,Cleared,2025-10-11
4603,0,Cleared,2026-06-15
4604,0,Cleared,2026-04-04
4605,0,Cleared,2025-11-16
4606,0,Cleared,2026-06-06
4607,0,Cleared,2025-04-18
4608,0,Cleared,2026-02-22
4609,0,Cleared,2026-06-06
4610,0,Cleared,2025-10-24
4611,0,Cleared,2025-12-20
4612,0,Cleared,2026-04-12
4613,0,Cleared,2026-08-15
4614,1,Confirmed Fraud,2025-12-18
4615,0,Cleared,2025-06-20
4616,0,Cleared,2026-07-28
4617,0,Cleared,2026-02-14
4618,0,Cleared,2026-03-13
4619,0,Cleared,2026-06-29
4620,1,Confirmed Fraud,2025-07-18
4621,0,Cleared,2026-03-18
4622,0,Cleared,2025-09-02
4623,1,Confirmed Fraud,2025-05-17
4624,0,Cleared,2025-07-07
4625,0,Cleared,2026-06-04
4626,0,Cleared,2025-08-10
4627,0,Cleared,2026-05-06
4628,0,Cleared,2026-03-20
4629,0,Cleared,2025-09-27
4630,0,Cleared,2025-05-19
4631,0,Cleared,2025-08-01
4632,0,Cleared,2025-10-18
4633,0,Cleared,2025-02-01
4634,0,Cleared,2026-06-22
4635,0,Cleared,2026-03-19
4636,0,Cleared,2026-01-04
4637,0,Cleared,2025-08-30
4638,0,Cleared,2025-12-16
4639,0,Cleared,2025-10-08
4640,0,Cleared,2026-05-21
4641,0,Cleared,2025-03-24
4642,0,Cleared,2025-11-17
4643,0,Cleared,2026-01-29
4644,0,Cleared,2026-07-02
4645,0,Cleared,2025-02-16
4646,0,Cleared,2025-11-14
4647,0,Cleared,2025-10-26
4648,0,Cleared,2026-04-30
4649,0,Cleared,2025-06-17
4650,0,Cleared,2026-06-17
4651,0,Cleared,2026-02-02
4652,0,Cleared,2026-04-02
4653,0,Cleared,2025-04-20
4654,1,Confirmed Fraud,2026-07-06
4655,0,Cleared,2025-04-15
4656,1,Confirmed Fraud,2025-03-31
4657,0,Cleared,2026-02-23
4658,0,Cleared,2025-07-28
4659,0,Cleared,2025-09-28
4660,0,Cleared,2026-07-07
4661,0,Cleared,2025-11-22
4662,0,Cleared,2026-07-05
4663,1,Confirmed Fraud,2026-04-22
4664,0,Cleared,2025-11-06
4665,0,Cleared,2026-06-13
4666,0,Cleared,2026-08-15
4667,0,Cleared,2026-06-18
4668,0,Cleared,2025-11-21
4669,0,Cleared,2026-08-06
4670,0,Cleared,2026-03-26
4671,0,Cleared,2026-05-10
4672,0,Cleared,2026-06-20
4673,1,Confirmed Fraud,2025-09-30
4674,0,Cleared,2026-07-03
4675,0,Cleared,2026-05-20
4676,0,Cleared,2026-06-07
4677,0,Cleared,2025-12-16
4678,0,Cleared,2026-04-30
4679,0,Cleared,2025-11-06
4680,0,Cleared,2026-03-11
4681,0,Cleared,2026-06-04
4682,0,Cleared,2025-06-13
4683,0,Cleared,2025-05-13
4684,0,Cleared,2025-06-10
4685,0,Cleared,2025-04-27
4686,0,Cleared,2026-07-04
4687,0,Cleared,2026-04-04
4688,0,Cleared,2025-09-25
4689,0,Cleared,2025-10-11
4690,0,Cleared,2026-05-26
4691,0,Cleared,2025-08-31
4692,0,Cleared,2026-01-26
4693,0,Cleared,2026-05-27
4694,0,Cleared,2026-03-24
4695,0,Cleared,2026-07-17
4696,0,Cleared,2026-04-13
4697,0,Cleared,2025-09-24
4698,0,Cleared,2025-08-27
4699,0,Cleared,2025-12-18
4700,0,Cleared,2025-07-17
4701,1,Confirmed Fraud,2025-11-22
4702,0,Cleared,2025-12-03
4703,0,Cleared,2026-03-21
4704,0,Cleared,2025-11-17
4705,0,Cleared,2026-05-24
4706,0,Cleared,2025-01-15
4707,0,Cleared,2026-05-18
4708,0,Cleared,2025-02-23
4709,0,Cleared,2026-08-03
4710,0,Cleared,2026-04-23
4711,0,Cleared,2026-05-27
4712,0,Cleared,2026-07-30
4713,0,Cleared,2025-01-29
4714,1,Confirmed Fraud,2026-03-13
4715,0,Cleared,2025-05-05
4716,0,Cleared,2025-12-14
4717,0,Cleared,2025-06-28
4718,0,Cleared,2026-03-22
4719,1,Confirmed Fraud,2026-04-30
4720,0,Cleared,2026-06-09
4721,0,Cleared,2026-03-28
4722,0,Cleared,2026-03-23
4723,0,Cleared,2026-07-14
4724,0,Cleared,2026-01-19
4725,0,Cleared,2026-04-03
4726,0,Cleared,2025-11-22
4727,0,Cleared,2026-04-01
4728,0,Cleared,2025-01-30
4729,0,Cleared,2026-07-16
4730,0,Cleared,2026-06-26
4731,0,Cleared,2025-03-08
4732,0,Cleared,2025-07-17
4733,0,Cleared,2026-07-05
4734,0,Cleared,2026-07-01
4735,0,Cleared,2025-04-02
4736,0,Cleared,2025-10-21
4737,0,Cleared,2025-10-18
4738,0,Cleared,2025-12-09
4739,0,Cleared,2026-07-10
4740,0,Cleared,2026-03-17
4741,0,Cleared,2025-11-21
4742,0,Cleared,2026-05-30
4743,0,Cleared,2025-12-27
4744,0,Cleared,2026-04-12
4745,0,Cleared,2025-11-04
4746,0,Cleared,2025-08-11
4747,0,Cleared,2025-02-09
4748,0,Cleared,2025-08-23
4749,0,Cleared,2026-01-11
4750,0,Cleared,2025-03-27
4751,0,Cleared,2025-11-26
4752,0,Cleared,2026-08-10
4753,0,Cleared,2025-02-26
4754,0,Cleared,2026-01-21
4755,0,Cleared,2026-01-16
4756,1,Confirmed Fraud,2025-04-12
4757,0,Cleared,2025-10-09
4758,1,Confirmed Fraud,2025-08-29
4759,0,Cleared,2026-03-24
4760,0,Cleared,2025-11-29
4761,0,Cleared,2025-06-26
4762,0,Cleared,2026-03-13
4763,0,Cleared,2026-02-27
4764,0,Cleared,2025-06-16
4765,0,Cleared,2026-06-22
4766,0,Cleared,2026-02-06
4767,0,Cleared,2025-10-11
4768,0,Cleared,2026-07-19
4769,1,Confirmed Fraud,2026-02-10
4770,0,Cleared,2025-10-27
4771,0,Cleared,2026-03-17
4772,0,Cleared,2025-04-22
4773,0,Cleared,2025-11-20
4774,0,Cleared,2026-03-17
4775,1,Confirmed Fraud,2026-07-16
4776,0,Cleared,2025-12-21
4777,0,Cleared,2026-05-16
4778,0,Cleared,2025-10-03
4779,0,Cleared,2026-07-11
4780,0,Cleared,2026-07-18
4781,0,Cleared,2025-01-30
4782,0,Cleared,2025-01-23
4783,0,Cleared,2025-06-04
4784,0,Cleared,2025-11-30
4785,0,Cleared,2026-05-24
4786,0,Cleared,2026-06-18
4787,0,Cleared,2025-08-13
4788,0,Cleared,2025-02-28
4789,1,Confirmed Fraud,2026-03-01
4790,0,Cleared,2026-04-17
4791,0,Cleared,2026-06-12
4792,0,Cleared,2026-03-27
4793,0,Cleared,2026-06-09
4794,0,Cleared,2026-08-09
4795,0,Cleared,2025-02-07
4796,0,Cleared,2026-04-25
4797,0,Cleared,2026-05-09
4798,0,Cleared,2026-03-25
4799,0,Cleared,2025-09-20
4800,0,Cleared,2025-09-10
4801,0,Cleared,2025-11-21
4802,0,Cleared,2026-07-25
4803,0,Cleared,2025-11-27
4804,0,Cleared,2025-09-30
4805,0,Cleared,2026-04-27
4806,0,Cleared,2026-05-26
4807,0,Cleared,2026-07-14
4808,0,Cleared,2025-06-18
4809,0,Cleared,2026-06-05
4810,0,Cleared,2026-05-22
4811,0,Cleared,2026-06-10
4812,0,Cleared,2025-08-10
4813,0,Cleared,2025-09-30
4814,0,Cleared,2025-04-02
4815,0,Cleared,2025-09-11
4816,0,Cleared,2025-02-01
4817,0,Cleared,2026-02-02
4818,0,Cleared,2026-04-13
4819,0,Cleared,2026-06-04
4820,0,Cleared,2026-06-20
4821,0,Cleared,2026-03-31
4822,1,Confirmed Fraud,2026-04-09
4823,0,Cleared,2026-08-03
4824,1,Confirmed Fraud,2025-08-15
4825,0,Cleared,2026-08-02
4826,0,Cleared,2025-10-17
4827,0,Cleared,2026-02-04
4828,0,Cleared,2026-02-02
4829,0,Cleared,2026-05-10
4830,0,Cleared,2025-11-28
4831,0,Cleared,2026-04-01
4832,0,Cleared,2025-11-26
4833,0,Cleared,2026-05-03
4834,0,Cleared,2025-10-10
4835,0,Cleared,2026-04-19
4836,0,Cleared,2026-07-27
4837,0,Cleared,2025-08-15
4838,0,Cleared,2026-02-18
4839,0,Cleared,2026-03-07
4840,0,Cleared,2026-04-26
4841,0,Cleared,2025-10-31
4842,0,Cleared,2025-10-28
4843,0,Cleared,2025-11-06
4844,0,Cleared,2025-12-26
4845,0,Cleared,2026-01-01
4846,0,Cleared,2026-07-31
4847,0,Cleared,2026-01-28
4848,0,Cleared,2026-03-12
4849,0,Cleared,2025-06-02
4850,0,Cleared,2026-08-10
4851,0,Cleared,2026-02-01
4852,0,Cleared,2025-05-18
4853,0,Cleared,2026-05-13
4854,0,Cleared,2026-06-26
4855,0,Cleared,2026-01-31
4856,0,Cleared,2025-10-19
4857,0,Cleared,2026-07-15
4858,0,Cleared,2025-07-09
4859,0,Cleared,2025-05-26
4860,0,Cleared,2025-02-23
4861,0,Cleared,2026-03-25
4862,0,Cleared,2026-05-15
4863,0,Cleared,2026-07-04
4864,0,Cleared,2026-04-13
4865,0,Cleared,2026-05-02
4866,0,Cleared,2025-09-30
4867,0,Cleared,2026-05-21
4868,0,Cleared,2026-04-17
4869,0,Cleared,2026-05-28
4870,0,Cleared,2026-07-19
4871,0,Cleared,2025-10-24
4872,0,Cleared,2025-09-20
4873,0,Cleared,2026-02-18
4874,0,Cleared,2025-12-22
4875,0,Cleared,2026-03-11
4876,0,Cleared,2026-07-13
4877,0,Cleared,2025-12-10
4878,0,Cleared,2026-05-10
4879,0,Cleared,2025-04-02
4880,0,Cleared,2026-03-16
4881,0,Cleared,2026-05-05
4882,0,Cleared,2026-01-11
4883,0,Cleared,2025-12-31
4884,0,Cleared,2025-08-04
4885,0,Cleared,2026-04-04
4886,0,Cleared,2025-10-20
4887,0,Cleared,2025-04-10
4888,0,Cleared,2025-06-06
4889,0,Cleared,2025-08-20
4890,0,Cleared,2026-06-19
4891,0,Cleared,2025-04-01
4892,0,Cleared,2025-12-20
4893,0,Cleared,2026-07-11
4894,0,Cleared,2025-12-14
4895,0,Cleared,2025-04-25
4896,0,Cleared,2025-11-21
4897,0,Cleared,2026-07-10
4898,0,Cleared,2025-08-05
4899,0,Cleared,2025-06-03
4900,0,Cleared,2026-03-22
4901,1,Confirmed Fraud,2025-10-13
4902,0,Cleared,2026-05-17
4903,0,Cleared,2025-03-16
4904,0,Cleared,2026-06-14
4905,0,Cleared,2026-05-25
4906,0,Cleared,2026-01-17
4907,0,Cleared,2025-10-29
4908,0,Cleared,2025-04-19
4909,0,Cleared,2026-01-16
4910,0,Cleared,2026-06-24
4911,0,Cleared,2026-04-01
4912,0,Cleared,2026-02-25
4913,0,Cleared,2025-05-22
4914,0,Cleared,2025-11-12
4915,0,Cleared,2026-03-09
4916,0,Cleared,2026-04-25
4917,0,Cleared,2025-06-03
4918,0,Cleared,2026-06-29
4919,0,Cleared,2026-06-11
4920,0,Cleared,2026-07-23
4921,0,Cleared,2025-05-29
4922,0,Cleared,2026-06-05
4923,0,Cleared,2025-04-26
4924,0,Cleared,2025-08-27
4925,0,Cleared,2026-02-09
4926,0,Cleared,2026-03-26
4927,0,Cleared,2026-07-04
4928,1,Confirmed Fraud,2026-06-11
4929,0,Cleared,2025-12-30
4930,0,Cleared,2026-08-07
4931,0,Cleared,2026-04-10
4932,0,Cleared,2025-08-13
4933,0,Cleared,2026-04-11
4934,0,Cleared,2026-04-12
4935,1,Confirmed Fraud,2025-05-09
4936,0,Cleared,2026-08-10
4937,0,Cleared,2026-06-29
4938,0,Cleared,2025-03-02
4939,0,Cleared,2025-04-09
4940,0,Cleared,2026-07-09
4941,0,Cleared,2026-05-25
4942,0,Cleared,2026-05-11
4943,0,Cleared,2025-09-18
4944,0,Cleared,2026-06-08
4945,0,Cleared,2026-05-13
4946,0,Cleared,2026-02-19
4947,0,Cleared,2025-10-18
4948,0,Cleared,2025-12-23
4949,0,Cleared,2026-07-03
4950,0,Cleared,2025-10-20
4951,0,Cleared,2025-10-05
4952,0,Cleared,2025-12-21
4953,0,Cleared,2025-08-23
4954,0,Cleared,2025-12-18
4955,0,Cleared,2026-07-10
4956,0,Cleared,2026-06-20
4957,0,Cleared,2026-07-07
4958,0,Cleared,2025-09-05
4959,0,Cleared,2025-04-28
4960,0,Cleared,2026-06-12
4961,0,Cleared,2025-10-03
4962,0,Cleared,2026-05-23
4963,0,Cleared,2025-03-17
4964,1,Confirmed Fraud,2025-04-12
4965,0,Cleared,2026-07-18
4966,1,Confirmed Fraud,2026-07-02
4967,0,Cleared,2025-07-07
4968,0,Cleared,2026-04-03
4969,1,Confirmed Fraud,2026-01-07
4970,0,Cleared,2026-03-13
4971,0,Cleared,2025-12-07
4972,0,Cleared,2026-03-24
4973,0,Cleared,2025-07-23
4974,0,Cleared,2025-07-27
4975,0,Cleared,2025-07-06
4976,0,Cleared,2025-12-14
4977,0,Cleared,2026-03-16
4978,0,Cleared,2026-03-24
4979,0,Cleared,2026-02-05
4980,0,Cleared,2025-07-13
4981,0,Cleared,2025-03-31
4982,1,Confirmed Fraud,2025-06-20
4983,0,Cleared,2026-03-09
4984,0,Cleared,2026-07-14
4985,0,Cleared,2025-03-31
4986,0,Cleared,2026-03-24
4987,0,Cleared,2026-04-13
4988,0,Cleared,2026-04-02
4989,0,Cleared,2026-03-01
4990,0,Cleared,2025-05-13
4991,0,Cleared,2025-04-09
4992,0,Cleared,2026-02-16
4993,0,Cleared,2026-07-30
4994,0,Cleared,2025-12-21
4995,0,Cleared,2026-03-06
4996,0,Cleared,2025-03-10
4997,0,Cleared,2026-04-17
4998,1,Confirmed Fraud,2026-04-17
4999,0,Cleared,2025-03-18
5000,0,Cleared,2025-01-26
5001,0,Cleared,2026-01-30
5002,0,Cleared,2026-03-06
5003,0,Cleared,2026-01-18
5004,0,Cleared,2026-06-24
5005,0,Cleared,2026-07-08
5006,0,Cleared,2025-12-19
5007,0,Cleared,2025-09-03
5008,1,Confirmed Fraud,2026-06-09
5009,0,Cleared,2026-04-14
5010,0,Cleared,2025-03-11
5011,0,Cleared,2025-09-29
5012,0,Cleared,2025-04-29
5013,1,Confirmed Fraud,2025-02-24
5014,0,Cleared,2025-12-12
5015,0,Cleared,2026-06-26
5016,0,Cleared,2025-12-13
5017,0,Cleared,2026-06-02
5018,1,Confirmed Fraud,2025-07-23
5019,0,Cleared,2025-05-02
5020,0,Cleared,2026-05-15
5021,0,Cleared,2025-12-20
5022,0,Cleared,2026-03-31
5023,0,Cleared,2025-11-03
5024,0,Cleared,2025-03-23
5025,0,Cleared,2026-06-19
5026,0,Cleared,2026-02-22
5027,0,Cleared,2025-02-01
5028,0,Cleared,2026-03-22
5029,0,Cleared,2025-09-30
5030,0,Cleared,2026-02-06
5031,0,Cleared,2026-04-16
5032,0,Cleared,2026-04-20
5033,0,Cleared,2026-06-23
5034,0,Cleared,2026-07-11
5035,0,Cleared,2026-05-04
5036,0,Cleared,2025-12-10
5037,0,Cleared,2025-05-09
5038,0,Cleared,2026-01-11
5039,0,Cleared,2026-06-15
5040,0,Cleared,2026-01-19
5041,0,Cleared,2025-08-13
5042,0,Cleared,2025-12-12
5043,0,Cleared,2025-12-25
5044,1,Confirmed Fraud,2026-02-25
5045,0,Cleared,2026-06-04
5046,0,Cleared,2026-01-08
5047,0,Cleared,2025-05-02
5048,0,Cleared,2026-06-13
5049,0,Cleared,2025-04-24
5050,0,Cleared,2025-11-26
5051,0,Cleared,2026-04-28
5052,0,Cleared,2025-11-14
5053,0,Cleared,2025-07-05
5054,0,Cleared,2026-03-21
5055,0,Cleared,2026-05-27
5056,0,Cleared,2026-06-26
5057,0,Cleared,2026-03-18
5058,0,Cleared,2026-05-28
5059,1,Confirmed Fraud,2025-12-21
5060,0,Cleared,2025-10-21
5061,0,Cleared,2026-05-13
5062,0,Cleared,2025-11-23
5063,0,Cleared,2026-07-23
5064,0,Cleared,2026-05-22
5065,0,Cleared,2025-04-12
5066,0,Cleared,2026-03-09
5067,1,Confirmed Fraud,2025-11-17
5068,1,Confirmed Fraud,2026-06-04
5069,0,Cleared,2026-06-11
5070,0,Cleared,2026-04-11
5071,0,Cleared,2025-10-01
5072,0,Cleared,2026-08-03
5073,0,Cleared,2026-02-27
5074,0,Cleared,2025-07-25
5075,0,Cleared,2025-08-01
5076,0,Cleared,2025-10-13
5077,0,Cleared,2026-04-25
5078,0,Cleared,2025-09-23
5079,1,Confirmed Fraud,2026-06-25
5080,0,Cleared,2025-10-21
5081,0,Cleared,2025-12-02
5082,0,Cleared,2025-09-12
5083,0,Cleared,2025-07-21
5084,0,Cleared,2026-02-07
5085,0,Cleared,2026-06-08
5086,0,Cleared,2026-05-05
5087,0,Cleared,2025-12-16
5088,0,Cleared,2026-02-24
5089,0,Cleared,2026-01-04
5090,0,Cleared,2025-01-27
5091,0,Cleared,2026-07-03
5092,0,Cleared,2026-05-29
5093,0,Cleared,2026-01-14
5094,0,Cleared,2026-04-17
5095,1,Confirmed Fraud,2025-02-06
5096,0,Cleared,2025-12-28
5097,0,Cleared,2025-08-17
5098,0,Cleared,2026-05-31
5099,0,Cleared,2025-11-09
5100,0,Cleared,2026-06-26
5101,0,Cleared,2025-11-27
5102,0,Cleared,2026-07-18
5103,0,Cleared,2026-03-05
5104,0,Cleared,2025-11-18
5105,0,Cleared,2025-09-06
5106,0,Cleared,2026-05-14
5107,0,Cleared,2025-07-02
5108,0,Cleared,2025-06-04
5109,0,Cleared,2026-04-22
5110,0,Cleared,2025-06-08
5111,0,Cleared,2026-06-05
5112,0,Cleared,2026-08-02
5113,0,Cleared,2026-06-24
5114,0,Cleared,2025-08-23
5115,0,Cleared,2026-02-12
5116,0,Cleared,2025-12-10
5117,0,Cleared,2026-01-11
5118,0,Cleared,2026-01-09
5119,0,Cleared,2025-05-17
5120,0,Cleared,2026-02-19
5121,0,Cleared,2026-06-13
5122,0,Cleared,2026-03-24
5123,0,Cleared,2026-05-20
5124,1,Confirmed Fraud,2026-06-20
5125,0,Cleared,2025-12-19
5126,0,Cleared,2026-02-03
5127,0,Cleared,2025-11-22
5128,0,Cleared,2026-05-13
5129,0,Cleared,2025-11-01
5130,0,Cleared,2025-12-09
5131,0,Cleared,2026-01-08
5132,0,Cleared,2026-03-21
5133,0,Cleared,2025-11-21
5134,0,Cleared,2026-07-30
5135,0,Cleared,2025-11-15
5136,0,Cleared,2026-02-03
5137,0,Cleared,2025-09-30
5138,0,Cleared,2026-02-23
5139,0,Cleared,2026-01-08
5140,0,Cleared,2025-12-08
5141,0,Cleared,2025-06-16
5142,0,Cleared,2026-06-22
5143,0,Cleared,2025-05-01
5144,0,Cleared,2025-09-10
5145,0,Cleared,2025-05-15
5146,0,Cleared,2026-05-22
5147,0,Cleared,2026-08-01
5148,0,Cleared,2025-05-01
5149,0,Cleared,2026-07-08
5150,0,Cleared,2026-07-12
5151,0,Cleared,2025-04-12
5152,0,Cleared,2026-01-22
5153,0,Cleared,2026-05-31
5154,1,Confirmed Fraud,2026-02-12
5155,0,Cleared,2026-07-27
5156,0,Cleared,2026-01-23
5157,0,Cleared,2026-07-02
5158,0,Cleared,2026-07-28
5159,0,Cleared,2026-07-05
5160,0,Cleared,2026-06-06
5161,0,Cleared,2025-07-20
5162,0,Cleared,2025-11-16
5163,0,Cleared,2026-04-29
5164,0,Cleared,2026-06-07
5165,0,Cleared,2025-04-08
5166,0,Cleared,2025-12-16
5167,0,Cleared,2025-07-26
5168,0,Cleared,2025-07-12
5169,0,Cleared,2026-05-14
5170,0,Cleared,2025-09-12
5171,0,Cleared,2026-04-14
5172,1,Confirmed Fraud,2026-05-20
5173,0,Cleared,2025-12-10
5174,0,Cleared,2025-07-04
5175,0,Cleared,2025-09-19
5176,0,Cleared,2025-01-16
5177,0,Cleared,2025-08-30
5178,0,Cleared,2026-06-18
5179,0,Cleared,2025-10-15
5180,0,Cleared,2025-02-04
5181,0,Cleared,2025-05-08
5182,0,Cleared,2026-06-03
5183,0,Cleared,2026-04-27
5184,0,Cleared,2025-07-05
5185,0,Cleared,2026-05-21
5186,0,Cleared,2025-08-12
5187,0,Cleared,2026-06-06
5188,0,Cleared,2026-06-10
5189,0,Cleared,2026-06-15
5190,0,Cleared,2025-04-01
5191,0,Cleared,2026-03-18
5192,0,Cleared,2026-03-12
5193,0,Cleared,2026-04-18
5194,0,Cleared,2026-07-08
5195,0,Cleared,2026-05-08
5196,0,Cleared,2026-04-30
5197,0,Cleared,2026-02-17
5198,0,Cleared,2026-06-04
5199,0,Cleared,2026-01-18
5200,0,Cleared,2025-06-24
5201,0,Cleared,2026-06-17
5202,0,Cleared,2025-07-04
5203,0,Cleared,2025-10-25
5204,0,Cleared,2026-08-13
5205,0,Cleared,2025-11-18
5206,0,Cleared,2025-03-08
5207,0,Cleared,2026-07-09
5208,0,Cleared,2025-11-06
5209,0,Cleared,2025-12-08
5210,0,Cleared,2026-07-17
5211,0,Cleared,2025-07-26
5212,0,Cleared,2025-08-03
5213,0,Cleared,2026-03-21
5214,0,Cleared,2025-06-13
5215,0,Cleared,2025-04-25
5216,0,Cleared,2025-06-24
5217,0,Cleared,2025-09-26
5218,0,Cleared,2026-05-16
5219,0,Cleared,2026-03-18
5220,0,Cleared,2026-08-01
5221,0,Cleared,2025-04-30
5222,1,Confirmed Fraud,2025-02-25
5223,0,Cleared,2025-05-01
5224,0,Cleared,2026-01-01
5225,0,Cleared,2026-07-27
5226,0,Cleared,2025-11-19
5227,0,Cleared,2026-05-11
5228,0,Cleared,2025-03-19
5229,0,Cleared,2025-05-06
5230,0,Cleared,2026-04-20
5231,0,Cleared,2025-09-13
5232,0,Cleared,2025-05-10
5233,0,Cleared,2026-07-14
5234,0,Cleared,2025-12-02
5235,0,Cleared,2025-04-26
5236,0,Cleared,2026-03-15
5237,0,Cleared,2026-01-05
5238,0,Cleared,2025-07-24
5239,0,Cleared,2025-03-04
5240,0,Cleared,2026-02-05
5241,0,Cleared,2026-05-17
5242,0,Cleared,2026-06-18
5243,0,Cleared,2026-07-16
5244,0,Cleared,2025-12-30
5245,0,Cleared,2026-02-12
5246,0,Cleared,2026-07-17
5247,0,Cleared,2026-07-22
5248,0,Cleared,2025-11-23
5249,0,Cleared,2025-02-02
5250,0,Cleared,2025-06-07
5251,0,Cleared,2026-07-19
5252,0,Cleared,2025-07-31
5253,0,Cleared,2025-06-09
5254,0,Cleared,2025-11-03
5255,0,Cleared,2026-04-10
5256,0,Cleared,2026-02-17
5257,0,Cleared,2025-12-23
5258,0,Cleared,2025-06-23
5259,0,Cleared,2025-12-11
5260,0,Cleared,2025-11-10
5261,0,Cleared,2026-04-29
5262,1,Confirmed Fraud,2026-01-25
5263,0,Cleared,2026-06-25
5264,0,Cleared,2025-04-16
5265,0,Cleared,2026-07-22
5266,0,Cleared,2026-07-27
5267,0,Cleared,2025-07-23
5268,0,Cleared,2026-07-11
5269,0,Cleared,2025-04-11
5270,0,Cleared,2026-01-23
5271,0,Cleared,2026-05-27
5272,0,Cleared,2026-07-20
5273,0,Cleared,2025-10-02
5274,0,Cleared,2026-06-26
5275,0,Cleared,2025-08-07
5276,0,Cleared,2025-03-22
5277,0,Cleared,2025-10-23
5278,0,Cleared,2025-02-04
5279,0,Cleared,2026-05-06
5280,0,Cleared,2025-11-06
5281,0,Cleared,2026-02-02
5282,0,Cleared,2025-09-14
5283,0,Cleared,2025-10-07
5284,0,Cleared,2026-03-26
5285,1,Confirmed Fraud,2026-07-30
5286,0,Cleared,2026-01-11
5287,0,Cleared,2025-02-24
5288,0,Cleared,2026-05-27
5289,0,Cleared,2025-07-13
5290,0,Cleared,2026-05-24
5291,0,Cleared,2026-03-15
5292,0,Cleared,2025-04-11
5293,0,Cleared,2025-08-28
5294,0,Cleared,2025-07-22
5295,0,Cleared,2026-07-22
5296,0,Cleared,2026-04-19
5297,0,Cleared,2026-07-07
5298,0,Cleared,2026-07-20
5299,0,Cleared,2026-05-12
5300,0,Cleared,2026-07-09
5301,0,Cleared,2025-12-08
5302,0,Cleared,2026-02-01
5303,0,Cleared,2025-07-13
5304,0,Cleared,2025-01-06
5305,0,Cleared,2026-04-28
5306,0,Cleared,2026-05-20
5307,0,Cleared,2025-11-13
5308,0,Cleared,2025-01-22
5309,0,Cleared,2025-09-04
5310,0,Cleared,2025-03-13
5311,0,Cleared,2025-06-25
5312,0,Cleared,2026-04-19
5313,0,Cleared,2026-05-12
5314,0,Cleared,2026-03-05
5315,0,Cleared,2025-11-09
5316,0,Cleared,2026-07-16
5317,0,Cleared,2026-06-11
5318,0,Cleared,2025-07-21
5319,0,Cleared,2026-01-20
5320,0,Cleared,2026-03-16
5321,0,Cleared,2026-03-12
5322,0,Cleared,2025-04-10
5323,0,Cleared,2025-07-21
5324,0,Cleared,2025-12-24
5325,1,Confirmed Fraud,2025-06-11
5326,0,Cleared,2025-11-20
5327,0,Cleared,2026-05-11
5328,1,Confirmed Fraud,2025-11-16
5329,1,Confirmed Fraud,2026-07-08
5330,0,Cleared,2026-03-26
5331,0,Cleared,2026-02-06
5332,0,Cleared,2025-07-24
5333,0,Cleared,2025-03-19
5334,0,Cleared,2025-03-13
5335,0,Cleared,2026-01-14
5336,0,Cleared,2026-04-29
5337,0,Cleared,2025-07-19
5338,0,Cleared,2025-01-28
5339,0,Cleared,2026-06-06
5340,0,Cleared,2026-06-16
5341,0,Cleared,2026-02-26
5342,0,Cleared,2026-03-08
5343,0,Cleared,2026-06-18
5344,0,Cleared,2025-04-26
5345,0,Cleared,2025-12-25
5346,0,Cleared,2026-06-25
5347,0,Cleared,2026-05-18
5348,0,Cleared,2025-11-04
5349,0,Cleared,2026-03-28
5350,0,Cleared,2025-02-09
5351,0,Cleared,2025-02-18
5352,1,Confirmed Fraud,2025-10-18
5353,0,Cleared,2026-03-27
5354,0,Cleared,2026-04-06
5355,1,Confirmed Fraud,2026-05-12
5356,0,Cleared,2026-07-24
5357,0,Cleared,2026-02-03
5358,0,Cleared,2025-07-16
5359,0,Cleared,2026-04-30
5360,0,Cleared,2026-07-15
5361,0,Cleared,2026-02-05
5362,0,Cleared,2026-03-01
5363,0,Cleared,2025-11-19
5364,0,Cleared,2025-03-10
5365,0,Cleared,2026-05-23
5366,0,Cleared,2025-12-09
5367,0,Cleared,2025-10-07
5368,1,Confirmed Fraud,2025-08-01
5369,0,Cleared,2026-03-19
5370,0,Cleared,2025-07-20
5371,0,Cleared,2025-02-05
5372,0,Cleared,2026-02-02
5373,0,Cleared,2026-02-06
5374,1,Confirmed Fraud,2026-06-26
5375,0,Cleared,2026-03-07
5376,0,Cleared,2026-04-08
5377,0,Cleared,2026-07-05
5378,0,Cleared,2026-01-09
5379,1,Confirmed Fraud,2026-04-27
5380,0,Cleared,2026-02-24
5381,0,Cleared,2025-03-08
5382,0,Cleared,2026-04-01
5383,0,Cleared,2026-07-13
5384,1,Confirmed Fraud,2026-06-29
5385,0,Cleared,2025-09-27
5386,0,Cleared,2026-03-28
5387,1,Confirmed Fraud,2026-05-30
5388,0,Cleared,2025-08-14
5389,0,Cleared,2025-09-19
5390,0,Cleared,2025-07-22
5391,0,Cleared,2025-11-06
5392,0,Cleared,2025-01-28
5393,0,Cleared,2025-01-31
5394,1,Confirmed Fraud,2026-05-30
5395,0,Cleared,2026-02-06
5396,0,Cleared,2025-06-12
5397,0,Cleared,2026-02-04
5398,1,Confirmed Fraud,2026-08-05
5399,1,Confirmed Fraud,2025-02-07
5400,0,Cleared,2026-02-08
5401,0,Cleared,2025-03-17
5402,0,Cleared,2025-07-26
5403,0,Cleared,2026-06-06
5404,0,Cleared,2025-09-12
5405,0,Cleared,2025-08-29
5406,0,Cleared,2026-02-19
5407,0,Cleared,2025-09-28
5408,0,Cleared,2025-12-09
5409,0,Cleared,2025-09-18
5410,0,Cleared,2026-07-18
5411,0,Cleared,2025-10-26
5412,0,Cleared,2026-07-11
5413,0,Cleared,2025-09-04
5414,0,Cleared,2026-03-20
5415,0,Cleared,2025-09-12
5416,0,Cleared,2025-05-08
5417,0,Cleared,2025-03-26
5418,0,Cleared,2025-11-11
5419,0,Cleared,2026-07-09
5420,0,Cleared,2025-01-15
5421,0,Cleared,2025-09-10
5422,0,Cleared,2025-12-10
5423,0,Cleared,2025-08-03
5424,0,Cleared,2026-01-25
5425,0,Cleared,2026-07-15
5426,0,Cleared,2026-05-05
5427,0,Cleared,2025-10-10
5428,0,Cleared,2025-09-25
5429,0,Cleared,2026-03-31
5430,0,Cleared,2026-07-12
5431,0,Cleared,2026-03-16
5432,0,Cleared,2026-05-22
5433,0,Cleared,2025-11-26
5434,0,Cleared,2025-01-26
5435,1,Confirmed Fraud,2026-07-23
5436,0,Cleared,2026-03-24
5437,0,Cleared,2025-08-16
5438,0,Cleared,2026-06-28
5439,0,Cleared,2026-07-14
5440,0,Cleared,2026-06-20
5441,0,Cleared,2026-04-22
5442,0,Cleared,2026-01-04
5443,0,Cleared,2026-05-02
5444,0,Cleared,2026-06-23
5445,0,Cleared,2026-02-01
5446,0,Cleared,2025-05-05
5447,0,Cleared,2026-07-18
5448,0,Cleared,2026-07-29
5449,0,Cleared,2026-06-12
5450,1,Confirmed Fraud,2026-07-18
5451,0,Cleared,2026-08-04
5452,0,Cleared,2026-05-24
5453,0,Cleared,2026-07-23
5454,0,Cleared,2026-01-30
5455,0,Cleared,2025-12-02
5456,0,Cleared,2026-01-17
5457,0,Cleared,2026-05-06
5458,0,Cleared,2025-03-12
5459,0,Cleared,2025-07-18
5460,0,Cleared,2025-10-29
5461,0,Cleared,2026-03-07
5462,0,Cleared,2026-03-04
5463,0,Cleared,2025-01-27
5464,0,Cleared,2026-06-14
5465,0,Cleared,2025-09-05
5466,0,Cleared,2025-04-09
5467,0,Cleared,2026-06-06
5468,0,Cleared,2025-02-05
5469,0,Cleared,2026-08-04
5470,0,Cleared,2026-02-19
5471,0,Cleared,2025-08-18
5472,0,Cleared,2025-10-26
5473,0,Cleared,2025-02-07
5474,0,Cleared,2025-07-14
5475,0,Cleared,2026-04-02
5476,0,Cleared,2026-05-29
5477,0,Cleared,2026-08-09
5478,1,Confirmed Fraud,2026-02-25
5479,0,Cleared,2026-05-08
5480,0,Cleared,2025-02-17
5481,0,Cleared,2025-12-10
5482,0,Cleared,2025-08-25
5483,0,Cleared,2025-11-19
5484,0,Cleared,2026-03-21
5485,0,Cleared,2026-03-27
5486,0,Cleared,2025-07-08
5487,0,Cleared,2026-07-27
5488,0,Cleared,2025-11-08
5489,0,Cleared,2026-05-02
5490,0,Cleared,2026-05-26
5491,0,Cleared,2026-04-24
5492,0,Cleared,2026-06-30
5493,0,Cleared,2025-12-31
5494,0,Cleared,2026-07-03
5495,0,Cleared,2025-01-17
5496,0,Cleared,2026-01-05
5497,0,Cleared,2025-09-01
5498,0,Cleared,2025-07-25
5499,0,Cleared,2026-06-07
5500,0,Cleared,2026-06-03
5501,0,Cleared,2025-04-22
5502,0,Cleared,2026-03-30
5503,0,Cleared,2025-08-04
5504,0,Cleared,2025-07-20
5505,0,Cleared,2026-05-21
5506,0,Cleared,2025-03-02
5507,0,Cleared,2026-06-14
5508,0,Cleared,2026-03-09
5509,0,Cleared,2026-07-29
5510,0,Cleared,2026-02-10
5511,0,Cleared,2025-03-10
5512,0,Cleared,2025-12-06
5513,0,Cleared,2026-04-04
5514,0,Cleared,2025-04-29
5515,0,Cleared,2025-11-28
5516,0,Cleared,2025-12-25
5517,0,Cleared,2025-06-03
5518,0,Cleared,2026-06-16
5519,0,Cleared,2025-11-20
5520,0,Cleared,2026-04-28
5521,0,Cleared,2025-11-08
5522,0,Cleared,2025-01-15
5523,0,Cleared,2025-10-25
5524,0,Cleared,2025-05-07
5525,0,Cleared,2025-02-08
5526,0,Cleared,2025-08-27
5527,0,Cleared,2026-05-22
5528,0,Cleared,2025-03-10
5529,0,Cleared,2025-03-06
5530,0,Cleared,2025-01-29
5531,0,Cleared,2026-05-14
5532,0,Cleared,2026-06-19
5533,0,Cleared,2026-03-14
5534,0,Cleared,2025-11-07
5535,0,Cleared,2026-05-10
5536,0,Cleared,2026-03-06
5537,0,Cleared,2025-07-28
5538,0,Cleared,2025-09-28
5539,0,Cleared,2025-02-25
5540,0,Cleared,2025-04-17
5541,0,Cleared,2026-02-14
5542,0,Cleared,2026-06-26
5543,0,Cleared,2026-03-10
5544,0,Cleared,2025-03-29
5545,0,Cleared,2026-05-23
5546,0,Cleared,2025-09-13
5547,0,Cleared,2025-02-13
5548,0,Cleared,2025-08-29
5549,0,Cleared,2025-12-02
5550,0,Cleared,2026-02-08
5551,0,Cleared,2026-07-01
5552,0,Cleared,2025-10-21
5553,0,Cleared,2026-07-10
5554,0,Cleared,2026-05-15
5555,0,Cleared,2026-07-26
5556,0,Cleared,2026-07-31
5557,0,Cleared,2025-10-17
5558,0,Cleared,2026-07-16
5559,0,Cleared,2025-03-19
5560,0,Cleared,2025-10-10
5561,0,Cleared,2025-11-02
5562,1,Confirmed Fraud,2026-03-01
5563,0,Cleared,2026-03-19
5564,0,Cleared,2025-03-05
5565,0,Cleared,2026-05-28
5566,1,Confirmed Fraud,2025-05-11
5567,0,Cleared,2025-06-09
5568,0,Cleared,2025-09-28
5569,0,Cleared,2025-10-07
5570,0,Cleared,2026-03-27
5571,0,Cleared,2025-05-21
5572,0,Cleared,2025-09-06
5573,0,Cleared,2025-12-26
5574,0,Cleared,2026-08-05
5575,0,Cleared,2026-01-22
5576,0,Cleared,2026-02-07
5577,0,Cleared,2025-10-01
5578,0,Cleared,2026-04-07
5579,0,Cleared,2026-06-14
5580,0,Cleared,2025-07-19
5581,0,Cleared,2026-05-10
5582,0,Cleared,2026-03-25
5583,0,Cleared,2026-07-15
5584,0,Cleared,2026-06-10
5585,0,Cleared,2025-12-04
5586,0,Cleared,2025-04-02
5587,1,Confirmed Fraud,2026-05-16
5588,0,Cleared,2025-03-01
5589,0,Cleared,2026-05-19
5590,1,Confirmed Fraud,2025-10-01
5591,0,Cleared,2026-05-15
5592,0,Cleared,2026-01-22
5593,0,Cleared,2026-04-17
5594,0,Cleared,2025-09-20
5595,0,Cleared,2025-11-10
5596,0,Cleared,2025-10-19
5597,0,Cleared,2025-06-29
5598,0,Cleared,2026-07-08
5599,0,Cleared,2026-06-08
5600,0,Cleared,2026-07-20
5601,1,Confirmed Fraud,2025-10-15
5602,0,Cleared,2026-05-05
5603,0,Cleared,2026-07-11
5604,0,Cleared,2026-04-15
5605,0,Cleared,2025-12-27
5606,0,Cleared,2025-10-10
5607,0,Cleared,2026-03-13
5608,0,Cleared,2025-06-20
5609,0,Cleared,2026-05-29
5610,0,Cleared,2026-05-10
5611,0,Cleared,2026-02-21
5612,0,Cleared,2026-05-12
5613,0,Cleared,2025-08-25
5614,0,Cleared,2025-12-19
5615,0,Cleared,2025-04-13
5616,0,Cleared,2026-05-31
5617,0,Cleared,2026-02-27
5618,0,Cleared,2025-10-21
5619,0,Cleared,2026-04-04
5620,0,Cleared,2026-04-15
5621,0,Cleared,2025-03-28
5622,0,Cleared,2026-08-03
5623,0,Cleared,2025-11-29
5624,0,Cleared,2026-05-17
5625,0,Cleared,2026-02-09
5626,0,Cleared,2025-02-24
5627,0,Cleared,2026-01-11
5628,0,Cleared,2025-11-20
5629,0,Cleared,2026-07-24
5630,0,Cleared,2025-10-07
5631,0,Cleared,2026-04-20
5632,0,Cleared,2026-06-29
5633,0,Cleared,2025-09-27
5634,0,Cleared,2025-12-16
5635,0,Cleared,2025-07-06
5636,0,Cleared,2025-12-27
5637,0,Cleared,2025-04-29
5638,0,Cleared,2025-10-23
5639,0,Cleared,2025-02-28
5640,0,Cleared,2026-01-05
5641,0,Cleared,2025-05-10
5642,0,Cleared,2026-08-09
5643,0,Cleared,2026-01-07
5644,0,Cleared,2026-02-11
5645,0,Cleared,2026-03-03
5646,0,Cleared,2025-02-27
5647,0,Cleared,2026-03-06
5648,0,Cleared,2026-02-18
5649,0,Cleared,2026-05-22
5650,0,Cleared,2026-04-12
5651,0,Cleared,2025-07-15
5652,0,Cleared,2026-05-28
5653,0,Cleared,2025-10-21
5654,0,Cleared,2025-12-19
5655,0,Cleared,2026-08-16
5656,0,Cleared,2025-12-14
5657,0,Cleared,2026-08-02
5658,0,Cleared,2025-08-04
5659,0,Cleared,2026-02-18
5660,0,Cleared,2025-04-07
5661,0,Cleared,2025-07-01
5662,0,Cleared,2026-04-14
5663,0,Cleared,2025-05-24
5664,0,Cleared,2025-02-15
5665,0,Cleared,2025-11-27
5666,0,Cleared,2025-09-07
5667,0,Cleared,2026-03-09
5668,0,Cleared,2026-07-30
5669,0,Cleared,2025-07-12
5670,0,Cleared,2026-01-23
5671,0,Cleared,2025-08-11
5672,0,Cleared,2026-03-11
5673,0,Cleared,2025-11-28
5674,0,Cleared,2026-01-06
5675,0,Cleared,2025-07-09
5676,0,Cleared,2026-07-17
5677,0,Cleared,2025-07-31
5678,0,Cleared,2025-09-03
5679,0,Cleared,2025-10-22
5680,0,Cleared,2026-07-17
5681,0,Cleared,2025-02-08
5682,0,Cleared,2025-03-18
5683,0,Cleared,2026-07-05
5684,0,Cleared,2025-12-22
5685,0,Cleared,2026-06-30
5686,0,Cleared,2025-08-24
5687,0,Cleared,2026-06-23
5688,0,Cleared,2025-10-20
5689,0,Cleared,2025-10-03
5690,0,Cleared,2025-12-31
5691,0,Cleared,2026-02-02
5692,0,Cleared,2025-12-29
5693,0,Cleared,2026-06-23
5694,0,Cleared,2025-09-30
5695,0,Cleared,2026-04-06
5696,0,Cleared,2026-05-25
5697,0,Cleared,2026-05-20
5698,1,Confirmed Fraud,2025-11-11
5699,0,Cleared,2026-01-02
5700,0,Cleared,2025-01-15
5701,0,Cleared,2026-05-12
5702,0,Cleared,2026-03-01
5703,0,Cleared,2026-06-29
5704,0,Cleared,2026-05-24
5705,0,Cleared,2026-02-23
5706,0,Cleared,2026-05-11
5707,0,Cleared,2025-07-02
5708,0,Cleared,2026-03-14
5709,0,Cleared,2025-02-20
5710,0,Cleared,2025-10-01
5711,0,Cleared,2025-07-07
5712,0,Cleared,2026-07-11
5713,0,Cleared,2026-07-12
5714,0,Cleared,2025-12-08
5715,1,Confirmed Fraud,2025-01-17
5716,0,Cleared,2025-04-14
5717,1,Confirmed Fraud,2026-05-10
5718,0,Cleared,2025-05-18
5719,0,Cleared,2026-07-18
5720,0,Cleared,2025-08-18
5721,1,Confirmed Fraud,2025-09-27
5722,0,Cleared,2026-03-01
5723,0,Cleared,2026-04-30
5724,1,Confirmed Fraud,2026-04-01
5725,0,Cleared,2026-02-19
5726,0,Cleared,2025-06-12
5727,0,Cleared,2026-07-08
5728,0,Cleared,2026-02-04
5729,0,Cleared,2026-02-14
5730,0,Cleared,2025-01-07
5731,0,Cleared,2025-05-13
5732,0,Cleared,2026-03-06
5733,0,Cleared,2025-12-14
5734,0,Cleared,2025-11-07
5735,0,Cleared,2025-02-06
5736,0,Cleared,2025-11-16
5737,0,Cleared,2025-07-10
5738,0,Cleared,2025-03-11
5739,0,Cleared,2026-07-23
5740,0,Cleared,2025-08-05
5741,0,Cleared,2026-08-02
5742,0,Cleared,2025-02-26
5743,0,Cleared,2025-08-13
5744,0,Cleared,2025-03-29
5745,0,Cleared,2025-10-13
5746,1,Confirmed Fraud,2026-06-23
5747,0,Cleared,2026-05-29
5748,0,Cleared,2025-09-30
5749,0,Cleared,2025-02-02
5750,0,Cleared,2025-09-04
5751,0,Cleared,2025-02-10
5752,0,Cleared,2025-01-13
5753,0,Cleared,2025-10-15
5754,0,Cleared,2026-01-02
5755,0,Cleared,2026-05-05
5756,0,Cleared,2026-05-25
5757,0,Cleared,2025-12-11
5758,0,Cleared,2026-05-06
5759,0,Cleared,2026-03-24
5760,1,Confirmed Fraud,2025-02-17
5761,0,Cleared,2026-07-03
5762,1,Confirmed Fraud,2026-07-14
5763,0,Cleared,2026-07-31
5764,0,Cleared,2026-05-17
5765,0,Cleared,2026-01-05
5766,0,Cleared,2026-07-01
5767,0,Cleared,2025-08-05
5768,0,Cleared,2026-07-17
5769,0,Cleared,2026-06-30
5770,0,Cleared,2025-01-25
5771,0,Cleared,2026-08-08
5772,0,Cleared,2026-05-14
5773,0,Cleared,2026-05-30
5774,0,Cleared,2026-03-20
5775,0,Cleared,2026-06-01
5776,0,Cleared,2026-03-08
5777,0,Cleared,2025-02-09
5778,1,Confirmed Fraud,2026-08-03
5779,0,Cleared,2026-03-24
5780,1,Confirmed Fraud,2026-07-04
5781,0,Cleared,2026-06-09
5782,0,Cleared,2025-06-17
5783,0,Cleared,2026-07-19
5784,0,Cleared,2026-06-16
5785,0,Cleared,2026-03-16
5786,1,Confirmed Fraud,2026-04-08
5787,0,Cleared,2026-06-02
5788,0,Cleared,2025-06-25
5789,0,Cleared,2026-04-03
5790,0,Cleared,2025-09-21
5791,0,Cleared,2026-04-30
5792,0,Cleared,2025-10-26
5793,0,Cleared,2025-04-12
5794,0,Cleared,2026-02-20
5795,0,Cleared,2025-03-12
5796,0,Cleared,2025-08-30
5797,0,Cleared,2025-11-19
5798,0,Cleared,2026-04-07
5799,0,Cleared,2026-06-30
5800,0,Cleared,2026-03-09
5801,0,Cleared,2025-08-25
5802,0,Cleared,2025-02-27
5803,0,Cleared,2026-07-02
5804,0,Cleared,2025-04-03
5805,1,Confirmed Fraud,2026-04-25
5806,0,Cleared,2026-07-29
5807,0,Cleared,2025-09-13
5808,0,Cleared,2026-01-19
5809,0,Cleared,2026-05-15
5810,0,Cleared,2026-07-30
5811,0,Cleared,2026-02-27
5812,0,Cleared,2025-03-31
5813,0,Cleared,2026-07-18
5814,0,Cleared,2026-04-04
5815,0,Cleared,2026-06-04
5816,0,Cleared,2025-05-17
5817,0,Cleared,2026-02-09
5818,0,Cleared,2026-06-09
5819,0,Cleared,2025-02-24
5820,0,Cleared,2025-07-25
5821,0,Cleared,2026-07-13
5822,0,Cleared,2026-04-19
5823,0,Cleared,2026-04-05
5824,0,Cleared,2025-02-24
5825,0,Cleared,2025-08-11
5826,0,Cleared,2026-02-16
5827,0,Cleared,2025-02-18
5828,0,Cleared,2025-10-13
5829,0,Cleared,2026-07-27
5830,0,Cleared,2025-01-29
5831,0,Cleared,2026-07-16
5832,0,Cleared,2025-09-28
5833,0,Cleared,2026-07-13
5834,0,Cleared,2025-02-04
5835,0,Cleared,2026-04-26
5836,0,Cleared,2026-07-15
5837,0,Cleared,2026-04-30
5838,0,Cleared,2025-08-06
5839,0,Cleared,2025-12-10
5840,0,Cleared,2025-11-24
5841,0,Cleared,2025-08-23
5842,1,Confirmed Fraud,2025-03-24
5843,0,Cleared,2026-02-06
5844,0,Cleared,2025-12-02
5845,0,Cleared,2026-05-10
5846,0,Cleared,2025-10-21
5847,0,Cleared,2026-04-18
5848,0,Cleared,2025-10-27
5849,0,Cleared,2026-03-16
5850,0,Cleared,2025-07-09
5851,0,Cleared,2025-03-23
5852,0,Cleared,2026-02-07
5853,0,Cleared,2026-05-05
5854,0,Cleared,2025-07-22
5855,0,Cleared,2026-01-14
5856,0,Cleared,2025-11-25
5857,0,Cleared,2026-01-26
5858,0,Cleared,2025-05-31
5859,1,Confirmed Fraud,2026-06-06
5860,0,Cleared,2025-05-26
5861,0,Cleared,2025-12-09
5862,0,Cleared,2026-07-09
5863,0,Cleared,2026-06-01
5864,0,Cleared,2026-06-04
5865,0,Cleared,2025-12-12
5866,0,Cleared,2026-02-04
5867,0,Cleared,2025-05-25
5868,0,Cleared,2025-03-18
5869,0,Cleared,2025-11-25
5870,0,Cleared,2026-01-01
5871,0,Cleared,2026-03-27
5872,0,Cleared,2026-07-01
5873,0,Cleared,2026-05-26
5874,0,Cleared,2026-04-29
5875,0,Cleared,2025-10-02
5876,0,Cleared,2025-10-07
5877,0,Cleared,2025-05-30
5878,0,Cleared,2025-08-09
5879,0,Cleared,2026-01-12
5880,0,Cleared,2026-04-28
5881,0,Cleared,2026-05-06
5882,0,Cleared,2026-05-05
5883,0,Cleared,2026-03-16
5884,0,Cleared,2026-06-05
5885,0,Cleared,2025-05-29
5886,0,Cleared,2026-03-12
5887,0,Cleared,2025-11-12
5888,0,Cleared,2026-04-19
5889,0,Cleared,2025-09-21
5890,0,Cleared,2025-01-21
5891,0,Cleared,2026-06-28
5892,1,Confirmed Fraud,2026-04-07
5893,0,Cleared,2025-03-24
5894,0,Cleared,2025-12-12
5895,0,Cleared,2026-06-25
5896,0,Cleared,2026-07-27
5897,1,Confirmed Fraud,2025-01-21
5898,0,Cleared,2026-01-10
5899,0,Cleared,2025-04-29
5900,0,Cleared,2025-01-15
5901,0,Cleared,2026-06-01
5902,0,Cleared,2026-05-11
5903,0,Cleared,2026-05-22
5904,0,Cleared,2025-10-08
5905,0,Cleared,2025-11-12
5906,0,Cleared,2026-01-15
5907,0,Cleared,2026-08-04
5908,0,Cleared,2026-07-07
5909,0,Cleared,2026-07-10
5910,0,Cleared,2026-06-27
5911,0,Cleared,2026-05-07
5912,0,Cleared,2026-02-06
5913,0,Cleared,2025-11-01
5914,0,Cleared,2026-02-13
5915,0,Cleared,2025-02-11
5916,0,Cleared,2026-03-05
5917,0,Cleared,2026-07-26
5918,0,Cleared,2026-04-06
5919,0,Cleared,2025-11-01
5920,0,Cleared,2025-11-02
5921,0,Cleared,2026-03-28
5922,0,Cleared,2026-05-02
5923,0,Cleared,2025-08-11
5924,1,Confirmed Fraud,2026-02-21
5925,0,Cleared,2025-10-30
5926,1,Confirmed Fraud,2026-07-04
5927,0,Cleared,2026-02-01
5928,0,Cleared,2025-09-16
5929,0,Cleared,2025-07-10
5930,0,Cleared,2025-11-18
5931,0,Cleared,2025-04-24
5932,0,Cleared,2025-09-07
5933,0,Cleared,2025-12-08
5934,0,Cleared,2025-09-03
5935,0,Cleared,2025-06-14
5936,0,Cleared,2026-03-28
5937,0,Cleared,2026-01-05
5938,0,Cleared,2026-05-06
5939,1,Confirmed Fraud,2025-08-26
5940,0,Cleared,2026-02-10
5941,0,Cleared,2025-10-14
5942,0,Cleared,2025-07-04
5943,0,Cleared,2026-02-11
5944,0,Cleared,2025-04-01
5945,0,Cleared,2026-07-29
5946,0,Cleared,2025-12-05
5947,0,Cleared,2026-05-21
5948,0,Cleared,2026-06-24
5949,0,Cleared,2026-07-03
5950,0,Cleared,2026-06-08
5951,0,Cleared,2025-04-15
5952,0,Cleared,2026-02-16
5953,0,Cleared,2026-03-30
5954,0,Cleared,2026-07-26
5955,0,Cleared,2026-01-02
5956,0,Cleared,2026-03-23
5957,0,Cleared,2026-05-27
5958,0,Cleared,2026-06-27
5959,0,Cleared,2026-02-28
5960,0,Cleared,2026-08-13
5961,0,Cleared,2026-07-04
5962,0,Cleared,2025-08-02
5963,0,Cleared,2025-06-05
5964,0,Cleared,2026-02-13
5965,0,Cleared,2026-01-15
5966,1,Confirmed Fraud,2026-07-06
5967,1,Confirmed Fraud,2025-05-03
5968,0,Cleared,2026-03-16
5969,0,Cleared,2025-08-09
5970,0,Cleared,2026-07-13
5971,0,Cleared,2025-01-14
5972,0,Cleared,2026-05-06
5973,0,Cleared,2025-07-31
5974,0,Cleared,2026-07-11
5975,0,Cleared,2025-03-15
5976,0,Cleared,2025-06-07
5977,0,Cleared,2026-03-09
5978,0,Cleared,2026-02-03
5979,0,Cleared,2026-02-16
5980,1,Confirmed Fraud,2026-08-09
5981,0,Cleared,2025-12-22
5982,0,Cleared,2026-01-13
5983,0,Cleared,2025-02-14
5984,0,Cleared,2026-06-22
5985,0,Cleared,2025-05-27
5986,0,Cleared,2025-08-05
5987,0,Cleared,2026-06-01
5988,0,Cleared,2025-12-14
5989,0,Cleared,2026-03-05
5990,0,Cleared,2026-08-04
5991,0,Cleared,2026-01-06
5992,0,Cleared,2026-07-12
5993,0,Cleared,2026-06-10
5994,0,Cleared,2025-04-28
5995,0,Cleared,2025-07-29
5996,0,Cleared,2026-05-31
5997,0,Cleared,2025-05-31
5998,0,Cleared,2026-02-10
5999,0,Cleared,2026-04-06
6000,0,Cleared,2025-02-20
6001,0,Cleared,2025-05-09
6002,1,Confirmed Fraud,2025-12-09
6003,0,Cleared,2025-07-11
6004,1,Confirmed Fraud,2026-06-30
6005,0,Cleared,2025-07-04
6006,0,Cleared,2026-06-16
6007,0,Cleared,2026-03-16
6008,0,Cleared,2025-08-12
6009,0,Cleared,2026-02-03
6010,0,Cleared,2026-01-21
6011,0,Cleared,2026-03-03
6012,1,Confirmed Fraud,2026-07-09
6013,0,Cleared,2025-02-02
6014,0,Cleared,2026-02-27
6015,0,Cleared,2026-02-21
6016,0,Cleared,2025-11-27
6017,0,Cleared,2026-01-06
6018,0,Cleared,2026-06-26
6019,0,Cleared,2026-03-21
6020,0,Cleared,2026-07-02
6021,0,Cleared,2026-05-08
6022,0,Cleared,2025-02-07
6023,1,Confirmed Fraud,2026-07-12
6024,0,Cleared,2026-04-02
6025,0,Cleared,2026-05-01
6026,0,Cleared,2026-06-25
6027,0,Cleared,2026-07-02
6028,0,Cleared,2026-04-09
6029,0,Cleared,2026-06-20
6030,0,Cleared,2025-12-15
6031,0,Cleared,2025-07-23
6032,0,Cleared,2026-07-28
6033,0,Cleared,2026-02-18
6034,0,Cleared,2025-09-18
6035,0,Cleared,2025-09-16
6036,0,Cleared,2026-06-11
6037,0,Cleared,2025-12-23
6038,0,Cleared,2025-09-19
6039,0,Cleared,2025-12-24
6040,0,Cleared,2026-06-05
6041,0,Cleared,2026-03-23
6042,0,Cleared,2025-10-06
6043,0,Cleared,2025-05-13
6044,0,Cleared,2026-01-25
6045,0,Cleared,2026-08-08
6046,1,Confirmed Fraud,2026-06-25
6047,0,Cleared,2026-08-09
6048,0,Cleared,2026-07-25
6049,0,Cleared,2025-05-07
6050,0,Cleared,2025-11-22
6051,0,Cleared,2026-06-19
6052,0,Cleared,2025-02-22
6053,0,Cleared,2025-06-23
6054,0,Cleared,2025-06-16
6055,0,Cleared,2026-04-26
6056,0,Cleared,2026-06-30
6057,1,Confirmed Fraud,2026-05-27
6058,0,Cleared,2026-07-18
6059,0,Cleared,2025-10-20
6060,0,Cleared,2026-06-07
6061,0,Cleared,2026-07-07
6062,0,Cleared,2025-11-11
6063,0,Cleared,2026-07-26
6064,0,Cleared,2026-05-06
6065,0,Cleared,2025-02-11
6066,0,Cleared,2026-01-18
6067,0,Cleared,2025-08-11
6068,0,Cleared,2026-04-15
6069,0,Cleared,2025-12-12
6070,0,Cleared,2025-06-22
6071,0,Cleared,2025-09-12
6072,0,Cleared,2025-02-16
6073,0,Cleared,2025-03-31
6074,0,Cleared,2026-02-17
6075,0,Cleared,2025-07-10
6076,0,Cleared,2026-02-09
6077,0,Cleared,2026-03-22
6078,1,Confirmed Fraud,2025-06-04
6079,0,Cleared,2026-04-26
6080,1,Confirmed Fraud,2026-06-26
6081,0,Cleared,2025-08-06
6082,0,Cleared,2025-12-09
6083,0,Cleared,2026-02-13
6084,0,Cleared,2026-04-27
6085,0,Cleared,2026-05-17
6086,0,Cleared,2026-07-19
6087,0,Cleared,2025-02-07
6088,0,Cleared,2025-08-04
6089,0,Cleared,2026-05-23
6090,0,Cleared,2026-07-11
6091,0,Cleared,2026-07-11
6092,0,Cleared,2026-04-12
6093,0,Cleared,2025-09-14
6094,0,Cleared,2026-05-06
6095,0,Cleared,2026-02-03
6096,0,Cleared,2025-09-13
6097,0,Cleared,2026-08-05
6098,0,Cleared,2025-06-03
6099,0,Cleared,2026-07-14
6100,0,Cleared,2026-02-27
6101,0,Cleared,2025-10-12
6102,0,Cleared,2026-03-09
6103,0,Cleared,2025-07-01
6104,0,Cleared,2025-06-17
6105,0,Cleared,2025-05-29
6106,0,Cleared,2026-04-12
6107,0,Cleared,2026-04-24
6108,0,Cleared,2026-01-31
6109,0,Cleared,2025-12-15
6110,0,Cleared,2025-01-27
6111,0,Cleared,2026-05-21
6112,0,Cleared,2026-04-15
6113,0,Cleared,2025-10-04
6114,0,Cleared,2025-04-28
6115,0,Cleared,2026-01-03
6116,0,Cleared,2025-09-06
6117,0,Cleared,2025-05-01
6118,0,Cleared,2026-06-28
6119,0,Cleared,2026-02-23
6120,0,Cleared,2026-08-12
6121,0,Cleared,2025-11-30
6122,0,Cleared,2026-06-24
6123,0,Cleared,2025-05-25
6124,1,Confirmed Fraud,2025-01-28
6125,0,Cleared,2025-08-04
6126,0,Cleared,2025-07-19
6127,0,Cleared,2025-09-06
6128,0,Cleared,2026-02-27
6129,0,Cleared,2025-08-25
6130,0,Cleared,2025-08-27
6131,0,Cleared,2026-08-10
6132,0,Cleared,2025-09-02
6133,0,Cleared,2026-05-24
6134,0,Cleared,2026-01-19
6135,0,Cleared,2025-09-18
6136,0,Cleared,2025-04-25
6137,0,Cleared,2026-04-01
6138,0,Cleared,2026-03-01
6139,0,Cleared,2026-08-10
6140,0,Cleared,2025-11-20
6141,0,Cleared,2025-12-05
6142,0,Cleared,2026-02-12
6143,0,Cleared,2026-01-13
6144,1,Confirmed Fraud,2026-01-21
6145,0,Cleared,2026-03-23
6146,0,Cleared,2026-03-16
6147,0,Cleared,2026-06-29
6148,0,Cleared,2025-07-24
6149,0,Cleared,2026-02-14
6150,0,Cleared,2026-03-30
6151,0,Cleared,2025-02-22
6152,0,Cleared,2025-05-05
6153,0,Cleared,2026-03-04
6154,0,Cleared,2026-05-09
6155,0,Cleared,2025-08-30
6156,0,Cleared,2026-06-11
6157,0,Cleared,2025-09-20
6158,0,Cleared,2026-05-05
6159,0,Cleared,2026-01-02
6160,0,Cleared,2026-01-20
6161,0,Cleared,2026-06-10
6162,0,Cleared,2026-01-25
6163,0,Cleared,2026-07-23
6164,0,Cleared,2025-09-21
6165,0,Cleared,2026-06-28
6166,1,Confirmed Fraud,2025-10-12
6167,0,Cleared,2026-01-13
6168,0,Cleared,2026-03-02
6169,0,Cleared,2026-06-13
6170,0,Cleared,2026-06-25
6171,0,Cleared,2026-06-23
6172,0,Cleared,2026-05-05
6173,0,Cleared,2026-04-30
6174,0,Cleared,2025-01-18
6175,0,Cleared,2026-04-11
6176,0,Cleared,2026-04-29
6177,0,Cleared,2026-06-26
6178,0,Cleared,2025-02-16
6179,0,Cleared,2026-06-07
6180,0,Cleared,2025-02-22
6181,0,Cleared,2025-10-30
6182,0,Cleared,2025-08-12
6183,0,Cleared,2025-05-08
6184,0,Cleared,2025-09-26
6185,0,Cleared,2026-04-24
6186,0,Cleared,2025-04-21
6187,0,Cleared,2025-07-11
6188,0,Cleared,2026-07-11
6189,0,Cleared,2025-06-06
6190,0,Cleared,2025-10-19
6191,0,Cleared,2025-07-07
6192,1,Confirmed Fraud,2026-05-16
6193,0,Cleared,2025-09-12
6194,0,Cleared,2026-07-29
6195,0,Cleared,2025-06-12
6196,0,Cleared,2025-02-01
6197,0,Cleared,2025-05-17
6198,0,Cleared,2025-01-12
6199,0,Cleared,2026-04-09
6200,0,Cleared,2026-04-30
6201,0,Cleared,2026-06-23
6202,0,Cleared,2025-06-08
6203,0,Cleared,2026-05-26
6204,0,Cleared,2026-07-17
6205,1,Confirmed Fraud,2026-04-10
6206,0,Cleared,2026-03-30
6207,0,Cleared,2026-04-18
6208,0,Cleared,2026-01-07
6209,0,Cleared,2026-07-22
6210,0,Cleared,2025-05-12
6211,0,Cleared,2025-07-20
6212,0,Cleared,2025-06-28
6213,0,Cleared,2026-05-26
6214,0,Cleared,2025-07-02
6215,0,Cleared,2026-05-05
6216,0,Cleared,2025-06-09
6217,0,Cleared,2026-06-27
6218,0,Cleared,2026-02-05
6219,0,Cleared,2026-07-20
6220,0,Cleared,2026-04-28
6221,0,Cleared,2026-04-16
6222,0,Cleared,2025-08-14
6223,0,Cleared,2026-05-12
6224,0,Cleared,2026-06-20
6225,0,Cleared,2026-07-12
6226,1,Confirmed Fraud,2025-03-09
6227,0,Cleared,2025-09-29
6228,0,Cleared,2026-06-06
6229,0,Cleared,2026-02-20
6230,0,Cleared,2026-05-29
6231,0,Cleared,2026-07-13
6232,0,Cleared,2026-06-18
6233,0,Cleared,2026-07-16
6234,0,Cleared,2026-02-09
6235,0,Cleared,2026-07-02
6236,0,Cleared,2025-03-12
6237,0,Cleared,2026-07-13
6238,0,Cleared,2026-05-25
6239,0,Cleared,2026-08-13
6240,0,Cleared,2026-02-16
6241,0,Cleared,2025-02-08
6242,0,Cleared,2026-03-14
6243,0,Cleared,2025-11-22
6244,0,Cleared,2025-05-04
6245,0,Cleared,2025-06-21
6246,0,Cleared,2026-01-27
6247,0,Cleared,2026-07-19
6248,1,Confirmed Fraud,2025-11-07
6249,0,Cleared,2026-07-21
6250,0,Cleared,2026-07-04
6251,0,Cleared,2025-03-21
6252,0,Cleared,2025-12-16
6253,0,Cleared,2025-12-05
6254,1,Confirmed Fraud,2026-06-30
6255,0,Cleared,2026-03-17
6256,0,Cleared,2025-03-19
6257,0,Cleared,2026-03-10
6258,0,Cleared,2026-04-27
6259,0,Cleared,2026-01-23
6260,0,Cleared,2026-07-18
6261,1,Confirmed Fraud,2025-04-11
6262,0,Cleared,2026-07-04
6263,0,Cleared,2026-01-24
6264,0,Cleared,2026-03-29
6265,1,Confirmed Fraud,2025-12-03
6266,0,Cleared,2025-04-21
6267,0,Cleared,2026-07-19
6268,0,Cleared,2026-02-14
6269,0,Cleared,2025-11-13
6270,0,Cleared,2025-08-24
6271,0,Cleared,2026-05-30
6272,1,Confirmed Fraud,2025-03-17
6273,1,Confirmed Fraud,2026-07-07
6274,0,Cleared,2025-08-21
6275,0,Cleared,2026-06-12
6276,0,Cleared,2026-05-11
6277,0,Cleared,2025-08-30
6278,0,Cleared,2026-05-29
6279,0,Cleared,2026-04-12
6280,0,Cleared,2026-02-27
6281,0,Cleared,2026-05-14
6282,0,Cleared,2025-11-09
6283,0,Cleared,2025-04-27
6284,0,Cleared,2025-03-18
6285,0,Cleared,2026-06-06
6286,0,Cleared,2026-08-05
6287,0,Cleared,2025-04-26
6288,0,Cleared,2026-03-17
6289,0,Cleared,2026-03-12
6290,0,Cleared,2026-03-24
6291,0,Cleared,2026-08-13
6292,0,Cleared,2025-06-25
6293,0,Cleared,2025-02-20
6294,0,Cleared,2025-04-20
6295,0,Cleared,2025-11-27
6296,0,Cleared,2026-02-20
6297,0,Cleared,2026-02-28
6298,0,Cleared,2025-08-21
6299,0,Cleared,2026-08-02
6300,0,Cleared,2026-01-27
6301,0,Cleared,2025-11-28
6302,0,Cleared,2026-07-18
6303,0,Cleared,2025-12-09
6304,0,Cleared,2026-04-30
6305,0,Cleared,2026-04-17
6306,0,Cleared,2026-02-11
6307,0,Cleared,2026-06-24
6308,0,Cleared,2026-04-26
6309,0,Cleared,2025-08-09
6310,0,Cleared,2025-05-23
6311,0,Cleared,2026-04-07
6312,0,Cleared,2025-10-23
6313,0,Cleared,2026-07-24
6314,0,Cleared,2025-03-28
6315,0,Cleared,2025-06-29
6316,0,Cleared,2026-04-14
6317,0,Cleared,2025-05-11
6318,0,Cleared,2025-02-10
6319,0,Cleared,2025-12-06
6320,0,Cleared,2026-07-03
6321,0,Cleared,2025-11-27
6322,0,Cleared,2025-03-17
6323,1,Confirmed Fraud,2026-04-20
6324,0,Cleared,2025-05-20
6325,0,Cleared,2025-12-10
6326,0,Cleared,2026-01-24
6327,0,Cleared,2025-02-19
6328,0,Cleared,2026-07-23
6329,0,Cleared,2026-04-10
6330,0,Cleared,2026-03-01
6331,0,Cleared,2026-07-20
6332,0,Cleared,2026-08-13
6333,0,Cleared,2026-02-07
6334,0,Cleared,2025-12-23
6335,0,Cleared,2026-06-10
6336,0,Cleared,2026-07-26
6337,0,Cleared,2025-12-02
6338,1,Confirmed Fraud,2026-06-23
6339,0,Cleared,2026-08-07
6340,0,Cleared,2026-05-12
6341,0,Cleared,2026-01-11
6342,0,Cleared,2025-11-22
6343,0,Cleared,2025-11-19
6344,1,Confirmed Fraud,2026-06-14
6345,0,Cleared,2025-11-25
6346,0,Cleared,2026-01-05
6347,0,Cleared,2025-06-10
6348,0,Cleared,2025-02-27
6349,0,Cleared,2025-12-21
6350,0,Cleared,2026-06-04
6351,0,Cleared,2026-07-30
6352,0,Cleared,2025-11-12
6353,1,Confirmed Fraud,2025-06-05
6354,0,Cleared,2025-11-22
6355,0,Cleared,2026-07-05
6356,0,Cleared,2026-01-18
6357,0,Cleared,2025-06-28
6358,0,Cleared,2026-04-17
6359,0,Cleared,2026-03-09
6360,0,Cleared,2026-03-12
6361,0,Cleared,2025-12-06
6362,0,Cleared,2026-04-10
6363,0,Cleared,2025-05-06
6364,0,Cleared,2026-06-23
6365,0,Cleared,2026-04-25
6366,0,Cleared,2025-12-25
6367,0,Cleared,2025-09-06
6368,0,Cleared,2025-02-05
6369,0,Cleared,2026-04-09
6370,0,Cleared,2026-02-01
6371,0,Cleared,2026-03-17
6372,0,Cleared,2025-04-19
6373,0,Cleared,2025-09-20
6374,0,Cleared,2026-07-23
6375,0,Cleared,2025-10-07
6376,0,Cleared,2026-05-07
6377,0,Cleared,2025-12-10
6378,0,Cleared,2026-07-01
6379,0,Cleared,2025-12-20
6380,0,Cleared,2026-08-11
6381,0,Cleared,2025-10-13
6382,0,Cleared,2026-06-15
6383,0,Cleared,2026-06-23
6384,0,Cleared,2026-02-15
6385,0,Cleared,2026-01-26
6386,0,Cleared,2025-11-10
6387,0,Cleared,2025-02-14
6388,0,Cleared,2025-09-01
6389,0,Cleared,2025-03-18
6390,0,Cleared,2025-11-24
6391,0,Cleared,2026-06-27
6392,1,Confirmed Fraud,2026-07-16
6393,0,Cleared,2025-08-12
6394,0,Cleared,2025-03-14
6395,0,Cleared,2026-06-20
6396,0,Cleared,2025-10-06
6397,0,Cleared,2026-05-24
6398,0,Cleared,2026-06-15
6399,0,Cleared,2026-07-20
6400,0,Cleared,2025-03-02
6401,0,Cleared,2026-06-28
6402,0,Cleared,2026-07-12
6403,1,Confirmed Fraud,2026-05-30
6404,0,Cleared,2026-04-10
6405,1,Confirmed Fraud,2026-03-27
6406,0,Cleared,2026-05-11
6407,0,Cleared,2026-05-27
6408,0,Cleared,2026-01-19
6409,0,Cleared,2026-03-09
6410,1,Confirmed Fraud,2026-01-14
6411,0,Cleared,2026-03-29
6412,0,Cleared,2026-07-15
6413,0,Cleared,2026-06-25
6414,0,Cleared,2025-02-23
6415,0,Cleared,2025-09-12
6416,0,Cleared,2025-07-16
6417,0,Cleared,2026-01-25
6418,0,Cleared,2025-12-28
6419,0,Cleared,2026-05-10
6420,0,Cleared,2025-07-02
6421,0,Cleared,2026-07-06
6422,0,Cleared,2026-02-25
6423,0,Cleared,2025-12-31
6424,0,Cleared,2025-09-27
6425,0,Cleared,2025-05-27
6426,0,Cleared,2025-09-07
6427,0,Cleared,2025-06-17
6428,0,Cleared,2026-04-18
6429,0,Cleared,2026-01-10
6430,0,Cleared,2025-12-09
6431,1,Confirmed Fraud,2026-05-06
6432,0,Cleared,2026-06-22
6433,0,Cleared,2025-03-10
6434,0,Cleared,2025-04-30
6435,0,Cleared,2026-04-21
6436,0,Cleared,2026-01-29
6437,0,Cleared,2025-11-08
6438,0,Cleared,2026-05-01
6439,0,Cleared,2025-10-21
6440,0,Cleared,2026-08-01
6441,0,Cleared,2026-08-01
6442,0,Cleared,2025-06-08
6443,0,Cleared,2026-08-14
6444,0,Cleared,2026-01-11
6445,1,Confirmed Fraud,2025-10-15
6446,0,Cleared,2025-11-19
6447,0,Cleared,2025-05-01
6448,0,Cleared,2026-01-10
6449,0,Cleared,2025-12-11
6450,0,Cleared,2025-04-28
6451,0,Cleared,2026-08-12
6452,0,Cleared,2025-09-17
6453,0,Cleared,2026-08-12
6454,0,Cleared,2025-06-03
6455,1,Confirmed Fraud,2026-01-18
6456,0,Cleared,2025-09-01
6457,0,Cleared,2026-01-22
6458,0,Cleared,2026-07-09
6459,0,Cleared,2026-06-20
6460,0,Cleared,2026-04-11
6461,0,Cleared,2025-01-08
6462,0,Cleared,2025-04-20
6463,0,Cleared,2026-02-26
6464,0,Cleared,2025-11-20
6465,0,Cleared,2026-05-01
6466,0,Cleared,2026-07-02
6467,0,Cleared,2026-02-08
6468,0,Cleared,2026-03-29
6469,0,Cleared,2025-12-24
6470,0,Cleared,2026-06-15
6471,0,Cleared,2025-09-19
6472,1,Confirmed Fraud,2026-01-16
6473,0,Cleared,2025-06-24
6474,0,Cleared,2025-06-24
6475,0,Cleared,2026-07-26
6476,0,Cleared,2026-06-14
6477,0,Cleared,2026-06-11
6478,0,Cleared,2025-01-06
6479,0,Cleared,2025-11-26
6480,0,Cleared,2025-08-05
6481,0,Cleared,2025-09-07
6482,0,Cleared,2025-09-21
6483,0,Cleared,2026-01-01
6484,0,Cleared,2025-03-10
6485,0,Cleared,2026-08-08
6486,0,Cleared,2026-07-11
6487,0,Cleared,2026-02-07
6488,0,Cleared,2025-08-28
6489,0,Cleared,2025-02-25
6490,0,Cleared,2025-07-30
6491,0,Cleared,2026-05-04
6492,0,Cleared,2026-08-02
6493,0,Cleared,2026-07-15
6494,0,Cleared,2025-10-05
6495,0,Cleared,2025-06-30
6496,0,Cleared,2025-11-03
6497,0,Cleared,2025-06-20
6498,1,Confirmed Fraud,2025-09-06
6499,0,Cleared,2026-01-05
6500,0,Cleared,2026-06-26
6501,0,Cleared,2026-08-07
6502,0,Cleared,2026-06-21
6503,0,Cleared,2026-04-22
6504,0,Cleared,2025-09-16
6505,0,Cleared,2025-03-07
6506,0,Cleared,2025-08-26
6507,0,Cleared,2026-02-06
6508,0,Cleared,2025-05-15
6509,0,Cleared,2025-05-11
6510,0,Cleared,2025-11-16
6511,0,Cleared,2025-08-03
6512,0,Cleared,2026-08-01
6513,0,Cleared,2026-05-07
6514,0,Cleared,2025-11-06
6515,0,Cleared,2025-12-18
6516,0,Cleared,2025-12-02
6517,0,Cleared,2026-02-28
6518,1,Confirmed Fraud,2026-07-21
6519,0,Cleared,2026-08-15
6520,0,Cleared,2026-07-09
6521,0,Cleared,2025-07-30
6522,0,Cleared,2026-06-16
6523,0,Cleared,2025-07-15
6524,0,Cleared,2026-02-20
6525,0,Cleared,2026-07-30
6526,0,Cleared,2026-05-31
6527,0,Cleared,2026-02-02
6528,0,Cleared,2026-06-09
6529,0,Cleared,2026-04-15
6530,0,Cleared,2025-03-10
6531,0,Cleared,2025-04-03
6532,0,Cleared,2026-06-20
6533,0,Cleared,2025-11-25
6534,0,Cleared,2026-05-11
6535,0,Cleared,2026-07-16
6536,0,Cleared,2025-05-08
6537,0,Cleared,2025-10-29
6538,0,Cleared,2025-02-11
6539,0,Cleared,2025-02-26
6540,0,Cleared,2026-07-11
6541,0,Cleared,2026-05-11
6542,0,Cleared,2026-02-15
6543,0,Cleared,2025-10-10
6544,0,Cleared,2026-02-21
6545,0,Cleared,2026-06-17
6546,0,Cleared,2025-07-19
6547,0,Cleared,2025-12-05
6548,0,Cleared,2026-05-03
6549,0,Cleared,2025-05-09
6550,0,Cleared,2025-04-05
6551,0,Cleared,2026-04-09
6552,0,Cleared,2025-03-28
6553,0,Cleared,2026-04-12
6554,0,Cleared,2025-10-02
6555,0,Cleared,2026-06-18
6556,0,Cleared,2025-12-10
6557,0,Cleared,2026-06-09
6558,0,Cleared,2026-02-09
6559,0,Cleared,2026-02-07
6560,0,Cleared,2026-04-19
6561,0,Cleared,2026-04-13
6562,0,Cleared,2025-04-25
6563,0,Cleared,2025-06-27
6564,0,Cleared,2026-07-13
6565,0,Cleared,2025-07-07
6566,0,Cleared,2026-01-28
6567,1,Confirmed Fraud,2025-09-30
6568,0,Cleared,2025-07-19
6569,1,Confirmed Fraud,2026-06-14
6570,0,Cleared,2026-03-28
6571,0,Cleared,2025-10-29
6572,0,Cleared,2025-06-16
6573,0,Cleared,2025-02-04
6574,0,Cleared,2025-03-05
6575,0,Cleared,2025-01-09
6576,0,Cleared,2025-04-14
6577,0,Cleared,2025-08-10
6578,0,Cleared,2026-04-08
6579,0,Cleared,2026-07-04
6580,0,Cleared,2026-01-28
6581,0,Cleared,2025-06-04
6582,0,Cleared,2026-02-22
6583,0,Cleared,2026-02-15
6584,0,Cleared,2025-02-19
6585,0,Cleared,2025-11-24
6586,0,Cleared,2025-03-16
6587,0,Cleared,2026-05-06
6588,0,Cleared,2026-05-10
6589,0,Cleared,2025-06-21
6590,0,Cleared,2025-04-06
6591,0,Cleared,2026-05-23
6592,0,Cleared,2026-04-23
6593,0,Cleared,2026-06-11
6594,0,Cleared,2025-05-09
6595,0,Cleared,2026-03-24
6596,0,Cleared,2026-08-08
6597,0,Cleared,2026-01-10
6598,0,Cleared,2026-06-26
6599,0,Cleared,2026-06-08
6600,1,Confirmed Fraud,2026-07-22
6601,0,Cleared,2026-06-24
6602,0,Cleared,2025-01-25
6603,0,Cleared,2026-06-23
6604,0,Cleared,2026-05-15
6605,0,Cleared,2025-07-26
6606,0,Cleared,2026-01-25
6607,0,Cleared,2026-06-09
6608,0,Cleared,2025-11-26
6609,0,Cleared,2026-07-27
6610,0,Cleared,2026-04-03
6611,0,Cleared,2026-01-26
6612,0,Cleared,2026-05-27
6613,0,Cleared,2026-07-01
6614,0,Cleared,2026-04-25
6615,1,Confirmed Fraud,2026-06-20
6616,0,Cleared,2026-06-06
6617,1,Confirmed Fraud,2026-05-15
6618,0,Cleared,2026-01-28
6619,0,Cleared,2026-05-24
6620,0,Cleared,2026-02-01
6621,0,Cleared,2026-05-01
6622,0,Cleared,2026-01-10
6623,0,Cleared,2026-05-14
6624,1,Confirmed Fraud,2025-12-22
6625,1,Confirmed Fraud,2025-12-04
6626,0,Cleared,2026-06-14
6627,0,Cleared,2025-05-26
6628,0,Cleared,2026-02-05
6629,0,Cleared,2026-02-11
6630,0,Cleared,2025-07-24
6631,0,Cleared,2026-06-30
6632,0,Cleared,2026-07-01
6633,0,Cleared,2025-11-18
6634,0,Cleared,2025-12-25
6635,0,Cleared,2026-06-07
6636,1,Confirmed Fraud,2025-11-21
6637,0,Cleared,2026-08-06
6638,0,Cleared,2025-07-25
6639,0,Cleared,2025-09-21
6640,0,Cleared,2026-06-28
6641,0,Cleared,2026-05-24
6642,0,Cleared,2025-10-17
6643,0,Cleared,2026-05-04
6644,0,Cleared,2026-03-06
6645,0,Cleared,2026-01-22
6646,0,Cleared,2025-06-21
6647,1,Confirmed Fraud,2026-08-08
6648,0,Cleared,2025-12-06
6649,0,Cleared,2026-05-26
6650,0,Cleared,2026-07-03
6651,0,Cleared,2025-10-31
6652,0,Cleared,2025-03-31
6653,0,Cleared,2026-08-10
6654,0,Cleared,2025-12-17
6655,0,Cleared,2025-10-09
6656,0,Cleared,2025-12-13
6657,1,Confirmed Fraud,2026-04-28
6658,0,Cleared,2026-01-27
6659,0,Cleared,2025-11-23
6660,0,Cleared,2026-02-17
6661,0,Cleared,2025-11-09
6662,0,Cleared,2026-03-07
6663,0,Cleared,2025-09-23
6664,1,Confirmed Fraud,2026-04-01
6665,0,Cleared,2025-09-02
6666,0,Cleared,2026-05-24
6667,1,Confirmed Fraud,2025-04-26
6668,0,Cleared,2025-09-26
6669,0,Cleared,2026-06-26
6670,0,Cleared,2026-04-24
6671,0,Cleared,2025-03-01
6672,0,Cleared,2025-07-27
6673,0,Cleared,2025-06-04
6674,0,Cleared,2025-10-19
6675,0,Cleared,2025-06-13
6676,0,Cleared,2025-10-26
6677,0,Cleared,2025-02-01
6678,0,Cleared,2025-02-10
6679,0,Cleared,2025-04-09
6680,0,Cleared,2026-06-13
6681,0,Cleared,2025-12-06
6682,0,Cleared,2026-05-27
6683,0,Cleared,2026-03-07
6684,0,Cleared,2025-06-09
6685,0,Cleared,2025-04-17
6686,0,Cleared,2026-04-09
6687,0,Cleared,2025-06-13
6688,1,Confirmed Fraud,2026-04-02
6689,0,Cleared,2026-03-23
6690,0,Cleared,2025-11-26
6691,1,Confirmed Fraud,2025-04-22
6692,0,Cleared,2026-01-27
6693,0,Cleared,2026-06-25
6694,0,Cleared,2025-01-08
6695,0,Cleared,2025-12-12
6696,0,Cleared,2025-07-17
6697,0,Cleared,2026-06-14
6698,0,Cleared,2025-06-17
6699,0,Cleared,2025-07-25
6700,0,Cleared,2026-03-21
6701,0,Cleared,2026-04-28
6702,0,Cleared,2025-02-17
6703,0,Cleared,2026-04-27
6704,0,Cleared,2026-07-10
6705,0,Cleared,2026-03-16
6706,0,Cleared,2025-04-10
6707,0,Cleared,2025-05-23
6708,0,Cleared,2026-02-27
6709,0,Cleared,2025-11-14
6710,0,Cleared,2026-08-02
6711,0,Cleared,2025-11-08
6712,0,Cleared,2026-07-02
6713,0,Cleared,2026-06-27
6714,0,Cleared,2026-04-20
6715,0,Cleared,2026-06-15
6716,0,Cleared,2025-07-03
6717,0,Cleared,2026-03-08
6718,0,Cleared,2025-10-29
6719,0,Cleared,2025-11-23
6720,0,Cleared,2026-05-18
6721,0,Cleared,2026-04-28
6722,0,Cleared,2025-12-24
6723,0,Cleared,2025-12-26
6724,0,Cleared,2026-04-06
6725,0,Cleared,2025-03-09
6726,0,Cleared,2026-05-19
6727,0,Cleared,2025-09-30
6728,0,Cleared,2026-02-23
6729,1,Confirmed Fraud,2026-07-14
6730,0,Cleared,2025-08-12
6731,0,Cleared,2025-07-24
6732,0,Cleared,2026-08-01
6733,0,Cleared,2026-02-02
6734,0,Cleared,2025-03-01
6735,0,Cleared,2025-11-05
6736,0,Cleared,2026-04-07
6737,0,Cleared,2026-07-22
6738,0,Cleared,2026-01-20
6739,0,Cleared,2025-09-25
6740,0,Cleared,2025-05-28
6741,0,Cleared,2025-02-11
6742,0,Cleared,2026-03-07
6743,0,Cleared,2026-06-22
6744,0,Cleared,2025-12-20
6745,0,Cleared,2026-06-15
6746,0,Cleared,2026-08-10
6747,0,Cleared,2025-12-11
6748,0,Cleared,2025-08-26
6749,0,Cleared,2025-12-27
6750,0,Cleared,2026-05-22
6751,0,Cleared,2025-05-15
6752,0,Cleared,2025-09-10
6753,0,Cleared,2025-09-23
6754,0,Cleared,2025-12-19
6755,0,Cleared,2025-01-25
6756,0,Cleared,2026-06-08
6757,0,Cleared,2026-03-31
6758,0,Cleared,2025-11-17
6759,0,Cleared,2026-04-13
6760,0,Cleared,2026-07-12
6761,0,Cleared,2026-05-04
6762,0,Cleared,2025-03-27
6763,0,Cleared,2026-05-01
6764,0,Cleared,2026-04-19
6765,0,Cleared,2026-07-16
6766,0,Cleared,2026-02-08
6767,0,Cleared,2026-05-28
6768,0,Cleared,2026-04-05
6769,0,Cleared,2025-03-16
6770,0,Cleared,2025-09-30
6771,0,Cleared,2025-06-08
6772,0,Cleared,2026-04-25
6773,0,Cleared,2025-10-15
6774,0,Cleared,2025-07-17
6775,0,Cleared,2026-01-23
6776,0,Cleared,2026-07-19
6777,0,Cleared,2026-04-06
6778,0,Cleared,2025-05-23
6779,0,Cleared,2026-06-30
6780,1,Confirmed Fraud,2025-08-21
6781,0,Cleared,2026-06-08
6782,0,Cleared,2025-03-20
6783,0,Cleared,2026-05-06
6784,0,Cleared,2026-03-24
6785,1,Confirmed Fraud,2026-02-28
6786,0,Cleared,2026-01-31
6787,0,Cleared,2026-05-27
6788,0,Cleared,2025-09-27
6789,0,Cleared,2025-07-04
6790,0,Cleared,2025-11-10
6791,0,Cleared,2025-07-25
6792,0,Cleared,2025-10-28
6793,0,Cleared,2025-03-18
6794,0,Cleared,2026-07-27
6795,0,Cleared,2026-03-22
6796,0,Cleared,2025-12-04
6797,0,Cleared,2026-05-11
6798,0,Cleared,2025-06-28
6799,1,Confirmed Fraud,2026-05-20
6800,0,Cleared,2026-02-05
6801,0,Cleared,2026-02-13
6802,0,Cleared,2025-05-25
6803,0,Cleared,2025-06-23
6804,0,Cleared,2025-06-06
6805,0,Cleared,2026-02-25
6806,0,Cleared,2025-03-16
6807,0,Cleared,2026-08-04
6808,0,Cleared,2025-04-20
6809,0,Cleared,2025-05-30
6810,0,Cleared,2026-07-29
6811,0,Cleared,2026-03-09
6812,0,Cleared,2025-08-09
6813,0,Cleared,2026-04-29
6814,0,Cleared,2026-06-23
6815,0,Cleared,2026-08-06
6816,0,Cleared,2025-03-01
6817,0,Cleared,2025-11-09
6818,0,Cleared,2026-06-03
6819,0,Cleared,2026-03-08
6820,1,Confirmed Fraud,2026-04-30
6821,0,Cleared,2025-11-29
6822,0,Cleared,2026-03-19
6823,0,Cleared,2026-03-29
6824,0,Cleared,2026-04-29
6825,0,Cleared,2026-02-23
6826,0,Cleared,2025-04-18
6827,0,Cleared,2026-02-28
6828,0,Cleared,2026-04-22
6829,0,Cleared,2025-08-25
6830,0,Cleared,2025-06-06
6831,0,Cleared,2026-05-15
6832,0,Cleared,2025-11-05
6833,0,Cleared,2025-10-25
6834,0,Cleared,2026-06-09
6835,0,Cleared,2026-02-12
6836,0,Cleared,2026-04-11
6837,0,Cleared,2026-03-04
6838,0,Cleared,2025-09-10
6839,0,Cleared,2026-05-17
6840,0,Cleared,2025-11-25
6841,1,Confirmed Fraud,2026-01-10
6842,0,Cleared,2026-01-02
6843,0,Cleared,2026-04-02
6844,0,Cleared,2025-04-27
6845,0,Cleared,2025-09-16
6846,0,Cleared,2026-04-01
6847,0,Cleared,2026-06-17
6848,0,Cleared,2026-02-07
6849,0,Cleared,2025-04-25
6850,0,Cleared,2025-10-09
6851,0,Cleared,2025-08-24
6852,0,Cleared,2025-09-22
6853,0,Cleared,2026-07-09
6854,0,Cleared,2026-06-25
6855,0,Cleared,2026-07-23
6856,0,Cleared,2025-02-27
6857,0,Cleared,2025-09-05
6858,0,Cleared,2026-08-06
6859,0,Cleared,2026-07-12
6860,0,Cleared,2026-05-13
6861,0,Cleared,2025-05-17
6862,0,Cleared,2025-07-30
6863,0,Cleared,2025-10-21
6864,0,Cleared,2026-04-30
6865,0,Cleared,2026-03-19
6866,0,Cleared,2026-07-29
6867,0,Cleared,2025-03-31
6868,0,Cleared,2025-11-22
6869,0,Cleared,2026-08-07
6870,0,Cleared,2026-05-28
6871,0,Cleared,2025-12-12
6872,0,Cleared,2026-07-13
6873,0,Cleared,2026-07-07
6874,0,Cleared,2025-04-05
6875,0,Cleared,2025-08-11
6876,1,Confirmed Fraud,2025-09-08
6877,0,Cleared,2025-06-02
6878,0,Cleared,2025-12-01
6879,0,Cleared,2025-08-01
6880,0,Cleared,2025-09-28
6881,0,Cleared,2026-04-16
6882,0,Cleared,2026-06-01
6883,0,Cleared,2026-08-02
6884,0,Cleared,2026-03-07
6885,0,Cleared,2026-01-08
6886,0,Cleared,2025-11-26
6887,1,Confirmed Fraud,2026-02-07
6888,0,Cleared,2026-05-14
6889,0,Cleared,2025-02-09
6890,0,Cleared,2026-05-12
6891,0,Cleared,2025-04-10
6892,0,Cleared,2025-11-01
6893,1,Confirmed Fraud,2025-09-04
6894,0,Cleared,2025-08-20
6895,0,Cleared,2025-02-20
6896,0,Cleared,2026-05-25
6897,0,Cleared,2026-05-08
6898,0,Cleared,2026-05-23
6899,0,Cleared,2025-02-15
6900,0,Cleared,2026-06-29
6901,0,Cleared,2026-06-12
6902,0,Cleared,2026-04-25
6903,0,Cleared,2025-07-07
6904,0,Cleared,2026-04-18
6905,0,Cleared,2025-02-04
6906,0,Cleared,2025-05-12
6907,0,Cleared,2025-05-20
6908,0,Cleared,2026-05-16
6909,0,Cleared,2026-06-21
6910,0,Cleared,2025-01-23
6911,0,Cleared,2026-04-17
6912,0,Cleared,2026-07-21
6913,0,Cleared,2026-04-04
6914,0,Cleared,2026-05-23
6915,0,Cleared,2025-02-06
6916,0,Cleared,2026-07-31
6917,0,Cleared,2025-10-20
6918,0,Cleared,2026-07-20
6919,0,Cleared,2026-01-29
6920,0,Cleared,2026-04-22
6921,0,Cleared,2026-06-07
6922,0,Cleared,2025-03-21
6923,0,Cleared,2025-04-08
6924,0,Cleared,2026-06-21
6925,0,Cleared,2025-12-13
6926,0,Cleared,2026-06-07
6927,0,Cleared,2025-05-02
6928,0,Cleared,2025-03-11
6929,0,Cleared,2025-04-05
6930,0,Cleared,2026-07-04
6931,0,Cleared,2025-01-23
6932,0,Cleared,2025-04-26
6933,0,Cleared,2025-07-14
6934,0,Cleared,2025-03-25
6935,0,Cleared,2026-04-08
6936,0,Cleared,2026-02-04
6937,0,Cleared,2026-06-09
6938,1,Confirmed Fraud,2026-02-27
6939,0,Cleared,2025-03-06
6940,0,Cleared,2025-03-07
6941,0,Cleared,2026-04-22
6942,0,Cleared,2026-07-12
6943,0,Cleared,2026-06-13
6944,0,Cleared,2025-12-16
6945,0,Cleared,2025-04-05
6946,0,Cleared,2025-02-18
6947,0,Cleared,2025-05-31
6948,0,Cleared,2026-05-18
6949,0,Cleared,2025-07-30
6950,0,Cleared,2025-08-01
6951,0,Cleared,2026-01-30
6952,0,Cleared,2025-02-10
6953,0,Cleared,2026-03-22
6954,0,Cleared,2026-04-20
6955,0,Cleared,2025-01-23
6956,0,Cleared,2026-02-21
6957,0,Cleared,2025-11-28
6958,0,Cleared,2026-04-14
6959,0,Cleared,2025-01-17
6960,0,Cleared,2026-04-16
6961,0,Cleared,2026-01-15
6962,1,Confirmed Fraud,2026-06-06
6963,0,Cleared,2025-08-29
6964,0,Cleared,2026-06-24
6965,0,Cleared,2025-07-13
6966,0,Cleared,2025-05-23
6967,0,Cleared,2025-12-15
6968,0,Cleared,2025-12-22
6969,0,Cleared,2025-07-13
6970,0,Cleared,2026-07-14
6971,0,Cleared,2025-12-08
6972,0,Cleared,2025-09-20
6973,0,Cleared,2026-05-11
6974,0,Cleared,2025-05-22
6975,0,Cleared,2026-05-10
6976,0,Cleared,2026-06-25
6977,0,Cleared,2026-01-08
6978,0,Cleared,2025-07-02
6979,0,Cleared,2026-06-18
6980,1,Confirmed Fraud,2026-07-19
6981,0,Cleared,2026-04-25
6982,0,Cleared,2026-05-06
6983,0,Cleared,2026-07-29
6984,0,Cleared,2026-07-08
6985,0,Cleared,2025-03-18
6986,0,Cleared,2026-06-09
6987,0,Cleared,2026-01-14
6988,0,Cleared,2025-09-17
6989,0,Cleared,2026-05-25
6990,1,Confirmed Fraud,2026-07-25
6991,0,Cleared,2026-05-15
6992,1,Confirmed Fraud,2025-04-12
6993,0,Cleared,2025-05-15
6994,0,Cleared,2026-01-27
6995,0,Cleared,2026-06-25
6996,0,Cleared,2026-06-06
6997,0,Cleared,2026-05-20
6998,0,Cleared,2026-05-29
6999,0,Cleared,2025-12-01
7000,0,Cleared,2026-07-09
7001,0,Cleared,2026-04-30
7002,0,Cleared,2025-09-13
7003,0,Cleared,2026-04-07
7004,0,Cleared,2025-08-23
7005,0,Cleared,2026-07-13
7006,0,Cleared,2026-03-14
7007,0,Cleared,2026-08-09
7008,0,Cleared,2026-07-12
7009,0,Cleared,2025-11-07
7010,0,Cleared,2026-06-13
7011,0,Cleared,2025-02-27
7012,1,Confirmed Fraud,2026-08-05
7013,0,Cleared,2026-05-25
7014,0,Cleared,2025-02-16
7015,0,Cleared,2025-06-24
7016,0,Cleared,2025-12-09
7017,0,Cleared,2026-05-12
7018,0,Cleared,2026-06-05
7019,0,Cleared,2025-06-04
7020,0,Cleared,2025-03-17
7021,0,Cleared,2026-04-20
7022,0,Cleared,2025-11-19
7023,0,Cleared,2025-03-16
7024,0,Cleared,2025-05-24
7025,0,Cleared,2026-06-21
7026,0,Cleared,2025-06-01
7027,0,Cleared,2026-01-14
7028,0,Cleared,2025-05-03
7029,0,Cleared,2025-12-31
7030,0,Cleared,2026-02-12
7031,0,Cleared,2025-05-05
7032,0,Cleared,2026-04-20
7033,0,Cleared,2026-07-04
7034,0,Cleared,2025-02-28
7035,1,Confirmed Fraud,2026-06-05
7036,0,Cleared,2025-04-27
7037,0,Cleared,2025-05-26
7038,0,Cleared,2026-04-10
7039,0,Cleared,2025-06-23
7040,0,Cleared,2025-09-19
7041,0,Cleared,2026-07-01
7042,0,Cleared,2026-02-11
7043,0,Cleared,2025-04-11
7044,0,Cleared,2025-11-10
7045,0,Cleared,2026-02-16
7046,0,Cleared,2026-01-29
7047,0,Cleared,2026-08-04
7048,1,Confirmed Fraud,2025-03-13
7049,0,Cleared,2026-04-21
7050,0,Cleared,2026-04-20
7051,0,Cleared,2025-08-20
7052,0,Cleared,2026-05-16
7053,0,Cleared,2026-03-09
7054,1,Confirmed Fraud,2025-12-16
7055,0,Cleared,2025-07-19
7056,0,Cleared,2026-04-21
7057,0,Cleared,2025-08-05
7058,0,Cleared,2026-04-23
7059,0,Cleared,2025-10-16
7060,0,Cleared,2025-02-18
7061,0,Cleared,2026-05-21
7062,0,Cleared,2026-04-05
7063,0,Cleared,2025-08-23
7064,0,Cleared,2025-05-21
7065,0,Cleared,2025-11-15
7066,0,Cleared,2026-03-21
7067,0,Cleared,2026-08-03
7068,0,Cleared,2026-03-22
7069,0,Cleared,2026-04-03
7070,0,Cleared,2025-11-02
7071,0,Cleared,2025-09-04
7072,0,Cleared,2026-07-08
7073,0,Cleared,2026-07-15
7074,0,Cleared,2026-08-06
7075,0,Cleared,2025-08-27
7076,0,Cleared,2025-12-13
7077,0,Cleared,2026-03-30
7078,0,Cleared,2026-06-09
7079,0,Cleared,2026-05-25
7080,0,Cleared,2025-04-11
7081,0,Cleared,2025-10-01
7082,1,Confirmed Fraud,2025-03-09
7083,0,Cleared,2025-09-30
7084,0,Cleared,2025-02-07
7085,0,Cleared,2025-10-17
7086,0,Cleared,2026-05-25
7087,0,Cleared,2025-01-20
7088,0,Cleared,2026-01-18
7089,0,Cleared,2025-10-17
7090,0,Cleared,2025-04-28
7091,0,Cleared,2026-02-14
7092,0,Cleared,2025-05-21
7093,0,Cleared,2025-09-16
7094,0,Cleared,2025-07-02
7095,0,Cleared,2025-06-06
7096,0,Cleared,2026-04-14
7097,0,Cleared,2025-10-25
7098,0,Cleared,2026-06-18
7099,0,Cleared,2026-02-12
7100,0,Cleared,2025-03-02
7101,0,Cleared,2026-01-14
7102,0,Cleared,2025-09-06
7103,0,Cleared,2025-07-06
7104,0,Cleared,2025-07-09
7105,0,Cleared,2026-05-06
7106,0,Cleared,2026-07-17
7107,0,Cleared,2026-02-11
7108,0,Cleared,2025-08-22
7109,0,Cleared,2026-02-06
7110,0,Cleared,2025-06-29
7111,0,Cleared,2025-10-29
7112,0,Cleared,2026-07-16
7113,0,Cleared,2025-04-16
7114,0,Cleared,2025-10-26
7115,0,Cleared,2026-01-15
7116,0,Cleared,2025-11-18
7117,0,Cleared,2026-03-14
7118,0,Cleared,2026-03-18
7119,1,Confirmed Fraud,2025-04-23
7120,0,Cleared,2026-07-16
7121,0,Cleared,2025-05-17
7122,0,Cleared,2026-03-25
7123,0,Cleared,2026-06-26
7124,0,Cleared,2026-03-04
7125,0,Cleared,2026-03-28
7126,0,Cleared,2026-02-16
7127,0,Cleared,2025-07-16
7128,0,Cleared,2026-02-17
7129,0,Cleared,2026-07-22
7130,0,Cleared,2025-10-21
7131,0,Cleared,2026-04-27
7132,0,Cleared,2026-02-01
7133,0,Cleared,2026-03-22
7134,0,Cleared,2025-12-01
7135,0,Cleared,2026-04-18
7136,0,Cleared,2025-05-16
7137,0,Cleared,2026-06-16
7138,0,Cleared,2025-05-28
7139,0,Cleared,2026-01-05
7140,1,Confirmed Fraud,2026-02-02
7141,0,Cleared,2026-05-22
7142,0,Cleared,2025-09-10
7143,0,Cleared,2026-02-18
7144,0,Cleared,2025-11-25
7145,0,Cleared,2026-07-19
7146,0,Cleared,2026-06-19
7147,0,Cleared,2026-05-10
7148,1,Confirmed Fraud,2025-12-19
7149,0,Cleared,2026-01-04
7150,0,Cleared,2026-01-15
7151,0,Cleared,2025-11-20
7152,0,Cleared,2025-12-22
7153,0,Cleared,2026-05-14
7154,1,Confirmed Fraud,2025-08-15
7155,0,Cleared,2025-07-17
7156,0,Cleared,2026-05-06
7157,0,Cleared,2026-05-18
7158,0,Cleared,2026-04-26
7159,0,Cleared,2026-02-01
7160,1,Confirmed Fraud,2025-07-02
7161,0,Cleared,2026-05-07
7162,0,Cleared,2025-05-16
7163,0,Cleared,2026-05-08
7164,0,Cleared,2025-10-14
7165,0,Cleared,2025-02-27
7166,0,Cleared,2026-06-04
7167,0,Cleared,2026-06-03
7168,0,Cleared,2025-02-07
7169,0,Cleared,2026-05-27
7170,0,Cleared,2025-07-24
7171,0,Cleared,2026-05-16
7172,0,Cleared,2025-12-28
7173,0,Cleared,2025-10-15
7174,0,Cleared,2026-03-22
7175,0,Cleared,2026-04-11
7176,0,Cleared,2026-06-01
7177,0,Cleared,2025-06-26
7178,0,Cleared,2026-04-24
7179,0,Cleared,2025-02-23
7180,1,Confirmed Fraud,2026-04-16
7181,0,Cleared,2026-07-19
7182,0,Cleared,2025-10-18
7183,0,Cleared,2025-02-09
7184,0,Cleared,2026-06-09
7185,0,Cleared,2025-12-04
7186,0,Cleared,2025-10-25
7187,0,Cleared,2026-06-17
7188,0,Cleared,2025-05-13
7189,0,Cleared,2025-09-07
7190,0,Cleared,2026-06-09
7191,0,Cleared,2026-06-10
7192,0,Cleared,2026-06-12
7193,0,Cleared,2026-03-21
7194,0,Cleared,2025-03-03
7195,1,Confirmed Fraud,2025-07-02
7196,0,Cleared,2025-10-28
7197,0,Cleared,2026-06-01
7198,0,Cleared,2026-07-05
7199,0,Cleared,2025-12-28
7200,0,Cleared,2026-05-14
7201,0,Cleared,2025-05-22
7202,0,Cleared,2026-05-29
7203,0,Cleared,2026-03-15
7204,0,Cleared,2026-03-02
7205,0,Cleared,2026-03-09
7206,0,Cleared,2026-04-20
7207,0,Cleared,2025-09-16
7208,0,Cleared,2026-03-17
7209,0,Cleared,2026-06-24
7210,0,Cleared,2026-07-16
7211,0,Cleared,2026-06-27
7212,0,Cleared,2025-04-15
7213,0,Cleared,2025-05-07
7214,0,Cleared,2026-04-01
7215,0,Cleared,2026-05-04
7216,1,Confirmed Fraud,2025-02-09
7217,0,Cleared,2025-06-21
7218,0,Cleared,2026-07-24
7219,0,Cleared,2025-04-21
7220,0,Cleared,2025-10-20
7221,0,Cleared,2026-04-05
7222,0,Cleared,2026-04-19
7223,0,Cleared,2026-04-18
7224,0,Cleared,2025-04-02
7225,0,Cleared,2026-05-18
7226,0,Cleared,2025-04-26
7227,0,Cleared,2026-04-24
7228,0,Cleared,2026-02-09
7229,1,Confirmed Fraud,2026-04-01
7230,0,Cleared,2025-03-14
7231,0,Cleared,2026-03-30
7232,0,Cleared,2026-03-28
7233,0,Cleared,2025-11-21
7234,0,Cleared,2025-07-11
7235,0,Cleared,2026-06-14
7236,0,Cleared,2025-11-13
7237,0,Cleared,2025-10-24
7238,0,Cleared,2025-04-20
7239,0,Cleared,2026-03-24
7240,0,Cleared,2026-06-01
7241,0,Cleared,2026-06-27
7242,0,Cleared,2026-07-24
7243,0,Cleared,2026-03-08
7244,0,Cleared,2025-06-27
7245,0,Cleared,2025-11-21
7246,0,Cleared,2026-06-24
7247,0,Cleared,2026-03-24
7248,0,Cleared,2026-04-12
7249,0,Cleared,2026-01-29
7250,0,Cleared,2025-08-21
7251,0,Cleared,2025-08-03
7252,0,Cleared,2025-02-02
7253,0,Cleared,2025-07-26
7254,0,Cleared,2025-11-06
7255,0,Cleared,2026-01-15
7256,0,Cleared,2026-07-29
7257,0,Cleared,2025-01-17
7258,0,Cleared,2026-02-13
7259,0,Cleared,2026-02-05
7260,0,Cleared,2026-02-13
7261,0,Cleared,2025-11-30
7262,0,Cleared,2026-05-11
7263,0,Cleared,2026-07-12
7264,0,Cleared,2025-12-17
7265,0,Cleared,2025-04-21
7266,0,Cleared,2025-07-31
7267,0,Cleared,2025-07-08
7268,0,Cleared,2026-07-23
7269,0,Cleared,2026-02-21
7270,0,Cleared,2026-03-26
7271,1,Confirmed Fraud,2026-03-28
7272,0,Cleared,2026-06-26
7273,0,Cleared,2025-11-09
7274,0,Cleared,2026-05-25
7275,1,Confirmed Fraud,2025-02-06
7276,0,Cleared,2026-08-05
7277,0,Cleared,2026-05-05
7278,1,Confirmed Fraud,2025-12-16
7279,0,Cleared,2026-06-15
7280,0,Cleared,2026-06-08
7281,0,Cleared,2026-06-16
7282,0,Cleared,2026-02-12
7283,0,Cleared,2025-10-28
7284,0,Cleared,2026-05-25
7285,0,Cleared,2026-06-29
7286,0,Cleared,2026-02-24
7287,0,Cleared,2026-03-31
7288,0,Cleared,2026-03-15
7289,0,Cleared,2026-04-01
7290,0,Cleared,2026-03-06
7291,0,Cleared,2026-05-25
7292,0,Cleared,2025-11-10
7293,0,Cleared,2026-07-07
7294,0,Cleared,2026-06-08
7295,1,Confirmed Fraud,2026-05-16
7296,0,Cleared,2026-04-20
7297,0,Cleared,2025-09-13
7298,0,Cleared,2025-11-06
7299,0,Cleared,2025-12-30
7300,0,Cleared,2026-06-18
7301,0,Cleared,2025-12-24
7302,0,Cleared,2026-03-17
7303,0,Cleared,2026-08-11
7304,0,Cleared,2026-06-22
7305,0,Cleared,2026-04-08
7306,1,Confirmed Fraud,2025-12-10
7307,0,Cleared,2025-08-07
7308,0,Cleared,2025-02-14
7309,0,Cleared,2025-06-28
7310,0,Cleared,2025-10-08
7311,0,Cleared,2026-03-02
7312,1,Confirmed Fraud,2026-02-03
7313,0,Cleared,2026-01-03
7314,0,Cleared,2026-08-10
7315,0,Cleared,2026-07-14
7316,1,Confirmed Fraud,2025-07-06
7317,0,Cleared,2026-02-16
7318,1,Confirmed Fraud,2026-06-23
7319,0,Cleared,2026-06-05
7320,0,Cleared,2026-01-05
7321,0,Cleared,2026-01-27
7322,0,Cleared,2025-09-01
7323,0,Cleared,2026-06-02
7324,0,Cleared,2025-12-27
7325,0,Cleared,2026-04-07
7326,0,Cleared,2026-08-06
7327,0,Cleared,2026-01-23
7328,0,Cleared,2025-12-08
7329,0,Cleared,2026-06-02
7330,0,Cleared,2026-01-08
7331,0,Cleared,2025-06-11
7332,0,Cleared,2026-06-17
7333,0,Cleared,2026-07-15
7334,0,Cleared,2026-04-21
7335,0,Cleared,2025-08-01
7336,0,Cleared,2025-12-22
7337,0,Cleared,2025-07-15
7338,0,Cleared,2025-04-03
7339,0,Cleared,2026-04-12
7340,0,Cleared,2025-10-15
7341,0,Cleared,2025-06-22
7342,0,Cleared,2026-05-27
7343,0,Cleared,2026-04-05
7344,0,Cleared,2026-01-14
7345,0,Cleared,2025-06-28
7346,0,Cleared,2026-05-16
7347,0,Cleared,2026-07-18
7348,0,Cleared,2025-11-12
7349,0,Cleared,2026-01-13
7350,1,Confirmed Fraud,2025-01-31
7351,0,Cleared,2026-06-18
7352,0,Cleared,2025-10-02
7353,0,Cleared,2026-07-24
7354,1,Confirmed Fraud,2025-03-19
7355,0,Cleared,2026-07-18
7356,0,Cleared,2026-02-20
7357,0,Cleared,2026-03-02
7358,0,Cleared,2025-11-20
7359,0,Cleared,2026-02-10
7360,0,Cleared,2025-02-06
7361,0,Cleared,2026-03-16
7362,0,Cleared,2026-01-27
7363,0,Cleared,2026-02-08
7364,0,Cleared,2026-02-15
7365,0,Cleared,2025-03-31
7366,0,Cleared,2025-07-26
7367,0,Cleared,2025-10-10
7368,0,Cleared,2026-07-15
7369,0,Cleared,2025-06-06
7370,0,Cleared,2025-04-10
7371,1,Confirmed Fraud,2025-04-16
7372,1,Confirmed Fraud,2026-01-11
7373,0,Cleared,2026-01-10
7374,0,Cleared,2025-12-20
7375,0,Cleared,2026-05-26
7376,0,Cleared,2025-11-01
7377,1,Confirmed Fraud,2025-07-12
7378,0,Cleared,2026-06-29
7379,0,Cleared,2025-12-07
7380,0,Cleared,2026-06-11
7381,0,Cleared,2025-12-27
7382,0,Cleared,2025-12-18
7383,0,Cleared,2025-12-06
7384,0,Cleared,2025-11-11
7385,0,Cleared,2025-07-09
7386,0,Cleared,2026-07-23
7387,0,Cleared,2025-04-15
7388,0,Cleared,2026-04-29
7389,0,Cleared,2026-07-02
7390,0,Cleared,2025-12-08
7391,0,Cleared,2026-02-13
7392,0,Cleared,2025-08-29
7393,0,Cleared,2026-05-20
7394,1,Confirmed Fraud,2026-03-22
7395,0,Cleared,2026-03-01
7396,0,Cleared,2025-07-07
7397,0,Cleared,2026-05-14
7398,0,Cleared,2025-08-30
7399,0,Cleared,2025-05-05
7400,0,Cleared,2025-08-07
7401,0,Cleared,2025-10-02
7402,1,Confirmed Fraud,2025-04-24
7403,0,Cleared,2026-01-14
7404,0,Cleared,2026-03-11
7405,0,Cleared,2026-06-05
7406,0,Cleared,2025-10-16
7407,0,Cleared,2025-07-31
7408,0,Cleared,2026-01-28
7409,1,Confirmed Fraud,2025-11-22
7410,0,Cleared,2026-03-06
7411,0,Cleared,2026-07-20
7412,0,Cleared,2026-07-15
7413,0,Cleared,2026-03-05
7414,0,Cleared,2026-07-18
7415,0,Cleared,2025-05-05
7416,0,Cleared,2026-07-16
7417,0,Cleared,2026-07-20
7418,0,Cleared,2026-05-17
7419,0,Cleared,2026-06-04
7420,0,Cleared,2025-07-04
7421,0,Cleared,2026-05-30
7422,0,Cleared,2026-06-20
7423,0,Cleared,2025-02-19
7424,0,Cleared,2026-08-05
7425,0,Cleared,2026-03-24
7426,0,Cleared,2025-05-25
7427,0,Cleared,2025-05-04
7428,0,Cleared,2026-08-05
7429,0,Cleared,2025-11-18
7430,0,Cleared,2026-04-26
7431,1,Confirmed Fraud,2025-02-26
7432,0,Cleared,2026-05-05
7433,0,Cleared,2025-10-13
7434,0,Cleared,2025-11-01
7435,0,Cleared,2026-08-02
7436,0,Cleared,2026-05-19
7437,0,Cleared,2025-11-12
7438,0,Cleared,2026-01-04
7439,0,Cleared,2025-08-06
7440,1,Confirmed Fraud,2026-07-03
7441,0,Cleared,2025-04-06
7442,0,Cleared,2025-05-08
7443,0,Cleared,2025-09-03
7444,0,Cleared,2026-05-09
7445,0,Cleared,2026-06-22
7446,0,Cleared,2026-04-20
7447,0,Cleared,2026-05-28
7448,0,Cleared,2025-06-23
7449,0,Cleared,2026-08-17
7450,0,Cleared,2025-09-11
7451,0,Cleared,2025-03-10
7452,0,Cleared,2026-07-10
7453,0,Cleared,2026-05-01
7454,0,Cleared,2026-07-03
7455,0,Cleared,2025-08-13
7456,0,Cleared,2026-04-20
7457,0,Cleared,2026-06-08
7458,0,Cleared,2026-01-30
7459,0,Cleared,2026-08-09
7460,0,Cleared,2025-10-13
7461,0,Cleared,2025-11-09
7462,0,Cleared,2026-07-26
7463,1,Confirmed Fraud,2026-07-01
7464,0,Cleared,2025-01-17
7465,0,Cleared,2025-12-29
7466,0,Cleared,2025-05-15
7467,0,Cleared,2025-10-28
7468,0,Cleared,2025-08-10
7469,0,Cleared,2025-12-16
7470,0,Cleared,2026-06-24
7471,0,Cleared,2026-06-21
7472,1,Confirmed Fraud,2025-05-18
7473,0,Cleared,2025-03-17
7474,1,Confirmed Fraud,2025-11-01
7475,0,Cleared,2026-03-21
7476,0,Cleared,2025-06-21
7477,0,Cleared,2025-09-21
7478,0,Cleared,2026-03-26
7479,0,Cleared,2026-02-15
7480,0,Cleared,2026-06-22
7481,0,Cleared,2026-07-26
7482,0,Cleared,2025-10-20
7483,0,Cleared,2026-04-17
7484,0,Cleared,2026-02-28
7485,0,Cleared,2026-04-27
7486,0,Cleared,2025-12-18
7487,0,Cleared,2025-04-15
7488,0,Cleared,2025-03-28
7489,0,Cleared,2025-05-29
7490,0,Cleared,2025-07-17
7491,0,Cleared,2025-04-29
7492,0,Cleared,2025-08-31
7493,0,Cleared,2026-06-21
7494,0,Cleared,2026-03-19
7495,0,Cleared,2026-01-08
7496,0,Cleared,2025-11-03
7497,1,Confirmed Fraud,2026-04-26
7498,0,Cleared,2026-01-04
7499,0,Cleared,2025-01-27
7500,0,Cleared,2025-07-24
7501,0,Cleared,2026-01-22
7502,0,Cleared,2025-01-24
7503,0,Cleared,2025-03-29
7504,0,Cleared,2025-09-15
7505,0,Cleared,2025-11-01
7506,1,Confirmed Fraud,2026-01-07
7507,0,Cleared,2026-07-09
7508,0,Cleared,2026-03-15
7509,0,Cleared,2025-08-16
7510,0,Cleared,2026-07-06
7511,0,Cleared,2025-01-29
7512,0,Cleared,2025-09-17
7513,0,Cleared,2026-07-21
7514,0,Cleared,2026-03-05
7515,1,Confirmed Fraud,2026-06-10
7516,1,Confirmed Fraud,2025-10-07
7517,0,Cleared,2025-07-23
7518,0,Cleared,2026-07-08
7519,0,Cleared,2026-06-26
7520,0,Cleared,2026-08-13
7521,1,Confirmed Fraud,2026-08-02
7522,0,Cleared,2025-11-27
7523,0,Cleared,2026-06-14
7524,0,Cleared,2026-05-22
7525,0,Cleared,2025-10-07
7526,0,Cleared,2025-12-19
7527,0,Cleared,2026-08-15
7528,0,Cleared,2025-03-29
7529,0,Cleared,2026-02-18
7530,0,Cleared,2026-01-16
7531,0,Cleared,2026-06-02
7532,0,Cleared,2026-07-28
7533,0,Cleared,2025-08-01
7534,0,Cleared,2026-05-20
7535,0,Cleared,2025-04-26
7536,0,Cleared,2025-06-26
7537,0,Cleared,2026-02-12
7538,0,Cleared,2025-03-11
7539,0,Cleared,2025-08-17
7540,0,Cleared,2025-06-11
7541,0,Cleared,2025-08-19
7542,0,Cleared,2025-03-13
7543,0,Cleared,2025-10-14
7544,0,Cleared,2025-07-25
7545,0,Cleared,2025-05-02
7546,0,Cleared,2026-02-09
7547,0,Cleared,2025-09-18
7548,0,Cleared,2026-04-02
7549,0,Cleared,2025-04-24
7550,0,Cleared,2025-10-07
7551,0,Cleared,2025-09-15
7552,0,Cleared,2025-09-28
7553,0,Cleared,2025-09-04
7554,0,Cleared,2026-06-14
7555,0,Cleared,2026-02-05
7556,1,Confirmed Fraud,2025-10-27
7557,1,Confirmed Fraud,2026-05-16
7558,0,Cleared,2026-08-07
7559,0,Cleared,2025-11-15
7560,0,Cleared,2026-02-21
7561,0,Cleared,2025-12-30
7562,0,Cleared,2026-03-04
7563,0,Cleared,2026-01-31
7564,0,Cleared,2025-12-05
7565,0,Cleared,2026-01-25
7566,1,Confirmed Fraud,2025-01-30
7567,0,Cleared,2026-04-28
7568,0,Cleared,2026-05-02
7569,0,Cleared,2026-03-16
7570,0,Cleared,2025-01-12
7571,1,Confirmed Fraud,2026-04-12
7572,0,Cleared,2025-06-25
7573,0,Cleared,2026-01-19
7574,0,Cleared,2025-05-20
7575,0,Cleared,2025-08-30
7576,0,Cleared,2025-12-30
7577,0,Cleared,2025-11-25
7578,0,Cleared,2026-05-01
7579,0,Cleared,2026-03-05
7580,0,Cleared,2025-05-01
7581,0,Cleared,2025-08-22
7582,0,Cleared,2025-08-17
7583,0,Cleared,2026-07-05
7584,0,Cleared,2026-06-03
7585,0,Cleared,2026-07-17
7586,0,Cleared,2025-03-30
7587,0,Cleared,2025-08-19
7588,0,Cleared,2026-03-20
7589,0,Cleared,2025-10-10
7590,0,Cleared,2025-04-02
7591,0,Cleared,2026-06-02
7592,0,Cleared,2026-05-06
7593,0,Cleared,2025-09-27
7594,0,Cleared,2026-06-12
7595,0,Cleared,2025-10-04
7596,0,Cleared,2026-06-04
7597,0,Cleared,2025-03-28
7598,1,Confirmed Fraud,2026-01-20
7599,0,Cleared,2025-02-19
7600,0,Cleared,2026-05-21
7601,0,Cleared,2025-12-28
7602,0,Cleared,2026-01-31
7603,0,Cleared,2026-01-08
7604,0,Cleared,2026-03-15
7605,0,Cleared,2025-12-11
7606,0,Cleared,2025-07-22
7607,0,Cleared,2025-01-30
7608,0,Cleared,2026-06-04
7609,0,Cleared,2026-05-30
7610,0,Cleared,2026-08-09
7611,0,Cleared,2025-01-24
7612,0,Cleared,2026-05-07
7613,0,Cleared,2026-06-01
7614,1,Confirmed Fraud,2026-03-01
7615,0,Cleared,2026-02-21
7616,0,Cleared,2025-10-23
7617,0,Cleared,2026-02-09
7618,0,Cleared,2026-03-11
7619,0,Cleared,2025-05-08
7620,0,Cleared,2026-06-25
7621,0,Cleared,2025-10-11
7622,0,Cleared,2026-06-14
7623,0,Cleared,2026-02-13
7624,0,Cleared,2025-06-11
7625,0,Cleared,2025-03-21
7626,0,Cleared,2026-07-20
7627,0,Cleared,2026-01-15
7628,0,Cleared,2026-07-05
7629,1,Confirmed Fraud,2026-04-29
7630,0,Cleared,2026-08-06
7631,0,Cleared,2026-04-25
7632,0,Cleared,2026-03-20
7633,0,Cleared,2026-02-15
7634,1,Confirmed Fraud,2025-04-05
7635,0,Cleared,2025-10-02
7636,0,Cleared,2026-08-07
7637,0,Cleared,2026-06-12
7638,0,Cleared,2026-07-22
7639,0,Cleared,2025-09-28
7640,0,Cleared,2026-01-15
7641,0,Cleared,2026-03-14
7642,0,Cleared,2026-01-09
7643,0,Cleared,2026-04-16
7644,0,Cleared,2025-12-19
7645,0,Cleared,2025-08-23
7646,0,Cleared,2026-07-01
7647,0,Cleared,2026-04-26
7648,0,Cleared,2025-02-04
7649,0,Cleared,2025-08-17
7650,0,Cleared,2026-07-11
7651,0,Cleared,2025-08-23
7652,0,Cleared,2026-05-25
7653,0,Cleared,2026-01-16
7654,1,Confirmed Fraud,2026-02-24
7655,0,Cleared,2025-07-06
7656,0,Cleared,2026-07-23
7657,0,Cleared,2026-02-06
7658,0,Cleared,2025-02-02
7659,0,Cleared,2025-01-11
7660,0,Cleared,2026-02-14
7661,0,Cleared,2026-08-16
7662,0,Cleared,2026-06-13
7663,0,Cleared,2025-06-11
7664,0,Cleared,2025-09-03
7665,0,Cleared,2025-05-19
7666,0,Cleared,2025-05-02
7667,0,Cleared,2025-07-13
7668,0,Cleared,2026-07-08
7669,0,Cleared,2025-11-08
7670,0,Cleared,2025-11-23
7671,0,Cleared,2025-10-04
7672,0,Cleared,2026-06-20
7673,0,Cleared,2026-04-13
7674,0,Cleared,2026-03-25
7675,0,Cleared,2025-06-24
7676,1,Confirmed Fraud,2026-05-15
7677,0,Cleared,2025-05-20
7678,0,Cleared,2025-03-10
7679,0,Cleared,2025-11-22
7680,0,Cleared,2025-05-17
7681,0,Cleared,2025-05-23
7682,0,Cleared,2026-07-18
7683,0,Cleared,2025-04-24
7684,0,Cleared,2026-04-22
7685,0,Cleared,2026-01-28
7686,0,Cleared,2026-06-29
7687,0,Cleared,2026-05-08
7688,1,Confirmed Fraud,2026-05-27
7689,0,Cleared,2025-06-17
7690,0,Cleared,2025-03-08
7691,0,Cleared,2025-11-17
7692,0,Cleared,2025-06-07
7693,0,Cleared,2025-09-08
7694,0,Cleared,2025-08-30
7695,0,Cleared,2025-02-09
7696,0,Cleared,2026-05-03
7697,0,Cleared,2026-03-22
7698,0,Cleared,2026-01-28
7699,0,Cleared,2025-03-03
7700,0,Cleared,2025-04-27
7701,0,Cleared,2025-10-17
7702,0,Cleared,2026-05-22
7703,0,Cleared,2026-06-25
7704,0,Cleared,2026-08-06
7705,0,Cleared,2026-02-03
7706,1,Confirmed Fraud,2026-07-31
7707,0,Cleared,2026-03-19
7708,0,Cleared,2026-07-24
7709,0,Cleared,2025-06-06
7710,0,Cleared,2025-10-21
7711,0,Cleared,2026-05-03
7712,0,Cleared,2025-04-09
7713,1,Confirmed Fraud,2026-03-07
7714,0,Cleared,2026-07-29
7715,0,Cleared,2026-07-12
7716,0,Cleared,2026-06-24
7717,0,Cleared,2025-12-27
7718,0,Cleared,2025-03-06
7719,0,Cleared,2025-08-04
7720,0,Cleared,2025-12-14
7721,0,Cleared,2025-03-21
7722,0,Cleared,2026-05-26
7723,0,Cleared,2026-01-09
7724,0,Cleared,2025-11-20
7725,0,Cleared,2026-07-16
7726,0,Cleared,2025-06-07
7727,0,Cleared,2026-08-02
7728,0,Cleared,2026-04-03
7729,0,Cleared,2025-08-20
7730,0,Cleared,2026-07-22
7731,0,Cleared,2026-05-10
7732,0,Cleared,2026-06-24
7733,0,Cleared,2026-08-08
7734,0,Cleared,2026-01-16
7735,0,Cleared,2025-01-05
7736,0,Cleared,2026-03-07
7737,0,Cleared,2025-06-27
7738,0,Cleared,2026-01-25
7739,0,Cleared,2026-06-25
7740,0,Cleared,2026-05-01
7741,0,Cleared,2026-03-03
7742,0,Cleared,2025-12-04
7743,0,Cleared,2025-09-04
7744,0,Cleared,2026-02-16
7745,0,Cleared,2026-05-03
7746,0,Cleared,2026-01-29
7747,0,Cleared,2025-08-28
7748,0,Cleared,2026-06-27
7749,0,Cleared,2026-07-30
7750,0,Cleared,2026-05-16
7751,0,Cleared,2026-07-21
7752,0,Cleared,2026-03-13
7753,0,Cleared,2026-02-10
7754,0,Cleared,2026-04-20
7755,1,Confirmed Fraud,2026-03-23
7756,0,Cleared,2026-05-15
7757,0,Cleared,2025-11-18
7758,0,Cleared,2025-05-24
7759,0,Cleared,2025-06-05
7760,0,Cleared,2025-05-23
7761,0,Cleared,2025-10-05
7762,0,Cleared,2025-02-01
7763,0,Cleared,2026-05-14
7764,0,Cleared,2025-08-07
7765,0,Cleared,2025-06-10
7766,1,Confirmed Fraud,2025-10-19
7767,0,Cleared,2025-09-28
7768,0,Cleared,2026-02-07
7769,0,Cleared,2025-02-21
7770,0,Cleared,2026-02-14
7771,0,Cleared,2026-07-16
7772,0,Cleared,2026-07-12
7773,0,Cleared,2026-04-08
7774,0,Cleared,2026-05-14
7775,0,Cleared,2026-03-22
7776,0,Cleared,2026-07-16
7777,0,Cleared,2026-04-14
7778,0,Cleared,2026-05-16
7779,0,Cleared,2026-02-07
7780,0,Cleared,2025-03-02
7781,0,Cleared,2025-06-08
7782,1,Confirmed Fraud,2025-05-25
7783,0,Cleared,2025-10-22
7784,0,Cleared,2025-12-06
7785,0,Cleared,2026-01-17
7786,0,Cleared,2025-04-22
7787,0,Cleared,2026-03-01
7788,1,Confirmed Fraud,2025-08-30
7789,0,Cleared,2026-05-26
7790,0,Cleared,2026-04-03
7791,0,Cleared,2026-06-04
7792,0,Cleared,2025-04-22
7793,0,Cleared,2025-04-25
7794,0,Cleared,2026-01-24
7795,0,Cleared,2025-06-25
7796,0,Cleared,2026-03-19
7797,0,Cleared,2026-03-22
7798,0,Cleared,2025-11-21
7799,0,Cleared,2025-05-23
7800,0,Cleared,2026-05-28
7801,0,Cleared,2026-07-05
7802,0,Cleared,2026-03-07
7803,0,Cleared,2025-10-03
7804,0,Cleared,2025-12-29
7805,0,Cleared,2026-03-11
7806,0,Cleared,2026-07-09
7807,0,Cleared,2026-08-06
7808,1,Confirmed Fraud,2025-10-02
7809,0,Cleared,2026-04-29
7810,0,Cleared,2025-12-15
7811,0,Cleared,2025-05-18
7812,0,Cleared,2025-04-21
7813,0,Cleared,2025-06-14
7814,0,Cleared,2026-07-11
7815,0,Cleared,2025-03-16
7816,0,Cleared,2026-02-24
7817,0,Cleared,2025-08-01
7818,0,Cleared,2026-05-09
7819,0,Cleared,2025-12-03
7820,0,Cleared,2026-05-28
7821,0,Cleared,2026-06-02
7822,0,Cleared,2025-09-02
7823,0,Cleared,2026-06-24
7824,0,Cleared,2025-07-21
7825,1,Confirmed Fraud,2025-05-08
7826,0,Cleared,2026-03-29
7827,0,Cleared,2025-02-07
7828,0,Cleared,2026-02-03
7829,0,Cleared,2025-10-28
7830,0,Cleared,2026-01-02
7831,0,Cleared,2025-10-07
7832,0,Cleared,2025-12-18
7833,0,Cleared,2026-04-21
7834,0,Cleared,2025-10-29
7835,0,Cleared,2026-07-06
7836,0,Cleared,2025-06-20
7837,0,Cleared,2026-04-20
7838,0,Cleared,2025-02-21
7839,0,Cleared,2026-07-09
7840,0,Cleared,2026-08-01
7841,0,Cleared,2026-01-14
7842,0,Cleared,2025-03-28
7843,0,Cleared,2026-03-09
7844,0,Cleared,2025-02-20
7845,0,Cleared,2025-12-23
7846,1,Confirmed Fraud,2026-04-21
7847,0,Cleared,2025-10-11
7848,0,Cleared,2026-03-23
7849,0,Cleared,2025-06-19
7850,0,Cleared,2026-07-23
7851,0,Cleared,2026-04-12
7852,0,Cleared,2026-06-21
7853,0,Cleared,2025-12-11
7854,0,Cleared,2026-06-25
7855,0,Cleared,2026-02-06
7856,0,Cleared,2026-01-25
7857,0,Cleared,2026-06-28
7858,0,Cleared,2026-01-03
7859,0,Cleared,2026-01-11
7860,0,Cleared,2025-03-09
7861,0,Cleared,2026-06-12
7862,0,Cleared,2026-05-29
7863,1,Confirmed Fraud,2025-03-19
7864,0,Cleared,2025-01-25
7865,0,Cleared,2025-11-09
7866,0,Cleared,2026-04-23
7867,0,Cleared,2025-11-15
7868,0,Cleared,2026-03-31
7869,0,Cleared,2026-01-20
7870,0,Cleared,2025-04-18
7871,0,Cleared,2026-06-06
7872,0,Cleared,2026-07-31
7873,0,Cleared,2025-03-20
7874,0,Cleared,2026-04-30
7875,0,Cleared,2026-02-09
7876,0,Cleared,2026-03-31
7877,0,Cleared,2025-11-26
7878,0,Cleared,2025-06-25
7879,0,Cleared,2025-06-24
7880,0,Cleared,2026-01-21
7881,0,Cleared,2025-08-12
7882,0,Cleared,2025-08-11
7883,0,Cleared,2025-08-08
7884,0,Cleared,2025-05-01
7885,0,Cleared,2026-05-04
7886,1,Confirmed Fraud,2025-02-21
7887,0,Cleared,2026-03-25
7888,1,Confirmed Fraud,2026-01-29
7889,0,Cleared,2025-03-27
7890,0,Cleared,2026-04-20
7891,0,Cleared,2026-05-31
7892,0,Cleared,2025-02-21
7893,0,Cleared,2026-06-25
7894,0,Cleared,2025-02-24
7895,0,Cleared,2026-04-11
7896,0,Cleared,2025-11-09
7897,0,Cleared,2025-07-07
7898,0,Cleared,2026-02-06
7899,0,Cleared,2026-05-16
7900,0,Cleared,2026-05-20
7901,0,Cleared,2026-07-29
7902,0,Cleared,2026-07-20
7903,0,Cleared,2026-07-23
7904,0,Cleared,2026-06-01
7905,0,Cleared,2026-05-06
7906,0,Cleared,2026-02-07
7907,0,Cleared,2025-06-17
7908,0,Cleared,2025-12-17
7909,0,Cleared,2025-05-30
7910,0,Cleared,2026-01-20
7911,0,Cleared,2025-10-10
7912,0,Cleared,2025-09-12
7913,0,Cleared,2025-05-20
7914,0,Cleared,2026-01-25
7915,0,Cleared,2025-07-10
7916,0,Cleared,2026-02-27
7917,0,Cleared,2025-04-26
7918,0,Cleared,2026-06-16
7919,0,Cleared,2025-01-22
7920,0,Cleared,2025-03-29
7921,0,Cleared,2025-12-16
7922,0,Cleared,2025-10-16
7923,0,Cleared,2026-03-28
7924,0,Cleared,2026-07-12
7925,0,Cleared,2025-09-23
7926,0,Cleared,2025-11-23
7927,0,Cleared,2025-02-17
7928,0,Cleared,2026-01-29
7929,0,Cleared,2026-07-11
7930,0,Cleared,2025-12-01
7931,1,Confirmed Fraud,2026-03-09
7932,0,Cleared,2026-03-13
7933,0,Cleared,2026-07-25
7934,0,Cleared,2026-02-12
7935,0,Cleared,2025-10-09
7936,0,Cleared,2026-07-11
7937,0,Cleared,2026-05-24
7938,0,Cleared,2025-08-21
7939,0,Cleared,2026-07-28
7940,0,Cleared,2025-02-25
7941,0,Cleared,2025-09-25
7942,0,Cleared,2026-05-26
7943,0,Cleared,2026-01-25
7944,0,Cleared,2026-02-26
7945,0,Cleared,2026-06-25
7946,0,Cleared,2025-04-01
7947,0,Cleared,2026-04-27
7948,0,Cleared,2025-07-29
7949,0,Cleared,2026-05-11
7950,0,Cleared,2026-02-17
7951,0,Cleared,2026-05-19
7952,0,Cleared,2025-03-28
7953,0,Cleared,2025-06-05
7954,0,Cleared,2026-06-26
7955,0,Cleared,2025-11-15
7956,0,Cleared,2026-05-30
7957,0,Cleared,2025-09-18
7958,0,Cleared,2026-07-30
7959,1,Confirmed Fraud,2025-06-27
7960,0,Cleared,2025-12-01
7961,0,Cleared,2026-04-03
7962,0,Cleared,2026-01-24
7963,0,Cleared,2025-07-23
7964,0,Cleared,2026-05-18
7965,0,Cleared,2026-04-09
7966,0,Cleared,2026-04-11
7967,0,Cleared,2025-02-06
7968,0,Cleared,2025-11-30
7969,0,Cleared,2026-07-06
7970,0,Cleared,2026-07-13
7971,0,Cleared,2026-01-17
7972,0,Cleared,2026-05-05
7973,0,Cleared,2025-01-09
7974,1,Confirmed Fraud,2026-07-26
7975,0,Cleared,2025-02-09
7976,0,Cleared,2025-01-20
7977,0,Cleared,2026-03-28
7978,0,Cleared,2026-07-16
7979,0,Cleared,2025-09-08
7980,0,Cleared,2025-08-22
7981,0,Cleared,2026-03-08
7982,0,Cleared,2025-12-02
7983,0,Cleared,2026-05-13
7984,0,Cleared,2025-12-02
7985,0,Cleared,2026-06-30
7986,0,Cleared,2025-08-27
7987,0,Cleared,2026-05-31
7988,0,Cleared,2025-05-04
7989,0,Cleared,2026-07-28
7990,0,Cleared,2025-04-26
7991,0,Cleared,2025-12-04
7992,0,Cleared,2025-12-27
7993,0,Cleared,2026-07-09
7994,0,Cleared,2025-10-25
7995,1,Confirmed Fraud,2025-03-08
7996,0,Cleared,2026-03-26
7997,0,Cleared,2026-03-09
7998,0,Cleared,2025-02-23
7999,0,Cleared,2025-09-12
8000,0,Cleared,2026-03-27
