passenger_id,booking_id,passenger_name,passenger_country_code
1,1,Noah Clark,DE
2,2,Noah Rossi,GB
3,2,Ava Wilson,GB
4,3,Daniel Anderson,GB
5,3,Noah Miller,GB
6,4,Daniel Garcia,ES
7,5,Liam Taylor,NL
8,5,Alex Taylor,NL
9,6,Olivia Anderson,AE
10,6,Isabella Wilson,US
11,7,Leo Smith,AE
12,8,Isabella Martin,RO
13,9,Lucas Clark,ES
14,9,Maria Lewis,AE
15,10,James Anderson,IT
16,10,Ava Moore,IT
17,10,Alex Lewis,IT
18,11,Sofia Lee,FR
19,11,Maria Martin,FR
20,11,Alex Moore,GR
21,12,Emma Miller,FR
22,13,Olivia Smith,US
23,14,James Clark,NL
24,14,Lucas Wilson,NL
25,15,Maria Miller,AE
26,15,Ethan Martin,AE
27,15,Noah Lewis,AE
28,15,Isabella Smith,AE
29,16,Ethan Smith,AL
30,16,Mia Clark,AL
31,17,Isabella Miller,FR
32,18,Sofia Brown,NG
33,19,Amelia Anderson,FR
34,19,Alex Brown,AL
35,20,Noah Thomas,IT
36,20,Liam Rossi,IT
37,21,Daniel Smith,GR
38,22,Mia Brown,GB
39,22,Leo Clark,FR
40,23,Maria Moore,GB
41,23,Amelia Moore,RO
42,23,Emma Anderson,AE
43,24,James Martin,DE
44,25,Daniel Brown,AL
45,25,James Clark,AL
46,25,Liam Martin,AL
47,25,Olivia Miller,AL
48,26,Alex Thomas,IT
49,26,Isabella Wilson,NG
50,26,Ava Garcia,IT
51,27,Lucas Martin,ES
52,27,Mia Miller,ES
53,27,Emma Clark,ES
54,28,Alex Martin,DE
55,29,Ethan Lewis,AE
56,29,Sofia Taylor,AE
57,29,Alex Taylor,US
58,29,Isabella Moore,AE
59,30,Ethan Martin,NG
60,31,Mia Clark,AL
61,31,Mia Rossi,ES
62,31,Ethan Lewis,AL
63,31,James Wilson,AL
64,32,Mia Lee,NL
65,32,Ethan Garcia,NL
66,32,Sofia Brown,NL
67,33,Isabella Rossi,US
68,34,Lucas Rossi,DE
69,34,Lucas Garcia,DE
70,34,Leo Moore,DE
71,34,Lucas Thomas,DE
72,35,Mia Moore,GR
73,35,James Clark,GR
74,35,Amelia Garcia,GR
75,36,Leo Miller,IT
76,36,Emma Taylor,IT
77,36,Lucas Clark,IT
78,37,Mia Lee,US
79,37,Liam Wilson,US
80,37,James Garcia,US
81,37,Olivia Martin,US
82,38,Ethan Lewis,IT
83,39,Noah Wilson,RO
84,39,Lucas Clark,RO
85,39,Noah Moore,RO
86,40,Mia Lee,DE
87,40,Ethan Anderson,RO
88,41,James Lewis,AE
89,41,Olivia Lee,GB
90,41,Maria Taylor,GB
91,42,Maria Garcia,US
92,42,Amelia Anderson,US
93,42,Maria Wilson,US
94,43,Ava Miller,IT
95,43,Noah Martin,IT
96,43,Leo Rossi,IT
97,43,Lucas Thomas,IT
98,44,Lucas Thomas,GB
99,44,Isabella Clark,GB
100,44,Noah Anderson,GB
101,45,Liam Clark,GR
102,45,Leo Lewis,GR
103,45,Olivia Brown,GR
104,46,Daniel Anderson,ES
105,47,Alex Rossi,DE
106,47,Ethan Clark,DE
107,48,Noah Anderson,AL
108,48,Alex Martin,NG
109,49,Liam Clark,AL
110,49,Emma Rossi,AL
111,49,Maria Clark,AL
112,50,Emma Clark,GB
113,50,Amelia Lee,GB
114,50,Lucas Taylor,GB
115,50,Daniel Clark,GB
116,51,James Brown,ES
117,51,Amelia Clark,ES
118,51,Liam Lewis,ES
119,51,Mia Moore,GR
120,52,Emma Brown,NG
121,53,Alex Garcia,AL
122,54,Emma Smith,GR
123,54,Olivia Brown,GR
124,55,Daniel Clark,GR
125,55,James Thomas,GR
126,55,Leo Lewis,GR
127,55,Ava Brown,GR
128,56,Olivia Lewis,ES
129,56,Isabella Lewis,ES
130,56,Ethan Miller,GR
131,57,Olivia Miller,ES
132,57,Sofia Lee,FR
133,57,Alex Garcia,FR
134,57,Noah Clark,FR
135,58,Sofia Rossi,DE
136,58,Mia Garcia,DE
137,58,Isabella Taylor,DE
138,59,Sofia Moore,FR
139,59,Olivia Wilson,FR
140,59,Isabella Lewis,FR
141,60,Olivia Miller,GB
142,60,Lucas Anderson,AE
143,60,Noah Clark,GB
144,60,Lucas Lee,GB
145,61,Lucas Smith,FR
146,61,Ava Thomas,FR
147,61,Ava Clark,FR
148,61,Ethan Moore,FR
149,62,Olivia Garcia,IT
150,62,Liam Brown,IT
151,62,James Lewis,IT
152,62,Leo Taylor,IT
153,63,Sofia Clark,NL
154,63,Lucas Rossi,NL
155,63,Mia Lee,NL
156,64,Isabella Lee,ES
157,64,Liam Martin,RO
158,64,Ava Wilson,RO
159,65,Ethan Moore,AE
160,65,Ethan Clark,RO
161,66,James Wilson,ES
162,67,Sofia Wilson,FR
163,67,Emma Rossi,FR
164,68,Liam Miller,IT
165,68,Liam Miller,IT
166,68,Isabella Taylor,IT
167,68,Amelia Rossi,IT
168,69,Liam Rossi,AL
169,69,Olivia Lee,RO
170,70,James Taylor,US
171,70,Liam Lewis,US
172,71,Liam Rossi,NL
173,71,Liam Brown,NL
174,71,Amelia Anderson,AL
175,72,Ethan Brown,US
176,72,Olivia Brown,US
177,72,Leo Smith,US
178,73,Olivia Clark,DE
179,74,James Taylor,GB
180,74,Leo Taylor,AE
181,74,Olivia Taylor,ES
182,75,Ava Lewis,DE
183,75,Liam Garcia,DE
184,75,Emma Martin,GR
185,75,Isabella Brown,DE
186,76,Daniel Wilson,AE
187,77,Alex Anderson,FR
188,78,Ava Lee,NG
189,78,Amelia Smith,RO
190,79,James Miller,ES
191,79,Amelia Taylor,ES
192,79,Noah Lee,ES
193,79,Isabella Taylor,ES
194,80,James Lee,US
195,80,Daniel Brown,ES
196,80,Leo Martin,ES
197,81,Daniel Brown,US
198,81,Liam Lee,US
199,82,Daniel Martin,RO
200,82,Daniel Wilson,RO
201,82,Mia Lee,RO
202,83,Lucas Taylor,NL
203,83,Mia Smith,NL
204,83,Emma Brown,RO
205,83,Liam Rossi,NL
206,84,Ava Martin,GB
207,84,Ava Martin,GB
208,84,Sofia Moore,GB
209,85,Olivia Lewis,GB
210,85,Amelia Smith,GB
211,85,Sofia Taylor,GB
212,86,Ava Lee,NL
213,86,Liam Thomas,NL
214,87,Lucas Smith,NG
215,87,Lucas Thomas,NG
216,87,Lucas Lewis,NG
217,88,Lucas Clark,DE
218,88,Maria Thomas,DE
219,89,Amelia Smith,NG
220,89,Isabella Thomas,NG
221,90,Sofia Martin,IT
222,90,Leo Moore,IT
223,91,Amelia Lee,AL
224,91,Leo Taylor,AL
225,92,Noah Taylor,GB
226,93,Daniel Taylor,ES
227,93,Maria Anderson,GR
228,93,Isabella Brown,ES
229,93,Maria Martin,IT
230,94,Mia Martin,US
231,94,Alex Wilson,US
232,94,Isabella Brown,US
233,95,Liam Lewis,AE
234,95,Isabella Rossi,AE
235,96,Liam Lee,GB
236,96,Sofia Anderson,ES
237,96,Ava Garcia,GB
238,97,Amelia Wilson,AL
239,97,Amelia Lewis,AL
240,97,Sofia Taylor,AL
241,98,James Martin,ES
242,98,James Thomas,ES
243,98,Emma Anderson,ES
244,98,Ethan Clark,ES
245,99,Olivia Lee,AL
246,99,Sofia Rossi,FR
247,100,Alex Rossi,NL
248,101,Olivia Lewis,AL
249,102,Lucas Clark,RO
250,102,Mia Taylor,RO
251,102,Olivia Lee,RO
252,102,Isabella Martin,RO
253,103,Lucas Thomas,GB
254,103,Daniel Miller,GB
255,103,Noah Lewis,GB
256,103,Olivia Wilson,US
257,104,Liam Moore,NG
258,104,Emma Martin,IT
259,104,Ethan Anderson,IT
260,105,Sofia Brown,AL
261,105,Maria Smith,AL
262,105,Noah Brown,IT
263,105,Isabella Garcia,GB
264,106,Amelia Rossi,NG
265,106,Isabella Garcia,NG
266,106,Emma Brown,NG
267,106,James Garcia,NG
268,107,Alex Lee,AL
269,107,Ethan Brown,AL
270,107,Lucas Wilson,AL
271,108,Emma Brown,FR
272,108,Liam Lewis,GB
273,108,Mia Smith,AL
274,108,Emma Rossi,AL
275,109,Daniel Clark,IT
276,109,Emma Thomas,IT
277,109,Mia Lee,IT
278,110,Daniel Taylor,IT
279,110,Leo Thomas,IT
280,111,Ethan Miller,GR
281,111,Amelia Garcia,GR
282,112,Ethan Martin,GB
283,112,Ava Wilson,GB
284,113,Isabella Clark,FR
285,113,Daniel Brown,FR
286,113,Leo Lee,FR
287,114,Amelia Rossi,FR
288,115,Ava Clark,NG
289,116,James Wilson,GB
290,117,Maria Brown,DE
291,117,Mia Martin,NG
292,117,Mia Martin,GB
293,117,Emma Miller,GB
294,118,Emma Lee,AL
295,118,Mia Thomas,DE
296,119,Liam Anderson,NG
297,119,Emma Taylor,NG
298,120,Maria Brown,IT
299,121,Leo Smith,US
300,121,Isabella Moore,NG
301,121,Daniel Anderson,GR
302,122,Maria Anderson,AL
303,123,Sofia Clark,ES
304,123,Daniel Rossi,ES
305,123,James Garcia,ES
306,124,Emma Thomas,AL
307,124,Amelia Clark,AL
308,124,Lucas Lewis,AL
309,125,James Martin,IT
310,125,Isabella Lee,GB
311,125,Leo Rossi,ES
312,126,Daniel Thomas,ES
313,126,Ava Lee,ES
314,127,Sofia Taylor,FR
315,127,Isabella Rossi,FR
316,127,Maria Brown,FR
317,128,Maria Taylor,GB
318,128,Ethan Garcia,GB
319,129,Ethan Brown,AL
320,130,Maria Miller,GR
321,130,Emma Smith,GR
322,131,Ethan Garcia,AL
323,131,Alex Rossi,AL
324,131,Noah Lee,AL
325,132,Emma Rossi,AE
326,133,Daniel Rossi,RO
327,133,Olivia Taylor,ES
328,134,James Lewis,AL
329,135,Liam Lewis,DE
330,135,Ava Anderson,DE
331,135,Olivia Moore,DE
332,136,Leo Brown,FR
333,136,Liam Anderson,FR
334,137,Alex Garcia,FR
335,138,Lucas Smith,GR
336,138,James Clark,GR
337,138,James Rossi,GR
338,138,Daniel Rossi,GR
339,139,Maria Wilson,AL
340,139,Isabella Anderson,AL
341,140,Olivia Taylor,RO
342,140,Leo Moore,ES
343,140,James Clark,ES
344,140,Emma Brown,ES
345,141,Daniel Brown,US
346,141,Ava Lee,US
347,141,Ava Taylor,US
348,141,Olivia Taylor,US
349,142,Liam Lewis,NL
350,142,Daniel Anderson,NL
351,143,Liam Clark,NG
352,144,Olivia Smith,GR
353,145,Amelia Martin,GB
354,146,James Moore,IT
355,146,Isabella Garcia,ES
356,146,Emma Garcia,IT
357,147,James Smith,FR
358,147,Maria Thomas,FR
359,147,Ethan Moore,IT
360,147,James Taylor,FR
361,148,Leo Clark,AL
362,148,Olivia Anderson,NG
363,149,Ethan Lewis,NG
364,149,Leo Rossi,NG
365,150,Isabella Moore,NL
366,150,Amelia Brown,NL
367,151,Lucas Smith,NL
368,152,Ethan Thomas,AL
369,152,Ava Lewis,AL
370,153,Maria Moore,RO
371,153,Ava Martin,RO
372,154,Alex Moore,NL
373,154,Daniel Lee,NL
374,154,Amelia Taylor,GB
375,154,Daniel Clark,NL
376,155,Ethan Rossi,DE
377,156,Maria Garcia,AE
378,157,Olivia Rossi,AL
379,157,Lucas Taylor,AL
380,158,Olivia Martin,RO
381,158,Emma Rossi,RO
382,158,Mia Smith,RO
383,159,Maria Lewis,DE
384,159,Olivia Martin,DE
385,160,Liam Thomas,AE
386,160,Leo Miller,AE
387,160,Daniel Lee,AE
388,160,Leo Anderson,AE
389,161,Lucas Martin,NG
390,161,James Martin,NG
391,161,Emma Clark,NG
392,162,Lucas Lee,ES
393,163,Olivia Smith,RO
394,163,Sofia Martin,NL
395,163,Daniel Lewis,IT
396,163,Amelia Brown,RO
397,164,Alex Lee,NG
398,165,Isabella Taylor,GB
399,165,Isabella Clark,ES
400,166,Alex Lewis,GB
401,166,Maria Brown,NL
402,167,Alex Anderson,AE
403,167,Olivia Taylor,AL
404,168,James Martin,FR
405,169,Alex Lewis,RO
406,169,Lucas Brown,RO
407,169,Leo Taylor,RO
408,169,Sofia Taylor,RO
409,170,Ava Garcia,IT
410,170,Olivia Brown,IT
411,171,James Brown,ES
412,171,Daniel Brown,ES
413,171,Leo Clark,NL
414,172,Mia Martin,FR
415,172,Mia Martin,FR
416,173,Ava Garcia,GR
417,174,Sofia Moore,ES
418,174,Sofia Rossi,ES
419,175,Alex Clark,ES
420,175,Daniel Miller,ES
421,175,Ethan Martin,ES
422,176,Alex Miller,AL
423,176,Mia Thomas,AL
424,176,Ethan Miller,AL
425,177,Emma Lewis,NG
426,177,James Garcia,NG
427,178,Noah Anderson,AE
428,178,Maria Thomas,AE
429,178,Sofia Smith,AE
430,179,Olivia Smith,US
431,179,Lucas Rossi,GB
432,179,Ava Wilson,NL
433,180,Isabella Taylor,GR
434,180,Daniel Wilson,RO
435,180,Olivia Lewis,RO
436,181,Lucas Clark,NL
437,181,Maria Clark,NL
438,182,Olivia Lewis,ES
439,182,Isabella Brown,ES
440,183,Sofia Lewis,NL
441,183,Daniel Garcia,ES
442,184,Mia Thomas,AE
443,184,Olivia Moore,AL
444,184,Mia Anderson,AE
445,184,Maria Clark,AE
446,185,Maria Moore,NG
447,185,Sofia Miller,NG
448,185,Isabella Rossi,NG
449,185,Amelia Thomas,NG
450,186,Alex Rossi,US
451,186,Lucas Rossi,US
452,186,Mia Moore,FR
453,186,Isabella Miller,US
454,187,Emma Lewis,US
455,188,Ava Miller,FR
456,188,Isabella Taylor,FR
457,188,Amelia Lee,FR
458,188,Alex Lee,FR
459,189,Ava Thomas,ES
460,189,Daniel Wilson,ES
461,189,Lucas Clark,ES
462,189,Sofia Moore,ES
463,190,Maria Smith,GB
464,190,Ava Clark,GB
465,191,Ava Clark,US
466,191,Liam Clark,NL
467,191,James Taylor,NL
468,191,Mia Miller,GR
469,192,Lucas Moore,AE
470,192,Sofia Rossi,AE
471,192,Sofia Rossi,US
472,193,Emma Martin,AE
473,193,Sofia Brown,AE
474,193,Noah Garcia,AE
475,194,Ava Martin,GB
476,194,Leo Wilson,GB
477,194,Liam Lewis,GB
478,195,Amelia Wilson,GR
479,195,Maria Clark,GR
480,196,Amelia Thomas,NL
481,197,Ethan Clark,AL
482,198,Leo Brown,RO
483,198,Sofia Brown,IT
484,198,Amelia Smith,GR
485,198,Emma Moore,FR
486,199,Mia Taylor,NL
487,199,Olivia Thomas,DE
488,199,Olivia Martin,NL
489,199,Maria Clark,NL
490,200,James Lee,ES
491,200,Ethan Taylor,ES
492,200,James Martin,GR
493,201,Ethan Brown,IT
494,201,James Thomas,IT
495,202,Emma Taylor,GR
496,202,Daniel Thomas,GR
497,203,Emma Brown,RO
498,203,Lucas Thomas,GR
499,204,Lucas Taylor,DE
500,204,Leo Brown,FR
501,204,Noah Lewis,AL
502,204,Emma Thomas,AE
503,205,James Moore,ES
504,206,Daniel Thomas,US
505,206,Lucas Lee,US
506,206,Alex Clark,US
507,206,Isabella Moore,US
508,207,Olivia Martin,FR
509,207,Ava Garcia,FR
510,208,Alex Thomas,GB
511,208,Maria Anderson,AL
512,209,Leo Clark,NL
513,209,Sofia Moore,IT
514,209,Lucas Clark,IT
515,210,Daniel Wilson,IT
516,210,Emma Wilson,IT
517,210,Noah Anderson,NG
518,211,Sofia Smith,GR
519,212,Daniel Smith,ES
520,212,Amelia Moore,ES
521,212,James Taylor,ES
522,213,Lucas Wilson,GR
523,213,Mia Lewis,GR
524,213,Liam Taylor,GR
525,214,James Brown,NG
526,214,Ethan Anderson,NG
527,214,James Miller,NG
528,214,Leo Wilson,NG
529,215,Alex Smith,NG
530,215,Mia Lewis,NG
531,215,James Brown,NG
532,216,Emma Lee,GB
533,216,Maria Lee,GB
534,217,Liam Moore,GB
535,218,Maria Miller,AE
536,218,Olivia Lewis,AE
537,219,Sofia Moore,RO
538,220,Emma Brown,RO
539,221,Maria Anderson,NL
540,221,Liam Martin,NL
541,221,Liam Lee,NL
542,221,Mia Smith,NL
543,222,Isabella Brown,AL
544,222,Ava Lewis,AL
545,223,Amelia Taylor,NL
546,223,Noah Wilson,NL
547,224,Alex Rossi,FR
548,224,Mia Smith,FR
549,224,James Moore,US
550,224,Ava Thomas,IT
551,225,Olivia Clark,ES
552,225,Sofia Miller,US
553,225,Liam Lee,IT
554,226,Leo Miller,DE
555,226,Amelia Smith,GB
556,226,Emma Lewis,NG
557,227,Maria Smith,GB
558,227,Amelia Lewis,NL
559,227,Alex Rossi,NL
560,228,Emma Lee,GB
561,229,Olivia Brown,GB
562,229,Daniel Thomas,US
563,230,Daniel Lewis,US
564,231,Mia Taylor,NL
565,232,Olivia Lewis,NL
566,232,Sofia Martin,GB
567,232,James Martin,GB
568,232,Ethan Brown,GB
569,233,James Moore,ES
570,233,Ethan Moore,ES
571,233,Leo Thomas,ES
572,233,Emma Smith,AL
573,234,Amelia Anderson,IT
574,234,Emma Brown,IT
575,234,James Anderson,IT
576,234,Amelia Martin,IT
577,235,Mia Lewis,AL
578,235,Amelia Clark,AL
579,235,Ava Moore,AL
580,236,James Taylor,RO
581,236,Olivia Anderson,RO
582,237,Daniel Lewis,GR
583,237,Lucas Moore,GR
584,238,Isabella Miller,DE
585,238,Emma Brown,DE
586,239,Amelia Wilson,DE
587,239,Mia Garcia,AL
588,239,Isabella Wilson,AL
589,239,Alex Lewis,AL
590,240,Daniel Moore,NL
591,240,Daniel Miller,NL
592,240,Ava Garcia,NL
593,240,Ethan Taylor,NL
594,241,Maria Thomas,GB
595,241,Alex Moore,GB
596,241,Maria Brown,GB
597,242,Alex Moore,NG
598,242,James Brown,NG
599,242,Sofia Garcia,FR
600,243,Noah Lewis,GR
601,243,James Garcia,GR
602,244,Noah Taylor,FR
603,244,Emma Miller,FR
604,244,Olivia Thomas,FR
605,244,Amelia Martin,FR
606,245,Leo Thomas,NL
607,245,Mia Lee,NL
608,245,Maria Martin,NL
609,245,Maria Lewis,NL
610,246,Alex Brown,US
611,246,Ethan Martin,US
612,247,Mia Rossi,IT
613,247,Lucas Garcia,IT
614,247,Noah Moore,AE
615,248,Ava Rossi,US
616,249,Lucas Rossi,FR
617,249,Sofia Garcia,FR
618,250,Sofia Thomas,GB
619,250,Maria Taylor,DE
620,251,Alex Lee,GR
621,252,James Smith,FR
622,252,Isabella Taylor,FR
623,252,Emma Lee,FR
624,252,Mia Garcia,FR
625,253,Leo Clark,GR
626,253,Olivia Brown,NL
627,254,Liam Garcia,DE
628,254,Sofia Martin,NL
629,254,Olivia Wilson,DE
630,255,Mia Moore,AL
631,255,Olivia Thomas,AL
632,256,James Clark,NG
633,256,Alex Moore,NG
634,257,Olivia Miller,US
635,257,Lucas Garcia,US
636,257,Sofia Taylor,US
637,258,James Thomas,US
638,259,Ethan Rossi,RO
639,259,Mia Martin,RO
640,259,Mia Taylor,RO
641,259,Noah Clark,RO
642,260,Noah Brown,NL
643,260,Maria Taylor,NL
644,260,Lucas Taylor,NL
645,261,Amelia Miller,AL
646,262,Daniel Lewis,IT
647,262,Amelia Garcia,NL
648,263,Leo Rossi,GB
649,264,Liam Smith,FR
650,265,James Miller,RO
651,265,Lucas Martin,RO
652,266,Olivia Garcia,IT
653,266,Noah Taylor,IT
654,266,Noah Wilson,IT
655,266,James Lee,IT
656,267,Amelia Wilson,GR
657,267,Mia Clark,GR
658,267,Sofia Lewis,GR
659,268,Amelia Clark,AL
660,268,Ethan Thomas,AL
661,268,Liam Martin,AL
662,269,Isabella Moore,ES
663,269,Mia Rossi,NG
664,270,Isabella Smith,NG
665,270,Lucas Lewis,NG
666,271,Maria Lee,FR
667,271,Lucas Lewis,FR
668,272,Isabella Clark,US
669,273,Alex Anderson,RO
670,273,Alex Anderson,RO
671,273,Alex Lewis,NL
672,274,Leo Brown,DE
673,274,Noah Garcia,DE
674,274,Isabella Clark,NL
675,274,Sofia Clark,DE
676,275,James Moore,IT
677,275,Mia Garcia,NL
678,275,Isabella Smith,FR
679,275,Ethan Brown,FR
680,276,Maria Moore,NL
681,276,Ava Rossi,NG
682,276,Alex Clark,NL
683,277,Ethan Thomas,ES
684,277,Ethan Garcia,ES
685,278,Amelia Garcia,RO
686,279,Noah Lee,FR
687,279,Amelia Rossi,FR
688,279,Daniel Anderson,FR
689,279,Ava Garcia,FR
690,280,Mia Wilson,US
691,280,Alex Anderson,US
692,280,Leo Moore,US
693,281,Ethan Smith,GR
694,281,Noah Miller,GR
695,281,Olivia Anderson,GR
696,281,Daniel Moore,GR
697,282,Emma Rossi,DE
698,282,Isabella Wilson,DE
699,282,Alex Lee,DE
700,283,James Smith,RO
701,284,Olivia Smith,IT
702,284,Noah Martin,IT
703,284,Sofia Rossi,AE
704,285,Leo Wilson,GR
705,286,Maria Thomas,NG
706,286,Daniel Anderson,NG
707,287,James Miller,NG
708,288,James Anderson,AE
709,288,Lucas Garcia,AE
710,288,Noah Miller,AE
711,288,Ava Martin,ES
712,289,Alex Lewis,US
713,289,Emma Taylor,AL
714,289,Ethan Lewis,US
715,289,Ethan Wilson,US
716,290,Ava Brown,DE
717,290,Noah Clark,DE
718,290,Ava Lee,GR
719,291,Alex Anderson,NL
720,292,Liam Martin,AE
721,292,Emma Garcia,AE
722,292,Ethan Smith,AE
723,293,Leo Clark,IT
724,293,Maria Clark,IT
725,294,Sofia Smith,AL
726,295,Maria Anderson,DE
727,295,Sofia Smith,DE
728,295,James Martin,DE
729,295,Mia Clark,DE
730,296,Olivia Moore,RO
731,296,Alex Rossi,RO
732,296,Sofia Lewis,GR
733,296,Alex Taylor,RO
734,297,Olivia Smith,GR
735,298,Sofia Wilson,NG
736,298,Lucas Wilson,NG
737,298,Sofia Brown,NG
738,298,Leo Anderson,US
739,299,Daniel Anderson,FR
740,299,Liam Smith,FR
741,299,Mia Taylor,FR
742,300,Alex Anderson,AE
743,300,Ava Smith,AE
744,301,Ethan Moore,GB
745,301,Maria Lee,GB
746,302,Leo Anderson,FR
747,302,Noah Brown,GR
748,303,Sofia Taylor,GB
749,304,Ethan Miller,AL
750,305,Emma Moore,AL
751,305,Isabella Garcia,AL
752,305,Olivia Moore,AL
753,305,Lucas Miller,AL
754,306,Ethan Martin,US
755,307,Maria Brown,RO
756,307,Mia Clark,DE
757,307,Olivia Moore,RO
758,308,Liam Moore,AL
759,308,Olivia Garcia,AL
760,308,Olivia Taylor,AL
761,309,Amelia Anderson,NL
762,309,Noah Brown,IT
763,310,James Moore,GR
764,310,Olivia Smith,GR
765,310,Emma Martin,AE
766,310,Noah Wilson,GR
767,311,Alex Rossi,IT
768,311,Noah Martin,IT
769,312,Isabella Miller,GB
770,312,Lucas Martin,AL
771,312,Mia Lee,AL
772,313,James Clark,GR
773,313,Mia Lee,NG
774,313,Ethan Brown,GR
775,314,James Miller,US
776,314,Maria Moore,IT
777,314,Emma Rossi,AL
778,314,Maria Smith,IT
779,315,Sofia Martin,RO
780,315,Maria Anderson,GR
781,316,Sofia Taylor,IT
782,317,James Rossi,GB
783,317,Liam Brown,GB
784,317,Maria Brown,GB
785,317,Leo Miller,GB
786,318,Noah Rossi,US
787,318,James Moore,US
788,319,Noah Garcia,US
789,319,Ethan Rossi,US
790,319,Mia Taylor,DE
791,319,Leo Brown,NG
792,320,Isabella Clark,AL
793,320,Maria Garcia,AL
794,320,Noah Taylor,AL
795,321,Maria Taylor,GR
796,322,Isabella Taylor,RO
797,323,Noah Brown,AL
798,323,Emma Smith,AL
799,324,Noah Garcia,NL
800,325,Daniel Wilson,FR
801,325,Leo Clark,FR
802,326,James Martin,NL
803,326,Lucas Moore,NL
804,326,Leo Martin,NL
805,326,Isabella Thomas,NL
806,327,Emma Martin,IT
807,327,Amelia Smith,IT
808,328,Olivia Taylor,US
809,328,Ava Smith,US
810,328,Isabella Miller,US
811,328,Leo Clark,US
812,329,Ava Moore,AE
813,329,Ava Moore,AL
814,330,Liam Wilson,IT
815,330,Ethan Thomas,IT
816,330,Amelia Anderson,IT
817,330,Isabella Smith,IT
818,331,Ava Lee,IT
819,332,Alex Smith,GR
820,332,Lucas Lewis,GR
821,332,Amelia Taylor,GR
822,333,Sofia Thomas,FR
823,333,Amelia Brown,NG
824,333,Ava Lewis,FR
825,333,Ava Anderson,FR
826,334,Liam Garcia,DE
827,334,Ava Lee,ES
828,335,Daniel Anderson,RO
829,335,Emma Lewis,RO
830,335,Daniel Miller,RO
831,335,Noah Smith,RO
832,336,Ava Wilson,NG
833,336,Noah Smith,NG
834,336,Alex Brown,IT
835,336,James Martin,NG
836,337,Lucas Lee,AE
837,338,Ethan Rossi,DE
838,339,Alex Martin,FR
839,340,James Brown,RO
840,341,Sofia Brown,GB
841,341,Olivia Martin,FR
842,341,Alex Smith,FR
843,341,Emma Lee,FR
844,342,Ava Wilson,GR
845,342,Sofia Thomas,GR
846,342,Sofia Lee,GR
847,343,Leo Lewis,NG
848,343,Isabella Taylor,NG
849,343,Mia Clark,NG
850,343,Mia Smith,NG
851,344,Sofia Martin,IT
852,344,Leo Moore,IT
853,344,Leo Rossi,RO
854,344,Daniel Clark,NG
855,345,Amelia Clark,NG
856,346,Leo Taylor,RO
857,346,Emma Miller,FR
858,346,Olivia Moore,FR
859,347,Lucas Lewis,GB
860,347,Noah Lee,GB
861,347,Ethan Smith,GB
862,347,Daniel Garcia,NL
863,348,Liam Thomas,GR
864,349,Isabella Lewis,US
865,349,Maria Garcia,US
866,349,Mia Martin,GR
867,350,Alex Lewis,GB
868,350,Isabella Miller,GB
869,350,Olivia Moore,DE
870,350,Sofia Brown,GB
871,351,Daniel Lewis,GR
872,351,Alex Brown,GR
873,351,Amelia Smith,GR
874,352,James Lewis,RO
875,352,Leo Brown,NG
876,352,Sofia Smith,NG
877,352,Alex Taylor,NG
878,353,Lucas Thomas,GR
879,353,Alex Miller,GR
880,353,Daniel Taylor,GR
881,353,Lucas Rossi,GR
882,354,Ava Clark,RO
883,355,Alex Thomas,IT
884,356,Emma Lee,AL
885,356,Alex Martin,GB
886,356,Daniel Wilson,AL
887,357,Lucas Clark,GR
888,357,Ethan Lee,NL
889,357,Noah Rossi,GR
890,358,Leo Thomas,RO
891,359,Noah Lewis,NL
892,360,Ava Wilson,NL
893,360,Ethan Brown,GR
894,360,Liam Thomas,GB
895,360,Leo Taylor,GB
896,361,James Taylor,NG
897,361,Maria Lewis,NG
898,362,Mia Lee,AE
899,362,Amelia Anderson,AE
900,362,Emma Lewis,NG
901,362,Liam Rossi,AE
902,363,Sofia Clark,ES
903,363,Lucas Lewis,AE
904,364,James Clark,FR
905,364,Isabella Lee,GR
906,364,James Rossi,DE
907,365,Emma Lewis,GB
908,365,Ava Rossi,GR
909,366,Isabella Rossi,NL
910,366,James Brown,NL
911,366,Sofia Taylor,NL
912,367,Isabella Lewis,AE
913,367,James Moore,AE
914,368,Daniel Garcia,IT
915,369,Isabella Miller,ES
916,369,Ethan Lewis,US
917,370,Lucas Rossi,US
918,371,Noah Lee,ES
919,372,Daniel Wilson,IT
920,372,Noah Garcia,AE
921,372,Isabella Brown,AE
922,373,Ethan Smith,AE
923,373,Maria Brown,AE
924,374,Alex Brown,ES
925,374,Noah Smith,GB
926,375,Sofia Clark,GB
927,376,Olivia Miller,AL
928,376,Mia Brown,AL
929,376,Olivia Wilson,GR
930,377,Emma Miller,RO
931,377,Noah Clark,RO
932,377,Lucas Martin,RO
933,378,Lucas Miller,FR
934,378,Ava Taylor,FR
935,378,Isabella Garcia,FR
936,379,Amelia Brown,IT
937,379,Emma Clark,GB
938,380,Ethan Garcia,RO
939,380,Leo Brown,AE
940,380,Ava Smith,RO
941,381,Emma Wilson,DE
942,381,Ethan Clark,DE
943,381,Noah Lee,DE
944,382,Daniel Miller,GR
945,383,Liam Miller,NL
946,384,Sofia Moore,NG
947,384,James Brown,DE
948,384,James Brown,NG
949,385,Sofia Martin,NL
950,386,Alex Martin,ES
951,386,Daniel Lee,ES
952,386,Noah Thomas,NL
953,387,Alex Clark,DE
954,387,Mia Smith,DE
955,388,Noah Clark,IT
956,389,Maria Lee,FR
957,389,Sofia Garcia,US
958,390,Olivia Smith,ES
959,391,James Taylor,US
960,391,Amelia Thomas,US
961,391,James Martin,US
962,391,Sofia Martin,US
963,392,Mia Brown,NL
964,392,Isabella Smith,NL
965,392,Maria Taylor,NL
966,393,Ava Miller,FR
967,393,Amelia Lewis,FR
968,393,James Thomas,FR
969,394,James Brown,RO
970,394,Leo Smith,FR
971,394,Liam Garcia,RO
972,394,Lucas Martin,RO
973,395,Sofia Wilson,RO
974,395,Emma Taylor,RO
975,396,Amelia Moore,AL
976,397,Liam Brown,DE
977,397,Ethan Martin,DE
978,397,Daniel Miller,DE
979,397,Leo Lee,DE
980,398,Daniel Lewis,NL
981,398,Amelia Thomas,NL
982,398,Daniel Clark,NL
983,398,Alex Brown,NL
984,399,Alex Moore,GB
985,399,Maria Smith,GB
986,399,Lucas Clark,GB
987,400,Lucas Garcia,RO
988,400,Sofia Rossi,RO
989,400,James Lewis,GR
990,400,Emma Lee,RO
991,401,Emma Miller,IT
992,401,Mia Lewis,IT
993,401,Isabella Martin,IT
994,401,Isabella Moore,ES
995,402,Ava Taylor,GR
996,402,James Brown,GR
997,403,Alex Clark,AL
998,404,Noah Brown,GR
999,404,Liam Garcia,NL
1000,405,Noah Moore,GR
1001,405,Daniel Moore,GR
1002,406,Olivia Rossi,IT
1003,407,Noah Smith,IT
1004,407,Maria Brown,AL
1005,407,Sofia Taylor,AL
1006,407,Liam Anderson,AL
1007,408,Mia Garcia,DE
1008,409,Amelia Moore,AE
1009,409,Liam Smith,AE
1010,409,Lucas Garcia,ES
1011,409,Leo Brown,AE
1012,410,Amelia Clark,NL
1013,410,Sofia Rossi,NL
1014,411,Isabella Rossi,NG
1015,411,Amelia Rossi,NG
1016,412,Emma Brown,GB
1017,412,Noah Garcia,GB
1018,413,Noah Lewis,AL
1019,414,Amelia Lee,ES
1020,414,Isabella Taylor,AL
1021,414,Alex Miller,AL
1022,414,Noah Lewis,RO
1023,415,Liam Lee,GB
1024,415,Liam Garcia,US
1025,415,Liam Taylor,NL
1026,416,Maria Moore,GR
1027,416,Noah Lee,GR
1028,417,Mia Martin,NL
1029,417,Olivia Smith,GB
1030,417,Liam Moore,GB
1031,417,Ava Brown,GB
1032,418,Leo Taylor,AE
1033,418,Emma Taylor,AE
1034,419,Lucas Moore,AL
1035,420,Daniel Martin,IT
1036,421,Alex Wilson,DE
1037,421,Ethan Lewis,DE
1038,422,Ethan Martin,IT
1039,423,Mia Martin,US
1040,423,Mia Garcia,US
1041,423,Daniel Miller,US
1042,424,Alex Smith,NG
1043,424,Amelia Wilson,GR
1044,424,Ava Garcia,GR
1045,424,Isabella Clark,GR
1046,425,Noah Brown,GB
1047,425,Maria Lee,GB
1048,426,Olivia Rossi,ES
1049,427,Sofia Lee,NG
1050,427,Amelia Garcia,NG
1051,428,Amelia Brown,NL
1052,428,Isabella Anderson,GB
1053,428,Noah Taylor,IT
1054,429,Isabella Garcia,NL
1055,429,Olivia Moore,NL
1056,429,Daniel Taylor,NL
1057,429,Maria Miller,NL
1058,430,Alex Wilson,RO
1059,431,Olivia Clark,IT
1060,431,Emma Martin,GR
1061,431,Sofia Martin,GR
1062,432,Ethan Moore,ES
1063,433,Amelia Thomas,DE
1064,433,Liam Lee,DE
1065,433,Maria Brown,DE
1066,434,Lucas Rossi,GR
1067,435,Amelia Garcia,AE
1068,435,James Anderson,AE
1069,435,Ava Martin,AE
1070,435,Emma Smith,AE
1071,436,Noah Wilson,AE
1072,436,Alex Moore,AE
1073,436,Ethan Lewis,AE
1074,437,Amelia Lee,DE
1075,437,Maria Brown,ES
1076,438,Liam Taylor,NG
1077,439,Sofia Martin,DE
1078,439,Maria Taylor,DE
1079,440,Ava Moore,US
1080,440,Maria Wilson,ES
1081,440,Alex Rossi,US
1082,440,Noah Thomas,US
1083,441,Sofia Taylor,NL
1084,442,Ethan Garcia,GB
1085,443,Alex Anderson,DE
1086,443,Liam Moore,NL
1087,443,Lucas Clark,NL
1088,444,Mia Miller,IT
1089,444,Noah Wilson,ES
1090,444,Ethan Garcia,ES
1091,444,James Clark,ES
1092,445,Ethan Thomas,AL
1093,446,Lucas Miller,US
1094,447,Noah Smith,RO
1095,447,Ava Rossi,ES
1096,447,Liam Moore,ES
1097,448,Maria Martin,DE
1098,448,Ethan Lee,DE
1099,449,Emma Thomas,RO
1100,449,Isabella Garcia,FR
1101,449,Olivia Garcia,RO
1102,450,Noah Anderson,NG
1103,450,Olivia Moore,GR
1104,451,Leo Moore,AL
1105,451,Noah Anderson,AL
1106,451,Sofia Anderson,AE
1107,451,James Lewis,AL
1108,452,Amelia Martin,RO
1109,453,Alex Lewis,NG
1110,453,Noah Brown,NG
1111,453,Amelia Lewis,NG
1112,453,Emma Wilson,NG
1113,454,Lucas Thomas,FR
1114,454,Daniel Smith,IT
1115,455,Liam Martin,GB
1116,455,Ethan Lee,GB
1117,456,Leo Thomas,US
1118,456,Amelia Lewis,US
1119,456,Amelia Clark,US
1120,456,Ava Martin,FR
1121,457,Daniel Rossi,AE
1122,457,Liam Martin,AE
1123,457,Maria Clark,AE
1124,457,Maria Moore,AE
1125,458,Daniel Rossi,AL
1126,458,Ava Moore,AL
1127,459,Leo Lee,ES
1128,459,Ethan Thomas,ES
1129,459,James Lee,ES
1130,459,Mia Taylor,US
1131,460,Daniel Thomas,AE
1132,460,Ava Anderson,AE
1133,460,Olivia Garcia,AE
1134,460,Daniel Miller,AE
1135,461,Daniel Garcia,NG
1136,461,Liam Smith,NG
1137,461,Mia Garcia,DE
1138,461,Isabella Clark,NG
1139,462,Emma Garcia,IT
1140,463,Sofia Brown,DE
1141,463,Alex Anderson,DE
1142,464,Isabella Garcia,AE
1143,465,James Smith,NL
1144,466,Alex Martin,ES
1145,466,Mia Anderson,ES
1146,467,James Clark,DE
1147,468,Lucas Martin,GB
1148,468,Alex Garcia,GB
1149,468,Leo Lee,GB
1150,469,Lucas Rossi,ES
1151,469,Lucas Lee,ES
1152,469,Ava Miller,ES
1153,470,Lucas Taylor,US
1154,470,Emma Wilson,NG
1155,470,Emma Lewis,US
1156,470,Emma Lee,NL
1157,471,Amelia Wilson,GB
1158,471,Mia Martin,GB
1159,471,Amelia Wilson,GB
1160,472,Mia Clark,DE
1161,473,Alex Thomas,DE
1162,474,Ethan Taylor,IT
1163,475,Sofia Moore,GB
1164,476,Emma Taylor,AE
1165,476,Mia Taylor,AE
1166,476,Noah Miller,AE
1167,476,Leo Thomas,AE
1168,477,Olivia Thomas,DE
1169,477,Amelia Miller,DE
1170,477,Mia Taylor,DE
1171,478,Liam Wilson,ES
1172,478,Sofia Smith,ES
1173,478,Sofia Wilson,ES
1174,479,Alex Garcia,ES
1175,479,Mia Wilson,ES
1176,479,Mia Anderson,ES
1177,479,Amelia Wilson,ES
1178,480,Sofia Thomas,DE
1179,480,Lucas Smith,DE
1180,480,Amelia Miller,DE
1181,480,Ethan Smith,DE
1182,481,Mia Moore,GB
1183,481,Isabella Anderson,GB
1184,482,Leo Lewis,ES
1185,482,Ava Moore,ES
1186,482,Olivia Wilson,ES
1187,483,Amelia Clark,RO
1188,483,Daniel Brown,NL
1189,484,Ethan Wilson,DE
1190,484,Mia Martin,DE
1191,485,Ethan Martin,FR
1192,485,Daniel Miller,FR
1193,485,Liam Garcia,FR
1194,486,James Anderson,RO
1195,486,Daniel Martin,RO
1196,486,Sofia Anderson,RO
1197,486,Ethan Thomas,RO
1198,487,Amelia Martin,AE
1199,487,Alex Wilson,NG
1200,488,Ethan Clark,US
1201,489,Amelia Miller,US
1202,490,Amelia Lee,GB
1203,490,Mia Taylor,GB
1204,490,Maria Moore,GB
1205,490,Noah Lee,GB
1206,491,Amelia Clark,GR
1207,491,Olivia Brown,GR
1208,491,Isabella Lee,GR
1209,491,Lucas Clark,AL
1210,492,Ava Clark,GR
1211,492,Sofia Rossi,GR
1212,492,Amelia Taylor,DE
1213,493,Emma Lewis,US
1214,493,Isabella Rossi,US
1215,493,Isabella Clark,US
1216,494,Emma Brown,US
1217,495,Liam Wilson,RO
1218,495,Ethan Wilson,RO
1219,495,Daniel Brown,RO
1220,495,Amelia Lee,RO
1221,496,Lucas Clark,DE
1222,497,Emma Thomas,AL
1223,497,Daniel Miller,ES
1224,497,Mia Clark,AL
1225,497,Sofia Anderson,AL
1226,498,Ethan Miller,ES
1227,499,Liam Smith,RO
1228,499,Amelia Brown,AE
1229,499,Liam Taylor,AE
1230,499,James Taylor,AE
1231,500,Maria Rossi,GB
1232,500,Mia Brown,GB
1233,500,Alex Moore,AL
1234,500,Noah Moore,NG
1235,501,Leo Lewis,ES
1236,501,Emma Taylor,ES
1237,501,Daniel Thomas,ES
1238,502,Ethan Clark,AE
1239,502,Olivia Thomas,GB
1240,502,Emma Moore,GB
1241,502,Olivia Miller,GB
1242,503,Maria Moore,ES
1243,503,Noah Lewis,NG
1244,504,Emma Moore,FR
1245,504,Lucas Moore,FR
1246,505,Daniel Lewis,AE
1247,506,Lucas Lewis,AE
1248,506,Emma Clark,AE
1249,507,Liam Lee,AL
1250,508,Daniel Moore,DE
1251,509,Mia Anderson,IT
1252,509,Ethan Taylor,DE
1253,509,Alex Miller,DE
1254,510,Leo Rossi,RO
1255,510,Liam Lee,RO
1256,511,Mia Rossi,NL
1257,511,Mia Taylor,IT
1258,511,Mia Martin,IT
1259,511,Ethan Wilson,IT
1260,512,Maria Clark,NL
1261,512,Mia Rossi,NL
1262,512,Ava Moore,NL
1263,513,Daniel Thomas,GB
1264,513,Leo Garcia,RO
1265,513,James Lee,GB
1266,514,Mia Lewis,US
1267,514,James Martin,GB
1268,514,Ava Moore,US
1269,514,Maria Martin,US
1270,515,Amelia Lee,GR
1271,516,Maria Wilson,RO
1272,517,Noah Anderson,US
1273,518,Leo Rossi,AE
1274,518,Olivia Rossi,IT
1275,519,Ava Lee,ES
1276,520,Mia Taylor,IT
1277,520,Noah Clark,GB
1278,520,Ethan Anderson,IT
1279,521,Noah Moore,AE
1280,521,Leo Smith,RO
1281,521,Olivia Moore,AE
1282,521,Ethan Lee,AE
1283,522,Lucas Garcia,AE
1284,523,Amelia Clark,AE
1285,523,Lucas Moore,AE
1286,523,Liam Lewis,AE
1287,523,Sofia Rossi,AE
1288,524,Sofia Anderson,ES
1289,524,Liam Lee,ES
1290,524,James Clark,ES
1291,525,Ethan Lewis,US
1292,525,Olivia Lewis,US
1293,526,Alex Rossi,NG
1294,526,Alex Wilson,NG
1295,526,Liam Wilson,NG
1296,527,Lucas Smith,RO
1297,527,Ethan Smith,ES
1298,527,Daniel Clark,ES
1299,527,Maria Rossi,ES
1300,528,Liam Rossi,RO
1301,528,Noah Thomas,RO
1302,528,Leo Martin,RO
1303,529,Olivia Taylor,GB
1304,529,Daniel Taylor,GB
1305,530,Emma Moore,GB
1306,530,Noah Miller,GB
1307,531,Ethan Lee,AL
1308,532,Emma Moore,GR
1309,533,Leo Smith,AE
1310,533,Isabella Brown,AE
1311,533,Leo Lewis,AE
1312,533,Emma Wilson,AE
1313,534,Olivia Lee,GR
1314,534,Ava Thomas,GR
1315,535,Maria Thomas,GR
1316,535,Noah Lee,GR
1317,535,Emma Garcia,GR
1318,536,Olivia Rossi,GR
1319,537,Isabella Miller,NL
1320,537,Isabella Lewis,NL
1321,537,James Moore,NL
1322,538,Maria Lee,AL
1323,538,Ethan Brown,AL
1324,538,Liam Moore,AL
1325,539,Daniel Clark,DE
1326,539,Alex Brown,RO
1327,540,Leo Taylor,IT
1328,540,Noah Wilson,IT
1329,541,Alex Martin,RO
1330,541,Olivia Smith,NG
1331,541,Amelia Miller,GR
1332,541,Sofia Lee,RO
1333,542,Ethan Lee,AE
1334,542,James Martin,AE
1335,542,Amelia Moore,AE
1336,542,Ava Clark,AE
1337,543,Lucas Martin,GB
1338,544,Ethan Rossi,GR
1339,545,Leo Garcia,NG
1340,545,Lucas Clark,NG
1341,546,Isabella Miller,DE
1342,546,Mia Moore,US
1343,547,Ava Taylor,AL
1344,547,Olivia Martin,GB
1345,548,James Thomas,NL
1346,548,Olivia Taylor,NL
1347,548,Alex Taylor,NL
1348,548,Emma Brown,NL
1349,549,Emma Lee,ES
1350,550,Leo Lee,NG
1351,550,Maria Wilson,NG
1352,550,Lucas Anderson,NG
1353,550,Leo Clark,ES
1354,551,James Martin,GR
1355,551,Noah Anderson,RO
1356,551,Noah Lewis,RO
1357,552,Alex Taylor,AE
1358,552,Ethan Miller,AE
1359,552,James Wilson,FR
1360,552,Daniel Martin,NL
1361,553,Mia Martin,NL
1362,553,Ethan Clark,NL
1363,554,Ava Garcia,NG
1364,554,Mia Lee,NG
1365,554,Leo Lee,NG
1366,554,Ava Taylor,NG
1367,555,Mia Moore,IT
1368,555,Leo Martin,IT
1369,556,Daniel Garcia,AL
1370,556,Olivia Lewis,AL
1371,556,Ethan Lee,AL
1372,556,Leo Taylor,AL
1373,557,Mia Anderson,AE
1374,558,Sofia Thomas,IT
1375,558,Leo Lee,IT
1376,558,Noah Lee,IT
1377,559,James Miller,NL
1378,559,Leo Rossi,NL
1379,560,Leo Clark,DE
1380,560,Olivia Miller,DE
1381,560,Alex Lee,RO
1382,560,Liam Taylor,DE
1383,561,Ethan Brown,DE
1384,561,Olivia Lewis,GB
1385,562,Isabella Garcia,NG
1386,562,Sofia Brown,NG
1387,562,James Anderson,NL
1388,562,Amelia Thomas,GB
1389,563,Noah Taylor,RO
1390,563,Ava Brown,RO
1391,564,Alex Clark,AL
1392,564,Amelia Thomas,FR
1393,565,Amelia Garcia,US
1394,565,Emma Garcia,GB
1395,565,Leo Anderson,GB
1396,565,Maria Smith,GB
1397,566,Leo Anderson,DE
1398,566,Sofia Rossi,DE
1399,567,Emma Miller,NL
1400,567,Mia Thomas,AL
1401,567,Leo Smith,NL
1402,568,Daniel Lewis,NL
1403,568,Olivia Garcia,NL
1404,569,Leo Lee,NG
1405,569,Ava Wilson,NG
1406,570,Maria Anderson,AE
1407,570,Emma Clark,AE
1408,571,Emma Lee,AL
1409,571,Ava Miller,AL
1410,572,Alex Wilson,GB
1411,573,Alex Rossi,RO
1412,573,Emma Moore,IT
1413,573,Liam Thomas,IT
1414,573,Maria Rossi,RO
1415,574,Sofia Anderson,NL
1416,575,Olivia Miller,GB
1417,576,Daniel Martin,ES
1418,577,James Anderson,NL
1419,577,Lucas Thomas,NL
1420,577,Amelia Lewis,NL
1421,577,Maria Thomas,NL
1422,578,Noah Wilson,US
1423,578,Sofia Garcia,NG
1424,578,Isabella Clark,GB
1425,578,Ava Thomas,NG
1426,579,Amelia Clark,AL
1427,579,Ethan Garcia,AL
1428,579,Mia Brown,AL
1429,580,Daniel Rossi,GB
1430,580,Ethan Lee,GB
1431,580,Lucas Wilson,GB
1432,580,Noah Taylor,US
1433,581,James Garcia,GB
1434,581,Daniel Moore,AL
1435,581,Alex Brown,AL
1436,582,Isabella Martin,US
1437,582,Sofia Rossi,US
1438,582,Noah Lewis,US
1439,583,Amelia Lewis,AE
1440,583,Mia Lewis,AE
1441,583,Lucas Brown,AE
1442,584,Daniel Anderson,NG
1443,584,Sofia Brown,NG
1444,585,Mia Lewis,IT
1445,585,Sofia Martin,IT
1446,585,Alex Taylor,IT
1447,586,Noah Taylor,RO
1448,587,Alex Wilson,ES
1449,587,Sofia Brown,ES
1450,587,James Thomas,ES
1451,587,Ethan Anderson,RO
1452,588,James Anderson,GB
1453,588,Amelia Thomas,NL
1454,589,Mia Smith,RO
1455,589,Noah Clark,RO
1456,589,Leo Brown,RO
1457,589,Mia Martin,RO
1458,590,Leo Garcia,FR
1459,590,Maria Anderson,FR
1460,591,Noah Brown,AE
1461,591,Mia Lee,AE
1462,591,Olivia Anderson,ES
1463,591,Olivia Anderson,AE
1464,592,Noah Wilson,GB
1465,593,Mia Anderson,AE
1466,594,Mia Smith,RO
1467,595,Olivia Brown,AE
1468,595,Daniel Lee,AE
1469,595,Lucas Brown,AE
1470,595,Amelia Taylor,AE
1471,596,Amelia Garcia,US
1472,596,Daniel Smith,US
1473,596,Leo Garcia,US
1474,596,Olivia Martin,AE
1475,597,Liam Lewis,US
1476,598,Amelia Lewis,GB
1477,598,Isabella Taylor,RO
1478,598,Noah Anderson,GB
1479,598,Olivia Thomas,GB
1480,599,Lucas Moore,AL
1481,599,Ethan Brown,AL
1482,600,Leo Rossi,AE
1483,600,Maria Garcia,US
1484,601,Daniel Martin,RO
1485,602,Sofia Smith,ES
1486,602,Ava Clark,US
1487,603,Amelia Rossi,IT
1488,604,Liam Miller,US
1489,604,Alex Smith,RO
1490,604,Noah Smith,US
1491,604,Liam Anderson,US
1492,605,Isabella Smith,GR
1493,605,Daniel Rossi,GR
1494,605,Olivia Lewis,GR
1495,606,Ava Wilson,NG
1496,607,Noah Miller,RO
1497,607,James Lewis,RO
1498,607,Lucas Lewis,RO
1499,607,Alex Lee,RO
1500,608,Daniel Moore,ES
1501,608,Sofia Taylor,ES
1502,608,Ethan Rossi,AL
1503,608,Ethan Thomas,ES
1504,609,Amelia Lewis,IT
1505,609,Emma Rossi,US
1506,609,Amelia Brown,IT
1507,609,Alex Wilson,IT
1508,610,Mia Taylor,AL
1509,610,Olivia Miller,AL
1510,611,Amelia Moore,AE
1511,612,Liam Martin,FR
1512,612,Amelia Anderson,FR
1513,612,Mia Lewis,FR
1514,612,Ava Thomas,NL
1515,613,Amelia Brown,GB
1516,613,Leo Taylor,ES
1517,613,Ethan Lee,ES
1518,614,Noah Clark,RO
1519,614,Sofia Smith,RO
1520,614,Ava Wilson,RO
1521,614,Ethan Miller,RO
1522,615,Amelia Wilson,AL
1523,616,Emma Brown,FR
1524,616,Lucas Miller,AE
1525,617,Leo Taylor,US
1526,618,Mia Martin,RO
1527,618,Isabella Moore,ES
1528,618,Maria Taylor,ES
1529,618,Ethan Smith,ES
1530,619,James Miller,AL
1531,620,Amelia Brown,GB
1532,620,Isabella Thomas,GB
1533,621,Maria Rossi,GR
1534,621,Sofia Wilson,GR
1535,622,Leo Moore,DE
1536,623,Leo Moore,GR
1537,623,Amelia Anderson,GR
1538,624,Liam Lee,FR
1539,624,Isabella Miller,DE
1540,624,Maria Brown,NG
1541,624,Amelia Taylor,NG
1542,625,James Clark,US
1543,625,Amelia Brown,US
1544,625,Noah Martin,US
1545,626,Ava Lee,NL
1546,626,Noah Clark,NL
1547,626,Leo Garcia,GB
1548,627,Maria Garcia,FR
1549,627,Alex Anderson,FR
1550,627,Amelia Miller,AL
1551,627,Alex Clark,AL
1552,628,Daniel Miller,GR
1553,628,Lucas Anderson,GR
1554,628,Amelia Thomas,GR
1555,628,Lucas Smith,GR
1556,629,Ava Martin,AE
1557,630,Leo Thomas,IT
1558,630,Liam Clark,IT
1559,630,Mia Anderson,IT
1560,631,Maria Thomas,GB
1561,631,Lucas Lee,GB
1562,631,Liam Brown,GB
1563,631,Mia Taylor,GB
1564,632,Leo Moore,ES
1565,632,Mia Miller,GB
1566,633,Mia Miller,FR
1567,633,Leo Garcia,FR
1568,634,Emma Lewis,ES
1569,634,Leo Martin,ES
1570,635,James Thomas,IT
1571,635,Noah Miller,IT
1572,635,Maria Garcia,IT
1573,636,Mia Miller,AE
1574,636,Liam Thomas,AE
1575,636,Ava Lee,RO
1576,636,Olivia Anderson,AE
1577,637,Lucas Smith,NG
1578,637,Isabella Anderson,NG
1579,637,James Taylor,NG
1580,638,Mia Taylor,ES
1581,638,Isabella Thomas,ES
1582,638,Mia Clark,ES
1583,639,Olivia Garcia,FR
1584,639,Maria Clark,FR
1585,639,Olivia Lewis,FR
1586,640,Olivia Anderson,DE
1587,640,James Martin,NG
1588,640,Leo Thomas,ES
1589,640,Daniel Thomas,DE
1590,641,Ava Miller,GR
1591,641,Liam Clark,GR
1592,642,Isabella Taylor,AE
1593,642,Liam Moore,AE
1594,642,Alex Martin,AE
1595,642,James Lewis,NL
1596,643,Noah Smith,AL
1597,643,Daniel Garcia,AL
1598,643,Ava Lee,NL
1599,643,Amelia Thomas,AL
1600,644,Liam Taylor,FR
1601,645,Isabella Wilson,AE
1602,645,Olivia Wilson,AE
1603,646,Alex Brown,DE
1604,647,Olivia Smith,FR
1605,648,Mia Taylor,AE
1606,648,Liam Taylor,IT
1607,648,Mia Wilson,AE
1608,648,Alex Miller,AE
1609,649,Ethan Anderson,NL
1610,649,Emma Garcia,NL
1611,649,Liam Moore,NL
1612,650,Lucas Lee,RO
1613,651,James Moore,NL
1614,651,Sofia Taylor,RO
1615,652,Ethan Moore,ES
1616,652,Mia Moore,ES
1617,652,Olivia Lee,ES
1618,652,Daniel Smith,ES
1619,653,Liam Lewis,RO
1620,654,Sofia Smith,RO
1621,654,Olivia Taylor,RO
1622,655,Alex Lee,GB
1623,655,Sofia Rossi,GB
1624,655,Ethan Miller,GB
1625,655,Amelia Anderson,GB
1626,656,Noah Clark,ES
1627,656,Amelia Garcia,ES
1628,657,Maria Lee,GR
1629,657,Isabella Martin,NL
1630,657,Ethan Clark,NL
1631,657,Daniel Moore,GR
1632,658,Noah Anderson,ES
1633,658,Emma Thomas,ES
1634,658,Liam Miller,ES
1635,658,Leo Garcia,RO
1636,659,Leo Miller,GR
1637,659,Alex Martin,GR
1638,659,Lucas Garcia,GR
1639,660,James Clark,GB
1640,660,Lucas Smith,GB
1641,660,Noah Garcia,GB
1642,661,Ava Clark,NL
1643,661,Daniel Rossi,AE
1644,661,Amelia Smith,AE
1645,661,Mia Taylor,AE
1646,662,Olivia Martin,GB
1647,662,Ethan Taylor,GB
1648,663,Ava Martin,ES
1649,663,Ethan Rossi,ES
1650,663,Lucas Taylor,ES
1651,664,Lucas Brown,AE
1652,665,Sofia Lewis,ES
1653,665,James Rossi,DE
1654,666,Noah Lee,GR
1655,666,Lucas Garcia,GR
1656,667,Daniel Martin,FR
1657,667,Emma Smith,AE
1658,668,Maria Anderson,GB
1659,668,Ava Lewis,GB
1660,668,Olivia Lewis,GB
1661,668,Mia Lewis,GB
1662,669,Emma Garcia,IT
1663,669,Emma Clark,IT
1664,670,Daniel Martin,AE
1665,670,Ava Lee,AE
1666,670,Mia Smith,AL
1667,671,Emma Brown,FR
1668,671,Lucas Rossi,FR
1669,671,Liam Lee,FR
1670,672,Daniel Anderson,DE
1671,672,Alex Brown,DE
1672,672,Isabella Lewis,DE
1673,672,Leo Lewis,GB
1674,673,Olivia Clark,AL
1675,673,Liam Rossi,RO
1676,673,Liam Garcia,IT
1677,674,James Thomas,GR
1678,675,Ava Brown,IT
1679,675,Mia Rossi,GB
1680,676,Leo Anderson,FR
1681,676,Leo Wilson,FR
1682,676,Amelia Anderson,FR
1683,677,Amelia Moore,GR
1684,678,Noah Smith,AL
1685,678,Lucas Lewis,GR
1686,679,Maria Anderson,IT
1687,679,James Miller,IT
1688,679,Ava Anderson,IT
1689,679,Emma Miller,IT
1690,680,Sofia Thomas,GB
1691,680,James Garcia,GB
1692,680,Leo Clark,GB
1693,680,Ava Garcia,GB
1694,681,Ava Anderson,US
1695,681,Sofia Rossi,US
1696,681,Daniel Thomas,US
1697,681,Ava Garcia,US
1698,682,Lucas Rossi,GB
1699,682,Liam Rossi,IT
1700,682,Noah Rossi,GB
1701,682,James Martin,GB
1702,683,Sofia Martin,RO
1703,683,Ava Miller,RO
1704,684,Olivia Lewis,ES
1705,684,Liam Martin,AE
1706,684,Lucas Martin,ES
1707,685,Olivia Smith,FR
1708,685,Maria Smith,FR
1709,685,Alex Taylor,FR
1710,685,Alex Lee,FR
1711,686,Daniel Clark,GB
1712,686,Olivia Brown,GB
1713,686,Leo Smith,GB
1714,686,Ethan Brown,GB
1715,687,Daniel Clark,DE
1716,687,Noah Moore,DE
1717,687,Lucas Clark,DE
1718,688,Alex Anderson,RO
1719,688,Isabella Lewis,RO
1720,689,Alex Anderson,AL
1721,689,Noah Brown,AL
1722,690,Ethan Clark,IT
1723,690,Amelia Rossi,US
1724,690,Amelia Garcia,IT
1725,690,Mia Brown,IT
1726,691,Mia Moore,NG
1727,692,Olivia Garcia,IT
1728,692,Leo Wilson,FR
1729,693,Lucas Wilson,RO
1730,694,Lucas Smith,NG
1731,695,Ethan Martin,ES
1732,695,Alex Taylor,DE
1733,695,Leo Moore,ES
1734,695,Leo Thomas,RO
1735,696,Ethan Wilson,IT
1736,697,Daniel Brown,RO
1737,697,Lucas Anderson,RO
1738,698,Lucas Martin,AE
1739,699,Amelia Miller,NL
1740,699,Leo Rossi,NL
1741,700,Amelia Thomas,US
1742,701,Mia Taylor,AL
1743,701,Amelia Rossi,US
1744,701,Noah Rossi,AE
1745,701,Ethan Taylor,GR
1746,702,James Thomas,GB
1747,702,Lucas Lewis,GB
1748,702,Isabella Miller,US
1749,702,Emma Rossi,GB
1750,703,Amelia Brown,IT
1751,703,Isabella Garcia,IT
1752,703,Emma Clark,IT
1753,703,Maria Garcia,IT
1754,704,Isabella Moore,AL
1755,704,Mia Anderson,AE
1756,704,Liam Wilson,IT
1757,705,Sofia Moore,NG
1758,705,Sofia Clark,NG
1759,705,Noah Lewis,GR
1760,705,Ava Martin,NG
1761,706,Emma Rossi,NL
1762,707,Ava Garcia,FR
1763,707,Alex Wilson,FR
1764,708,Leo Smith,IT
1765,708,James Miller,IT
1766,708,James Anderson,IT
1767,708,Emma Garcia,IT
1768,709,Lucas Martin,NL
1769,710,Alex Moore,RO
1770,710,Olivia Anderson,DE
1771,710,Sofia Brown,DE
1772,711,Liam Taylor,AL
1773,711,Liam Lewis,AL
1774,711,Isabella Moore,AL
1775,712,Maria Smith,IT
1776,713,Daniel Wilson,IT
1777,713,Liam Wilson,IT
1778,714,Noah Thomas,IT
1779,714,Daniel Smith,IT
1780,715,Amelia Brown,IT
1781,716,Leo Thomas,US
1782,716,Ava Clark,US
1783,717,Emma Wilson,FR
1784,717,Amelia Clark,FR
1785,717,Alex Garcia,FR
1786,717,Emma Anderson,FR
1787,718,Ethan Lewis,AL
1788,719,Ava Miller,GB
1789,719,Olivia Lee,AE
1790,719,Sofia Thomas,AE
1791,720,Alex Garcia,NL
1792,721,Leo Anderson,US
1793,722,Ava Lee,AL
1794,722,Sofia Rossi,AL
1795,723,James Wilson,RO
1796,723,Liam Brown,NL
1797,723,Olivia Brown,NL
1798,724,Isabella Lee,ES
1799,725,Leo Wilson,RO
1800,726,Amelia Brown,GB
1801,726,Leo Garcia,GB
1802,726,Emma Moore,GB
1803,727,Daniel Lee,NG
1804,728,Isabella Anderson,IT
1805,728,Leo Taylor,IT
1806,729,Leo Martin,FR
1807,730,Olivia Moore,US
1808,730,Isabella Garcia,US
1809,731,Olivia Lewis,DE
1810,731,Ethan Martin,NG
1811,731,Sofia Taylor,NG
1812,731,Noah Clark,NG
1813,732,Liam Miller,DE
1814,733,Noah Martin,RO
1815,733,Leo Brown,RO
1816,734,Noah Wilson,GR
1817,734,Daniel Smith,GR
1818,735,Sofia Clark,FR
1819,735,Daniel Thomas,FR
1820,735,Maria Taylor,FR
1821,735,Daniel Lewis,FR
1822,736,Ava Brown,GR
1823,736,Leo Moore,GR
1824,737,Leo Wilson,NL
1825,737,Isabella Garcia,NL
1826,737,Emma Moore,NL
1827,737,Lucas Anderson,NL
1828,738,Isabella Moore,NG
1829,739,Noah Wilson,NL
1830,739,Mia Clark,NL
1831,740,Lucas Lewis,FR
1832,740,Ava Taylor,FR
1833,740,Maria Rossi,FR
1834,741,James Smith,ES
1835,742,Noah Smith,RO
1836,742,James Taylor,RO
1837,742,Isabella Rossi,RO
1838,743,Ava Rossi,DE
1839,743,Olivia Taylor,NG
1840,744,Ava Wilson,NG
1841,744,Maria Garcia,DE
1842,744,Sofia Moore,US
1843,744,Noah Garcia,NG
1844,745,James Brown,RO
1845,745,Isabella Brown,RO
1846,745,Leo Miller,RO
1847,746,Amelia Brown,US
1848,746,Maria Brown,US
1849,747,Ava Taylor,GB
1850,747,Alex Garcia,GB
1851,747,Noah Rossi,GB
1852,748,Alex Thomas,NG
1853,749,Emma Lee,GB
1854,749,Liam Lewis,GB
1855,749,Ethan Anderson,NG
1856,749,Lucas Rossi,GB
1857,750,Mia Wilson,ES
1858,750,Sofia Lewis,ES
1859,751,Olivia Smith,ES
1860,751,Maria Miller,ES
1861,751,Emma Brown,US
1862,751,Daniel Taylor,ES
1863,752,Liam Smith,ES
1864,752,Isabella Anderson,ES
1865,752,Mia Anderson,ES
1866,753,Olivia Clark,US
1867,753,Daniel Rossi,ES
1868,754,Liam Martin,ES
1869,755,Liam Brown,DE
1870,755,Lucas Brown,DE
1871,755,Lucas Taylor,AL
1872,756,Sofia Miller,GR
1873,756,Amelia Taylor,GR
1874,757,Leo Anderson,GR
1875,758,Ava Rossi,NG
1876,758,James Taylor,NG
1877,759,Leo Garcia,IT
1878,759,Olivia Taylor,IT
1879,759,James Anderson,IT
1880,759,James Wilson,IT
1881,760,Sofia Smith,AE
1882,760,Sofia Brown,RO
1883,760,Isabella Lewis,AE
1884,760,Noah Anderson,NL
1885,761,Amelia Miller,FR
1886,761,Olivia Lewis,FR
1887,762,James Moore,DE
1888,763,James Martin,RO
1889,763,Amelia Thomas,RO
1890,763,Ava Miller,RO
1891,763,Liam Smith,RO
1892,764,Amelia Thomas,RO
1893,765,Isabella Smith,DE
1894,765,Amelia Rossi,RO
1895,765,Emma Miller,DE
1896,765,Emma Taylor,DE
1897,766,Sofia Clark,IT
1898,766,Lucas Lee,DE
1899,766,Olivia Clark,DE
1900,767,Isabella Smith,FR
1901,767,Ava Lee,AE
1902,768,Alex Anderson,AE
1903,768,Ethan Clark,AE
1904,768,Ethan Moore,AL
1905,768,Noah Anderson,AE
1906,769,Ethan Brown,NG
1907,769,Noah Lewis,NG
1908,770,Ava Anderson,RO
1909,770,Ethan Wilson,AL
1910,771,Emma Thomas,RO
1911,771,Ava Taylor,AL
1912,771,Liam Taylor,RO
1913,771,Liam Garcia,GB
1914,772,Sofia Taylor,RO
1915,772,Ethan Taylor,ES
1916,773,Emma Lewis,GR
1917,773,Ava Taylor,US
1918,773,Sofia Anderson,US
1919,774,Mia Miller,GB
1920,774,James Anderson,IT
1921,774,James Martin,GB
1922,774,Mia Smith,GB
1923,775,Ava Clark,US
1924,775,James Lewis,US
1925,775,Daniel Wilson,US
1926,776,Emma Wilson,AE
1927,776,Emma Anderson,AE
1928,776,Alex Clark,AE
1929,777,Alex Moore,ES
1930,777,Lucas Clark,ES
1931,777,Maria Clark,DE
1932,777,Amelia Martin,ES
1933,778,Ethan Wilson,NG
1934,779,James Miller,GB
1935,780,Olivia Wilson,AL
1936,780,Noah Brown,RO
1937,780,Olivia Clark,AL
1938,780,Liam Moore,AL
1939,781,Maria Miller,RO
1940,781,Maria Moore,DE
1941,781,Daniel Moore,DE
1942,782,Noah Garcia,ES
1943,783,Isabella Anderson,IT
1944,783,Ethan Wilson,AE
1945,784,Leo Lee,AL
1946,784,Noah Garcia,AL
1947,784,Liam Rossi,AL
1948,784,Ethan Anderson,AL
1949,785,Emma Lee,AL
1950,785,Lucas Lee,AL
1951,785,Liam Lee,AL
1952,786,Liam Moore,RO
1953,786,Mia Martin,RO
1954,786,Isabella Lee,RO
1955,786,Lucas Garcia,RO
1956,787,Leo Taylor,FR
1957,787,Lucas Smith,GR
1958,787,Ava Brown,FR
1959,787,James Lee,FR
1960,788,Leo Thomas,ES
1961,788,Maria Martin,IT
1962,788,James Taylor,AE
1963,789,Emma Martin,AL
1964,789,Isabella Moore,AL
1965,789,Olivia Lee,ES
1966,789,Isabella Rossi,AL
1967,790,Amelia Smith,US
1968,790,Emma Moore,US
1969,790,Ethan Thomas,AL
1970,790,Noah Miller,US
1971,791,Liam Anderson,NL
1972,791,Lucas Garcia,IT
1973,791,Emma Anderson,NL
1974,792,James Rossi,DE
1975,792,Sofia Brown,DE
1976,793,Lucas Lewis,NG
1977,793,Maria Thomas,AL
1978,793,Liam Garcia,AL
1979,793,James Wilson,AL
1980,794,Leo Lewis,AL
1981,794,Alex Thomas,AL
1982,794,Mia Moore,NL
1983,795,Amelia Lee,FR
1984,795,Ethan Wilson,AL
1985,796,Noah Lee,NL
1986,796,Ethan Miller,IT
1987,796,Isabella Rossi,IT
1988,797,Isabella Moore,IT
1989,797,Liam Brown,IT
1990,798,Daniel Martin,DE
1991,799,Maria Taylor,ES
1992,799,Noah Anderson,ES
1993,800,Alex Brown,AE
1994,800,Amelia Anderson,AE
1995,801,Leo Wilson,AE
1996,801,Olivia Wilson,AE
1997,801,Ava Anderson,AE
1998,801,Ethan Moore,AE
1999,802,Ava Clark,NL
2000,802,Alex Lee,NL
2001,802,Lucas Lee,NL
2002,802,Lucas Martin,NL
2003,803,Noah Brown,NL
2004,803,Isabella Moore,IT
2005,804,Isabella Wilson,ES
2006,804,Ava Lewis,ES
2007,804,Maria Wilson,ES
2008,805,James Miller,ES
2009,805,Leo Moore,ES
2010,805,Amelia Anderson,ES
2011,805,Emma Lewis,ES
2012,806,Liam Taylor,NG
2013,806,Alex Wilson,NG
2014,807,Ethan Martin,NL
2015,808,Noah Smith,NL
2016,808,Maria Lewis,DE
2017,808,Sofia Rossi,NL
2018,808,Mia Clark,FR
2019,809,Sofia Wilson,FR
2020,809,Emma Lewis,FR
2021,809,Alex Moore,FR
2022,810,Isabella Clark,AL
2023,810,Mia Wilson,AL
2024,810,Alex Garcia,AL
2025,811,Isabella Miller,AL
2026,811,Isabella Thomas,GR
2027,812,James Wilson,RO
2028,812,James Thomas,RO
2029,812,Isabella Anderson,RO
2030,813,Sofia Moore,IT
2031,813,Emma Garcia,IT
2032,813,Amelia Garcia,DE
2033,814,Sofia Moore,RO
2034,814,Ava Anderson,RO
2035,814,Isabella Wilson,RO
2036,814,Mia Thomas,AL
2037,815,Leo Martin,FR
2038,815,Olivia Thomas,FR
2039,816,Leo Garcia,DE
2040,817,James Moore,GR
2041,817,Emma Thomas,ES
2042,817,Sofia Moore,GR
2043,818,James Clark,AE
2044,818,Ava Miller,AE
2045,818,Leo Lee,AE
2046,818,Emma Moore,AE
2047,819,Leo Brown,DE
2048,819,Lucas Thomas,GB
2049,819,Leo Martin,GB
2050,820,Leo Brown,NG
2051,821,Isabella Lee,NL
2052,821,Mia Thomas,NL
2053,822,Leo Anderson,NG
2054,822,James Miller,NG
2055,822,Daniel Smith,NG
2056,823,Lucas Martin,NG
2057,823,Isabella Rossi,NG
2058,824,Maria Martin,FR
2059,824,Ethan Garcia,FR
2060,824,Ava Anderson,ES
2061,824,Ava Wilson,FR
2062,825,Amelia Martin,ES
2063,826,Sofia Wilson,GB
2064,826,Noah Wilson,DE
2065,827,Sofia Anderson,US
2066,827,Daniel Clark,US
2067,827,Sofia Taylor,GB
2068,828,Noah Moore,AL
2069,828,Isabella Brown,AL
2070,828,Liam Anderson,AL
2071,829,Alex Lewis,GR
2072,829,Daniel Garcia,GR
2073,829,Sofia Lewis,GR
2074,830,Ava Smith,AL
2075,831,Ava Miller,ES
2076,832,Sofia Lee,NL
2077,832,Sofia Anderson,NL
2078,832,Lucas Garcia,NL
2079,832,Liam Thomas,NL
2080,833,Sofia Wilson,US
2081,833,Daniel Lewis,US
2082,833,Daniel Smith,US
2083,834,Daniel Smith,NG
2084,834,Daniel Wilson,AL
2085,835,Leo Garcia,AL
2086,835,Maria Thomas,NG
2087,836,Leo Garcia,RO
2088,836,Lucas Brown,RO
2089,836,Liam Brown,RO
2090,837,Amelia Lewis,NG
2091,837,Emma Lee,AL
2092,837,Liam Taylor,GR
2093,837,Olivia Anderson,AL
2094,838,Sofia Clark,AE
2095,839,Olivia Garcia,GR
2096,839,Ava Smith,NL
2097,840,Isabella Garcia,RO
2098,841,Leo Miller,DE
2099,841,Maria Wilson,DE
2100,842,Daniel Miller,AE
2101,843,James Garcia,ES
2102,843,Sofia Martin,IT
2103,843,Ethan Rossi,ES
2104,843,Sofia Garcia,NG
2105,844,Maria Lee,NG
2106,845,Alex Lee,IT
2107,845,Isabella Thomas,IT
2108,846,Ava Rossi,FR
2109,846,Liam Anderson,FR
2110,846,Olivia Martin,FR
2111,846,Isabella Lee,FR
2112,847,Olivia Miller,IT
2113,847,Amelia Garcia,IT
2114,847,Amelia Smith,IT
2115,848,Emma Moore,GB
2116,848,Mia Smith,GB
2117,848,Alex Thomas,GB
2118,849,Daniel Clark,RO
2119,849,Sofia Anderson,RO
2120,849,Alex Thomas,RO
2121,849,Emma Garcia,FR
2122,850,Amelia Garcia,AL
2123,850,Noah Brown,AL
2124,851,Ethan Miller,RO
2125,852,Noah Taylor,RO
2126,853,Leo Thomas,AE
2127,853,Emma Rossi,FR
2128,853,Sofia Taylor,AE
2129,854,Maria Martin,GR
2130,854,Ethan Brown,DE
2131,854,Lucas Miller,GR
2132,854,Amelia Smith,GR
2133,855,Olivia Anderson,IT
2134,855,Isabella Clark,NG
2135,855,Olivia Garcia,NG
2136,856,Noah Martin,FR
2137,856,Amelia Moore,IT
2138,856,James Clark,FR
2139,857,Lucas Smith,GR
2140,857,Alex Moore,GB
2141,858,Isabella Thomas,US
2142,858,Lucas Taylor,US
2143,859,Olivia Smith,FR
2144,859,Noah Lewis,FR
2145,859,Maria Wilson,FR
2146,860,Mia Brown,ES
2147,860,Ava Thomas,ES
2148,860,Ava Taylor,ES
2149,860,Leo Taylor,ES
2150,861,Noah Rossi,AL
2151,862,Ava Miller,NL
2152,862,Ava Wilson,NL
2153,862,Emma Miller,NL
2154,862,Olivia Brown,NL
2155,863,Ethan Wilson,ES
2156,863,Ethan Garcia,ES
2157,863,Ava Thomas,AE
2158,864,Leo Miller,GR
2159,864,Leo Taylor,GR
2160,865,Liam Clark,NG
2161,865,Isabella Anderson,NG
2162,865,Noah Clark,NG
2163,866,Noah Miller,RO
2164,866,Mia Wilson,RO
2165,866,Amelia Taylor,RO
2166,867,Emma Lee,NG
2167,867,Ethan Smith,GB
2168,868,Alex Miller,IT
2169,869,Liam Smith,ES
2170,869,James Thomas,ES
2171,869,Ava Lewis,ES
2172,869,Alex Garcia,ES
2173,870,Sofia Miller,GR
2174,870,Mia Rossi,DE
2175,870,James Clark,FR
2176,870,Maria Wilson,RO
2177,871,Emma Lewis,DE
2178,871,Alex Martin,IT
2179,871,Liam Lewis,DE
2180,871,Mia Smith,DE
2181,872,Amelia Miller,NG
2182,872,Ethan Moore,NG
2183,872,James Anderson,NG
2184,873,Maria Brown,NL
2185,874,Daniel Anderson,GR
2186,874,James Clark,AL
2187,874,James Brown,GR
2188,874,Leo Garcia,GR
2189,875,Noah Lewis,NL
2190,875,Ethan Smith,ES
2191,875,Lucas Lewis,IT
2192,876,Noah Clark,AL
2193,876,Isabella Taylor,GB
2194,876,Noah Thomas,AL
2195,877,Sofia Miller,AE
2196,877,Sofia Taylor,AE
2197,877,James Rossi,AE
2198,878,Daniel Wilson,AE
2199,878,Isabella Clark,AE
2200,878,Noah Moore,AE
2201,879,Maria Wilson,FR
2202,879,Leo Clark,FR
2203,879,James Clark,FR
2204,880,Daniel Moore,FR
2205,880,Emma Thomas,FR
2206,880,Sofia Miller,FR
2207,880,Alex Rossi,FR
2208,881,Lucas Clark,AL
2209,881,Maria Thomas,AL
2210,881,James Lewis,AL
2211,882,Ethan Clark,RO
2212,882,Ethan Lewis,RO
2213,882,Maria Brown,RO
2214,883,James Taylor,FR
2215,883,Ava Thomas,DE
2216,883,Olivia Lewis,FR
2217,883,Olivia Smith,FR
2218,884,James Brown,AL
2219,884,James Brown,AL
2220,884,Mia Rossi,AL
2221,885,Lucas Garcia,FR
2222,885,Alex Thomas,FR
2223,885,Mia Smith,FR
2224,885,Emma Miller,FR
2225,886,Mia Rossi,NL
2226,886,Liam Garcia,NL
2227,887,Amelia Garcia,RO
2228,887,Daniel Brown,NL
2229,887,Daniel Moore,FR
2230,887,Ethan Moore,DE
2231,888,Isabella Clark,GR
2232,888,Maria Brown,GR
2233,888,Alex Clark,GR
2234,889,Maria Lee,IT
2235,889,Amelia Lee,IT
2236,889,Isabella Garcia,IT
2237,889,Mia Garcia,IT
2238,890,Daniel Taylor,NL
2239,891,Leo Smith,GB
2240,891,Maria Thomas,GB
2241,891,James Moore,NL
2242,891,Mia Lee,GB
2243,892,Ava Garcia,IT
2244,893,Amelia Martin,IT
2245,894,Noah Smith,AL
2246,895,Amelia Moore,DE
2247,895,James Rossi,US
2248,896,Mia Anderson,US
2249,896,Maria Thomas,US
2250,896,Daniel Lee,DE
2251,896,Emma Taylor,US
2252,897,Ava Wilson,DE
2253,898,Sofia Taylor,RO
2254,898,Ethan Moore,RO
2255,898,Leo Smith,RO
2256,899,Maria Lewis,US
2257,899,Ava Anderson,US
2258,899,Noah Rossi,IT
2259,900,Olivia Smith,NL
2260,901,Alex Miller,GR
2261,901,Ethan Lee,DE
2262,901,Amelia Brown,AE
2263,901,Liam Martin,GR
2264,902,James Wilson,ES
2265,902,Daniel Wilson,ES
2266,902,Olivia Miller,NG
2267,903,Liam Lee,AE
2268,903,Alex Thomas,DE
2269,903,Sofia Clark,DE
2270,904,Noah Lee,NG
2271,905,Ava Wilson,NG
2272,905,Olivia Thomas,NG
2273,905,Alex Thomas,NG
2274,906,Amelia Wilson,GR
2275,906,Isabella Lee,IT
2276,907,Lucas Garcia,AL
2277,907,Ethan Moore,NG
2278,908,Sofia Miller,AL
2279,908,Noah Clark,AL
2280,908,Ethan Martin,AL
2281,909,Lucas Martin,IT
2282,909,Alex Wilson,IT
2283,910,Noah Garcia,DE
2284,910,Daniel Smith,AE
2285,910,Mia Wilson,AE
2286,910,Ava Anderson,AE
2287,911,Ava Lee,GB
2288,911,Isabella Lewis,IT
2289,912,Ethan Rossi,IT
2290,912,Olivia Taylor,IT
2291,912,Maria Miller,IT
2292,912,Amelia Anderson,IT
2293,913,Mia Moore,GR
2294,913,Ethan Thomas,AL
2295,913,Emma Anderson,DE
2296,914,Noah Smith,ES
2297,914,Emma Miller,ES
2298,914,Sofia Martin,ES
2299,914,Isabella Clark,ES
2300,915,Ava Taylor,NL
2301,916,Ava Miller,FR
2302,916,Isabella Lewis,FR
2303,916,Sofia Anderson,FR
2304,916,Noah Brown,FR
2305,917,Daniel Anderson,GR
2306,917,Isabella Brown,GR
2307,918,Maria Thomas,ES
2308,918,Emma Taylor,ES
2309,919,Liam Anderson,NG
2310,919,Liam Moore,NG
2311,919,Leo Wilson,ES
2312,920,Ava Clark,NG
2313,920,Ava Smith,AL
2314,920,Emma Thomas,NG
2315,921,Mia Lewis,FR
2316,921,Mia Garcia,FR
2317,922,Emma Lee,FR
2318,922,Olivia Martin,FR
2319,922,Lucas Anderson,FR
2320,922,Liam Clark,FR
2321,923,Maria Lee,ES
2322,923,Liam Moore,ES
2323,923,Daniel Smith,ES
2324,923,Liam Thomas,ES
2325,924,Alex Garcia,NG
2326,924,James Martin,NL
2327,924,Ethan Clark,NG
2328,924,Daniel Smith,NG
2329,925,Olivia Clark,ES
2330,925,Daniel Martin,ES
2331,926,Ethan Wilson,US
2332,926,Ava Taylor,US
2333,926,Alex Martin,US
2334,926,Daniel Anderson,US
2335,927,Sofia Smith,GB
2336,927,Daniel Anderson,NG
2337,927,Emma Clark,NG
2338,927,Ethan Lewis,NG
2339,928,Alex Anderson,IT
2340,928,Ava Wilson,IT
2341,928,James Taylor,AE
2342,928,Liam Lee,NG
2343,929,Ethan Anderson,NG
2344,930,James Smith,AE
2345,930,Ethan Brown,AE
2346,930,Mia Smith,AE
2347,931,Alex Garcia,AE
2348,931,Ethan Wilson,AE
2349,931,James Taylor,AE
2350,931,Sofia Lewis,AE
2351,932,Noah Lewis,NL
2352,932,Daniel Smith,ES
2353,933,Isabella Lee,GR
2354,933,Amelia Garcia,GR
2355,933,Noah Brown,GR
2356,934,Emma Wilson,US
2357,935,Liam Clark,GB
2358,936,Noah Wilson,RO
2359,936,Daniel Martin,RO
2360,936,Alex Wilson,AL
2361,937,Liam Clark,ES
2362,937,Maria Lewis,ES
2363,937,Isabella Anderson,FR
2364,937,Olivia Clark,ES
2365,938,Isabella Moore,IT
2366,939,Maria Garcia,NG
2367,939,Daniel Moore,NG
2368,940,Noah Brown,US
2369,940,Olivia Anderson,US
2370,940,Liam Anderson,US
2371,940,Daniel Garcia,US
2372,941,Isabella Lewis,IT
2373,941,Liam Rossi,IT
2374,941,Ethan Thomas,IT
2375,941,Emma Taylor,IT
2376,942,Emma Thomas,AE
2377,943,Olivia Miller,AL
2378,943,Daniel Taylor,AL
2379,944,Maria Brown,NL
2380,945,Amelia Thomas,FR
2381,946,Olivia Clark,IT
2382,946,Emma Martin,DE
2383,946,Isabella Rossi,IT
2384,947,Isabella Brown,US
2385,947,Ava Thomas,US
2386,947,Liam Lewis,US
2387,948,Olivia Taylor,GR
2388,948,Olivia Martin,IT
2389,948,Mia Taylor,IT
2390,948,Noah Wilson,IT
2391,949,Emma Wilson,GR
2392,949,Maria Brown,IT
2393,950,Ethan Wilson,US
2394,950,James Thomas,RO
2395,950,Sofia Moore,RO
2396,951,Liam Martin,GR
2397,951,James Martin,GR
2398,951,James Clark,GR
2399,952,Ava Lee,US
2400,952,Leo Lee,US
2401,952,Daniel Miller,US
2402,953,Leo Clark,AL
2403,953,Maria Miller,AL
2404,954,Lucas Wilson,NG
2405,955,Amelia Taylor,AE
2406,955,Liam Lee,AE
2407,955,Alex Miller,AE
2408,956,Ethan Moore,DE
2409,956,Olivia Martin,FR
2410,956,Noah Clark,FR
2411,957,Alex Wilson,AL
2412,957,Alex Anderson,AL
2413,957,Maria Moore,AL
2414,958,Mia Smith,GB
2415,959,Daniel Taylor,NG
2416,960,Olivia Lewis,DE
2417,960,Lucas Miller,GB
2418,960,Leo Taylor,GB
2419,960,Maria Lewis,GB
2420,961,Daniel Clark,IT
2421,961,Ava Smith,DE
2422,961,Sofia Wilson,IT
2423,961,Noah Lee,IT
2424,962,Isabella Lewis,GR
2425,963,Maria Garcia,ES
2426,963,Isabella Anderson,ES
2427,963,Noah Miller,ES
2428,964,Leo Clark,US
2429,964,Olivia Lee,DE
2430,964,Leo Martin,DE
2431,964,Lucas Smith,DE
2432,965,Sofia Wilson,NG
2433,965,Ava Garcia,NG
2434,965,Noah Lewis,NG
2435,965,Lucas Miller,NG
2436,966,Mia Clark,RO
2437,966,Mia Lee,GR
2438,967,Amelia Brown,AE
2439,967,Olivia Moore,NL
2440,967,James Martin,NL
2441,968,Alex Smith,NG
2442,969,Daniel Thomas,US
2443,969,James Rossi,US
2444,969,Liam Clark,US
2445,970,Olivia Rossi,NG
2446,970,Liam Smith,DE
2447,971,Liam Brown,ES
2448,971,Noah Miller,ES
2449,971,Ethan Smith,ES
2450,971,Leo Martin,ES
2451,972,Mia Anderson,US
2452,972,Olivia Clark,US
2453,972,Leo Lewis,US
2454,973,Noah Garcia,FR
2455,973,Emma Smith,AL
2456,974,Ethan Garcia,ES
2457,974,James Thomas,ES
2458,975,James Moore,NL
2459,975,Leo Taylor,GR
2460,975,Mia Brown,AL
2461,975,Isabella Anderson,FR
2462,976,Leo Taylor,ES
2463,976,Amelia Lee,AL
2464,976,Olivia Martin,ES
2465,977,Amelia Anderson,US
2466,978,Mia Rossi,ES
2467,978,Noah Garcia,DE
2468,978,Liam Taylor,ES
2469,979,Ava Thomas,GB
2470,979,Emma Moore,GB
2471,979,Emma Thomas,GB
2472,980,Lucas Lee,ES
2473,980,Alex Miller,GR
2474,980,Ethan Thomas,US
2475,981,Leo Thomas,IT
2476,981,Olivia Rossi,IT
2477,981,Maria Anderson,IT
2478,981,Liam Wilson,IT
2479,982,Leo Lewis,AE
2480,982,Daniel Martin,ES
2481,982,Olivia Clark,AE
2482,982,Ava Thomas,AE
2483,983,Emma Moore,GR
2484,983,Ethan Miller,GR
2485,983,Ethan Wilson,GR
2486,984,James Lee,DE
2487,985,Sofia Wilson,FR
2488,985,Daniel Moore,FR
2489,986,Daniel Smith,AL
2490,986,Olivia Garcia,AL
2491,987,Ava Rossi,US
2492,988,Maria Lewis,NG
2493,988,Emma Taylor,NG
2494,989,Isabella Thomas,NG
2495,989,Noah Taylor,NG
2496,989,James Rossi,NG
2497,990,Amelia Lee,AL
2498,990,Ava Thomas,GR
2499,990,Leo Taylor,FR
2500,990,Maria Martin,GR
2501,991,Olivia Garcia,GR
2502,991,Emma Thomas,GR
2503,992,Noah Taylor,NG
2504,992,Olivia Garcia,NG
2505,992,Mia Brown,NG
2506,992,Ava Miller,NG
2507,993,Liam Garcia,AE
2508,993,Daniel Moore,AE
2509,993,Leo Lee,AE
2510,993,James Lewis,AE
2511,994,Isabella Rossi,AE
2512,994,Daniel Lee,AE
2513,994,Leo Taylor,DE
2514,995,Lucas Moore,DE
2515,995,Leo Taylor,DE
2516,995,Sofia Martin,DE
2517,995,Daniel Garcia,DE
2518,996,Emma Clark,GR
2519,997,Isabella Smith,IT
2520,997,Ethan Garcia,IT
2521,997,Ethan Miller,IT
2522,997,Emma Moore,IT
2523,998,Alex Lewis,AE
2524,999,Noah Smith,DE
2525,999,Mia Taylor,DE
2526,999,Olivia Garcia,DE
2527,1000,Ava Smith,NG
2528,1000,Mia Smith,NG
2529,1001,Maria Taylor,RO
2530,1001,Sofia Lewis,GB
2531,1002,Ava Wilson,GB
2532,1002,Noah Lee,GB
2533,1003,Sofia Martin,AL
2534,1003,Emma Moore,DE
2535,1003,Noah Taylor,NL
2536,1003,Ethan Miller,GB
2537,1004,Isabella Brown,GR
2538,1004,Lucas Clark,GR
2539,1004,Amelia Lee,AL
2540,1005,James Clark,RO
2541,1005,Ava Lewis,GB
2542,1005,Sofia Miller,NG
2543,1006,Olivia Garcia,GR
2544,1006,Mia Clark,GR
2545,1007,Ava Taylor,GR
2546,1008,Maria Clark,US
2547,1008,Isabella Brown,US
2548,1009,Olivia Brown,NG
2549,1009,Ava Garcia,DE
2550,1009,Liam Anderson,NG
2551,1010,Isabella Anderson,GB
2552,1010,Ethan Miller,GB
2553,1010,Isabella Martin,GB
2554,1010,James Anderson,GB
2555,1011,Emma Lee,AE
2556,1012,Lucas Smith,ES
2557,1013,Isabella Brown,GR
2558,1013,Sofia Miller,GR
2559,1014,Ava Wilson,RO
2560,1014,Ava Smith,RO
2561,1014,Maria Lee,RO
2562,1014,Alex Wilson,FR
2563,1015,Ava Lee,US
2564,1016,Alex Lewis,AE
2565,1017,Isabella Taylor,IT
2566,1018,Amelia Taylor,FR
2567,1019,Isabella Martin,NG
2568,1020,Sofia Lee,AL
2569,1020,Liam Taylor,AL
2570,1020,James Garcia,ES
2571,1021,Olivia Lewis,FR
2572,1021,Liam Moore,FR
2573,1021,Amelia Miller,FR
2574,1021,Mia Taylor,AL
2575,1022,James Thomas,ES
2576,1022,Noah Rossi,GB
2577,1023,Emma Anderson,AE
2578,1023,Leo Brown,IT
2579,1023,Lucas Miller,IT
2580,1024,Maria Brown,NL
2581,1024,Leo Taylor,NL
2582,1025,Emma Lee,RO
2583,1025,Emma Miller,RO
2584,1025,Amelia Thomas,RO
2585,1026,Mia Thomas,GB
2586,1026,Liam Thomas,GB
2587,1026,Maria Martin,GB
2588,1027,Amelia Smith,AL
2589,1027,Sofia Moore,GB
2590,1027,Amelia Thomas,GR
2591,1027,Daniel Wilson,GB
2592,1028,Olivia Thomas,ES
2593,1028,Liam Moore,US
2594,1028,Maria Martin,AE
2595,1029,Noah Rossi,RO
2596,1029,Daniel Lewis,RO
2597,1030,James Rossi,IT
2598,1030,Daniel Moore,IT
2599,1030,Maria Smith,IT
2600,1031,Leo Miller,NG
2601,1031,Alex Thomas,ES
2602,1032,Emma Brown,GB
2603,1032,Noah Anderson,GB
2604,1033,Noah Martin,DE
2605,1033,Olivia Smith,ES
2606,1033,Leo Lee,DE
2607,1034,Leo Thomas,FR
2608,1034,Daniel Wilson,FR
2609,1035,Daniel Thomas,AL
2610,1035,Leo Moore,AL
2611,1035,Alex Miller,AL
2612,1035,Isabella Anderson,GB
2613,1036,Alex Miller,AL
2614,1036,Sofia Rossi,US
2615,1037,Liam Taylor,GR
2616,1037,Lucas Smith,FR
2617,1038,Mia Thomas,AE
2618,1039,Alex Clark,GR
2619,1039,Liam Moore,GB
2620,1039,Ethan Lewis,GB
2621,1040,Liam Thomas,FR
2622,1041,Lucas Martin,US
2623,1041,Isabella Thomas,US
2624,1041,Liam Rossi,US
2625,1041,Olivia Taylor,GB
2626,1042,Alex Smith,US
2627,1043,James Lewis,AL
2628,1043,Sofia Wilson,AL
2629,1043,James Wilson,AL
2630,1044,Emma Lee,FR
2631,1044,Lucas Clark,NG
2632,1044,Ava Rossi,IT
2633,1045,Maria Clark,FR
2634,1045,Alex Wilson,NL
2635,1045,Lucas Anderson,FR
2636,1045,Maria Garcia,FR
2637,1046,Daniel Thomas,AL
2638,1047,Alex Wilson,IT
2639,1047,Noah Miller,IT
2640,1047,Leo Smith,IT
2641,1048,Daniel Lee,AL
2642,1048,Daniel Rossi,AL
2643,1048,Olivia Lee,AL
2644,1048,Leo Moore,AL
2645,1049,Lucas Lee,RO
2646,1049,Noah Brown,RO
2647,1049,Isabella Thomas,RO
2648,1049,Lucas Anderson,RO
2649,1050,Alex Rossi,FR
2650,1050,Ava Brown,FR
2651,1050,Amelia Martin,FR
2652,1051,Maria Garcia,GB
2653,1052,Leo Taylor,RO
2654,1052,Amelia Moore,DE
2655,1053,Ava Anderson,AE
2656,1053,Mia Martin,AE
2657,1054,Ava Martin,DE
2658,1054,Isabella Moore,AE
2659,1055,Ava Wilson,GB
2660,1055,Ava Lee,GB
2661,1055,Liam Anderson,IT
2662,1055,Leo Martin,GB
2663,1056,Ethan Taylor,NG
2664,1056,Ethan Clark,NG
2665,1056,Sofia Thomas,NG
2666,1057,Liam Clark,NL
2667,1058,Emma Wilson,NL
2668,1059,Alex Thomas,GB
2669,1059,Alex Smith,GB
2670,1059,Noah Rossi,GB
2671,1060,Emma Smith,ES
2672,1061,Ava Smith,ES
2673,1062,Alex Thomas,AL
2674,1063,Alex Garcia,FR
2675,1064,Leo Moore,US
2676,1064,Amelia Smith,US
2677,1064,Ava Martin,US
2678,1064,Ethan Moore,US
2679,1065,Olivia Anderson,ES
2680,1065,Noah Taylor,NL
2681,1065,Lucas Clark,NL
2682,1065,Mia Lewis,NL
2683,1066,Mia Garcia,AE
2684,1067,Ethan Lewis,ES
2685,1067,Emma Lewis,ES
2686,1068,Liam Clark,IT
2687,1068,Emma Anderson,IT
2688,1069,Mia Moore,GB
2689,1069,Isabella Rossi,GB
2690,1070,Emma Brown,IT
2691,1070,Mia Garcia,NL
2692,1070,Sofia Taylor,RO
2693,1071,Leo Wilson,NL
2694,1072,Daniel Taylor,AL
2695,1072,Isabella Martin,AL
2696,1072,Daniel Moore,GR
2697,1073,Amelia Anderson,DE
2698,1073,Noah Brown,DE
2699,1074,James Thomas,ES
2700,1074,Emma Anderson,ES
2701,1074,Lucas Garcia,AE
2702,1074,Daniel Garcia,ES
2703,1075,Isabella Thomas,RO
2704,1075,Alex Smith,GR
2705,1075,Alex Moore,US
2706,1076,Olivia Lee,GB
2707,1076,Liam Garcia,NL
2708,1077,Sofia Anderson,NL
2709,1077,Ava Lewis,US
2710,1077,Ethan Moore,US
2711,1077,Isabella Anderson,ES
2712,1078,Lucas Wilson,GB
2713,1079,Liam Taylor,RO
2714,1079,Liam Thomas,RO
2715,1079,Emma Thomas,RO
2716,1080,Amelia Lee,NL
2717,1080,Ethan Brown,NL
2718,1081,Noah Rossi,DE
2719,1081,Ava Garcia,DE
2720,1081,Sofia Miller,ES
2721,1081,Mia Miller,DE
2722,1082,Amelia Wilson,AE
2723,1082,James Moore,AE
2724,1082,Mia Clark,AE
2725,1083,Leo Miller,NG
2726,1084,Isabella Wilson,GR
2727,1084,Maria Garcia,GR
2728,1085,Maria Clark,AE
2729,1085,Leo Rossi,AE
2730,1085,Alex Lewis,AE
2731,1086,Alex Clark,RO
2732,1086,Leo Moore,RO
2733,1087,Daniel Miller,AL
2734,1087,Maria Moore,AL
2735,1088,Ava Moore,NG
2736,1088,Emma Garcia,NG
2737,1088,Mia Lee,NG
2738,1088,James Rossi,NG
2739,1089,Alex Wilson,GB
2740,1090,Leo Smith,RO
2741,1090,Isabella Clark,RO
2742,1091,Lucas Lewis,US
2743,1091,Ava Lewis,US
2744,1092,Sofia Thomas,GR
2745,1092,Maria Taylor,FR
2746,1092,Isabella Miller,FR
2747,1092,Mia Moore,FR
2748,1093,Lucas Smith,ES
2749,1093,James Martin,ES
2750,1094,Lucas Miller,US
2751,1094,Olivia Lee,US
2752,1094,Olivia Wilson,NL
2753,1094,Ava Moore,US
2754,1095,Olivia Clark,ES
2755,1096,Noah Martin,ES
2756,1096,Noah Brown,ES
2757,1096,Ava Brown,ES
2758,1097,Leo Lewis,RO
2759,1098,Alex Taylor,RO
2760,1098,Sofia Lewis,GR
2761,1099,Isabella Garcia,AE
2762,1100,Daniel Martin,AE
2763,1100,Leo Clark,AE
2764,1100,Amelia Clark,AE
2765,1101,Alex Martin,US
2766,1102,Daniel Anderson,GB
2767,1102,Mia Thomas,GB
2768,1102,Emma Clark,GB
2769,1103,Ethan Brown,GB
2770,1103,Olivia Lee,GB
2771,1103,Sofia Rossi,GB
2772,1104,Ava Anderson,FR
2773,1104,Ava Brown,FR
2774,1104,Mia Taylor,FR
2775,1105,Olivia Rossi,AL
2776,1105,Ava Brown,GR
2777,1105,Sofia Garcia,GR
2778,1105,Amelia Wilson,GR
2779,1106,Alex Smith,AL
2780,1106,Daniel Moore,AL
2781,1106,Amelia Smith,AL
2782,1107,Maria Thomas,NG
2783,1107,Daniel Thomas,IT
2784,1108,Maria Lewis,US
2785,1108,Liam Brown,US
2786,1108,Liam Lewis,NG
2787,1109,Amelia Moore,NL
2788,1109,Isabella Moore,IT
2789,1110,Mia Lewis,GB
2790,1111,Amelia Martin,IT
2791,1111,Leo Martin,IT
2792,1112,Alex Taylor,NL
2793,1112,James Wilson,NL
2794,1113,Mia Lee,GR
2795,1114,Noah Brown,IT
2796,1114,Leo Thomas,IT
2797,1115,Emma Miller,RO
2798,1115,James Martin,RO
2799,1115,Leo Moore,RO
2800,1116,Ava Garcia,DE
2801,1116,Amelia Wilson,DE
2802,1116,Amelia Martin,DE
2803,1116,Leo Thomas,NG
2804,1117,Liam Anderson,RO
2805,1117,James Lee,RO
2806,1118,Emma Lee,RO
2807,1119,Leo Anderson,US
2808,1119,Liam Martin,IT
2809,1119,Alex Anderson,US
2810,1119,Amelia Miller,GR
2811,1120,James Anderson,GB
2812,1120,Sofia Smith,AL
2813,1120,Alex Lee,AL
2814,1120,Ethan Thomas,FR
2815,1121,Emma Thomas,RO
2816,1122,Alex Wilson,GR
2817,1122,Maria Wilson,GR
2818,1122,Mia Moore,GR
2819,1122,Emma Miller,ES
2820,1123,Ava Thomas,DE
2821,1123,Amelia Thomas,DE
2822,1124,Lucas Lewis,DE
2823,1125,Ava Brown,AL
2824,1125,Ava Taylor,ES
2825,1126,Mia Taylor,AE
2826,1126,Emma Brown,AE
2827,1127,Ava Rossi,IT
2828,1128,Sofia Lewis,NG
2829,1128,Daniel Smith,NG
2830,1128,Noah Miller,NG
2831,1128,Alex Anderson,NG
2832,1129,Amelia Rossi,DE
2833,1130,Mia Thomas,NL
2834,1131,Sofia Miller,ES
2835,1131,Ethan Rossi,ES
2836,1131,Amelia Anderson,ES
2837,1132,Mia Taylor,US
2838,1133,Sofia Wilson,ES
2839,1133,Ava Miller,ES
2840,1134,Liam Lewis,GR
2841,1134,Alex Smith,GR
2842,1134,Alex Thomas,GR
2843,1134,Amelia Thomas,GR
2844,1135,Ava Lewis,FR
2845,1135,Sofia Clark,FR
2846,1136,Daniel Garcia,AE
2847,1136,Leo Lee,DE
2848,1136,Leo Rossi,DE
2849,1137,Olivia Lewis,NG
2850,1138,Mia Wilson,NL
2851,1138,Ethan Clark,NL
2852,1138,Sofia Martin,NL
2853,1139,Amelia Rossi,AE
2854,1139,Olivia Thomas,IT
2855,1139,Amelia Moore,AE
2856,1139,Lucas Smith,IT
2857,1140,Daniel Garcia,IT
2858,1140,Leo Miller,AE
2859,1141,Emma Anderson,GR
2860,1141,Noah Thomas,GR
2861,1141,Emma Thomas,IT
2862,1141,Liam Miller,GR
2863,1142,Sofia Clark,ES
2864,1142,Lucas Thomas,NL
2865,1143,Olivia Martin,NL
2866,1143,Olivia Miller,AL
2867,1143,Mia Clark,AL
2868,1144,Liam Moore,AL
2869,1144,Sofia Thomas,ES
2870,1144,Maria Smith,IT
2871,1144,Noah Smith,IT
2872,1145,Mia Lewis,ES
2873,1145,Amelia Moore,AE
2874,1145,Leo Lee,ES
2875,1146,Ethan Thomas,IT
2876,1147,Ava Moore,GR
2877,1147,Maria Garcia,AE
2878,1147,Isabella Lewis,GR
2879,1147,James Thomas,GR
2880,1148,Ava Thomas,RO
2881,1148,Mia Garcia,RO
2882,1148,Maria Smith,RO
2883,1149,Ethan Brown,US
2884,1149,Amelia Moore,NG
2885,1149,Ava Lee,ES
2886,1150,Daniel Moore,IT
2887,1150,Lucas Rossi,IT
2888,1151,James Martin,DE
2889,1151,James Brown,DE
2890,1152,Noah Moore,GR
2891,1152,Emma Smith,GR
2892,1152,Alex Brown,GR
2893,1152,Ethan Thomas,GR
2894,1153,Ava Clark,GB
2895,1153,Mia Lee,GB
2896,1153,Lucas Wilson,GB
2897,1153,Leo Garcia,GB
2898,1154,Amelia Moore,US
2899,1154,Olivia Clark,US
2900,1154,Olivia Thomas,US
2901,1154,Leo Lewis,US
2902,1155,Mia Brown,US
2903,1156,Leo Martin,IT
2904,1157,Alex Miller,AE
2905,1157,Amelia Garcia,AE
2906,1157,Noah Clark,AE
2907,1157,Isabella Clark,AE
2908,1158,Isabella Martin,GB
2909,1158,Noah Martin,GB
2910,1158,Lucas Rossi,GB
2911,1159,Ethan Lee,RO
2912,1159,Lucas Garcia,FR
2913,1159,James Brown,RO
2914,1159,Leo Clark,RO
2915,1160,Lucas Lewis,AE
2916,1161,Noah Clark,GB
2917,1161,Mia Martin,IT
2918,1162,Maria Lee,FR
2919,1162,Daniel Anderson,FR
2920,1162,Ethan Moore,FR
2921,1162,Alex Rossi,FR
2922,1163,Noah Lee,FR
2923,1164,Lucas Taylor,DE
2924,1165,James Wilson,IT
2925,1165,Mia Martin,IT
2926,1165,Isabella Wilson,IT
2927,1166,Daniel Clark,RO
2928,1166,Olivia Brown,RO
2929,1166,Maria Brown,RO
2930,1166,Alex Garcia,RO
2931,1167,Isabella Clark,ES
2932,1167,Lucas Thomas,ES
2933,1167,Mia Thomas,ES
2934,1167,Liam Thomas,ES
2935,1168,Noah Taylor,RO
2936,1169,Maria Brown,US
2937,1169,Ava Clark,US
2938,1170,Liam Wilson,AE
2939,1170,Sofia Anderson,AE
2940,1170,Ava Anderson,AE
2941,1171,Ava Anderson,ES
2942,1171,Leo Garcia,ES
2943,1172,Isabella Garcia,AE
2944,1172,James Rossi,GR
2945,1172,Daniel Martin,AE
2946,1173,James Lee,GB
2947,1173,Noah Rossi,GB
2948,1173,Daniel Smith,GB
2949,1174,Noah Garcia,US
2950,1174,Daniel Taylor,US
2951,1174,Alex Lewis,US
2952,1174,Liam Martin,GB
2953,1175,Emma Brown,US
2954,1175,Olivia Lewis,US
2955,1176,Ava Brown,NG
2956,1176,Ethan Lewis,NG
2957,1176,Leo Brown,NG
2958,1176,James Lee,NG
2959,1177,Liam Wilson,ES
2960,1178,Isabella Anderson,ES
2961,1178,Leo Smith,ES
2962,1178,James Rossi,ES
2963,1178,Daniel Garcia,ES
2964,1179,Liam Smith,RO
2965,1179,Lucas Lee,FR
2966,1180,Liam Lewis,DE
2967,1180,Sofia Lee,DE
2968,1180,Lucas Wilson,DE
2969,1180,Isabella Moore,DE
2970,1181,Daniel Martin,NL
2971,1182,Olivia Brown,AE
2972,1182,Sofia Wilson,AE
2973,1183,Liam Martin,NL
2974,1183,Sofia Martin,DE
2975,1183,Leo Miller,DE
2976,1183,Olivia Martin,DE
2977,1184,Liam Rossi,ES
2978,1184,Daniel Smith,ES
2979,1184,Ethan Wilson,ES
2980,1184,Noah Lewis,ES
2981,1185,Liam Miller,AL
2982,1185,Noah Moore,AL
2983,1185,Emma Lee,AL
2984,1186,Maria Thomas,ES
2985,1187,Noah Smith,NL
2986,1187,Leo Miller,ES
2987,1188,Amelia Smith,RO
2988,1188,Leo Moore,RO
2989,1188,Isabella Martin,RO
2990,1189,Leo Rossi,GB
2991,1189,Sofia Wilson,GB
2992,1189,James Smith,FR
2993,1189,Emma Wilson,GB
2994,1190,Olivia Rossi,US
2995,1191,Mia Anderson,NL
2996,1191,Olivia Martin,NL
2997,1191,Sofia Martin,NL
2998,1192,Sofia Miller,IT
2999,1193,Amelia Martin,GR
3000,1193,Isabella Lee,GR
3001,1193,Daniel Lee,GR
3002,1193,Alex Anderson,GR
3003,1194,Isabella Lee,FR
3004,1195,Maria Thomas,RO
3005,1195,Maria Taylor,RO
3006,1195,Maria Lewis,AE
3007,1195,Olivia Miller,RO
3008,1196,Olivia Wilson,GR
3009,1196,Olivia Garcia,GR
3010,1197,Isabella Wilson,IT
3011,1197,Noah Clark,IT
3012,1198,Olivia Martin,FR
3013,1198,Ava Rossi,FR
3014,1199,Noah Clark,NL
3015,1199,Isabella Rossi,NL
3016,1199,Liam Martin,GR
3017,1199,Noah Lewis,NL
3018,1200,Mia Clark,AE
3019,1200,Mia Rossi,AE
3020,1201,Maria Rossi,GB
3021,1201,Alex Garcia,GB
3022,1201,Lucas Martin,RO
3023,1202,Liam Lewis,ES
3024,1202,Amelia Martin,ES
3025,1203,Ava Brown,FR
3026,1203,Olivia Miller,RO
3027,1203,James Clark,GB
3028,1204,Isabella Miller,US
3029,1204,Alex Clark,NG
3030,1204,Amelia Brown,US
3031,1204,Daniel Thomas,US
3032,1205,Sofia Anderson,AE
3033,1205,Liam Rossi,AE
3034,1205,Leo Smith,AE
3035,1205,Isabella Lewis,NL
3036,1206,Isabella Wilson,ES
3037,1207,Daniel Wilson,RO
3038,1207,Olivia Garcia,US
3039,1208,Olivia Garcia,FR
3040,1208,Liam Smith,FR
3041,1208,James Smith,FR
3042,1208,Isabella Wilson,FR
3043,1209,Sofia Thomas,US
3044,1209,Isabella Miller,US
3045,1209,Liam Taylor,US
3046,1209,Isabella Rossi,US
3047,1210,Lucas Lewis,RO
3048,1210,Amelia Smith,RO
3049,1210,Amelia Wilson,RO
3050,1210,Isabella Brown,RO
3051,1211,Daniel Miller,RO
3052,1211,Emma Miller,RO
3053,1212,Isabella Rossi,IT
3054,1212,Liam Smith,IT
3055,1213,Emma Wilson,AL
3056,1213,Alex Rossi,GB
3057,1213,Maria Brown,AL
3058,1214,Lucas Thomas,NL
3059,1214,Liam Moore,NL
3060,1214,Liam Anderson,NL
3061,1215,Sofia Clark,GR
3062,1215,Alex Taylor,NG
3063,1215,Maria Anderson,GR
3064,1216,Liam Wilson,NG
3065,1216,Leo Anderson,NG
3066,1216,Noah Martin,NG
3067,1217,James Wilson,NG
3068,1217,Lucas Anderson,NL
3069,1217,Ethan Brown,ES
3070,1217,Ethan Garcia,NG
3071,1218,Sofia Anderson,US
3072,1218,Mia Moore,US
3073,1218,Leo Smith,IT
3074,1218,Lucas Wilson,AE
3075,1219,Maria Smith,GB
3076,1219,Noah Moore,GB
3077,1220,Noah Taylor,US
3078,1220,Amelia Garcia,US
3079,1221,Maria Lewis,NL
3080,1222,Daniel Martin,DE
3081,1223,Maria Garcia,AL
3082,1224,Amelia Garcia,AE
3083,1224,Lucas Thomas,AE
3084,1225,James Martin,NG
3085,1225,Maria Anderson,AL
3086,1225,Emma Lewis,NG
3087,1225,Lucas Miller,AE
3088,1226,Sofia Clark,GB
3089,1226,James Garcia,GB
3090,1226,Mia Thomas,GB
3091,1226,Ethan Garcia,GB
3092,1227,Sofia Moore,ES
3093,1227,Noah Garcia,ES
3094,1227,Olivia Wilson,ES
3095,1228,Ava Taylor,DE
3096,1229,Emma Anderson,AL
3097,1229,James Garcia,AL
3098,1229,Ava Lewis,AL
3099,1230,Emma Lee,NL
3100,1230,James Smith,GB
3101,1230,Sofia Garcia,NL
3102,1230,Leo Thomas,NL
3103,1231,Ethan Wilson,GR
3104,1231,Isabella Lewis,GR
3105,1231,Maria Smith,GB
3106,1232,James Thomas,FR
3107,1232,Lucas Anderson,FR
3108,1232,Liam Rossi,NL
3109,1232,Olivia Lee,FR
3110,1233,Amelia Lewis,NG
3111,1233,Amelia Martin,NG
3112,1234,Mia Taylor,GR
3113,1235,Ethan Rossi,FR
3114,1235,Ethan Thomas,FR
3115,1235,Lucas Martin,FR
3116,1235,Ethan Miller,FR
3117,1236,Olivia Miller,NL
3118,1236,Olivia Rossi,RO
3119,1237,Maria Brown,GB
3120,1238,Noah Smith,IT
3121,1238,Olivia Lewis,IT
3122,1239,Leo Miller,AL
3123,1239,Sofia Miller,NL
3124,1239,Sofia Moore,NL
3125,1239,James Lewis,NL
3126,1240,Ethan Wilson,AL
3127,1240,Ava Thomas,DE
3128,1241,Daniel Martin,AE
3129,1241,Amelia Thomas,AE
3130,1242,Liam Smith,IT
3131,1242,Liam Anderson,IT
3132,1243,Lucas Lewis,IT
3133,1243,Noah Garcia,IT
3134,1243,Maria Moore,IT
3135,1244,Maria Anderson,IT
3136,1245,Emma Garcia,FR
3137,1246,Daniel Taylor,IT
3138,1246,Noah Anderson,GB
3139,1246,Isabella Moore,GR
3140,1247,Maria Taylor,GB
3141,1248,Maria Moore,IT
3142,1248,Liam Garcia,FR
3143,1248,Alex Martin,FR
3144,1248,Ethan Brown,FR
3145,1249,Amelia Moore,ES
3146,1250,Mia Lee,NL
3147,1250,Noah Lee,NL
3148,1250,Noah Rossi,NL
3149,1251,Alex Brown,FR
3150,1251,Isabella Garcia,AL
3151,1252,Mia Anderson,ES
3152,1253,Alex Lee,DE
3153,1254,Emma Thomas,NG
3154,1254,Olivia Smith,NG
3155,1254,Alex Lee,GB
3156,1254,Maria Thomas,NG
3157,1255,James Brown,GB
3158,1255,James Clark,NG
3159,1255,Emma Anderson,GB
3160,1256,Olivia Anderson,GR
3161,1257,Leo Lee,GB
3162,1257,Sofia Rossi,GB
3163,1258,Lucas Miller,NG
3164,1258,Lucas Martin,RO
3165,1259,Lucas Clark,GB
3166,1259,Lucas Thomas,AE
3167,1259,Isabella Taylor,FR
3168,1260,Ethan Martin,GB
3169,1260,Sofia Miller,GB
3170,1261,Lucas Lewis,AE
3171,1261,Leo Moore,AE
3172,1261,Olivia Taylor,AE
3173,1262,Ethan Anderson,RO
3174,1262,Emma Taylor,AE
3175,1262,Olivia Lee,AE
3176,1262,James Wilson,RO
3177,1263,Mia Lee,IT
3178,1263,Liam Rossi,IT
3179,1263,Isabella Taylor,IT
3180,1263,Noah Moore,IT
3181,1264,Olivia Lee,AE
3182,1264,Sofia Rossi,AE
3183,1265,Amelia Rossi,AE
3184,1265,Ava Lewis,AE
3185,1265,Leo Moore,NG
3186,1266,Liam Clark,RO
3187,1266,Maria Anderson,RO
3188,1267,Isabella Garcia,US
3189,1268,Liam Wilson,FR
3190,1268,Alex Lewis,AL
3191,1269,Lucas Lewis,RO
3192,1269,Leo Wilson,RO
3193,1269,Noah Thomas,RO
3194,1270,Amelia Miller,US
3195,1271,Isabella Anderson,RO
3196,1271,Sofia Lee,RO
3197,1271,Ava Wilson,AE
3198,1272,Emma Rossi,AE
3199,1272,Alex Moore,AE
3200,1272,James Lewis,RO
3201,1272,Liam Lee,AE
3202,1273,Lucas Lewis,GR
3203,1273,Ethan Lee,US
3204,1273,Liam Thomas,US
3205,1274,Emma Thomas,RO
3206,1274,Isabella Garcia,RO
3207,1274,Ava Wilson,RO
3208,1275,Ethan Clark,IT
3209,1275,Ava Miller,IT
3210,1275,Noah Brown,IT
3211,1276,Sofia Lewis,ES
3212,1276,James Lewis,ES
3213,1277,Liam Lee,ES
3214,1278,Ava Miller,NL
3215,1278,Mia Rossi,AE
3216,1279,Maria Thomas,NL
3217,1279,Olivia Smith,NL
3218,1279,Emma Brown,NL
3219,1280,Ava Moore,GR
3220,1280,Mia Martin,GR
3221,1280,James Lee,GR
3222,1281,Noah Clark,US
3223,1282,Ethan Smith,DE
3224,1282,Ava Clark,DE
3225,1282,Alex Clark,AE
3226,1282,Isabella Taylor,DE
3227,1283,James Smith,NG
3228,1283,Mia Smith,IT
3229,1283,Ava Clark,GB
3230,1283,Leo Moore,RO
3231,1284,James Martin,NL
3232,1284,Leo Anderson,ES
3233,1284,Daniel Wilson,AE
3234,1285,Ava Brown,AL
3235,1285,Ethan Anderson,GR
3236,1285,Isabella Wilson,GR
3237,1286,Lucas Taylor,FR
3238,1286,Liam Brown,FR
3239,1286,Sofia Lewis,FR
3240,1287,Emma Lee,AL
3241,1287,Lucas Clark,AL
3242,1287,Noah Lewis,AL
3243,1287,James Lee,AL
3244,1288,Alex Brown,DE
3245,1288,Leo Smith,NL
3246,1288,Olivia Garcia,DE
3247,1288,Noah Wilson,DE
3248,1289,Ava Clark,AL
3249,1289,Noah Miller,AL
3250,1290,Noah Taylor,NG
3251,1290,Liam Smith,NG
3252,1291,Noah Clark,GB
3253,1291,Noah Thomas,GB
3254,1291,Emma Garcia,NG
3255,1292,Alex Anderson,DE
3256,1292,Noah Thomas,RO
3257,1293,James Martin,US
3258,1293,Isabella Lee,US
3259,1294,Sofia Moore,US
3260,1294,Sofia Brown,US
3261,1294,Maria Anderson,US
3262,1295,Leo Lewis,GB
3263,1296,Olivia Martin,IT
3264,1297,Alex Lee,US
3265,1297,James Clark,US
3266,1297,Sofia Clark,US
3267,1298,Maria Clark,GR
3268,1298,Ethan Moore,IT
3269,1298,Noah Thomas,GR
3270,1298,Leo Martin,GR
3271,1299,Alex Brown,AL
3272,1300,Alex Anderson,DE
3273,1300,Noah Taylor,DE
3274,1301,Amelia Clark,NG
3275,1301,James Wilson,NG
3276,1301,James Thomas,NG
3277,1301,James Smith,NG
3278,1302,Mia Miller,ES
3279,1303,Sofia Garcia,FR
3280,1303,Emma Garcia,FR
3281,1303,Alex Wilson,FR
3282,1303,Liam Smith,FR
3283,1304,Alex Clark,NL
3284,1304,Ava Garcia,FR
3285,1305,Emma Moore,GB
3286,1305,Liam Anderson,GB
3287,1305,Amelia Taylor,GB
3288,1305,Noah Thomas,GB
3289,1306,Noah Smith,DE
3290,1306,Leo Wilson,DE
3291,1306,Amelia Brown,ES
3292,1307,Lucas Miller,NG
3293,1307,Leo Brown,NG
3294,1307,Leo Martin,NG
3295,1308,Mia Miller,IT
3296,1309,Amelia Clark,DE
3297,1310,Lucas Taylor,FR
3298,1310,Daniel Clark,GR
3299,1311,Ava Martin,DE
3300,1311,Liam Clark,DE
3301,1311,Leo Thomas,DE
3302,1311,Leo Miller,AL
3303,1312,Leo Smith,IT
3304,1312,Mia Lewis,FR
3305,1312,Ethan Clark,FR
3306,1313,Liam Thomas,DE
3307,1313,Olivia Garcia,DE
3308,1313,Olivia Martin,DE
3309,1314,Emma Lee,ES
3310,1315,Alex Brown,FR
3311,1315,Liam Wilson,FR
3312,1316,Ava Thomas,RO
3313,1317,Noah Thomas,DE
3314,1318,Noah Martin,GB
3315,1318,Mia Brown,GB
3316,1318,Lucas Moore,GB
3317,1319,Olivia Lewis,GB
3318,1319,James Lewis,DE
3319,1320,Sofia Anderson,GB
3320,1320,Ethan Anderson,GB
3321,1320,Alex Moore,GB
3322,1320,Isabella Clark,RO
3323,1321,James Martin,ES
3324,1322,Noah Taylor,US
3325,1322,Mia Clark,US
3326,1323,Isabella Lee,IT
3327,1323,Amelia Taylor,IT
3328,1323,Ethan Wilson,IT
3329,1324,Alex Lewis,AE
3330,1324,Emma Rossi,AE
3331,1325,Alex Clark,FR
3332,1325,Amelia Wilson,NL
3333,1326,Amelia Clark,NL
3334,1326,Sofia Miller,NG
3335,1326,Ava Martin,ES
3336,1326,Liam Taylor,NG
3337,1327,Alex Moore,AL
3338,1328,Alex Lee,GB
3339,1328,Ava Lee,GB
3340,1328,James Lee,GB
3341,1328,Emma Anderson,GB
3342,1329,Daniel Clark,GR
3343,1329,Ethan Clark,GR
3344,1329,James Martin,GR
3345,1329,Amelia Thomas,GR
3346,1330,Amelia Rossi,US
3347,1331,Emma Brown,NG
3348,1331,Amelia Taylor,NG
3349,1331,Sofia Thomas,NG
3350,1332,Liam Lewis,ES
3351,1333,Leo Anderson,NG
3352,1333,James Garcia,NG
3353,1334,Olivia Martin,DE
3354,1335,Lucas Lewis,NG
3355,1335,Olivia Lee,NG
3356,1335,Ava Clark,NG
3357,1336,Sofia Taylor,NG
3358,1336,Leo Anderson,NG
3359,1336,Noah Martin,NG
3360,1337,Emma Lewis,DE
3361,1337,Ava Martin,DE
3362,1338,Sofia Miller,FR
3363,1339,Leo Thomas,GR
3364,1339,Leo Garcia,FR
3365,1340,Noah Rossi,US
3366,1340,Ava Lee,US
3367,1340,Lucas Martin,IT
3368,1341,Maria Smith,RO
3369,1341,Emma Miller,RO
3370,1342,Leo Moore,GB
3371,1342,Lucas Miller,FR
3372,1342,Ethan Miller,FR
3373,1342,Emma Garcia,FR
3374,1343,Leo Brown,AE
3375,1343,Ethan Miller,AE
3376,1343,Liam Taylor,AE
3377,1343,Amelia Smith,AE
3378,1344,Isabella Anderson,DE
3379,1344,Lucas Garcia,DE
3380,1345,Liam Anderson,GB
3381,1345,Liam Anderson,GB
3382,1345,Isabella Wilson,NL
3383,1346,Emma Rossi,GB
3384,1347,Alex Moore,ES
3385,1347,Daniel Garcia,GR
3386,1348,Olivia Rossi,AE
3387,1348,James Lee,AE
3388,1349,Alex Clark,GR
3389,1349,Olivia Rossi,GR
3390,1349,Lucas Lee,GR
3391,1350,Sofia Smith,NL
3392,1350,Liam Miller,ES
3393,1350,Lucas Garcia,ES
3394,1351,Olivia Miller,FR
3395,1352,James Miller,US
3396,1352,Amelia Wilson,US
3397,1352,Daniel Smith,US
3398,1352,Ava Rossi,US
3399,1353,Mia Lewis,IT
3400,1354,Liam Wilson,NG
3401,1354,Emma Martin,NG
3402,1354,Amelia Lee,NG
3403,1354,Alex Garcia,NG
3404,1355,Ava Moore,RO
3405,1356,Olivia Wilson,GB
3406,1356,Isabella Brown,IT
3407,1356,Maria Lee,IT
3408,1357,Amelia Lewis,AL
3409,1358,Leo Clark,IT
3410,1358,Isabella Martin,AL
3411,1358,James Thomas,AE
3412,1359,Maria Brown,IT
3413,1359,Amelia Lewis,IT
3414,1359,Daniel Thomas,IT
3415,1360,Ava Rossi,RO
3416,1361,Ava Garcia,ES
3417,1361,Sofia Wilson,ES
3418,1361,Alex Lee,ES
3419,1361,Ava Miller,ES
3420,1362,Noah Thomas,NG
3421,1362,Ava Garcia,NG
3422,1362,Ava Miller,NG
3423,1363,Ava Brown,GB
3424,1363,Isabella Garcia,GB
3425,1364,Sofia Smith,AE
3426,1364,Mia Martin,AE
3427,1364,James Lewis,AE
3428,1365,Isabella Rossi,NG
3429,1365,Noah Anderson,NG
3430,1366,Isabella Wilson,FR
3431,1367,Olivia Taylor,DE
3432,1367,Liam Wilson,AL
3433,1368,Liam Taylor,GR
3434,1368,Lucas Brown,GR
3435,1368,Olivia Miller,GR
3436,1368,Leo Clark,GR
3437,1369,Daniel Thomas,RO
3438,1369,Emma Taylor,RO
3439,1369,Daniel Garcia,RO
3440,1370,Alex Anderson,IT
3441,1370,Noah Garcia,IT
3442,1370,Maria Clark,IT
3443,1371,Leo Garcia,NL
3444,1372,Leo Moore,GR
3445,1372,Ethan Garcia,NG
3446,1373,James Clark,GB
3447,1373,James Anderson,AL
3448,1374,Lucas Rossi,GR
3449,1374,Mia Thomas,GR
3450,1375,Leo Garcia,AL
3451,1375,Noah Smith,AL
3452,1375,Leo Smith,AE
3453,1375,Lucas Miller,AL
3454,1376,Amelia Anderson,ES
3455,1377,Noah Rossi,IT
3456,1377,Ethan Wilson,ES
3457,1377,Lucas Lee,ES
3458,1377,Ethan Wilson,ES
3459,1378,Emma Thomas,NL
3460,1379,Ethan Lee,NL
3461,1379,Leo Thomas,ES
3462,1379,James Garcia,ES
3463,1379,Leo Clark,ES
3464,1380,Liam Brown,NG
3465,1380,Isabella Lee,AL
3466,1380,Ava Martin,AL
3467,1380,James Lewis,AL
3468,1381,Olivia Brown,RO
3469,1382,Maria Clark,US
3470,1383,Maria Moore,NG
3471,1384,Lucas Thomas,DE
3472,1385,Liam Rossi,GR
3473,1386,Mia Smith,RO
3474,1386,Noah Thomas,NL
3475,1386,Maria Taylor,RO
3476,1387,Emma Smith,AE
3477,1387,Liam Smith,NL
3478,1387,Daniel Wilson,AE
3479,1388,Daniel Taylor,NL
3480,1388,Emma Brown,NL
3481,1388,Sofia Rossi,AE
3482,1389,Sofia Lee,NG
3483,1390,Maria Rossi,RO
3484,1390,Noah Garcia,IT
3485,1391,Ava Taylor,IT
3486,1391,Amelia Smith,GR
3487,1391,Amelia Lee,FR
3488,1391,Alex Miller,GR
3489,1392,Emma Martin,ES
3490,1392,Alex Miller,GB
3491,1392,Daniel Thomas,ES
3492,1392,Ava Taylor,ES
3493,1393,Daniel Moore,IT
3494,1394,Liam Rossi,GR
3495,1394,Amelia Clark,GR
3496,1394,Ava Anderson,GR
3497,1394,Olivia Anderson,GR
3498,1395,Daniel Moore,GB
3499,1396,Isabella Wilson,IT
3500,1396,James Wilson,AE
3501,1396,Alex Thomas,AE
3502,1396,Isabella Clark,AE
3503,1397,James Miller,GB
3504,1397,Isabella Garcia,GB
3505,1398,Emma Brown,US
3506,1398,Maria Brown,GR
3507,1399,Ethan Clark,NL
3508,1400,Ethan Thomas,RO
3509,1400,Isabella Smith,RO
3510,1400,Ava Martin,RO
3511,1401,Isabella Moore,GB
3512,1401,Mia Clark,GB
3513,1402,Daniel Wilson,NL
3514,1402,Leo Moore,RO
3515,1402,Alex Thomas,NL
3516,1403,Daniel Martin,GB
3517,1403,Olivia Miller,GB
3518,1403,Sofia Martin,RO
3519,1403,Leo Clark,NG
3520,1404,Liam Rossi,ES
3521,1404,Emma Miller,ES
3522,1405,Noah Taylor,IT
3523,1405,Sofia Wilson,IT
3524,1406,Noah Brown,IT
3525,1407,Sofia Brown,IT
3526,1408,Sofia Garcia,US
3527,1408,Mia Smith,RO
3528,1409,Ethan Taylor,NG
3529,1409,Ethan Brown,NG
3530,1409,Olivia Moore,NG
3531,1410,Noah Wilson,DE
3532,1410,Ethan Martin,AL
3533,1410,Daniel Moore,DE
3534,1411,Mia Clark,RO
3535,1411,Emma Brown,FR
3536,1411,Emma Lee,FR
3537,1411,Noah Smith,FR
3538,1412,Sofia Lee,IT
3539,1412,Mia Taylor,IT
3540,1412,Mia Rossi,IT
3541,1413,Lucas Anderson,ES
3542,1413,Emma Clark,AL
3543,1413,Emma Moore,ES
3544,1413,Isabella Lee,RO
3545,1414,Emma Rossi,ES
3546,1415,Alex Moore,AL
3547,1415,Emma Thomas,AL
3548,1416,Ava Rossi,AL
3549,1416,Leo Martin,AL
3550,1416,Lucas Clark,AL
3551,1416,Mia Miller,DE
3552,1417,Ava Martin,GB
3553,1417,Leo Martin,ES
3554,1417,Lucas Miller,AL
3555,1417,Amelia Wilson,FR
3556,1418,Mia Martin,US
3557,1418,Ava Moore,US
3558,1418,James Anderson,US
3559,1419,Maria Taylor,AE
3560,1419,Ava Lewis,AL
3561,1420,Alex Garcia,GB
3562,1420,Olivia Wilson,GB
3563,1421,Mia Lee,ES
3564,1421,Emma Thomas,ES
3565,1421,Liam Miller,ES
3566,1421,Ethan Miller,ES
3567,1422,James Clark,US
3568,1422,Lucas Anderson,GR
3569,1423,Olivia Clark,US
3570,1423,Ava Moore,AL
3571,1423,Daniel Taylor,US
3572,1424,James Brown,NL
3573,1425,Noah Taylor,FR
3574,1425,Amelia Garcia,US
3575,1426,Alex Smith,NL
3576,1427,Emma Brown,GB
3577,1427,Ava Anderson,GB
3578,1427,Maria Moore,GB
3579,1428,Noah Moore,US
3580,1428,Leo Anderson,NL
3581,1428,Daniel Brown,NL
3582,1428,Maria Rossi,NL
3583,1429,Leo Anderson,AL
3584,1429,Liam Miller,AL
3585,1430,Lucas Rossi,FR
3586,1430,Ava Garcia,GR
3587,1430,Ava Garcia,FR
3588,1431,James Thomas,IT
3589,1431,Isabella Garcia,IT
3590,1432,Emma Anderson,FR
3591,1432,Amelia Martin,FR
3592,1433,James Moore,FR
3593,1433,Isabella Garcia,FR
3594,1433,Isabella Taylor,FR
3595,1433,Lucas Anderson,AL
3596,1434,Amelia Clark,FR
3597,1435,Alex Clark,NL
3598,1436,Isabella Brown,IT
3599,1436,Emma Lewis,IT
3600,1437,Ava Miller,AE
3601,1437,Amelia Clark,AE
3602,1437,Noah Martin,AE
3603,1437,James Thomas,AE
3604,1438,Emma Wilson,GR
3605,1439,Ava Rossi,ES
3606,1439,Ava Thomas,ES
3607,1439,Amelia Lee,ES
3608,1439,Amelia Miller,ES
3609,1440,Daniel Miller,GR
3610,1441,Ava Taylor,AL
3611,1441,Isabella Lewis,AL
3612,1441,Olivia Rossi,AL
3613,1441,Mia Brown,AL
3614,1442,Emma Brown,US
3615,1442,Ava Wilson,US
3616,1443,Daniel Taylor,AE
3617,1443,Noah Lewis,AE
3618,1443,Mia Anderson,AE
3619,1444,Ethan Lee,FR
3620,1444,Ava Clark,DE
3621,1444,Sofia Thomas,FR
3622,1444,Lucas Miller,FR
3623,1445,Daniel Wilson,AL
3624,1446,Daniel Lewis,US
3625,1446,Ava Lee,ES
3626,1447,Sofia Lee,GR
3627,1447,Ava Smith,GR
3628,1447,Liam Clark,GR
3629,1448,Liam Smith,AL
3630,1449,Liam Brown,DE
3631,1449,Leo Clark,DE
3632,1450,Maria Miller,DE
3633,1450,Amelia Brown,DE
3634,1451,Amelia Smith,US
3635,1451,Emma Lee,US
3636,1452,Maria Garcia,IT
3637,1452,Leo Rossi,DE
3638,1452,Liam Smith,IT
3639,1453,Noah Brown,AL
3640,1453,Isabella Miller,AL
3641,1453,Amelia Miller,AL
3642,1454,James Moore,AL
3643,1455,Sofia Lee,US
3644,1455,Noah Clark,AL
3645,1455,Alex Clark,US
3646,1456,Leo Martin,AE
3647,1456,Olivia Taylor,AE
3648,1457,James Miller,NL
3649,1457,Mia Lewis,RO
3650,1458,Isabella Anderson,AE
3651,1458,Leo Clark,DE
3652,1458,Daniel Garcia,AE
3653,1459,Lucas Moore,GB
3654,1460,Amelia Wilson,GB
3655,1461,Lucas Moore,US
3656,1461,Mia Moore,ES
3657,1461,Daniel Moore,US
3658,1462,Sofia Lewis,ES
3659,1463,Daniel Lee,GR
3660,1463,Noah Lee,GR
3661,1463,Ethan Brown,GR
3662,1463,Liam Lee,GR
3663,1464,Liam Lewis,ES
3664,1464,Olivia Garcia,ES
3665,1465,Amelia Clark,RO
3666,1465,Maria Anderson,RO
3667,1466,Mia Moore,NG
3668,1466,Olivia Moore,NG
3669,1466,Leo Brown,NL
3670,1467,Alex Miller,GB
3671,1467,Alex Garcia,GB
3672,1467,Ethan Thomas,GB
3673,1468,Sofia Martin,NG
3674,1468,Isabella Thomas,AL
3675,1468,Emma Anderson,RO
3676,1468,Ava Thomas,IT
3677,1469,Sofia Thomas,NL
3678,1469,Ava Smith,RO
3679,1469,Noah Anderson,RO
3680,1469,Emma Garcia,RO
3681,1470,Mia Taylor,FR
3682,1470,Ethan Wilson,IT
3683,1470,Liam Clark,FR
3684,1471,Alex Miller,GB
3685,1471,Leo Brown,FR
3686,1471,Mia Moore,GB
3687,1471,Lucas Clark,GB
3688,1472,Mia Martin,ES
3689,1472,James Lewis,ES
3690,1472,Liam Brown,ES
3691,1472,Daniel Anderson,ES
3692,1473,Isabella Taylor,FR
3693,1473,Isabella Martin,GR
3694,1473,Ethan Martin,GR
3695,1473,Sofia Martin,GR
3696,1474,James Lewis,ES
3697,1474,Amelia Rossi,ES
3698,1475,Emma Lewis,US
3699,1475,Alex Anderson,NL
3700,1475,Emma Smith,US
3701,1476,Liam Anderson,FR
3702,1476,Leo Smith,NG
3703,1476,Maria Taylor,FR
3704,1477,Isabella Rossi,US
3705,1477,Mia Brown,DE
3706,1478,Leo Smith,RO
3707,1478,Daniel Moore,IT
3708,1478,Isabella Wilson,IT
3709,1478,Olivia Moore,IT
3710,1479,Alex Thomas,AE
3711,1479,Daniel Rossi,AE
3712,1479,Isabella Lewis,RO
3713,1479,Maria Thomas,AE
3714,1480,Daniel Rossi,ES
3715,1480,Mia Lee,ES
3716,1481,Isabella Clark,RO
3717,1481,Liam Rossi,ES
3718,1482,Olivia Garcia,US
3719,1483,Mia Wilson,NL
3720,1484,Mia Anderson,IT
3721,1484,Sofia Taylor,AE
3722,1485,Alex Rossi,NL
3723,1485,Olivia Garcia,NL
3724,1485,Noah Miller,NL
3725,1485,Lucas Garcia,DE
3726,1486,Leo Moore,US
3727,1486,Leo Miller,US
3728,1486,Maria Taylor,US
3729,1486,Mia Lewis,US
3730,1487,Isabella Clark,GR
3731,1487,Olivia Miller,AE
3732,1488,Alex Taylor,IT
3733,1488,Isabella Anderson,IT
3734,1488,Isabella Thomas,FR
3735,1488,Amelia Brown,GB
3736,1489,Olivia Smith,NG
3737,1489,Daniel Thomas,NG
3738,1490,Mia Smith,GB
3739,1490,Daniel Thomas,GB
3740,1491,James Smith,AE
3741,1492,Liam Anderson,DE
3742,1492,Ava Lee,DE
3743,1492,Olivia Smith,DE
3744,1493,Liam Smith,NL
3745,1493,Olivia Rossi,NL
3746,1494,Olivia Garcia,US
3747,1495,Amelia Martin,RO
3748,1495,Maria Anderson,RO
3749,1495,Maria Brown,RO
3750,1495,Noah Miller,ES
3751,1496,Liam Lewis,NG
3752,1496,Sofia Wilson,NG
3753,1497,Daniel Rossi,RO
3754,1497,Ethan Taylor,IT
3755,1498,Mia Brown,ES
3756,1498,Mia Smith,AL
3757,1499,Olivia Taylor,US
3758,1499,Maria Anderson,NL
3759,1500,Sofia Thomas,NL
3760,1501,Isabella Brown,FR
3761,1501,Ava Brown,FR
3762,1501,Daniel Rossi,FR
3763,1501,Emma Anderson,FR
3764,1502,Noah Garcia,RO
3765,1502,Olivia Wilson,RO
3766,1503,Leo Rossi,RO
3767,1503,Isabella Anderson,RO
3768,1503,Alex Lee,RO
3769,1503,Noah Clark,ES
3770,1504,Ava Smith,DE
3771,1504,Daniel Clark,GB
3772,1504,Amelia Moore,DE
3773,1504,Lucas Anderson,DE
3774,1505,Olivia Thomas,IT
3775,1506,Leo Lee,NL
3776,1506,Ava Thomas,NL
3777,1507,Noah Moore,ES
3778,1507,Ava Lewis,ES
3779,1508,Olivia Brown,NG
3780,1508,Daniel Garcia,AE
3781,1508,Leo Thomas,IT
3782,1509,James Thomas,GB
3783,1509,Amelia Smith,GB
3784,1510,Alex Lee,FR
3785,1511,Emma Lewis,IT
3786,1511,Ava Martin,IT
3787,1511,Sofia Lee,IT
3788,1512,Alex Lewis,US
3789,1512,Mia Taylor,US
3790,1512,James Martin,US
3791,1512,Liam Martin,US
3792,1513,Sofia Garcia,NG
3793,1513,Leo Brown,NG
3794,1513,Olivia Martin,NG
3795,1513,Leo Clark,NG
3796,1514,Lucas Martin,ES
3797,1515,Sofia Brown,NL
3798,1515,Sofia Wilson,NL
3799,1515,Mia Garcia,NL
3800,1516,Mia Lee,RO
3801,1517,Daniel Lewis,IT
3802,1517,Ava Moore,DE
3803,1517,Alex Brown,AE
3804,1518,Daniel Smith,AE
3805,1518,Emma Wilson,US
3806,1518,Sofia Lewis,US
3807,1518,Ava Taylor,US
3808,1519,Daniel Miller,GR
3809,1519,Leo Garcia,DE
3810,1519,Alex Lee,DE
3811,1519,Ethan Clark,DE
3812,1520,Isabella Anderson,US
3813,1520,Olivia Moore,US
3814,1520,Isabella Brown,US
3815,1521,Mia Garcia,IT
3816,1521,Lucas Smith,IT
3817,1521,Sofia Taylor,IT
3818,1521,Mia Miller,IT
3819,1522,Ethan Brown,DE
3820,1523,Isabella Taylor,DE
3821,1523,Amelia Martin,DE
3822,1524,James Moore,RO
3823,1524,Lucas Martin,DE
3824,1524,Daniel Thomas,DE
3825,1524,James Anderson,DE
3826,1525,Daniel Smith,NG
3827,1525,Leo Lewis,NG
3828,1525,Liam Thomas,NG
3829,1525,James Miller,GB
3830,1526,Mia Thomas,AE
3831,1527,Lucas Brown,RO
3832,1527,Noah Lee,RO
3833,1527,Leo Martin,RO
3834,1528,Lucas Martin,GB
3835,1528,Olivia Miller,AL
3836,1528,Isabella Brown,AL
3837,1529,Mia Taylor,US
3838,1529,Lucas Clark,FR
3839,1530,Liam Garcia,DE
3840,1530,Daniel Smith,DE
3841,1530,Olivia Martin,DE
3842,1531,Sofia Martin,ES
3843,1531,Olivia Moore,ES
3844,1532,Leo Clark,NL
3845,1532,Isabella Lewis,NL
3846,1533,Olivia Smith,NG
3847,1533,Isabella Lewis,GB
3848,1533,James Clark,NG
3849,1534,Mia Garcia,RO
3850,1534,Leo Clark,RO
3851,1534,Ethan Anderson,RO
3852,1534,Leo Martin,NG
3853,1535,Noah Clark,ES
3854,1535,Noah Lewis,ES
3855,1536,Amelia Thomas,GB
3856,1537,Maria Thomas,ES
3857,1537,Amelia Rossi,FR
3858,1537,Isabella Smith,FR
3859,1538,Leo Lewis,GR
3860,1538,Sofia Lee,GR
3861,1538,Liam Thomas,GR
3862,1538,Ethan Brown,GR
3863,1539,Lucas Clark,GR
3864,1539,James Miller,GR
3865,1540,Ethan Martin,DE
3866,1540,Sofia Moore,NG
3867,1540,Ava Thomas,RO
3868,1541,James Smith,US
3869,1541,Ethan Brown,US
3870,1541,Mia Brown,US
3871,1541,Alex Lewis,US
3872,1542,Mia Garcia,NL
3873,1543,Lucas Clark,FR
3874,1544,Maria Taylor,GB
3875,1545,Leo Martin,DE
3876,1545,Olivia Rossi,AE
3877,1546,Ethan Brown,IT
3878,1546,James Garcia,IT
3879,1546,Lucas Garcia,IT
3880,1547,Emma Martin,FR
3881,1547,Leo Wilson,FR
3882,1547,Liam Thomas,FR
3883,1547,Lucas Miller,FR
3884,1548,Isabella Anderson,AL
3885,1549,Sofia Brown,RO
3886,1549,Lucas Rossi,RO
3887,1549,Olivia Taylor,RO
3888,1550,Noah Thomas,ES
3889,1550,Amelia Thomas,ES
3890,1550,Olivia Anderson,ES
3891,1550,Noah Taylor,ES
3892,1551,Lucas Taylor,AE
3893,1551,Emma Anderson,GB
3894,1551,Daniel Smith,AE
3895,1552,Ava Garcia,NL
3896,1553,Leo Wilson,AE
3897,1553,Amelia Lewis,NL
3898,1553,Sofia Taylor,US
3899,1553,Noah Rossi,NL
3900,1554,Maria Garcia,RO
3901,1554,Emma Brown,RO
3902,1555,Emma Garcia,RO
3903,1555,Maria Lewis,RO
3904,1555,Emma Rossi,RO
3905,1556,Daniel Lewis,AE
3906,1557,Ava Moore,FR
3907,1558,Isabella Lee,ES
3908,1558,Amelia Moore,ES
3909,1558,Mia Brown,ES
3910,1559,Amelia Smith,AL
3911,1559,Mia Anderson,GR
3912,1559,Isabella Brown,DE
3913,1560,James Smith,GR
3914,1560,Noah Lee,GR
3915,1560,Maria Lee,GR
3916,1560,Sofia Miller,DE
3917,1561,Leo Rossi,US
3918,1561,Isabella Rossi,US
3919,1561,Daniel Garcia,US
3920,1562,Isabella Brown,GR
3921,1562,Noah Taylor,GR
3922,1562,Ethan Smith,US
3923,1562,James Taylor,GR
3924,1563,Olivia Smith,RO
3925,1563,Lucas Garcia,GB
3926,1563,Sofia Martin,GB
3927,1563,Sofia Lewis,NL
3928,1564,Olivia Thomas,NL
3929,1565,James Taylor,RO
3930,1565,Isabella Wilson,RO
3931,1565,Noah Moore,RO
3932,1566,James Taylor,NG
3933,1567,Lucas Moore,RO
3934,1567,Maria Thomas,ES
3935,1567,Amelia Wilson,ES
3936,1568,Noah Moore,GB
3937,1569,Sofia Lee,US
3938,1570,Ava Moore,ES
3939,1570,Leo Taylor,NG
3940,1570,Daniel Wilson,ES
3941,1571,Daniel Clark,AL
3942,1571,Mia Smith,AL
3943,1572,Ethan Smith,IT
3944,1572,Emma Thomas,IT
3945,1572,Sofia Anderson,IT
3946,1573,Maria Thomas,GB
3947,1573,Emma Miller,GB
3948,1573,Amelia Martin,GB
3949,1573,Amelia Wilson,GB
3950,1574,James Taylor,US
3951,1575,Sofia Anderson,US
3952,1576,Sofia Brown,RO
3953,1576,Sofia Lee,RO
3954,1577,Isabella Miller,AL
3955,1577,Olivia Martin,AL
3956,1577,Olivia Brown,AL
3957,1578,Sofia Clark,GB
3958,1579,Noah Clark,GB
3959,1579,Ava Miller,GB
3960,1579,Leo Garcia,GB
3961,1579,Liam Brown,GB
3962,1580,Leo Wilson,FR
3963,1580,Amelia Rossi,FR
3964,1581,Alex Brown,US
3965,1581,Leo Garcia,NL
3966,1581,Alex Martin,US
3967,1582,Daniel Rossi,GR
3968,1582,Ava Moore,GR
3969,1582,Liam Wilson,GB
3970,1582,Olivia Brown,GR
3971,1583,Ethan Miller,RO
3972,1583,Daniel Wilson,IT
3973,1584,Ava Lewis,ES
3974,1584,Daniel Garcia,AE
3975,1584,Leo Garcia,IT
3976,1585,Emma Rossi,ES
3977,1586,Maria Smith,RO
3978,1586,Lucas Garcia,DE
3979,1586,Noah Brown,ES
3980,1586,Ethan Wilson,AE
3981,1587,Isabella Smith,NL
3982,1587,Isabella Lee,NL
3983,1587,Ethan Garcia,NL
3984,1588,Alex Martin,FR
3985,1588,Ava Clark,FR
3986,1589,Olivia Moore,NL
3987,1589,Liam Lee,US
3988,1589,Sofia Taylor,US
3989,1589,Ethan Taylor,US
3990,1590,Mia Moore,NG
3991,1590,Maria Brown,NL
3992,1590,Amelia Lewis,NL
3993,1591,Emma Clark,GB
3994,1591,Isabella Lee,FR
3995,1592,Daniel Brown,IT
3996,1592,Liam Brown,NL
3997,1592,Ava Smith,NL
3998,1593,Daniel Brown,US
3999,1593,Noah Anderson,US
4000,1594,Liam Wilson,DE
4001,1594,Liam Martin,ES
4002,1595,James Smith,ES
4003,1595,Olivia Lee,ES
4004,1595,Noah Moore,FR
4005,1595,Noah Moore,ES
4006,1596,Isabella Garcia,RO
4007,1597,Ethan Miller,RO
4008,1597,Isabella Rossi,US
4009,1598,Ethan Smith,AE
4010,1598,Emma Brown,DE
4011,1598,Leo Rossi,AE
4012,1598,Isabella Anderson,AE
4013,1599,Isabella Brown,IT
4014,1600,Noah Miller,GB
4015,1600,Lucas Martin,NL
4016,1600,Maria Lee,GB
4017,1601,James Anderson,AE
4018,1601,Emma Moore,US
4019,1602,Ethan Martin,GR
4020,1602,Olivia Moore,US
4021,1602,Ava Garcia,GR
4022,1602,Noah Wilson,GR
4023,1603,Maria Clark,AL
4024,1603,Liam Brown,AL
4025,1604,Maria Martin,IT
4026,1605,Sofia Thomas,IT
4027,1605,Olivia Smith,GB
4028,1605,Noah Moore,IT
4029,1605,Noah Taylor,IT
4030,1606,Isabella Clark,NG
4031,1606,Ethan Anderson,NG
4032,1606,Olivia Martin,NG
4033,1607,James Garcia,US
4034,1607,James Anderson,AL
4035,1608,Liam Lewis,GB
4036,1609,Leo Wilson,US
4037,1609,Maria Brown,GR
4038,1609,Leo Miller,US
4039,1610,Leo Clark,AE
4040,1610,Lucas Lewis,ES
4041,1610,Liam Lewis,AE
4042,1611,Maria Moore,AE
4043,1612,Ava Lee,NL
4044,1613,Mia Martin,AL
4045,1613,Liam Martin,US
4046,1613,Leo Garcia,US
4047,1613,Liam Wilson,US
4048,1614,Ethan Martin,RO
4049,1614,Ava Smith,RO
4050,1615,Lucas Lee,ES
4051,1615,Liam Clark,ES
4052,1615,Olivia Brown,ES
4053,1615,Ethan Lewis,ES
4054,1616,Daniel Taylor,NG
4055,1617,Leo Garcia,FR
4056,1617,Amelia Garcia,DE
4057,1617,Alex Thomas,FR
4058,1618,Amelia Thomas,IT
4059,1619,Amelia Wilson,IT
4060,1619,Mia Garcia,IT
4061,1619,Liam Anderson,IT
4062,1619,Leo Garcia,IT
4063,1620,Isabella Smith,GR
4064,1620,Noah Rossi,GR
4065,1621,Ethan Lewis,IT
4066,1621,Alex Taylor,ES
4067,1621,Amelia Wilson,IT
4068,1621,Ava Garcia,ES
4069,1622,Ava Smith,IT
4070,1622,Leo Miller,IT
4071,1623,Ethan Miller,ES
4072,1623,Maria Lewis,RO
4073,1623,Ethan Wilson,RO
4074,1624,Mia Lee,NG
4075,1625,Ethan Moore,NG
4076,1625,Olivia Moore,NG
4077,1625,Maria Thomas,NG
4078,1625,Olivia Wilson,NG
4079,1626,Isabella Thomas,US
4080,1626,Maria Lewis,US
4081,1626,Alex Thomas,US
4082,1627,Isabella Miller,AL
4083,1628,Daniel Miller,IT
4084,1629,Ava Lewis,FR
4085,1629,Alex Moore,NL
4086,1629,Daniel Lee,NL
4087,1630,Leo Lewis,GR
4088,1630,Daniel Wilson,GR
4089,1631,Mia Taylor,GB
4090,1631,Alex Taylor,NL
4091,1631,Alex Lee,NL
4092,1632,Isabella Anderson,NG
4093,1632,Lucas Wilson,NG
4094,1632,Leo Smith,NG
4095,1632,Ava Clark,NG
4096,1633,Liam Moore,RO
4097,1633,Emma Thomas,ES
4098,1633,Ethan Moore,ES
4099,1633,Olivia Miller,ES
4100,1634,Leo Brown,US
4101,1634,Olivia Moore,US
4102,1634,Alex Martin,US
4103,1634,Daniel Rossi,US
4104,1635,James Clark,NL
4105,1635,Isabella Clark,NL
4106,1635,Isabella Garcia,NL
4107,1635,Sofia Brown,NL
4108,1636,Ava Wilson,NL
4109,1636,Alex Anderson,NL
4110,1637,Emma Clark,IT
4111,1637,Isabella Taylor,GB
4112,1637,James Lee,IT
4113,1637,Olivia Lee,IT
4114,1638,Alex Anderson,AL
4115,1638,Ava Clark,AL
4116,1639,Noah Garcia,IT
4117,1639,Mia Miller,IT
4118,1639,Alex Taylor,IT
4119,1639,Olivia Thomas,US
4120,1640,Sofia Lewis,NG
4121,1641,Amelia Rossi,RO
4122,1641,Ava Smith,RO
4123,1642,Isabella Wilson,AE
4124,1642,Alex Smith,ES
4125,1643,Lucas Clark,FR
4126,1643,Daniel Brown,FR
4127,1644,Leo Smith,GB
4128,1644,Amelia Martin,GB
4129,1644,Ethan Anderson,GB
4130,1645,Alex Moore,GB
4131,1645,Ethan Miller,GB
4132,1645,Amelia Clark,GB
4133,1645,Ava Wilson,GB
4134,1646,Mia Wilson,ES
4135,1646,James Smith,GR
4136,1646,Leo Garcia,GR
4137,1647,Ethan Smith,DE
4138,1647,Olivia Garcia,DE
4139,1648,Leo Garcia,DE
4140,1648,Ethan Clark,DE
4141,1648,Liam Thomas,DE
4142,1649,Isabella Lewis,GR
4143,1649,Liam Thomas,GR
4144,1649,Ethan Anderson,GR
4145,1649,Maria Garcia,GR
4146,1650,Isabella Garcia,US
4147,1651,Maria Thomas,FR
4148,1652,Olivia Brown,RO
4149,1653,Liam Lewis,AL
4150,1654,Isabella Wilson,IT
4151,1654,James Moore,IT
4152,1655,Lucas Thomas,NL
4153,1655,Emma Rossi,NL
4154,1655,Mia Brown,NL
4155,1656,Amelia Anderson,NL
4156,1657,Noah Garcia,NL
4157,1657,Noah Clark,NL
4158,1657,Olivia Rossi,NL
4159,1657,Sofia Wilson,NL
4160,1658,Ava Clark,GB
4161,1659,Mia Martin,GR
4162,1659,Noah Taylor,RO
4163,1659,Isabella Lee,GR
4164,1660,Isabella Miller,ES
4165,1661,Emma Smith,ES
4166,1662,Leo Taylor,ES
4167,1662,Sofia Brown,ES
4168,1662,Mia Taylor,ES
4169,1662,Mia Garcia,ES
4170,1663,Sofia Lee,RO
4171,1663,Ethan Garcia,RO
4172,1664,Leo Clark,RO
4173,1664,Daniel Moore,FR
4174,1665,Liam Martin,GR
4175,1665,Maria Wilson,GR
4176,1666,Noah Clark,GB
4177,1666,Ava Lewis,GB
4178,1667,Sofia Moore,US
4179,1668,Alex Rossi,DE
4180,1668,Isabella Moore,NG
4181,1668,Daniel Thomas,DE
4182,1669,Amelia Lewis,IT
4183,1670,Ethan Brown,NL
4184,1670,Daniel Anderson,NL
4185,1671,Mia Brown,ES
4186,1672,Ava Garcia,IT
4187,1672,Emma Brown,FR
4188,1672,Daniel Rossi,FR
4189,1673,Lucas Smith,ES
4190,1673,Amelia Brown,ES
4191,1673,Olivia Brown,ES
4192,1674,Sofia Martin,AE
4193,1675,Maria Garcia,IT
4194,1675,Isabella Martin,AE
4195,1675,Sofia Wilson,IT
4196,1676,Amelia Brown,IT
4197,1676,Liam Smith,DE
4198,1676,James Thomas,AE
4199,1677,Lucas Clark,IT
4200,1677,Liam Lee,IT
4201,1677,Mia Wilson,IT
4202,1677,Olivia Clark,IT
4203,1678,Olivia Brown,NG
4204,1678,Alex Thomas,NL
4205,1679,Liam Martin,IT
4206,1679,Liam Taylor,IT
4207,1679,Sofia Anderson,IT
4208,1679,Amelia Brown,IT
4209,1680,Alex Lee,AE
4210,1681,Noah Moore,GB
4211,1681,Isabella Lee,ES
4212,1681,Isabella Thomas,ES
4213,1681,Alex Moore,ES
4214,1682,Liam Garcia,NG
4215,1682,Alex Garcia,NG
4216,1682,Leo Taylor,ES
4217,1682,Maria Lee,NG
4218,1683,Liam Clark,IT
4219,1683,Emma Taylor,FR
4220,1683,Ava Miller,IT
4221,1683,James Miller,IT
4222,1684,Leo Rossi,NG
4223,1685,Leo Lewis,AL
4224,1685,Ethan Lee,DE
4225,1685,Ethan Taylor,DE
4226,1685,Isabella Rossi,ES
4227,1686,Lucas Clark,NG
4228,1686,Alex Anderson,NG
4229,1686,Liam Taylor,NG
4230,1687,Leo Thomas,IT
4231,1687,Daniel Brown,GB
4232,1688,Maria Wilson,RO
4233,1688,Noah Smith,NG
4234,1688,Isabella Lee,RO
4235,1688,Ethan Lee,RO
4236,1689,Daniel Brown,GR
4237,1689,Mia Anderson,GR
4238,1689,James Brown,GR
4239,1690,Sofia Rossi,AL
4240,1690,Isabella Rossi,AL
4241,1690,Liam Smith,AL
4242,1690,Lucas Clark,AL
4243,1691,Emma Garcia,ES
4244,1691,Daniel Clark,ES
4245,1691,Lucas Anderson,ES
4246,1692,Mia Taylor,AL
4247,1692,Maria Lee,AL
4248,1692,Isabella Taylor,AL
4249,1693,Olivia Wilson,RO
4250,1693,Lucas Martin,GR
4251,1694,Ethan Rossi,AE
4252,1694,Maria Moore,US
4253,1695,Emma Brown,US
4254,1695,Daniel Anderson,US
4255,1696,James Lewis,US
4256,1696,Ethan Taylor,US
4257,1696,Daniel Brown,US
4258,1696,James Smith,ES
4259,1697,Emma Garcia,IT
4260,1697,Leo Brown,IT
4261,1697,Ethan Anderson,IT
4262,1698,Maria Lewis,AE
4263,1698,Emma Thomas,AE
4264,1698,Olivia Martin,AE
4265,1699,Amelia Brown,NG
4266,1700,Liam Lee,NG
4267,1700,Mia Garcia,NG
4268,1701,Lucas Rossi,GB
4269,1701,Sofia Moore,FR
4270,1701,James Smith,RO
4271,1701,Amelia Brown,FR
4272,1702,Lucas Moore,DE
4273,1702,Isabella Wilson,DE
4274,1702,Ava Taylor,NG
4275,1702,Ethan Garcia,DE
4276,1703,Maria Martin,AE
4277,1703,Maria Smith,AE
4278,1704,Sofia Anderson,GR
4279,1704,Daniel Taylor,GR
4280,1704,Isabella Taylor,GR
4281,1705,Noah Martin,FR
4282,1705,Daniel Wilson,FR
4283,1705,Sofia Miller,US
4284,1706,Mia Rossi,GR
4285,1707,Ava Clark,GB
4286,1707,Noah Thomas,GB
4287,1707,Alex Wilson,GB
4288,1707,Ava Lee,GB
4289,1708,Maria Anderson,NG
4290,1708,Leo Wilson,NG
4291,1708,Daniel Wilson,NG
4292,1709,Lucas Rossi,RO
4293,1709,Olivia Martin,RO
4294,1709,Ethan Clark,RO
4295,1710,Ava Rossi,ES
4296,1710,Noah Lewis,US
4297,1710,Olivia Wilson,ES
4298,1710,Olivia Lewis,US
4299,1711,Leo Lee,GR
4300,1711,James Wilson,GR
4301,1711,Amelia Smith,GR
4302,1712,Isabella Garcia,IT
4303,1712,Ethan Clark,IT
4304,1712,Emma Wilson,IT
4305,1712,Amelia Clark,IT
4306,1713,Leo Wilson,DE
4307,1713,Noah Smith,DE
4308,1713,Maria Lee,DE
4309,1713,Mia Garcia,DE
4310,1714,Alex Lewis,NL
4311,1714,Noah Smith,NL
4312,1715,Amelia Clark,US
4313,1716,Lucas Smith,AL
4314,1716,Maria Martin,GB
4315,1716,Daniel Martin,GB
4316,1716,Noah Lewis,GB
4317,1717,Alex Martin,GR
4318,1717,Lucas Martin,NL
4319,1717,Lucas Lee,NL
4320,1717,Emma Smith,NL
4321,1718,Amelia Garcia,GR
4322,1718,Isabella Lee,GR
4323,1718,Mia Taylor,GR
4324,1718,Noah Lewis,GR
4325,1719,Amelia Rossi,GR
4326,1719,Isabella Rossi,GR
4327,1719,Alex Anderson,GR
4328,1719,Leo Taylor,GR
4329,1720,Noah Martin,RO
4330,1720,Alex Smith,RO
4331,1720,Emma Brown,RO
4332,1721,Lucas Clark,US
4333,1721,Daniel Anderson,US
4334,1721,Isabella Anderson,AL
4335,1721,Daniel Thomas,RO
4336,1722,Alex Thomas,AL
4337,1723,Noah Martin,GR
4338,1724,Isabella Wilson,US
4339,1724,Ethan Anderson,US
4340,1724,Emma Anderson,US
4341,1724,Daniel Miller,FR
4342,1725,Emma Miller,US
4343,1725,Daniel Garcia,US
4344,1725,Liam Anderson,US
4345,1726,Noah Martin,IT
4346,1726,Lucas Anderson,IT
4347,1727,Lucas Garcia,ES
4348,1727,Noah Wilson,ES
4349,1728,Isabella Martin,FR
4350,1728,Isabella Smith,IT
4351,1729,Liam Taylor,ES
4352,1729,Noah Lee,AE
4353,1729,Maria Smith,ES
4354,1729,Olivia Lee,ES
4355,1730,Sofia Wilson,NL
4356,1730,Maria Smith,NL
4357,1730,Leo Rossi,AL
4358,1730,Emma Smith,NL
4359,1731,Ava Garcia,FR
4360,1731,Liam Garcia,FR
4361,1731,Ethan Martin,FR
4362,1732,Ava Wilson,FR
4363,1733,Maria Garcia,FR
4364,1733,Mia Rossi,US
4365,1734,Leo Brown,GR
4366,1734,James Brown,GR
4367,1735,Liam Smith,FR
4368,1735,Alex Clark,FR
4369,1735,Emma Lee,FR
4370,1736,Emma Smith,AE
4371,1736,Maria Smith,AE
4372,1737,Ethan Clark,FR
4373,1737,Emma Wilson,IT
4374,1737,Olivia Moore,AL
4375,1737,Amelia Clark,IT
4376,1738,Emma Thomas,FR
4377,1738,Mia Taylor,FR
4378,1738,James Brown,FR
4379,1739,Noah Brown,RO
4380,1739,Mia Moore,RO
4381,1740,Alex Lewis,NG
4382,1740,Mia Lewis,IT
4383,1740,Alex Anderson,DE
4384,1740,Ava Anderson,NG
4385,1741,Maria Smith,AE
4386,1742,Daniel Lee,IT
4387,1742,Emma Brown,IT
4388,1742,Maria Taylor,IT
4389,1743,Mia Wilson,AE
4390,1743,Sofia Lewis,AE
4391,1743,Amelia Lee,AE
4392,1744,Ethan Brown,ES
4393,1744,Emma Martin,ES
4394,1745,Alex Wilson,DE
4395,1745,Lucas Lee,NG
4396,1746,Alex Thomas,US
4397,1746,Alex Anderson,US
4398,1746,Leo Anderson,US
4399,1747,Ethan Smith,DE
4400,1748,Mia Taylor,US
4401,1748,Ethan Miller,US
4402,1748,Lucas Martin,US
4403,1748,Lucas Taylor,US
4404,1749,Olivia Rossi,AE
4405,1749,Amelia Lee,AE
4406,1749,Ava Wilson,AE
4407,1749,Liam Clark,AE
4408,1750,Amelia Anderson,GR
4409,1750,Daniel Miller,FR
4410,1750,Alex Taylor,FR
4411,1750,Ava Brown,FR
4412,1751,Ethan Clark,AE
4413,1751,Maria Miller,AE
4414,1751,Daniel Smith,AE
4415,1752,Sofia Martin,GB
4416,1752,James Moore,NL
4417,1753,Lucas Martin,AL
4418,1753,Leo Lee,FR
4419,1754,Amelia Brown,GB
4420,1754,Ethan Lee,AE
4421,1754,Lucas Taylor,AE
4422,1754,Ethan Wilson,AE
4423,1755,Mia Lee,NG
4424,1756,Sofia Lee,NG
4425,1757,Olivia Lee,ES
4426,1758,Sofia Martin,AE
4427,1758,Leo Garcia,AE
4428,1759,James Thomas,NG
4429,1759,Alex Martin,NG
4430,1759,Mia Clark,NG
4431,1760,Amelia Anderson,DE
4432,1760,Daniel Rossi,DE
4433,1761,Ava Smith,ES
4434,1762,Ava Taylor,NL
4435,1763,Alex Wilson,FR
4436,1763,Leo Lewis,FR
4437,1763,Daniel Anderson,FR
4438,1764,Emma Lee,NL
4439,1764,Emma Brown,NL
4440,1764,Leo Clark,NL
4441,1764,Alex Martin,NL
4442,1765,Ethan Wilson,GR
4443,1765,Noah Thomas,GR
4444,1765,Maria Moore,GR
4445,1765,Alex Lee,GR
4446,1766,Liam Miller,NL
4447,1766,Lucas Lewis,AL
4448,1767,Isabella Miller,AL
4449,1768,Amelia Thomas,AE
4450,1769,Sofia Wilson,DE
4451,1770,Ava Brown,US
4452,1771,Sofia Anderson,GB
4453,1771,Lucas Garcia,GB
4454,1772,Mia Lewis,NG
4455,1773,Amelia Wilson,GR
4456,1773,Ethan Moore,GR
4457,1773,Emma Brown,RO
4458,1773,Daniel Lee,NL
4459,1774,Ava Lee,GB
4460,1774,Mia Lewis,GB
4461,1774,Ava Garcia,AL
4462,1775,Ava Lewis,NG
4463,1775,Daniel Garcia,ES
4464,1775,Isabella Lee,ES
4465,1775,Ava Smith,ES
4466,1776,Emma Lewis,NG
4467,1777,James Moore,AL
4468,1777,Daniel Miller,ES
4469,1778,Ethan Lewis,RO
4470,1778,Ava Brown,RO
4471,1778,Maria Garcia,RO
4472,1778,Ethan Rossi,RO
4473,1779,Olivia Rossi,AE
4474,1779,Lucas Thomas,IT
4475,1780,Ethan Miller,ES
4476,1780,Isabella Thomas,ES
4477,1780,Sofia Brown,ES
4478,1781,Isabella Lee,GB
4479,1781,Amelia Rossi,GB
4480,1781,Ethan Thomas,AE
4481,1781,Emma Taylor,GB
4482,1782,Leo Miller,FR
4483,1782,Mia Martin,FR
4484,1782,Emma Rossi,FR
4485,1782,Alex Anderson,FR
4486,1783,Mia Moore,DE
4487,1783,Liam Martin,DE
4488,1784,Ethan Wilson,NL
4489,1785,Amelia Anderson,AE
4490,1785,Ava Smith,GB
4491,1785,Ava Clark,GR
4492,1785,Maria Thomas,DE
4493,1786,Sofia Clark,NG
4494,1786,Ava Clark,NG
4495,1786,Olivia Thomas,NG
4496,1787,Liam Taylor,AL
4497,1788,Maria Smith,AE
4498,1788,Leo Lee,AE
4499,1789,Liam Rossi,AE
4500,1790,Daniel Taylor,NG
4501,1790,Liam Moore,NG
4502,1790,Olivia Garcia,NG
4503,1791,James Thomas,NG
4504,1791,Emma Smith,NG
4505,1791,Olivia Moore,NG
4506,1792,James Garcia,ES
4507,1792,Emma Miller,ES
4508,1792,Olivia Martin,ES
4509,1793,Olivia Miller,IT
4510,1794,Ava Miller,RO
4511,1794,Olivia Garcia,US
4512,1794,Alex Martin,RO
4513,1794,Maria Brown,RO
4514,1795,Amelia Moore,ES
4515,1795,Liam Taylor,ES
4516,1795,Ava Lee,AE
4517,1795,Lucas Clark,ES
4518,1796,Amelia Lee,ES
4519,1796,Noah Rossi,ES
4520,1796,Lucas Lewis,AE
4521,1797,Daniel Moore,RO
4522,1797,Emma Smith,IT
4523,1797,Noah Miller,IT
4524,1797,James Rossi,NG
4525,1798,Emma Garcia,AE
4526,1798,Ethan Garcia,DE
4527,1799,Maria Smith,ES
4528,1800,Lucas Taylor,IT
4529,1800,Noah Moore,IT
4530,1801,Ava Clark,NG
4531,1802,James Garcia,GB
4532,1802,Noah Miller,GB
4533,1802,James Rossi,GB
4534,1803,Ava Thomas,NL
4535,1803,Liam Lewis,NL
4536,1803,Alex Clark,NL
4537,1803,Daniel Wilson,NL
4538,1804,Emma Lewis,AE
4539,1804,Maria Anderson,AE
4540,1804,Ethan Lee,AE
4541,1804,Olivia Clark,AE
4542,1805,Alex Miller,GR
4543,1805,Liam Martin,GR
4544,1805,Maria Lee,GR
4545,1806,Emma Anderson,ES
4546,1807,Daniel Moore,GR
4547,1807,Daniel Anderson,GR
4548,1807,Olivia Thomas,GR
4549,1808,Emma Lewis,ES
4550,1808,Amelia Clark,AE
4551,1808,Isabella Anderson,AE
4552,1808,Daniel Smith,AE
4553,1809,Emma Rossi,AL
4554,1809,Emma Miller,AL
4555,1809,Ethan Brown,ES
4556,1810,Isabella Clark,NL
4557,1811,Isabella Rossi,DE
4558,1812,Maria Smith,RO
4559,1812,Ethan Miller,RO
4560,1812,Noah Miller,RO
4561,1812,Emma Lewis,RO
4562,1813,Olivia Rossi,ES
4563,1814,Alex Smith,DE
4564,1814,Isabella Clark,DE
4565,1815,Mia Moore,ES
4566,1816,Amelia Taylor,GB
4567,1816,Emma Clark,GB
4568,1816,Isabella Clark,GB
4569,1817,Amelia Anderson,FR
4570,1817,Sofia Thomas,DE
4571,1817,Olivia Lewis,DE
4572,1817,Olivia Garcia,DE
4573,1818,Emma Wilson,FR
4574,1819,Liam Taylor,FR
4575,1819,Olivia Clark,FR
4576,1819,Lucas Wilson,FR
4577,1820,Mia Smith,AE
4578,1820,Ava Lee,AE
4579,1820,Sofia Taylor,DE
4580,1821,Mia Moore,GR
4581,1821,Maria Wilson,GR
4582,1822,Ethan Taylor,AL
4583,1822,Daniel Taylor,ES
4584,1822,Liam Wilson,IT
4585,1822,Olivia Clark,IT
4586,1823,Noah Anderson,ES
4587,1823,Lucas Miller,ES
4588,1823,Leo Moore,DE
4589,1824,Amelia Wilson,GB
4590,1824,Isabella Smith,GB
4591,1824,Maria Miller,GB
4592,1824,Leo Martin,IT
4593,1825,Sofia Lee,US
4594,1825,Isabella Smith,DE
4595,1825,Noah Miller,DE
4596,1825,Olivia Lewis,DE
4597,1826,Alex Thomas,NL
4598,1826,Maria Moore,NL
4599,1826,Maria Rossi,NL
4600,1827,Alex Martin,GB
4601,1828,James Clark,NG
4602,1828,Ava Rossi,AE
4603,1828,Maria Anderson,IT
4604,1828,Daniel Garcia,NL
4605,1829,Amelia Garcia,NL
4606,1830,Emma Taylor,FR
4607,1831,Maria Martin,NL
4608,1831,Emma Martin,NL
4609,1831,Noah Taylor,NL
4610,1831,Ava Martin,NL
4611,1832,Alex Taylor,AL
4612,1832,Olivia Wilson,AE
4613,1833,Sofia Lewis,NL
4614,1834,Ava Garcia,NL
4615,1835,Isabella Clark,GB
4616,1835,Olivia Thomas,US
4617,1835,Isabella Brown,US
4618,1836,Leo Smith,IT
4619,1837,Leo Smith,DE
4620,1837,Alex Wilson,DE
4621,1838,Noah Smith,NL
4622,1839,Liam Taylor,IT
4623,1839,Lucas Garcia,IT
4624,1839,Maria Taylor,IT
4625,1840,Emma Moore,FR
4626,1840,Ava Lewis,FR
4627,1841,Ethan Martin,NL
4628,1842,Mia Wilson,AL
4629,1842,Amelia Thomas,AL
4630,1842,Amelia Rossi,AL
4631,1843,Liam Anderson,IT
4632,1844,Noah Moore,ES
4633,1844,Mia Martin,NL
4634,1845,Ava Martin,IT
4635,1845,Ethan Smith,IT
4636,1845,Alex Clark,IT
4637,1846,Leo Smith,AE
4638,1847,Lucas Smith,NL
4639,1848,Liam Martin,IT
4640,1848,Isabella Moore,IT
4641,1849,James Thomas,US
4642,1849,Emma Wilson,US
4643,1850,Emma Martin,US
4644,1851,Ava Rossi,RO
4645,1851,Leo Thomas,AE
4646,1851,Maria Miller,RO
4647,1852,Lucas Lewis,US
4648,1852,Noah Taylor,IT
4649,1852,Olivia Rossi,IT
4650,1852,Maria Moore,RO
4651,1853,Daniel Thomas,DE
4652,1853,Leo Lee,DE
4653,1853,Ethan Martin,DE
4654,1853,Leo Martin,US
4655,1854,Liam Smith,AL
4656,1854,Ava Garcia,FR
4657,1854,Noah Thomas,FR
4658,1855,Daniel Rossi,ES
4659,1855,Ethan Martin,ES
4660,1855,Maria Clark,ES
4661,1855,Daniel Anderson,ES
4662,1856,James Lee,AE
4663,1856,Maria Clark,AE
4664,1856,Alex Taylor,AE
4665,1856,Isabella Garcia,AE
4666,1857,Mia Taylor,IT
4667,1857,Liam Lee,GB
4668,1857,Lucas Anderson,GB
4669,1857,Daniel Martin,GR
4670,1858,Mia Wilson,US
4671,1858,Daniel Martin,US
4672,1858,Leo Smith,US
4673,1859,Emma Wilson,AL
4674,1859,Alex Lewis,AL
4675,1859,James Moore,AL
4676,1859,Ethan Wilson,RO
4677,1860,Sofia Thomas,GR
4678,1860,Lucas Garcia,DE
4679,1860,Daniel Smith,ES
4680,1860,Olivia Moore,GR
4681,1861,Emma Anderson,NG
4682,1861,Leo Taylor,NL
4683,1861,Leo Moore,NG
4684,1862,Amelia Wilson,US
4685,1862,Olivia Thomas,GR
4686,1862,James Wilson,US
4687,1862,Ava Wilson,US
4688,1863,Isabella Clark,FR
4689,1863,Maria Brown,FR
4690,1863,Mia Martin,FR
4691,1863,Emma Clark,FR
4692,1864,Olivia Rossi,IT
4693,1865,James Wilson,IT
4694,1865,Liam Lee,IT
4695,1865,Maria Garcia,AL
4696,1866,Liam Brown,NG
4697,1866,Leo Lewis,NG
4698,1867,Olivia Garcia,ES
4699,1867,Lucas Rossi,ES
4700,1867,Isabella Lee,NG
4701,1867,James Wilson,ES
4702,1868,Noah Thomas,DE
4703,1868,James Thomas,DE
4704,1868,Daniel Rossi,DE
4705,1869,James Lewis,US
4706,1870,Mia Lewis,AE
4707,1871,Amelia Lee,AL
4708,1872,Ethan Miller,US
4709,1873,Sofia Anderson,GB
4710,1873,Mia Martin,GB
4711,1873,Sofia Anderson,GB
4712,1873,Sofia Taylor,GR
4713,1874,Amelia Martin,NL
4714,1874,Ava Thomas,NL
4715,1875,Sofia Wilson,ES
4716,1875,James Anderson,ES
4717,1875,Liam Wilson,NL
4718,1875,Liam Moore,ES
4719,1876,Mia Clark,IT
4720,1877,Amelia Smith,NL
4721,1877,Ethan Brown,NL
4722,1877,Alex Thomas,FR
4723,1878,Amelia Wilson,IT
4724,1878,Olivia Moore,IT
4725,1878,Ethan Martin,IT
4726,1879,Lucas Thomas,ES
4727,1880,Liam Lee,GR
4728,1881,Mia Thomas,AE
4729,1881,Isabella Anderson,AL
4730,1882,Daniel Lewis,DE
4731,1882,Liam Lee,RO
4732,1882,Daniel Martin,DE
4733,1882,Ethan Anderson,DE
4734,1883,James Anderson,NG
4735,1883,Daniel Clark,US
4736,1883,Sofia Miller,US
4737,1884,Noah Garcia,US
4738,1884,Noah Rossi,US
4739,1884,Mia Moore,US
4740,1884,Emma Martin,GB
4741,1885,Liam Garcia,ES
4742,1885,Ethan Thomas,ES
4743,1885,Sofia Wilson,ES
4744,1885,Ethan Wilson,ES
4745,1886,Noah Garcia,NL
4746,1887,Noah Martin,GR
4747,1888,Leo Lee,RO
4748,1889,Olivia Miller,US
4749,1889,Sofia Smith,US
4750,1890,Lucas Brown,IT
4751,1890,James Smith,GR
4752,1891,Noah Wilson,FR
4753,1891,Emma Smith,NG
4754,1892,Isabella Miller,DE
4755,1893,Olivia Taylor,GR
4756,1893,Daniel Taylor,ES
4757,1893,Emma Garcia,GB
4758,1893,Daniel Moore,GB
4759,1894,Ethan Garcia,AL
4760,1895,Emma Smith,US
4761,1895,Maria Garcia,US
4762,1895,Daniel Rossi,US
4763,1895,Maria Moore,ES
4764,1896,Olivia Thomas,GB
4765,1896,Amelia Moore,GB
4766,1897,Maria Miller,IT
4767,1897,Noah Thomas,IT
4768,1897,James Lewis,IT
4769,1897,Sofia Lee,IT
4770,1898,Mia Rossi,ES
4771,1898,Sofia Clark,FR
4772,1898,Noah Brown,ES
4773,1899,Ethan Rossi,GB
4774,1899,Ethan Brown,GB
4775,1899,Ava Martin,GB
4776,1899,Leo Martin,GB
4777,1900,Maria Martin,AL
4778,1900,Ethan Martin,RO
4779,1901,Olivia Lee,US
4780,1901,Olivia Moore,US
4781,1901,Liam Rossi,US
4782,1901,Liam Wilson,US
4783,1902,Ethan Lee,ES
4784,1902,James Thomas,IT
4785,1902,Amelia Miller,ES
4786,1903,Maria Wilson,NL
4787,1903,Maria Garcia,NL
4788,1904,Lucas Wilson,NG
4789,1905,Emma Lewis,IT
4790,1905,Emma Garcia,IT
4791,1906,Alex Lewis,AE
4792,1907,Lucas Moore,AL
4793,1907,Daniel Brown,AL
4794,1908,Sofia Miller,AL
4795,1908,James Taylor,AL
4796,1908,Ethan Martin,AL
4797,1909,James Wilson,ES
4798,1910,Leo Anderson,IT
4799,1910,James Wilson,IT
4800,1911,Ethan Moore,US
4801,1911,Maria Lewis,US
4802,1911,Ava Miller,US
4803,1911,Emma Smith,US
4804,1912,Noah Lee,AE
4805,1912,Emma Anderson,IT
4806,1912,James Miller,IT
4807,1913,Leo Miller,RO
4808,1913,Mia Moore,RO
4809,1913,James Smith,RO
4810,1914,Ethan Lee,DE
4811,1914,Daniel Martin,DE
4812,1914,Maria Moore,DE
4813,1915,Isabella Thomas,ES
4814,1915,Amelia Anderson,AE
4815,1915,Maria Clark,ES
4816,1915,Liam Thomas,ES
4817,1916,Daniel Garcia,IT
4818,1916,Mia Brown,IT
4819,1916,Noah Martin,IT
4820,1916,James Wilson,IT
4821,1917,Liam Brown,ES
4822,1918,Daniel Brown,ES
4823,1919,Noah Smith,AL
4824,1920,Isabella Lee,AE
4825,1920,Sofia Moore,AE
4826,1920,Ava Taylor,AE
4827,1920,Ava Anderson,AE
4828,1921,Emma Smith,NG
4829,1921,Alex Brown,AL
4830,1921,Alex Lee,NG
4831,1921,James Anderson,US
4832,1922,Mia Lewis,FR
4833,1923,Sofia Smith,FR
4834,1923,Noah Lee,FR
4835,1923,Daniel Rossi,FR
4836,1924,Ava Smith,NG
4837,1924,Liam Garcia,IT
4838,1924,Isabella Lewis,IT
4839,1925,Olivia Anderson,DE
4840,1926,Maria Brown,NL
4841,1926,Lucas Smith,US
4842,1927,James Rossi,GB
4843,1928,Emma Anderson,FR
4844,1928,Mia Clark,GB
4845,1928,Ava Garcia,GB
4846,1928,Alex Brown,NL
4847,1929,Ethan Lee,GB
4848,1929,Amelia Clark,GB
4849,1929,Alex Smith,GB
4850,1930,Alex Wilson,NL
4851,1931,Emma Clark,GB
4852,1932,Maria Rossi,FR
4853,1932,Isabella Thomas,IT
4854,1932,Ava Lewis,US
4855,1932,Mia Anderson,US
4856,1933,Emma Moore,US
4857,1934,Daniel Moore,AL
4858,1934,Lucas Moore,AL
4859,1934,Isabella Brown,AL
4860,1934,Ava Lewis,AL
4861,1935,Emma Brown,AE
4862,1935,Noah Garcia,AE
4863,1935,Ethan Smith,AE
4864,1935,Maria Miller,AE
4865,1936,Sofia Smith,AE
4866,1936,Ava Miller,AE
4867,1936,Ethan Garcia,AE
4868,1936,Alex Brown,AE
4869,1937,James Taylor,GR
4870,1937,Emma Rossi,GR
4871,1937,James Martin,GB
4872,1937,James Lee,GR
4873,1938,Alex Rossi,US
4874,1938,Ava Miller,US
4875,1938,Leo Rossi,US
4876,1938,Noah Rossi,US
4877,1939,Amelia Garcia,FR
4878,1939,Lucas Lee,FR
4879,1939,Daniel Smith,FR
4880,1940,Ava Smith,NG
4881,1940,Lucas Brown,GB
4882,1940,Isabella Martin,GB
4883,1940,Leo Taylor,GB
4884,1941,Daniel Wilson,DE
4885,1942,Noah Smith,IT
4886,1942,Daniel Garcia,IT
4887,1943,Isabella Miller,DE
4888,1943,Noah Garcia,DE
4889,1943,Ethan Martin,DE
4890,1944,Emma Anderson,NL
4891,1945,Ethan Clark,IT
4892,1946,Leo Rossi,NG
4893,1946,Alex Moore,NG
4894,1946,Leo Thomas,GB
4895,1947,Ethan Moore,GB
4896,1948,Ethan Garcia,AE
4897,1948,Sofia Wilson,AE
4898,1948,Noah Martin,AE
4899,1949,Leo Rossi,RO
4900,1949,Alex Anderson,DE
4901,1949,Daniel Moore,DE
4902,1950,Mia Clark,AE
4903,1950,Lucas Lee,AE
4904,1950,Noah Thomas,AE
4905,1950,Olivia Garcia,AE
4906,1951,Lucas Smith,GR
4907,1951,Isabella Brown,GR
4908,1951,Emma Lewis,GR
4909,1952,Daniel Clark,FR
4910,1952,Emma Lewis,ES
4911,1953,Ethan Rossi,GR
4912,1953,Alex Clark,GR
4913,1953,Amelia Lee,GR
4914,1954,Noah Martin,AE
4915,1954,Mia Martin,AE
4916,1955,James Martin,IT
4917,1955,Mia Garcia,IT
4918,1956,Ava Thomas,AL
4919,1956,Amelia Wilson,AL
4920,1956,Mia Moore,AL
4921,1957,Ethan Martin,NG
4922,1958,Amelia Clark,GB
4923,1958,Ava Moore,GB
4924,1958,Ava Lee,GB
4925,1958,Lucas Martin,GB
4926,1959,Ava Moore,GB
4927,1959,Leo Taylor,GR
4928,1959,Mia Anderson,GR
4929,1959,James Smith,GR
4930,1960,Lucas Rossi,AE
4931,1960,Ava Moore,AE
4932,1960,Amelia Brown,AE
4933,1960,Alex Smith,AE
4934,1961,Mia Moore,RO
4935,1961,Liam Lee,RO
4936,1961,Daniel Thomas,RO
4937,1962,James Brown,US
4938,1962,Sofia Rossi,US
4939,1962,Ava Moore,US
4940,1962,Leo Miller,US
4941,1963,Alex Smith,ES
4942,1963,Maria Miller,ES
4943,1963,Mia Thomas,NL
4944,1963,Maria Miller,ES
4945,1964,Noah Smith,NL
4946,1964,Liam Clark,NL
4947,1965,Leo Moore,IT
4948,1965,Daniel Rossi,IT
4949,1966,Isabella Garcia,AE
4950,1966,Lucas Miller,AE
4951,1966,Ava Wilson,AE
4952,1967,Emma Miller,IT
4953,1967,James Lewis,IT
4954,1967,Emma Smith,IT
4955,1968,Emma Lee,IT
4956,1968,Ethan Thomas,IT
4957,1968,Ethan Wilson,IT
4958,1969,Emma Clark,GB
4959,1969,Maria Clark,GB
4960,1969,Liam Miller,GB
4961,1969,Leo Anderson,GB
4962,1970,Olivia Clark,RO
4963,1971,Mia Garcia,IT
4964,1971,Noah Smith,AL
4965,1971,Liam Anderson,AL
4966,1972,Sofia Lewis,NG
4967,1973,Sofia Thomas,FR
4968,1973,Liam Moore,NG
4969,1974,Maria Lee,ES
4970,1974,Leo Smith,ES
4971,1974,Lucas Smith,GB
4972,1975,Ethan Moore,FR
4973,1975,Sofia Smith,FR
4974,1976,Maria Wilson,US
4975,1976,Sofia Miller,US
4976,1977,Sofia Brown,DE
4977,1977,Ethan Clark,DE
4978,1977,Daniel Miller,DE
4979,1978,Daniel Rossi,US
4980,1979,Alex Clark,AL
4981,1979,Ethan Anderson,DE
4982,1979,Sofia Martin,DE
4983,1980,Sofia Garcia,RO
4984,1980,Emma Rossi,RO
4985,1980,Noah Rossi,RO
4986,1980,James Lee,RO
4987,1981,Alex Smith,DE
4988,1981,James Miller,DE
4989,1981,Ethan Miller,DE
4990,1981,Leo Rossi,DE
4991,1982,Amelia Clark,AL
4992,1982,Daniel Lewis,AL
4993,1982,Noah Anderson,AL
4994,1983,Olivia Lewis,ES
4995,1984,Alex Lee,AL
4996,1984,Sofia Moore,AL
4997,1984,Ava Wilson,AL
4998,1985,Isabella Miller,GR
4999,1985,Alex Clark,GR
5000,1986,Isabella Lee,IT
5001,1986,Alex Clark,RO
5002,1986,Liam Smith,RO
5003,1987,Ethan Anderson,DE
5004,1988,Noah Garcia,AL
5005,1988,Amelia Lee,RO
5006,1988,Lucas Brown,RO
5007,1989,Sofia Clark,FR
5008,1989,Sofia Smith,FR
5009,1989,Leo Lewis,FR
5010,1990,Noah Moore,AE
5011,1990,Mia Rossi,AE
5012,1991,Ava Smith,RO
5013,1991,Leo Lee,RO
5014,1992,Mia Smith,GB
5015,1992,Noah Martin,GB
5016,1992,Isabella Lee,GB
5017,1993,Ethan Rossi,AE
5018,1993,Maria Thomas,NG
5019,1993,Noah Thomas,NG
5020,1993,Alex Taylor,NG
5021,1994,Isabella Lee,ES
5022,1994,Maria Wilson,ES
5023,1995,James Lewis,ES
5024,1995,Liam Wilson,ES
5025,1995,Daniel Anderson,IT
5026,1995,Alex Brown,IT
5027,1996,Mia Anderson,NG
5028,1996,Noah Rossi,NG
5029,1996,Emma Brown,NG
5030,1997,Daniel Lee,NL
5031,1997,Olivia Smith,NL
5032,1997,Emma Martin,NL
5033,1997,Ethan Clark,NL
5034,1998,Amelia Clark,AE
5035,1998,Daniel Clark,AE
5036,1998,Isabella Lee,AE
5037,1999,Emma Brown,IT
5038,2000,Sofia Moore,NG
5039,2001,Emma Moore,IT
5040,2001,Emma Brown,IT
5041,2001,Ava Lee,IT
5042,2001,Maria Lewis,IT
5043,2002,Amelia Garcia,NL
5044,2002,Ethan Garcia,NL
5045,2003,Liam Smith,GR
5046,2003,Ethan Lee,GR
5047,2003,Leo Wilson,GB
5048,2003,Mia Garcia,AE
5049,2004,Emma Thomas,AE
5050,2004,Lucas Martin,US
5051,2004,Mia Martin,AL
5052,2005,Ava Brown,GR
5053,2005,Emma Thomas,GR
5054,2005,Liam Taylor,GR
5055,2006,James Smith,GR
5056,2006,Ethan Taylor,GR
5057,2006,Emma Rossi,GR
5058,2007,Isabella Moore,AL
5059,2007,Amelia Martin,AL
5060,2008,Alex Garcia,ES
5061,2008,Noah Lewis,ES
5062,2008,Amelia Lee,ES
5063,2008,Alex Clark,ES
5064,2009,Alex Wilson,NG
5065,2009,Isabella Wilson,NG
5066,2010,Daniel Garcia,ES
5067,2010,Amelia Lee,GB
5068,2011,Maria Wilson,NG
5069,2012,Amelia Lee,RO
5070,2012,Lucas Anderson,NG
5071,2012,Daniel Brown,RO
5072,2013,Maria Martin,RO
5073,2014,Maria Taylor,FR
5074,2014,Alex Rossi,NL
5075,2014,Isabella Clark,AE
5076,2015,Olivia Smith,AL
5077,2016,Leo Garcia,GR
5078,2016,Isabella Wilson,GR
5079,2017,Leo Miller,ES
5080,2018,Ava Wilson,IT
5081,2018,Mia Wilson,GR
5082,2019,Liam Miller,AL
5083,2019,Alex Moore,AL
5084,2020,Maria Wilson,RO
5085,2021,Alex Clark,NG
5086,2022,James Martin,GB
5087,2022,Olivia Thomas,DE
5088,2022,Mia Wilson,DE
5089,2022,Olivia Rossi,US
5090,2023,Lucas Smith,US
5091,2024,Maria Taylor,DE
5092,2025,Liam Rossi,US
5093,2025,Isabella Brown,US
5094,2026,Daniel Lee,US
5095,2026,Liam Taylor,AL
5096,2026,Lucas Thomas,AL
5097,2026,Amelia Lee,AL
5098,2027,Ava Thomas,NL
5099,2027,Emma Smith,NL
5100,2027,Leo Martin,NL
5101,2027,Ava Brown,NL
5102,2028,Olivia Lewis,NG
5103,2028,Lucas Moore,NG
5104,2028,Alex Clark,NG
5105,2029,Sofia Lewis,FR
5106,2030,Isabella Lee,GR
5107,2030,Mia Wilson,GR
5108,2031,Daniel Brown,IT
5109,2031,Leo Lee,RO
5110,2031,Liam Anderson,RO
5111,2031,Mia Smith,RO
5112,2032,Daniel Martin,AL
5113,2032,Amelia Anderson,NL
5114,2032,Alex Wilson,NG
5115,2032,Daniel Taylor,NG
5116,2033,Maria Garcia,AE
5117,2034,Liam Moore,NG
5118,2035,Amelia Lee,AE
5119,2035,Liam Thomas,NG
5120,2035,Noah Lewis,AE
5121,2035,Amelia Rossi,AE
5122,2036,Isabella Rossi,DE
5123,2036,Maria Martin,DE
5124,2036,Olivia Lee,DE
5125,2036,Maria Brown,DE
5126,2037,James Wilson,US
5127,2037,Alex Clark,FR
5128,2038,Leo Moore,AE
5129,2038,Maria Wilson,IT
5130,2038,Ava Thomas,GR
5131,2038,Mia Thomas,GR
5132,2039,Leo Miller,NL
5133,2039,Ethan Taylor,NL
5134,2040,Ethan Garcia,IT
5135,2040,Leo Lee,IT
5136,2041,Lucas Taylor,AE
5137,2041,Daniel Lewis,GR
5138,2041,Noah Brown,AE
5139,2042,Olivia Anderson,GB
5140,2042,Maria Taylor,GB
5141,2042,Ava Smith,GB
5142,2043,Noah Smith,RO
5143,2043,Lucas Moore,NL
5144,2043,Noah Taylor,NL
5145,2044,Ethan Thomas,AE
5146,2044,Noah Clark,GR
5147,2045,Olivia Moore,NG
5148,2045,Leo Smith,GB
5149,2045,Amelia Lee,GB
5150,2046,Alex Lee,IT
5151,2046,James Thomas,GB
5152,2047,Sofia Brown,DE
5153,2048,Daniel Taylor,RO
5154,2048,Amelia Smith,AE
5155,2048,Olivia Thomas,AE
5156,2049,Mia Taylor,GR
5157,2049,Isabella Thomas,GR
5158,2049,Olivia Miller,GR
5159,2049,Alex Lewis,GR
5160,2050,James Brown,US
5161,2050,Emma Thomas,US
5162,2051,Leo Rossi,DE
5163,2051,Olivia Martin,NG
5164,2051,Mia Rossi,NG
5165,2052,Amelia Garcia,NL
5166,2052,Liam Garcia,DE
5167,2052,Daniel Taylor,NL
5168,2052,Ethan Brown,NL
5169,2053,Daniel Wilson,AE
5170,2053,Isabella Lee,AE
5171,2054,Sofia Brown,IT
5172,2055,Alex Thomas,FR
5173,2055,James Smith,RO
5174,2056,Leo Garcia,AE
5175,2056,Liam Martin,FR
5176,2057,Ava Moore,NL
5177,2057,Mia Thomas,NL
5178,2057,Noah Miller,NL
5179,2057,Ethan Smith,NL
5180,2058,James Anderson,DE
5181,2058,Leo Miller,GR
5182,2059,Alex Wilson,NG
5183,2059,Amelia Miller,NG
5184,2059,James Rossi,NG
5185,2060,Maria Martin,NG
5186,2060,Mia Garcia,NG
5187,2061,Amelia Wilson,IT
5188,2061,Amelia Garcia,IT
5189,2062,Amelia Lee,GR
5190,2062,Ethan Taylor,GR
5191,2062,Sofia Wilson,GR
5192,2063,Daniel Brown,ES
5193,2063,Lucas Anderson,ES
5194,2063,Mia Brown,ES
5195,2063,Maria Brown,ES
5196,2064,Emma Rossi,IT
5197,2065,James Martin,DE
5198,2066,Noah Wilson,AL
5199,2067,Lucas Lee,AL
5200,2067,Ethan Anderson,AL
5201,2067,Olivia Garcia,DE
5202,2067,Daniel Lee,AL
5203,2068,Noah Taylor,NL
5204,2068,Daniel Martin,NL
5205,2069,Lucas Rossi,FR
5206,2069,Lucas Lee,FR
5207,2070,Sofia Brown,GR
5208,2071,Olivia Anderson,GR
5209,2071,Leo Garcia,FR
5210,2072,Olivia Moore,RO
5211,2073,Liam Garcia,NL
5212,2073,Leo Moore,NL
5213,2073,Noah Wilson,NL
5214,2074,Olivia Garcia,ES
5215,2074,Isabella Lee,ES
5216,2074,Noah Lewis,ES
5217,2074,Ava Lee,ES
5218,2075,Noah Anderson,ES
5219,2075,Lucas Lewis,ES
5220,2075,Olivia Brown,ES
5221,2075,Mia Lewis,ES
5222,2076,Isabella Clark,US
5223,2076,Ethan Garcia,US
5224,2076,Olivia Taylor,US
5225,2076,Ava Wilson,US
5226,2077,James Rossi,NL
5227,2077,Daniel Smith,AE
5228,2078,Emma Lee,GB
5229,2078,Alex Clark,RO
5230,2079,James Smith,AL
5231,2079,Liam Wilson,AL
5232,2080,Alex Lee,RO
5233,2081,James Lewis,AL
5234,2081,Alex Moore,AL
5235,2081,Amelia Smith,AL
5236,2081,Olivia Martin,GR
5237,2082,Alex Lewis,GB
5238,2082,Olivia Thomas,GB
5239,2083,Emma Rossi,NG
5240,2083,Noah Anderson,NG
5241,2083,Daniel Anderson,NG
5242,2084,Isabella Anderson,DE
5243,2084,Olivia Smith,ES
5244,2084,Alex Smith,RO
5245,2085,Amelia Lewis,GR
5246,2085,Ava Clark,GR
5247,2086,Mia Taylor,AE
5248,2086,Ethan Lee,AE
5249,2086,Noah Rossi,AE
5250,2086,Daniel Anderson,RO
5251,2087,Leo Miller,AL
5252,2087,Alex Garcia,AE
5253,2087,Ethan Martin,AE
5254,2088,Daniel Lewis,DE
5255,2088,Sofia Miller,NL
5256,2089,Leo Moore,US
5257,2089,Liam Lee,US
5258,2090,Lucas Lewis,AE
5259,2091,Ethan Miller,US
5260,2091,Amelia Rossi,US
5261,2092,Amelia Brown,ES
5262,2092,Ethan Rossi,ES
5263,2092,Isabella Moore,ES
5264,2093,Noah Garcia,AL
5265,2093,Mia Moore,FR
5266,2093,Daniel Wilson,NL
5267,2093,Noah Moore,FR
5268,2094,Liam Brown,GR
5269,2094,Mia Garcia,AL
5270,2095,Daniel Anderson,GB
5271,2095,Noah Wilson,GB
5272,2096,James Lewis,NG
5273,2096,Daniel Lee,ES
5274,2096,Alex Miller,NG
5275,2097,Leo Lewis,NL
5276,2097,Lucas Brown,NL
5277,2097,Isabella Anderson,NL
5278,2097,Maria Lee,NL
5279,2098,Liam Wilson,RO
5280,2098,Isabella Lewis,RO
5281,2098,Noah Anderson,RO
5282,2098,Emma Lewis,FR
5283,2099,Liam Rossi,NG
5284,2099,Ava Clark,GR
5285,2100,James Martin,FR
5286,2101,Liam Lee,DE
5287,2101,Lucas Smith,FR
5288,2102,Alex Brown,FR
5289,2102,Amelia Moore,ES
5290,2102,Mia Smith,US
5291,2102,Mia Brown,ES
5292,2103,Amelia Clark,AL
5293,2103,Daniel Lee,AL
5294,2104,Lucas Anderson,IT
5295,2104,Olivia Lewis,ES
5296,2104,Emma Lewis,IT
5297,2105,Maria Brown,IT
5298,2105,Amelia Rossi,IT
5299,2106,Olivia Martin,AE
5300,2106,Amelia Taylor,IT
5301,2106,Maria Brown,IT
5302,2106,James Thomas,DE
5303,2107,Liam Rossi,AL
5304,2108,Amelia Lee,NL
5305,2108,Lucas Brown,NL
5306,2108,Liam Martin,NL
5307,2109,Liam Martin,ES
5308,2110,James Wilson,AE
5309,2110,Liam Miller,FR
5310,2111,Maria Miller,IT
5311,2112,Ava Smith,NL
5312,2112,Ava Wilson,AE
5313,2113,Amelia Wilson,ES
5314,2113,Ava Lee,ES
5315,2114,Daniel Thomas,FR
5316,2114,Ava Lee,FR
5317,2115,Olivia Lee,AE
5318,2116,Alex Brown,FR
5319,2117,Ava Taylor,NL
5320,2118,Daniel Thomas,NG
5321,2118,Lucas Clark,NG
5322,2118,James Thomas,NG
5323,2119,Lucas Lee,RO
5324,2119,Sofia Lewis,RO
5325,2119,Olivia Moore,RO
5326,2120,Lucas Thomas,AL
5327,2120,Amelia Anderson,IT
5328,2120,Lucas Martin,IT
5329,2120,Alex Moore,IT
5330,2121,Leo Rossi,NG
5331,2121,Lucas Thomas,NG
5332,2121,Emma Brown,NG
5333,2121,Liam Wilson,NG
5334,2122,Mia Martin,FR
5335,2123,Sofia Anderson,NL
5336,2123,Olivia Clark,AE
5337,2124,Daniel Lee,DE
5338,2124,Leo Lee,AL
5339,2124,Noah Clark,DE
5340,2124,Ava Lee,DE
5341,2125,Daniel Moore,IT
5342,2125,Liam Lee,IT
5343,2125,Amelia Miller,GR
5344,2126,Amelia Miller,NG
5345,2127,Leo Smith,AL
5346,2127,Liam Thomas,AL
5347,2127,Isabella Lewis,AE
5348,2127,Amelia Clark,AL
5349,2128,James Wilson,IT
5350,2128,Sofia Rossi,IT
5351,2128,Olivia Lee,IT
5352,2129,Amelia Anderson,GB
5353,2130,Alex Thomas,FR
5354,2130,Noah Smith,FR
5355,2131,Ethan Clark,IT
5356,2131,Olivia Lewis,IT
5357,2131,Isabella Rossi,IT
5358,2132,Emma Brown,GB
5359,2133,Noah Taylor,NL
5360,2133,Amelia Taylor,NL
5361,2133,Olivia Thomas,NL
5362,2133,Amelia Thomas,AE
5363,2134,James Rossi,GB
5364,2135,Alex Thomas,RO
5365,2135,Daniel Martin,RO
5366,2135,Sofia Miller,RO
5367,2135,Emma Wilson,RO
5368,2136,Leo Smith,NG
5369,2136,Olivia Brown,NG
5370,2136,Ethan Taylor,NG
5371,2137,Ava Miller,RO
5372,2137,Mia Taylor,RO
5373,2138,Olivia Wilson,DE
5374,2138,Isabella Rossi,DE
5375,2138,Ava Smith,DE
5376,2139,Sofia Martin,NL
5377,2140,Alex Miller,AL
5378,2140,Daniel Anderson,AL
5379,2141,Liam Miller,NG
5380,2141,Mia Martin,FR
5381,2142,Isabella Lewis,RO
5382,2142,Olivia Taylor,ES
5383,2143,Maria Rossi,GB
5384,2144,Leo Moore,AE
5385,2144,Alex Clark,AE
5386,2145,Ethan Miller,GB
5387,2145,Noah Taylor,RO
5388,2146,Lucas Brown,ES
5389,2147,Amelia Lewis,GR
5390,2148,Liam Rossi,IT
5391,2148,Maria Moore,IT
5392,2148,Ethan Garcia,IT
5393,2149,Olivia Miller,NG
5394,2150,Ethan Clark,AL
5395,2150,Sofia Lee,AL
5396,2150,Ava Lee,AL
5397,2150,Lucas Brown,AL
5398,2151,Noah Rossi,AE
5399,2152,Daniel Clark,NL
5400,2152,Lucas Clark,ES
5401,2152,Liam Lee,NL
5402,2153,Mia Lewis,IT
5403,2153,Liam Wilson,IT
5404,2154,Emma Miller,US
5405,2154,Amelia Garcia,US
5406,2155,Maria Brown,IT
5407,2155,Maria Clark,IT
5408,2155,Ethan Miller,GR
5409,2155,Alex Thomas,IT
5410,2156,Maria Anderson,GR
5411,2156,Maria Anderson,GR
5412,2156,Emma Thomas,GR
5413,2156,Olivia Moore,GR
5414,2157,Maria Smith,US
5415,2158,Isabella Clark,ES
5416,2159,Alex Rossi,AE
5417,2159,Liam Moore,GR
5418,2159,Sofia Taylor,GR
5419,2160,Mia Garcia,FR
5420,2160,Liam Clark,IT
5421,2160,Mia Rossi,AL
5422,2161,Olivia Brown,NG
5423,2161,Sofia Rossi,FR
5424,2161,Emma Clark,FR
5425,2162,Ethan Anderson,DE
5426,2162,Olivia Miller,DE
5427,2162,Leo Garcia,DE
5428,2163,Leo Martin,RO
5429,2163,Olivia Smith,GB
5430,2163,Maria Miller,GB
5431,2163,Maria Clark,GB
5432,2164,Noah Miller,FR
5433,2164,Ava Lee,DE
5434,2164,Leo Clark,FR
5435,2165,Isabella Lee,GR
5436,2166,James Thomas,AL
5437,2167,Olivia Lewis,AE
5438,2167,Leo Martin,AE
5439,2167,Leo Clark,AE
5440,2167,Emma Moore,AE
5441,2168,Noah Clark,GR
5442,2168,Ava Rossi,DE
5443,2168,Sofia Martin,DE
5444,2168,Noah Wilson,DE
5445,2169,Maria Thomas,FR
5446,2169,Alex Rossi,AE
5447,2170,Liam Garcia,IT
5448,2171,Sofia Garcia,FR
5449,2171,Daniel Brown,FR
5450,2172,Maria Miller,GR
5451,2172,Olivia Thomas,DE
5452,2173,Ethan Moore,GR
5453,2173,Mia Clark,GR
5454,2174,Sofia Wilson,GR
5455,2175,Sofia Clark,AL
5456,2175,Amelia Smith,AL
5457,2176,Mia Martin,GB
5458,2176,Liam Thomas,GB
5459,2176,James Miller,GB
5460,2177,Liam Taylor,GR
5461,2177,Ethan Lee,ES
5462,2177,Amelia Taylor,GR
5463,2177,Olivia Brown,GR
5464,2178,James Smith,FR
5465,2178,Noah Anderson,FR
5466,2178,Mia Anderson,FR
5467,2178,Daniel Thomas,FR
5468,2179,Sofia Taylor,DE
5469,2179,Isabella Brown,DE
5470,2179,Leo Thomas,DE
5471,2179,Lucas Thomas,DE
5472,2180,Leo Moore,AE
5473,2181,Leo Lee,NG
5474,2181,Leo Moore,NL
5475,2182,Daniel Moore,GR
5476,2183,Liam Martin,AE
5477,2183,Liam Brown,GB
5478,2183,Olivia Taylor,AE
5479,2184,Liam Martin,DE
5480,2184,Noah Miller,NL
5481,2185,Mia Brown,FR
5482,2185,Ava Anderson,AL
5483,2186,Mia Brown,AL
5484,2186,Ava Thomas,GB
5485,2186,Olivia Clark,AL
5486,2187,Amelia Lewis,AE
5487,2187,James Brown,AE
5488,2187,Daniel Rossi,AE
5489,2188,Noah Thomas,US
5490,2188,Ethan Anderson,US
5491,2188,Alex Brown,US
5492,2189,Emma Rossi,AE
5493,2189,Sofia Rossi,AE
5494,2189,Leo Miller,NG
5495,2189,Amelia Taylor,ES
5496,2190,Sofia Wilson,AE
5497,2191,Daniel Rossi,AE
5498,2191,Daniel Moore,AL
5499,2191,Noah Lewis,AE
5500,2192,Alex Rossi,NG
5501,2193,Liam Lewis,IT
5502,2194,Sofia Taylor,GR
5503,2194,Isabella Wilson,US
5504,2195,Daniel Miller,AE
5505,2195,Alex Garcia,AE
5506,2195,Mia Moore,AE
5507,2195,Alex Anderson,AE
5508,2196,Sofia Thomas,DE
5509,2196,Mia Martin,GR
5510,2197,Mia Thomas,DE
5511,2198,Liam Martin,GR
5512,2199,Alex Smith,ES
5513,2199,Ethan Garcia,ES
5514,2199,Lucas Thomas,ES
5515,2200,Olivia Moore,ES
5516,2200,Maria Miller,ES
5517,2201,Mia Clark,DE
5518,2201,Ava Wilson,GB
5519,2201,Alex Lee,GB
5520,2202,Lucas Anderson,GR
5521,2202,Sofia Clark,GR
5522,2202,Leo Thomas,GR
5523,2202,Daniel Smith,GR
5524,2203,Liam Clark,GR
5525,2203,Olivia Smith,GR
5526,2203,Sofia Lee,AE
5527,2203,James Taylor,GR
5528,2204,Daniel Thomas,AL
5529,2204,Isabella Garcia,AL
5530,2205,Maria Miller,US
5531,2205,Maria Brown,US
5532,2205,Lucas Martin,US
5533,2206,Isabella Moore,RO
5534,2206,James Rossi,RO
5535,2206,Lucas Rossi,GB
5536,2206,Sofia Thomas,DE
5537,2207,Maria Smith,AL
5538,2207,Liam Brown,AL
5539,2207,Lucas Clark,NL
5540,2207,Mia Clark,AL
5541,2208,Daniel Anderson,AL
5542,2209,Olivia Lewis,FR
5543,2209,Daniel Rossi,GB
5544,2209,Noah Garcia,GB
5545,2209,Olivia Rossi,GB
5546,2210,Isabella Garcia,AL
5547,2211,Liam Lewis,FR
5548,2212,Ava Thomas,GR
5549,2212,Amelia Rossi,AE
5550,2212,Isabella Moore,AE
5551,2212,Liam Wilson,AE
5552,2213,Olivia Martin,FR
5553,2213,Daniel Clark,AE
5554,2214,Olivia Garcia,RO
5555,2215,Lucas Garcia,IT
5556,2215,Liam Martin,IT
5557,2216,Lucas Smith,DE
5558,2216,Leo Lewis,DE
5559,2216,James Clark,DE
5560,2216,Daniel Thomas,DE
5561,2217,Leo Brown,AE
5562,2218,Olivia Brown,IT
5563,2218,Daniel Brown,IT
5564,2218,Liam Smith,IT
5565,2218,Liam Garcia,IT
5566,2219,Isabella Smith,IT
5567,2219,Ava Martin,IT
5568,2219,Ava Anderson,AL
5569,2219,Sofia Smith,IT
5570,2220,Maria Anderson,RO
5571,2220,Leo Brown,RO
5572,2220,Mia Lewis,RO
5573,2220,Sofia Clark,NL
5574,2221,Ethan Taylor,AE
5575,2221,Amelia Taylor,AE
5576,2221,Liam Smith,ES
5577,2222,Daniel Wilson,ES
5578,2222,Ethan Lee,ES
5579,2222,Liam Garcia,ES
5580,2223,Ethan Anderson,IT
5581,2224,Lucas Anderson,ES
5582,2225,Sofia Anderson,DE
5583,2225,Amelia Thomas,DE
5584,2225,Sofia Anderson,DE
5585,2225,Isabella Smith,DE
5586,2226,Ava Rossi,NL
5587,2226,Ava Martin,AE
5588,2227,Isabella Martin,IT
5589,2227,Emma Clark,IT
5590,2227,Amelia Garcia,AE
5591,2228,Mia Garcia,RO
5592,2228,Ethan Clark,RO
5593,2228,Olivia Miller,RO
5594,2229,Isabella Brown,FR
5595,2229,Olivia Rossi,US
5596,2229,Emma Lee,FR
5597,2229,Maria Lewis,FR
5598,2230,Liam Thomas,FR
5599,2231,Lucas Taylor,GR
5600,2231,Alex Moore,GR
5601,2231,Sofia Brown,AE
5602,2231,Noah Wilson,ES
5603,2232,Mia Smith,DE
5604,2232,Isabella Lewis,DE
5605,2232,Mia Thomas,DE
5606,2232,Sofia Martin,FR
5607,2233,Daniel Miller,US
5608,2233,Ethan Lewis,US
5609,2233,Alex Anderson,US
5610,2233,Noah Smith,US
5611,2234,Lucas Thomas,ES
5612,2234,Liam Moore,NG
5613,2235,Sofia Brown,US
5614,2236,Olivia Martin,AE
5615,2236,Olivia Miller,AE
5616,2236,Lucas Clark,AE
5617,2236,James Taylor,AE
5618,2237,Sofia Wilson,IT
5619,2237,Mia Brown,IT
5620,2237,Liam Clark,IT
5621,2237,Daniel Brown,IT
5622,2238,Emma Taylor,US
5623,2238,Lucas Miller,US
5624,2238,Emma Moore,US
5625,2239,Daniel Lewis,NG
5626,2239,Liam Thomas,NG
5627,2239,Mia Wilson,NG
5628,2239,Ava Martin,NG
5629,2240,Liam Lee,AL
5630,2241,Mia Anderson,AL
5631,2242,Lucas Lewis,AL
5632,2242,Maria Clark,AL
5633,2243,Liam Anderson,AE
5634,2244,Amelia Smith,DE
5635,2244,James Garcia,DE
5636,2245,Sofia Smith,AL
5637,2246,Lucas Brown,RO
5638,2246,Ethan Taylor,RO
5639,2246,Liam Rossi,RO
5640,2247,Maria Wilson,GB
5641,2247,Leo Thomas,ES
5642,2248,Emma Wilson,NG
5643,2249,Liam Taylor,NL
5644,2250,Amelia Garcia,ES
5645,2251,Daniel Lewis,IT
5646,2251,Sofia Brown,ES
5647,2251,Ethan Clark,AL
5648,2252,Sofia Clark,FR
5649,2252,Emma Miller,AE
5650,2252,Sofia Smith,GB
5651,2252,Isabella Moore,FR
5652,2253,James Taylor,AL
5653,2253,James Lee,AL
5654,2254,Maria Miller,DE
5655,2254,Noah Anderson,DE
5656,2254,Liam Wilson,DE
5657,2254,Maria Miller,DE
5658,2255,Lucas Rossi,FR
5659,2256,Mia Lewis,GB
5660,2256,Noah Anderson,GR
5661,2256,James Wilson,GB
5662,2256,Amelia Miller,GB
5663,2257,Amelia Martin,GB
5664,2258,Alex Taylor,IT
5665,2258,Lucas Clark,ES
5666,2259,Sofia Wilson,ES
5667,2259,Mia Lee,ES
5668,2260,James Garcia,NG
5669,2260,James Miller,DE
5670,2261,Noah Brown,GB
5671,2261,Sofia Miller,GB
5672,2261,Olivia Lewis,GB
5673,2261,Alex Rossi,AL
5674,2262,Leo Wilson,DE
5675,2262,Ethan Brown,DE
5676,2263,Maria Thomas,NG
5677,2263,Ava Lee,NG
5678,2263,Daniel Martin,NG
5679,2264,Sofia Wilson,NL
5680,2264,Liam Thomas,NL
5681,2265,Amelia Smith,AE
5682,2265,Emma Thomas,AE
5683,2265,Sofia Smith,AE
5684,2265,Ethan Miller,AE
5685,2266,Isabella Wilson,GB
5686,2267,Isabella Smith,GR
5687,2267,Amelia Martin,GR
5688,2268,Alex Wilson,ES
5689,2268,Mia Lewis,ES
5690,2269,Liam Wilson,AE
5691,2269,Emma Lewis,AE
5692,2270,Emma Clark,NL
5693,2270,Daniel Anderson,AL
5694,2270,Noah Wilson,US
5695,2270,Ava Thomas,AE
5696,2271,Mia Smith,RO
5697,2272,Noah Clark,IT
5698,2272,Sofia Smith,GR
5699,2272,Emma Brown,GR
5700,2272,Sofia Taylor,GR
5701,2273,Ava Clark,GB
5702,2273,Liam Thomas,GB
5703,2273,Mia Wilson,DE
5704,2274,Noah Thomas,GB
5705,2274,Amelia Clark,GB
5706,2274,Daniel Miller,GB
5707,2275,Amelia Miller,NG
5708,2275,Daniel Anderson,NG
5709,2276,Emma Moore,NG
5710,2277,Maria Taylor,GB
5711,2277,Alex Moore,GB
5712,2278,Ethan Clark,US
5713,2278,Olivia Martin,US
5714,2279,Isabella Miller,DE
5715,2279,Amelia Moore,DE
5716,2279,Ava Clark,DE
5717,2280,Liam Rossi,FR
5718,2280,Daniel Anderson,FR
5719,2280,Sofia Clark,FR
5720,2281,Alex Rossi,GR
5721,2282,Amelia Lewis,IT
5722,2282,Emma Anderson,IT
5723,2283,Leo Martin,IT
5724,2284,Lucas Lewis,US
5725,2284,Leo Smith,US
5726,2285,Liam Martin,NL
5727,2285,Maria Martin,RO
5728,2285,Emma Lewis,AL
5729,2286,Emma Thomas,FR
5730,2286,Olivia Martin,IT
5731,2286,Ava Clark,FR
5732,2286,Ethan Smith,FR
5733,2287,Olivia Taylor,RO
5734,2287,Liam Clark,RO
5735,2287,Lucas Anderson,RO
5736,2288,Mia Smith,GR
5737,2289,Mia Smith,NL
5738,2289,Isabella Rossi,DE
5739,2289,Leo Brown,DE
5740,2289,Lucas Lewis,DE
5741,2290,Olivia Rossi,DE
5742,2290,Olivia Clark,DE
5743,2291,Olivia Lee,NL
5744,2292,Ava Taylor,AE
5745,2292,James Miller,AE
5746,2292,Lucas Anderson,US
5747,2293,Sofia Miller,US
5748,2293,Leo Martin,US
5749,2294,Ethan Lewis,NL
5750,2294,Lucas Taylor,NL
5751,2295,James Taylor,AL
5752,2295,Noah Miller,GB
5753,2296,Noah Miller,ES
5754,2296,Sofia Lewis,ES
5755,2296,Lucas Rossi,NG
5756,2297,Leo Lewis,US
5757,2298,Lucas Lewis,AE
5758,2298,Alex Garcia,AE
5759,2299,Isabella Moore,DE
5760,2299,Isabella Lewis,DE
5761,2299,Olivia Moore,GB
5762,2299,Mia Lewis,DE
5763,2300,Mia Miller,DE
5764,2300,Mia Martin,DE
5765,2300,Lucas Rossi,DE
5766,2301,Maria Brown,FR
5767,2301,Amelia Smith,FR
5768,2301,Leo Lee,FR
5769,2302,Noah Martin,RO
5770,2302,Amelia Martin,ES
5771,2302,Ava Moore,ES
5772,2303,Alex Moore,GR
5773,2303,Maria Lewis,GR
5774,2304,Maria Thomas,FR
5775,2305,Leo Moore,FR
5776,2305,Ethan Lewis,GB
5777,2305,Mia Wilson,GB
5778,2305,James Smith,ES
5779,2306,Ethan Anderson,GR
5780,2306,Ethan Lee,GR
5781,2306,Sofia Taylor,GR
5782,2306,Alex Taylor,GR
5783,2307,Lucas Thomas,GR
5784,2307,Isabella Taylor,GR
5785,2307,Emma Clark,GR
5786,2307,Daniel Taylor,GR
5787,2308,Alex Smith,FR
5788,2308,Emma Wilson,GB
5789,2309,Emma Martin,RO
5790,2310,Daniel Miller,RO
5791,2310,Noah Lee,ES
5792,2311,Maria Brown,AL
5793,2311,Sofia Brown,GB
5794,2312,Lucas Clark,IT
5795,2312,James Taylor,IT
5796,2312,Mia Thomas,IT
5797,2313,Alex Smith,IT
5798,2313,Ava Lewis,IT
5799,2313,Maria Thomas,IT
5800,2314,Alex Thomas,DE
5801,2314,Liam Smith,DE
5802,2315,Sofia Martin,ES
5803,2315,Amelia Smith,IT
5804,2316,Sofia Clark,IT
5805,2316,Alex Smith,US
5806,2316,Olivia Martin,FR
5807,2316,Amelia Wilson,IT
5808,2317,Emma Clark,NL
5809,2317,Liam Taylor,NL
5810,2317,Alex Thomas,NL
5811,2317,Ethan Lewis,GR
5812,2318,Olivia Brown,IT
5813,2319,Isabella Brown,ES
5814,2319,Leo Martin,ES
5815,2319,Leo Brown,ES
5816,2319,Isabella Taylor,ES
5817,2320,Sofia Moore,NL
5818,2321,Sofia Taylor,IT
5819,2321,Ethan Clark,IT
5820,2321,Liam Thomas,IT
5821,2321,Lucas Brown,IT
5822,2322,Olivia Taylor,US
5823,2323,Ava Anderson,NL
5824,2323,Isabella Miller,IT
5825,2323,Alex Martin,GR
5826,2324,Maria Moore,AL
5827,2324,Ava Clark,AL
5828,2325,Isabella Thomas,NL
5829,2325,Maria Smith,NL
5830,2325,Noah Moore,NL
5831,2325,Sofia Smith,IT
5832,2326,Olivia Miller,AE
5833,2326,Isabella Rossi,AE
5834,2326,Maria Taylor,AE
5835,2326,Lucas Miller,AE
5836,2327,Ethan Thomas,FR
5837,2327,Ethan Garcia,FR
5838,2327,Ava Thomas,FR
5839,2328,Leo Brown,NG
5840,2328,James Smith,GR
5841,2328,Emma Thomas,GB
5842,2329,Noah Martin,AE
5843,2329,Lucas Miller,DE
5844,2329,Olivia Smith,DE
5845,2329,Isabella Garcia,DE
5846,2330,Alex Miller,NG
5847,2331,Isabella Martin,NL
5848,2331,Leo Brown,NL
5849,2331,James Miller,NL
5850,2332,Isabella Moore,NG
5851,2332,Lucas Martin,DE
5852,2333,James Anderson,GR
5853,2334,Noah Clark,IT
5854,2334,Emma Wilson,IT
5855,2334,Alex Miller,IT
5856,2334,Noah Smith,IT
5857,2335,Isabella Clark,RO
5858,2336,Daniel Miller,ES
5859,2336,Emma Miller,GR
5860,2336,Daniel Miller,GR
5861,2336,Emma Martin,NG
5862,2337,Sofia Garcia,GR
5863,2337,Amelia Martin,GR
5864,2337,Olivia Brown,GR
5865,2337,Leo Lee,GR
5866,2338,Liam Martin,GR
5867,2339,Amelia Clark,GB
5868,2339,Olivia Martin,GB
5869,2339,Isabella Wilson,GB
5870,2339,Lucas Moore,GB
5871,2340,Ethan Brown,FR
5872,2340,Ethan Taylor,NL
5873,2340,Mia Rossi,IT
5874,2341,James Wilson,DE
5875,2342,Mia Taylor,NG
5876,2342,Sofia Lee,NG
5877,2342,Liam Garcia,NG
5878,2342,Noah Martin,NG
5879,2343,Ava Moore,DE
5880,2344,Daniel Anderson,ES
5881,2344,Amelia Smith,ES
5882,2344,Noah Martin,ES
5883,2344,Ethan Rossi,ES
5884,2345,Olivia Rossi,GR
5885,2345,Liam Miller,GR
5886,2345,Emma Rossi,GR
5887,2346,Ethan Anderson,RO
5888,2346,James Smith,RO
5889,2346,Olivia Garcia,RO
5890,2346,James Brown,RO
5891,2347,Liam Moore,NL
5892,2347,Mia Miller,NL
5893,2347,James Moore,NL
5894,2347,Ethan Garcia,NL
5895,2348,Maria Brown,GR
5896,2348,Amelia Martin,GR
5897,2348,James Taylor,GR
5898,2348,Ethan Anderson,GR
5899,2349,Lucas Clark,AE
5900,2349,Ethan Miller,AE
5901,2349,Isabella Moore,DE
5902,2349,Sofia Wilson,AE
5903,2350,Isabella Thomas,DE
5904,2351,Olivia Rossi,ES
5905,2351,Alex Garcia,ES
5906,2351,Noah Thomas,ES
5907,2352,Noah Brown,RO
5908,2352,Ava Wilson,AL
5909,2353,Lucas Thomas,GR
5910,2354,Ethan Thomas,RO
5911,2354,Leo Lewis,RO
5912,2354,Ethan Lee,RO
5913,2354,Maria Wilson,RO
5914,2355,Leo Moore,RO
5915,2355,James Lewis,IT
5916,2355,Amelia Smith,IT
5917,2356,Mia Anderson,US
5918,2357,Maria Smith,FR
5919,2357,Mia Garcia,AL
5920,2357,Ava Brown,FR
5921,2358,Isabella Smith,RO
5922,2358,Mia Smith,RO
5923,2359,Sofia Lewis,US
5924,2359,Leo Wilson,US
5925,2360,Maria Wilson,NL
5926,2361,Olivia Lewis,FR
5927,2361,Ethan Wilson,FR
5928,2362,Isabella Martin,AE
5929,2363,Isabella Moore,ES
5930,2363,Daniel Taylor,US
5931,2363,Isabella Garcia,ES
5932,2363,Maria Wilson,ES
5933,2364,Ethan Taylor,FR
5934,2364,James Wilson,NG
5935,2364,Sofia Lee,NG
5936,2364,Amelia Taylor,NG
5937,2365,Liam Martin,AE
5938,2366,James Garcia,US
5939,2366,Mia Clark,GB
5940,2366,Leo Smith,GB
5941,2367,Daniel Taylor,AE
5942,2367,Amelia Taylor,AE
5943,2367,Sofia Thomas,AE
5944,2367,Olivia Anderson,DE
5945,2368,Noah Garcia,US
5946,2369,Alex Thomas,NL
5947,2370,Ethan Garcia,IT
5948,2370,Liam Taylor,IT
5949,2370,Liam Garcia,IT
5950,2370,Maria Garcia,DE
5951,2371,Leo Brown,GB
5952,2371,Isabella Moore,GB
5953,2372,Mia Wilson,NG
5954,2373,Lucas Moore,AE
5955,2374,James Lewis,DE
5956,2375,Mia Martin,ES
5957,2375,Amelia Garcia,ES
5958,2376,Isabella Lee,GB
5959,2377,Ava Smith,AL
5960,2377,Alex Moore,AL
5961,2378,Ethan Martin,DE
5962,2379,Isabella Wilson,GB
5963,2379,James Rossi,RO
5964,2380,Noah Rossi,FR
5965,2381,Daniel Garcia,RO
5966,2381,Sofia Taylor,RO
5967,2381,Alex Taylor,RO
5968,2381,Ava Lewis,RO
5969,2382,Ethan Wilson,GB
5970,2383,Liam Wilson,IT
5971,2383,Alex Lee,AE
5972,2384,Olivia Taylor,GB
5973,2384,Ethan Smith,NL
5974,2384,Daniel Lee,GB
5975,2384,Alex Clark,GB
5976,2385,Sofia Smith,NL
5977,2386,Alex Wilson,NG
5978,2387,Lucas Moore,ES
5979,2388,Ethan Anderson,NG
5980,2388,Isabella Rossi,NG
5981,2388,Maria Clark,NG
5982,2389,Noah Wilson,DE
5983,2390,Amelia Lewis,AL
5984,2390,Ethan Brown,AL
5985,2390,Alex Martin,AL
5986,2391,Olivia Anderson,AL
5987,2391,Emma Lee,AL
5988,2391,Maria Martin,AL
5989,2392,Noah Smith,AL
5990,2392,James Smith,AL
5991,2393,Alex Martin,ES
5992,2393,Isabella Clark,ES
5993,2394,Isabella Wilson,ES
5994,2395,Alex Clark,IT
5995,2396,Emma Taylor,AE
5996,2396,Liam Wilson,NG
5997,2397,Mia Brown,US
5998,2397,Liam Taylor,US
5999,2397,Ava Thomas,US
6000,2398,Ava Martin,AE
6001,2399,Alex Lee,DE
6002,2399,Sofia Clark,DE
6003,2400,Isabella Smith,GB
6004,2400,Isabella Lewis,IT
6005,2401,Sofia Clark,ES
6006,2402,Daniel Moore,AE
6007,2403,Olivia Clark,DE
6008,2403,Maria Rossi,DE
6009,2404,Isabella Lee,DE
6010,2404,Emma Brown,GR
6011,2405,Ethan Clark,NG
6012,2405,Mia Moore,RO
6013,2405,Ethan Moore,RO
6014,2405,Alex Lewis,RO
6015,2406,Liam Taylor,DE
6016,2407,Maria Clark,ES
6017,2408,Emma Garcia,IT
6018,2408,Olivia Lee,IT
6019,2409,Daniel Clark,IT
6020,2409,James Miller,IT
6021,2409,Mia Thomas,IT
6022,2410,Olivia Lee,GR
6023,2410,Isabella Rossi,NL
6024,2410,Maria Smith,FR
6025,2411,Leo Wilson,FR
6026,2411,Sofia Miller,FR
6027,2411,Alex Anderson,FR
6028,2412,Leo Lee,GR
6029,2412,Maria Anderson,RO
6030,2412,Ethan Taylor,RO
6031,2413,Daniel Clark,GR
6032,2413,Mia Moore,GR
6033,2414,Emma Taylor,IT
6034,2414,Isabella Taylor,IT
6035,2415,Amelia Brown,DE
6036,2415,Mia Taylor,DE
6037,2416,Ethan Thomas,FR
6038,2417,Noah Rossi,RO
6039,2417,Emma Garcia,RO
6040,2417,Ava Brown,NL
6041,2417,Liam Garcia,RO
6042,2418,Sofia Miller,AE
6043,2418,Ethan Anderson,AE
6044,2419,Mia Lee,NG
6045,2419,Amelia Lewis,NG
6046,2419,Ava Clark,DE
6047,2419,Sofia Martin,NG
6048,2420,Ethan Lewis,NG
6049,2420,Sofia Rossi,IT
6050,2420,Noah Miller,IT
6051,2420,Sofia Lewis,IT
6052,2421,Ava Garcia,AE
6053,2421,Mia Smith,AE
6054,2422,Ethan Moore,IT
6055,2422,Amelia Lee,IT
6056,2422,Alex Taylor,AL
6057,2422,Alex Lewis,IT
6058,2423,Mia Moore,FR
6059,2424,Leo Garcia,US
6060,2424,Leo Garcia,US
6061,2424,Ava Brown,US
6062,2425,Noah Brown,DE
6063,2425,Emma Brown,DE
6064,2426,Liam Martin,AL
6065,2426,Liam Taylor,NG
6066,2426,Daniel Garcia,GR
6067,2426,Ethan Garcia,AL
6068,2427,Ava Rossi,RO
6069,2427,Maria Garcia,RO
6070,2427,Daniel Clark,RO
6071,2428,Ava Brown,DE
6072,2428,Amelia Taylor,DE
6073,2428,Ava Rossi,GB
6074,2428,Sofia Moore,DE
6075,2429,Ava Lee,GR
6076,2429,Sofia Lee,GR
6077,2429,Isabella Lewis,GR
6078,2429,Maria Brown,RO
6079,2430,Noah Wilson,ES
6080,2430,Sofia Wilson,ES
6081,2430,Leo Moore,ES
6082,2430,Noah Thomas,ES
6083,2431,Noah Martin,NG
6084,2431,Leo Rossi,NG
6085,2431,Amelia Lee,NG
6086,2432,James Lee,AL
6087,2433,Ava Rossi,NG
6088,2434,Noah Thomas,US
6089,2434,Mia Thomas,US
6090,2434,James Thomas,US
6091,2434,Daniel Martin,US
6092,2435,James Smith,AE
6093,2435,Emma Lewis,AE
6094,2435,Ethan Brown,DE
6095,2436,Maria Smith,AE
6096,2437,Liam Anderson,GB
6097,2437,Amelia Garcia,GB
6098,2437,Ava Smith,GB
6099,2437,Mia Moore,GB
6100,2438,Noah Smith,AE
6101,2439,Leo Taylor,IT
6102,2439,Ava Smith,NL
6103,2439,Emma Thomas,NL
6104,2439,Ava Garcia,NL
6105,2440,Amelia Clark,FR
6106,2441,Olivia Wilson,ES
6107,2441,James Lee,AE
6108,2441,Liam Rossi,ES
6109,2442,Alex Clark,NL
6110,2442,Maria Miller,NG
6111,2442,Isabella Garcia,NL
6112,2442,Daniel Clark,NL
6113,2443,James Wilson,AL
6114,2443,James Clark,RO
6115,2443,Maria Rossi,AL
6116,2443,Mia Smith,AL
6117,2444,Ethan Thomas,FR
6118,2444,Olivia Garcia,FR
6119,2445,Leo Anderson,US
6120,2445,Leo Rossi,NG
6121,2446,James Anderson,ES
6122,2446,Daniel Martin,ES
6123,2447,Daniel Clark,NG
6124,2448,Ava Anderson,RO
6125,2449,Mia Miller,FR
6126,2449,Lucas Smith,DE
6127,2450,Ava Taylor,NL
6128,2450,Ava Lewis,US
6129,2451,Sofia Martin,DE
6130,2451,Noah Anderson,DE
6131,2451,Olivia Clark,DE
6132,2451,Mia Miller,DE
6133,2452,Mia Thomas,AE
6134,2452,Ethan Brown,IT
6135,2452,Liam Moore,IT
6136,2453,Ava Wilson,NL
6137,2454,Amelia Brown,NG
6138,2454,Liam Smith,NG
6139,2455,Olivia Thomas,GR
6140,2455,Noah Rossi,GR
6141,2456,James Miller,NL
6142,2457,Olivia Miller,NG
6143,2457,Alex Moore,RO
6144,2458,Ava Clark,DE
6145,2459,Amelia Moore,AL
6146,2459,Olivia Garcia,AL
6147,2459,James Moore,AL
6148,2460,Sofia Rossi,GB
6149,2461,Daniel Wilson,GB
6150,2462,Isabella Clark,FR
6151,2462,Leo Anderson,FR
6152,2462,Emma Martin,DE
6153,2463,Daniel Lee,ES
6154,2463,Olivia Lee,DE
6155,2463,Isabella Garcia,NG
6156,2464,Ethan Taylor,NG
6157,2465,Isabella Clark,US
6158,2466,Maria Miller,NL
6159,2466,Emma Clark,IT
6160,2466,Leo Lee,IT
6161,2466,Isabella Moore,IT
6162,2467,Isabella Miller,GR
6163,2467,Alex Rossi,GR
6164,2467,Mia Lee,GR
6165,2467,James Lee,GR
6166,2468,Olivia Wilson,AE
6167,2469,Noah Smith,RO
6168,2469,Emma Martin,RO
6169,2469,Liam Garcia,RO
6170,2469,Maria Taylor,NG
6171,2470,Leo Rossi,US
6172,2470,Maria Lee,US
6173,2471,Daniel Moore,AE
6174,2471,Lucas Anderson,RO
6175,2471,Leo Moore,RO
6176,2472,Lucas Lewis,US
6177,2472,Mia Clark,US
6178,2472,Emma Martin,GR
6179,2473,Mia Garcia,NG
6180,2473,Alex Clark,NG
6181,2473,Ethan Taylor,NL
6182,2473,James Clark,NG
6183,2474,Ethan Brown,NG
6184,2474,Emma Martin,GR
6185,2474,James Brown,NG
6186,2475,Mia Smith,US
6187,2475,Amelia Clark,US
6188,2476,Isabella Lewis,IT
6189,2476,Ethan Rossi,IT
6190,2476,Ethan Miller,IT
6191,2476,Noah Thomas,IT
6192,2477,Leo Wilson,AL
6193,2477,Liam Rossi,AL
6194,2477,James Martin,IT
6195,2477,Amelia Clark,AL
6196,2478,Noah Taylor,ES
6197,2478,Noah Lewis,ES
6198,2478,Isabella Moore,ES
6199,2479,Liam Moore,NL
6200,2480,Olivia Miller,IT
6201,2480,Liam Taylor,IT
6202,2481,Lucas Garcia,AL
6203,2481,Lucas Miller,GR
6204,2482,Mia Brown,GR
6205,2482,Alex Garcia,NG
6206,2482,Sofia Miller,GR
6207,2482,James Miller,GR
6208,2483,Amelia Miller,IT
6209,2483,Alex Moore,IT
6210,2483,Isabella Anderson,IT
6211,2484,Leo Taylor,GB
6212,2484,Alex Garcia,GB
6213,2485,Leo Smith,NG
6214,2485,Isabella Garcia,GR
6215,2485,Leo Moore,NG
6216,2486,Isabella Lewis,AL
6217,2486,Ethan Moore,AL
6218,2486,Lucas Anderson,AL
6219,2486,Maria Rossi,AL
6220,2487,Isabella Moore,FR
6221,2487,Leo Brown,FR
6222,2487,Ava Miller,FR
6223,2487,Liam Smith,AE
6224,2488,Mia Anderson,DE
6225,2488,James Thomas,DE
6226,2488,Daniel Taylor,DE
6227,2489,Ava Smith,RO
6228,2490,Leo Lee,US
6229,2490,Alex Clark,US
6230,2490,Leo Lee,US
6231,2491,Isabella Smith,US
6232,2491,Isabella Clark,AE
6233,2491,Emma Miller,IT
6234,2492,Daniel Thomas,RO
6235,2493,Maria Moore,RO
6236,2493,Lucas Clark,AE
6237,2493,Amelia Martin,ES
6238,2494,Mia Garcia,RO
6239,2495,Alex Thomas,NG
6240,2495,Emma Clark,DE
6241,2496,Alex Wilson,US
6242,2496,Alex Thomas,US
6243,2497,Sofia Thomas,IT
6244,2497,Emma Miller,IT
6245,2497,Lucas Clark,IT
6246,2498,Noah Taylor,IT
6247,2498,Alex Garcia,IT
6248,2498,Ava Clark,IT
6249,2498,Sofia Rossi,IT
6250,2499,Sofia Taylor,US
6251,2499,Ava Garcia,US
6252,2499,Lucas Rossi,IT
6253,2499,Alex Anderson,US
6254,2500,Emma Smith,US
6255,2501,Emma Rossi,GR
6256,2501,Olivia Rossi,GR
6257,2501,Liam Rossi,GR
6258,2501,Olivia Clark,RO
6259,2502,Mia Miller,NG
6260,2502,Daniel Moore,NG
6261,2503,Leo Moore,NL
6262,2503,Maria Garcia,NG
6263,2504,Isabella Moore,AL
6264,2505,James Miller,GR
6265,2505,Leo Martin,GR
6266,2505,Liam Rossi,GR
6267,2505,Alex Thomas,GR
6268,2506,Ethan Lee,IT
6269,2507,Ethan Garcia,IT
6270,2507,Daniel Moore,IT
6271,2507,Liam Garcia,IT
6272,2508,Sofia Miller,DE
6273,2508,Ethan Wilson,NL
6274,2508,Ethan Moore,NL
6275,2508,Lucas Brown,NL
6276,2509,Noah Brown,IT
6277,2510,Ethan Clark,IT
6278,2511,Ethan Wilson,NG
6279,2511,Emma Anderson,GR
6280,2511,Sofia Lewis,GR
6281,2512,Sofia Wilson,GB
6282,2512,Liam Smith,NL
6283,2512,Olivia Anderson,NL
6284,2513,Alex Lewis,ES
6285,2513,Lucas Lee,GB
6286,2513,Emma Anderson,ES
6287,2513,Noah Smith,ES
6288,2514,Mia Clark,ES
6289,2514,Alex Taylor,ES
6290,2515,Ava Garcia,DE
6291,2515,Sofia Clark,NL
6292,2515,Lucas Martin,NL
6293,2515,Mia Lewis,AE
6294,2516,Olivia Wilson,US
6295,2516,Lucas Moore,US
6296,2516,Alex Miller,US
6297,2516,Liam Clark,US
6298,2517,Emma Taylor,NL
6299,2517,Isabella Thomas,GB
6300,2518,Liam Lee,FR
6301,2518,Emma Lee,FR
6302,2519,Maria Martin,GB
6303,2519,Olivia Martin,US
6304,2519,Alex Miller,US
6305,2520,Olivia Clark,ES
6306,2521,Ethan Lee,AE
6307,2522,Emma Anderson,RO
6308,2523,Olivia Taylor,IT
6309,2523,Daniel Lewis,IT
6310,2523,Amelia Lee,IT
6311,2523,Amelia Lewis,IT
6312,2524,Leo Taylor,NG
6313,2525,Amelia Brown,GR
6314,2526,Olivia Wilson,DE
6315,2526,Ethan Taylor,AE
6316,2526,Alex Wilson,AE
6317,2526,Lucas Martin,AE
6318,2527,Ethan Smith,US
6319,2527,Liam Anderson,AE
6320,2528,Leo Brown,DE
6321,2528,Daniel Moore,DE
6322,2528,Emma Garcia,DE
6323,2529,Olivia Thomas,US
6324,2530,Olivia Miller,RO
6325,2530,Emma Clark,RO
6326,2531,Emma Martin,US
6327,2531,Ethan Miller,US
6328,2532,Alex Wilson,NL
6329,2532,Emma Rossi,NL
6330,2533,Lucas Moore,RO
6331,2534,Ava Moore,AL
6332,2534,Alex Thomas,AE
6333,2534,Liam Brown,AL
6334,2534,Leo Martin,AL
6335,2535,Maria Miller,NL
6336,2535,Isabella Thomas,RO
6337,2536,Olivia Moore,GR
6338,2537,Alex Anderson,IT
6339,2537,Olivia Smith,IT
6340,2537,Amelia Taylor,IT
6341,2537,Maria Rossi,IT
6342,2538,Alex Smith,US
6343,2538,Olivia Rossi,NG
6344,2538,Amelia Clark,US
6345,2539,Olivia Miller,AL
6346,2539,Alex Anderson,AL
6347,2539,Liam Miller,AL
6348,2540,Ethan Lee,IT
6349,2541,James Smith,US
6350,2542,Emma Martin,GB
6351,2542,Maria Brown,GB
6352,2542,Ethan Miller,GB
6353,2542,Sofia Taylor,GB
6354,2543,Emma Smith,AE
6355,2543,Maria Anderson,ES
6356,2543,Leo Thomas,GB
6357,2544,Mia Lewis,IT
6358,2545,Amelia Taylor,IT
6359,2545,Liam Taylor,IT
6360,2545,Isabella Clark,IT
6361,2546,Alex Wilson,ES
6362,2546,Noah Rossi,ES
6363,2546,Noah Brown,ES
6364,2547,Olivia Brown,FR
6365,2547,Daniel Rossi,FR
6366,2548,Liam Lewis,RO
6367,2549,Daniel Wilson,NG
6368,2549,Isabella Rossi,NG
6369,2549,Leo Thomas,AL
6370,2550,James Lewis,AE
6371,2551,Daniel Anderson,ES
6372,2551,Ethan Brown,ES
6373,2552,James Thomas,NL
6374,2553,Ava Martin,AL
6375,2553,Ethan Martin,AL
6376,2553,Noah Moore,GR
6377,2553,Emma Brown,AL
6378,2554,James Smith,RO
6379,2554,Leo Martin,GB
6380,2554,Leo Brown,GB
6381,2555,Alex Lee,NG
6382,2555,Mia Smith,NG
6383,2555,Liam Martin,NG
6384,2555,Maria Brown,NG
6385,2556,Isabella Wilson,ES
6386,2556,Noah Lewis,ES
6387,2556,Sofia Brown,ES
6388,2557,James Rossi,GR
6389,2557,Olivia Moore,NG
6390,2558,Ethan Wilson,ES
6391,2558,Mia Clark,ES
6392,2558,Alex Lewis,ES
6393,2558,Alex Martin,ES
6394,2559,Liam Clark,GR
6395,2560,Maria Lewis,GR
6396,2560,Emma Anderson,GR
6397,2561,Noah Rossi,NL
6398,2561,James Martin,ES
6399,2561,Alex Anderson,NL
6400,2562,James Brown,AE
6401,2563,Ava Lewis,IT
6402,2563,Emma Lee,IT
6403,2563,Olivia Moore,IT
6404,2563,Lucas Smith,IT
6405,2564,Mia Rossi,NL
6406,2565,Noah Anderson,GR
6407,2565,Alex Thomas,RO
6408,2566,Lucas Lewis,AL
6409,2566,James Anderson,AL
6410,2566,Isabella Lee,AL
6411,2567,Leo Smith,GB
6412,2567,Emma Taylor,GB
6413,2567,Ethan Moore,GB
6414,2568,Mia Brown,NL
6415,2568,Mia Moore,US
6416,2569,Liam Brown,NL
6417,2569,Alex Lee,NL
6418,2569,Liam Taylor,FR
6419,2570,James Lee,DE
6420,2571,Liam Thomas,GB
6421,2571,Olivia Taylor,AL
6422,2571,Daniel Anderson,GB
6423,2572,Lucas Miller,ES
6424,2573,Maria Brown,IT
6425,2573,Lucas Rossi,IT
6426,2573,Daniel Thomas,US
6427,2573,Daniel Martin,IT
6428,2574,Lucas Wilson,DE
6429,2574,Isabella Lee,DE
6430,2575,Daniel Moore,NL
6431,2575,Noah Martin,AL
6432,2576,Emma Rossi,ES
6433,2576,Lucas Brown,ES
6434,2576,Sofia Lewis,GB
6435,2577,Emma Garcia,NL
6436,2577,Sofia Martin,DE
6437,2578,Daniel Miller,FR
6438,2578,Olivia Miller,FR
6439,2579,Ethan Clark,NL
6440,2580,Sofia Thomas,DE
6441,2580,Emma Moore,GR
6442,2580,Emma Smith,GR
6443,2581,Emma Lee,AL
6444,2581,Isabella Lewis,NG
6445,2581,Isabella Smith,NG
6446,2582,James Martin,DE
6447,2582,Noah Garcia,DE
6448,2582,Amelia Rossi,DE
6449,2583,Ava Rossi,NL
6450,2583,Olivia Clark,NL
6451,2584,Emma Martin,RO
6452,2584,Maria Smith,RO
6453,2584,Daniel Garcia,RO
6454,2584,Liam Rossi,RO
6455,2585,Mia Wilson,RO
6456,2585,Emma Lewis,RO
6457,2585,Isabella Smith,RO
6458,2586,Mia Clark,AE
6459,2586,Mia Brown,NL
6460,2586,Sofia Miller,AE
6461,2587,Noah Lewis,DE
6462,2587,Isabella Moore,DE
6463,2587,Sofia Anderson,DE
6464,2587,Noah Garcia,IT
6465,2588,Sofia Moore,ES
6466,2588,Liam Brown,ES
6467,2588,Noah Smith,RO
6468,2588,Noah Brown,ES
6469,2589,Alex Moore,AL
6470,2590,Daniel Clark,NL
6471,2590,Daniel Lewis,NL
6472,2591,Mia Martin,AL
6473,2591,Mia Thomas,RO
6474,2591,Maria Martin,NG
6475,2592,Mia Taylor,IT
6476,2592,Ethan Brown,IT
6477,2592,Leo Garcia,DE
6478,2592,Leo Taylor,IT
6479,2593,Alex Lee,GR
6480,2593,Maria Taylor,NL
6481,2593,Alex Garcia,NL
6482,2594,James Wilson,GB
6483,2595,Lucas Thomas,DE
6484,2595,Isabella Anderson,DE
6485,2595,Noah Lee,DE
6486,2596,Olivia Clark,AE
6487,2596,Liam Brown,AE
6488,2597,Alex Taylor,FR
6489,2598,Isabella Brown,FR
6490,2599,James Anderson,FR
6491,2599,Lucas Rossi,IT
6492,2599,Liam Garcia,IT
6493,2599,Noah Miller,IT
6494,2600,Isabella Garcia,GR
6495,2600,Maria Smith,GR
6496,2600,Emma Moore,AE
6497,2601,Isabella Clark,AL
6498,2601,James Martin,AL
6499,2601,Emma Rossi,AL
6500,2602,Maria Smith,FR
6501,2602,Olivia Garcia,FR
6502,2603,Liam Moore,NG
6503,2603,Leo Anderson,AE
6504,2603,Ethan Wilson,AE
6505,2604,Amelia Brown,NG
6506,2605,Daniel Lee,FR
6507,2605,Emma Clark,FR
6508,2606,Leo Garcia,AE
6509,2606,James Lewis,AE
6510,2606,Liam Clark,AE
6511,2606,Mia Martin,AE
6512,2607,Liam Smith,GR
6513,2607,Maria Lee,GR
6514,2607,Leo Rossi,GR
6515,2607,Emma Rossi,GR
6516,2608,James Martin,US
6517,2608,Noah Clark,IT
6518,2608,Ava Wilson,FR
6519,2609,James Thomas,ES
6520,2609,Maria Smith,ES
6521,2609,Liam Miller,ES
6522,2609,Ethan Lewis,ES
6523,2610,Noah Lewis,AE
6524,2610,Ava Martin,US
6525,2610,Alex Miller,AE
6526,2611,Alex Miller,AE
6527,2612,Ethan Brown,GR
6528,2612,Ethan Clark,IT
6529,2612,Emma Wilson,GR
6530,2612,Liam Garcia,GR
6531,2613,Ava Brown,IT
6532,2613,Leo Martin,IT
6533,2613,Ethan Brown,IT
6534,2614,Alex Moore,IT
6535,2614,Liam Martin,IT
6536,2614,Isabella Wilson,IT
6537,2614,Daniel Clark,ES
6538,2615,Daniel Lewis,AL
6539,2615,Sofia Lewis,RO
6540,2616,Ethan Lewis,AE
6541,2616,Amelia Thomas,AE
6542,2617,Amelia Thomas,GR
6543,2617,Maria Thomas,ES
6544,2617,Alex Martin,FR
6545,2617,Maria Lee,GB
6546,2618,Ethan Rossi,RO
6547,2618,Olivia Wilson,RO
6548,2618,Leo Smith,GB
6549,2618,Amelia Thomas,GB
6550,2619,Maria Rossi,NG
6551,2620,Sofia Brown,FR
6552,2621,James Anderson,GB
6553,2621,James Rossi,GB
6554,2621,Amelia Martin,GB
6555,2621,Daniel Garcia,GB
6556,2622,Isabella Martin,US
6557,2622,Olivia Clark,IT
6558,2623,Lucas Martin,ES
6559,2623,Daniel Clark,ES
6560,2623,Lucas Garcia,ES
6561,2623,Liam Miller,ES
6562,2624,Noah Lewis,GR
6563,2624,Liam Anderson,ES
6564,2625,Ethan Anderson,RO
6565,2626,Isabella Brown,AL
6566,2626,Liam Lee,AL
6567,2626,Lucas Brown,AL
6568,2627,Liam Garcia,FR
6569,2627,Sofia Taylor,FR
6570,2627,Alex Taylor,FR
6571,2628,Isabella Moore,NG
6572,2628,Liam Garcia,RO
6573,2628,Olivia Brown,NG
6574,2628,Sofia Rossi,NG
6575,2629,Noah Taylor,AL
6576,2629,Olivia Brown,ES
6577,2629,James Wilson,FR
6578,2630,Sofia Garcia,NG
6579,2631,Olivia Thomas,FR
6580,2632,Mia Brown,FR
6581,2632,Liam Smith,FR
6582,2632,Amelia Martin,FR
6583,2633,Isabella Miller,DE
6584,2633,Lucas Clark,DE
6585,2634,Lucas Wilson,ES
6586,2634,Mia Smith,ES
6587,2634,Daniel Smith,ES
6588,2634,Amelia Lewis,ES
6589,2635,Amelia Moore,GB
6590,2635,Olivia Brown,DE
6591,2636,Noah Anderson,ES
6592,2637,Sofia Anderson,ES
6593,2637,Ethan Miller,GB
6594,2637,Daniel Miller,GB
6595,2637,Daniel Garcia,GB
6596,2638,Leo Clark,GB
6597,2639,Lucas Miller,IT
6598,2639,Sofia Lewis,AL
6599,2640,Ethan Thomas,IT
6600,2640,Emma Wilson,IT
6601,2640,Liam Miller,IT
6602,2640,Noah Wilson,IT
6603,2641,Emma Lewis,FR
6604,2641,Ava Lee,FR
6605,2641,Isabella Taylor,FR
6606,2642,Liam Martin,ES
6607,2642,Noah Miller,ES
6608,2642,Leo Thomas,ES
6609,2643,Daniel Taylor,GR
6610,2644,Daniel Lee,IT
6611,2644,James Brown,IT
6612,2645,Amelia Brown,GB
6613,2645,Olivia Moore,GB
6614,2646,Isabella Brown,AE
6615,2646,Maria Moore,RO
6616,2646,Isabella Taylor,AE
6617,2646,James Taylor,AE
6618,2647,Lucas Anderson,AE
6619,2647,Sofia Smith,AE
6620,2647,James Thomas,DE
6621,2647,Noah Smith,AE
6622,2648,Ethan Brown,US
6623,2648,Liam Martin,US
6624,2648,Mia Taylor,GR
6625,2649,James Garcia,AE
6626,2649,Lucas Clark,AE
6627,2650,Daniel Garcia,NL
6628,2650,Daniel Lewis,NL
6629,2650,Leo Wilson,NL
6630,2651,Emma Lewis,RO
6631,2651,Emma Lee,AL
6632,2652,Amelia Smith,FR
6633,2652,Isabella Rossi,FR
6634,2652,Maria Miller,FR
6635,2652,Ava Wilson,FR
6636,2653,Amelia Garcia,AL
6637,2653,Isabella Clark,AL
6638,2653,Leo Lee,AL
6639,2654,James Rossi,NL
6640,2654,Daniel Garcia,DE
6641,2654,James Smith,NL
6642,2654,Daniel Wilson,NL
6643,2655,Emma Lewis,US
6644,2655,Isabella Rossi,DE
6645,2655,James Moore,US
6646,2656,Noah Brown,GB
6647,2656,James Moore,GB
6648,2656,Mia Moore,ES
6649,2656,Noah Miller,ES
6650,2657,Noah Smith,AE
6651,2657,Alex Garcia,AE
6652,2657,Maria Lee,AE
6653,2657,Alex Rossi,AE
6654,2658,Ethan Clark,ES
6655,2658,Alex Lewis,ES
6656,2658,Alex Brown,ES
6657,2659,Mia Garcia,FR
6658,2659,Mia Moore,NL
6659,2659,Ethan Miller,US
6660,2660,Emma Rossi,AE
6661,2660,Ava Lewis,DE
6662,2661,Sofia Brown,ES
6663,2661,Ava Garcia,GB
6664,2662,Mia Lee,US
6665,2663,Liam Moore,RO
6666,2663,James Thomas,RO
6667,2663,Amelia Anderson,RO
6668,2663,Ethan Moore,RO
6669,2664,Alex Brown,NG
6670,2664,Alex Taylor,NL
6671,2665,Liam Smith,DE
6672,2665,Lucas Thomas,DE
6673,2665,Leo Clark,IT
6674,2665,Liam Thomas,DE
6675,2666,Isabella Wilson,ES
6676,2666,Mia Lee,ES
6677,2667,Mia Miller,US
6678,2667,Mia Wilson,NG
6679,2667,Emma Thomas,NG
6680,2668,Liam Moore,RO
6681,2668,James Rossi,RO
6682,2669,Ethan Brown,AE
6683,2669,Lucas Martin,AE
6684,2669,Emma Taylor,AE
6685,2670,Daniel Smith,ES
6686,2670,Isabella Wilson,ES
6687,2670,Noah Smith,ES
6688,2670,Noah Brown,ES
6689,2671,Alex Thomas,GB
6690,2672,Emma Lewis,NG
6691,2672,Ava Thomas,NG
6692,2672,Noah Garcia,AL
6693,2672,Isabella Miller,NG
6694,2673,Isabella Anderson,GR
6695,2674,Leo Anderson,NG
6696,2674,Ethan Anderson,NG
6697,2674,Lucas Taylor,NG
6698,2675,Liam Clark,GR
6699,2675,James Thomas,GR
6700,2676,Daniel Miller,ES
6701,2677,James Garcia,DE
6702,2677,Ava Moore,ES
6703,2678,James Wilson,US
6704,2678,Ethan Smith,US
6705,2678,Ava Brown,US
6706,2679,Maria Moore,FR
6707,2679,Noah Rossi,FR
6708,2679,Alex Lewis,NL
6709,2680,Isabella Anderson,GR
6710,2680,Daniel Clark,GR
6711,2680,Ava Thomas,GR
6712,2680,Noah Wilson,GR
6713,2681,Mia Rossi,NL
6714,2681,Maria Taylor,GR
6715,2682,Leo Thomas,FR
6716,2682,Emma Moore,FR
6717,2683,Sofia Moore,IT
6718,2683,Alex Garcia,IT
6719,2683,Liam Miller,IT
6720,2683,Amelia Smith,IT
6721,2684,Emma Rossi,NG
6722,2685,Alex Anderson,GB
6723,2685,Lucas Rossi,ES
6724,2685,Leo Smith,NG
6725,2685,Emma Martin,FR
6726,2686,Mia Smith,NG
6727,2686,Olivia Moore,AL
6728,2687,Lucas Martin,NL
6729,2688,Leo Taylor,FR
6730,2688,Sofia Wilson,FR
6731,2688,James Smith,FR
6732,2689,Mia Moore,US
6733,2689,Ava Moore,US
6734,2689,Mia Taylor,US
6735,2689,Ava Anderson,US
6736,2690,Daniel Anderson,DE
6737,2690,Alex Anderson,GR
6738,2691,Sofia Clark,RO
6739,2691,James Lewis,RO
6740,2692,Ethan Garcia,NG
6741,2693,Emma Moore,AE
6742,2693,Alex Clark,AE
6743,2693,Alex Clark,DE
6744,2693,Maria Clark,AE
6745,2694,Daniel Rossi,AL
6746,2694,Liam Clark,NL
6747,2694,Ethan Rossi,NL
6748,2694,Daniel Wilson,NL
6749,2695,Isabella Smith,NG
6750,2696,James Clark,FR
6751,2696,Olivia Anderson,GB
6752,2696,Daniel Lewis,RO
6753,2697,Leo Rossi,US
6754,2697,Maria Rossi,US
6755,2697,Olivia Anderson,US
6756,2697,Lucas Miller,US
6757,2698,Amelia Anderson,FR
6758,2698,Lucas Wilson,ES
6759,2699,Emma Lewis,AE
6760,2699,Sofia Smith,AE
6761,2700,Lucas Rossi,ES
6762,2700,Lucas Clark,ES
6763,2700,Alex Anderson,ES
6764,2701,Leo Anderson,ES
6765,2701,Lucas Martin,NL
6766,2701,Isabella Clark,ES
6767,2702,Leo Brown,GR
6768,2703,James Brown,GR
6769,2703,Noah Garcia,US
6770,2704,Ethan Lee,NL
6771,2704,Alex Lewis,GR
6772,2705,Emma Garcia,AL
6773,2706,Amelia Moore,GB
6774,2706,James Thomas,GR
6775,2706,Noah Lee,GR
6776,2707,Emma Clark,AL
6777,2708,Leo Miller,AL
6778,2708,Liam Clark,GR
6779,2708,Mia Brown,AL
6780,2708,Lucas Lee,AL
6781,2709,Ava Brown,GR
6782,2710,Maria Thomas,DE
6783,2710,Noah Martin,RO
6784,2711,Ava Brown,DE
6785,2712,Amelia Martin,US
6786,2712,Mia Martin,US
6787,2712,Olivia Lewis,US
6788,2713,James Smith,DE
6789,2714,Sofia Anderson,DE
6790,2715,Amelia Taylor,AE
6791,2715,Maria Clark,AE
6792,2716,Lucas Clark,AL
6793,2717,Alex Rossi,NG
6794,2717,Ethan Lewis,NG
6795,2718,Alex Garcia,NL
6796,2718,Liam Brown,NL
6797,2718,Emma Brown,NL
6798,2719,Ava Garcia,ES
6799,2720,Mia Wilson,DE
6800,2720,Daniel Thomas,DE
6801,2720,Ava Miller,DE
6802,2721,Leo Lewis,GB
6803,2722,Olivia Taylor,AE
6804,2722,Ava Rossi,AE
6805,2723,Amelia Rossi,GB
6806,2723,Lucas Taylor,GB
6807,2723,Maria Thomas,AE
6808,2723,Emma Brown,GB
6809,2724,Amelia Taylor,RO
6810,2724,Sofia Anderson,NG
6811,2725,Amelia Taylor,NG
6812,2726,Alex Lee,NL
6813,2726,Daniel Miller,NL
6814,2727,Emma Taylor,NG
6815,2727,Emma Lee,AL
6816,2727,James Taylor,NG
6817,2728,Maria Lewis,NL
6818,2728,Maria Lee,NL
6819,2728,Amelia Lee,NL
6820,2729,Maria Smith,IT
6821,2730,Maria Lewis,AE
6822,2731,Sofia Lee,GR
6823,2731,Maria Lee,RO
6824,2732,Maria Miller,NL
6825,2732,Lucas Taylor,NL
6826,2733,Leo Moore,GR
6827,2733,Ava Lewis,GB
6828,2733,Amelia Anderson,GR
6829,2734,Isabella Miller,US
6830,2734,Noah Martin,GR
6831,2735,Isabella Wilson,GR
6832,2735,Maria Martin,GR
6833,2735,Daniel Thomas,GR
6834,2736,Isabella Miller,NL
6835,2737,Daniel Wilson,RO
6836,2737,James Taylor,AE
6837,2737,Liam Clark,AE
6838,2737,Maria Thomas,AE
6839,2738,James Miller,AL
6840,2738,Ethan Smith,AL
6841,2739,Olivia Clark,NG
6842,2740,Sofia Brown,AE
6843,2740,Ava Moore,AE
6844,2741,Maria Taylor,NL
6845,2741,Noah Martin,NL
6846,2742,Ethan Brown,FR
6847,2742,Daniel Wilson,FR
6848,2742,Olivia Wilson,FR
6849,2743,Emma Miller,ES
6850,2744,Ethan Brown,ES
6851,2744,Noah Rossi,ES
6852,2745,Ava Miller,NL
6853,2745,Amelia Rossi,ES
6854,2745,Amelia Lewis,NL
6855,2745,Leo Brown,NL
6856,2746,Emma Garcia,RO
6857,2746,Lucas Thomas,RO
6858,2746,Ethan Anderson,RO
6859,2746,Sofia Garcia,RO
6860,2747,Amelia Brown,NG
6861,2747,Ethan Lee,NG
6862,2747,James Thomas,NG
6863,2748,Ava Garcia,FR
6864,2748,Noah Rossi,GR
6865,2748,Alex Thomas,GR
6866,2749,Emma Garcia,DE
6867,2749,Mia Miller,DE
6868,2750,Daniel Smith,AL
6869,2751,Sofia Martin,GR
6870,2751,Isabella Rossi,US
6871,2751,Olivia Martin,US
6872,2751,Noah Rossi,US
6873,2752,Liam Wilson,ES
6874,2752,Liam Thomas,ES
6875,2753,Emma Garcia,GR
6876,2753,Liam Moore,GR
6877,2753,Maria Lee,GR
6878,2753,Amelia Lewis,IT
6879,2754,Leo Lee,AE
6880,2754,Daniel Wilson,AE
6881,2754,Emma Anderson,AE
6882,2755,Ethan Rossi,US
6883,2755,Ethan Garcia,US
6884,2756,Ethan Lewis,AL
6885,2756,Maria Lewis,IT
6886,2756,Amelia Taylor,AL
6887,2757,Sofia Anderson,NG
6888,2758,Mia Anderson,IT
6889,2758,Mia Thomas,GB
6890,2758,Maria Rossi,GB
6891,2759,Lucas Anderson,IT
6892,2759,Ethan Moore,IT
6893,2759,Mia Martin,IT
6894,2760,Isabella Smith,GB
6895,2760,Noah Rossi,GB
6896,2760,Leo Brown,GB
6897,2760,Lucas Miller,GB
6898,2761,Lucas Moore,GR
6899,2762,Liam Martin,GB
6900,2762,Alex Martin,GB
6901,2762,Olivia Thomas,NL
6902,2763,Isabella Lee,US
6903,2764,Noah Taylor,RO
6904,2764,Alex Wilson,NL
6905,2764,Daniel Thomas,NG
6906,2764,Alex Miller,NL
6907,2765,Sofia Lee,AE
6908,2765,Ethan Wilson,AE
6909,2765,James Brown,AE
6910,2765,Emma Thomas,AE
6911,2766,Alex Lee,GR
6912,2766,Sofia Taylor,GR
6913,2766,Daniel Garcia,GR
6914,2767,James Rossi,GB
6915,2767,Mia Brown,GB
6916,2767,Ava Taylor,GB
6917,2768,Olivia Rossi,AE
6918,2769,Isabella Clark,NG
6919,2769,James Brown,NG
6920,2769,Mia Brown,NG
6921,2769,Mia Martin,NG
6922,2770,Liam Moore,ES
6923,2771,Ethan Lee,AL
6924,2771,Liam Lewis,AL
6925,2771,Liam Garcia,AL
6926,2771,Alex Garcia,AL
6927,2772,Alex Taylor,AE
6928,2772,Sofia Lee,FR
6929,2772,Noah Lewis,NG
6930,2772,Ava Clark,NG
6931,2773,Isabella Thomas,NG
6932,2773,Leo Martin,NG
6933,2773,Noah Taylor,NL
6934,2773,Mia Anderson,NG
6935,2774,Leo Brown,GR
6936,2774,Alex Garcia,GR
6937,2775,Isabella Martin,NL
6938,2775,Leo Thomas,NL
6939,2775,Alex Wilson,NL
6940,2776,Mia Martin,NG
6941,2776,Olivia Anderson,NG
6942,2776,Daniel Brown,AE
6943,2777,Ethan Thomas,NG
6944,2777,Amelia Rossi,NG
6945,2777,Sofia Taylor,US
6946,2778,Ethan Rossi,AL
6947,2779,Olivia Miller,ES
6948,2779,Amelia Miller,ES
6949,2780,Amelia Brown,DE
6950,2780,Isabella Martin,US
6951,2781,Mia Miller,GR
6952,2781,Sofia Smith,GR
6953,2782,Sofia Rossi,US
6954,2782,Amelia Lewis,US
6955,2782,Leo Brown,US
6956,2783,James Garcia,GB
6957,2783,Daniel Taylor,GB
6958,2784,Amelia Brown,AL
6959,2784,James Brown,ES
6960,2784,Emma Miller,ES
6961,2785,Emma Miller,AL
6962,2786,Emma Clark,IT
6963,2786,Isabella Smith,IT
6964,2787,Amelia Moore,FR
6965,2787,Emma Anderson,FR
6966,2787,Ava Moore,FR
6967,2788,Mia Anderson,GR
6968,2789,Daniel Miller,US
6969,2789,Isabella Smith,DE
6970,2789,Leo Clark,DE
6971,2790,Mia Garcia,DE
6972,2790,Isabella Clark,DE
6973,2791,Liam Wilson,RO
6974,2792,Daniel Smith,DE
6975,2792,Ethan Wilson,RO
6976,2793,Lucas Taylor,AL
6977,2793,Maria Anderson,ES
6978,2793,Isabella Rossi,ES
6979,2794,Liam Brown,AE
6980,2794,Alex Clark,AE
6981,2794,James Taylor,AE
6982,2795,Amelia Lee,DE
6983,2795,Olivia Martin,DE
6984,2795,Liam Wilson,GR
6985,2795,Sofia Taylor,DE
6986,2796,Alex Thomas,NG
6987,2796,Ava Anderson,AL
6988,2796,Olivia Brown,AL
6989,2796,Mia Brown,NG
6990,2797,Lucas Miller,ES
6991,2798,Lucas Garcia,IT
6992,2799,Sofia Martin,IT
6993,2799,Amelia Anderson,IT
6994,2799,Noah Taylor,IT
6995,2800,James Lee,RO
6996,2800,Emma Smith,GR
6997,2800,Daniel Martin,NG
6998,2801,Mia Rossi,GB
6999,2802,Emma Taylor,DE
7000,2803,Maria Wilson,ES
7001,2804,Liam Lee,IT
7002,2805,James Wilson,AL
7003,2805,Olivia Wilson,US
7004,2805,Noah Wilson,US
7005,2806,Mia Miller,AE
7006,2807,Daniel Martin,AE
7007,2807,Ava Brown,AE
7008,2808,Ava Wilson,AE
7009,2808,Noah Lewis,AE
7010,2808,Maria Anderson,AE
7011,2808,Liam Clark,AE
7012,2809,Lucas Moore,US
7013,2809,Mia Garcia,US
7014,2810,Ethan Clark,GB
7015,2810,Isabella Brown,GB
7016,2810,Olivia Lee,GB
7017,2810,Leo Rossi,GB
7018,2811,Amelia Wilson,GR
7019,2811,Olivia Thomas,GB
7020,2811,Liam Brown,GB
7021,2811,Sofia Lee,GB
7022,2812,Mia Lee,NL
7023,2812,Emma Garcia,NL
7024,2812,Liam Lewis,GB
7025,2812,Isabella Brown,NL
7026,2813,Noah Lewis,FR
7027,2813,Amelia Lewis,FR
7028,2813,Lucas Taylor,FR
7029,2813,Ethan Brown,FR
7030,2814,Alex Garcia,RO
7031,2815,James Taylor,DE
7032,2815,Olivia Thomas,RO
7033,2815,Noah Moore,DE
7034,2816,Ethan Miller,RO
7035,2816,Leo Brown,NG
7036,2816,Ava Wilson,RO
7037,2816,Ethan Taylor,RO
7038,2817,Noah Clark,NG
7039,2817,Amelia Thomas,NG
7040,2818,Alex Taylor,ES
7041,2819,Maria Wilson,IT
7042,2819,Lucas Miller,IT
7043,2819,Olivia Wilson,GB
7044,2819,Emma Taylor,IT
7045,2820,Leo Taylor,GB
7046,2820,Noah Taylor,NG
7047,2820,Amelia Clark,NG
7048,2820,Liam Lee,NG
7049,2821,Leo Rossi,IT
7050,2821,Maria Lee,IT
7051,2822,Isabella Martin,GR
7052,2822,Amelia Wilson,US
7053,2822,Leo Brown,US
7054,2823,Daniel Rossi,DE
7055,2824,Mia Thomas,GR
7056,2825,Liam Brown,GB
7057,2826,Noah Smith,ES
7058,2826,Olivia Miller,ES
7059,2827,Maria Smith,GR
7060,2827,Lucas Lee,IT
7061,2828,Maria Lewis,GR
7062,2828,Ava Anderson,NG
7063,2829,Emma Anderson,ES
7064,2829,Lucas Thomas,ES
7065,2829,Maria Thomas,ES
7066,2829,Maria Rossi,ES
7067,2830,Leo Lee,GB
7068,2830,James Smith,NL
7069,2831,Daniel Brown,RO
7070,2831,Isabella Moore,RO
7071,2832,Ethan Anderson,NL
7072,2833,Lucas Moore,FR
7073,2833,Mia Moore,FR
7074,2834,Olivia Wilson,NL
7075,2835,Sofia Miller,DE
7076,2835,James Smith,AE
7077,2835,Alex Thomas,DE
7078,2835,Liam Moore,DE
7079,2836,Emma Lee,DE
7080,2836,Emma Smith,DE
7081,2837,Emma Miller,ES
7082,2837,Maria Wilson,ES
7083,2838,James Miller,GB
7084,2839,Alex Lewis,NL
7085,2840,Alex Thomas,DE
7086,2840,Ava Moore,DE
7087,2840,Amelia Taylor,GB
7088,2840,Alex Lewis,DE
7089,2841,Amelia Garcia,GB
7090,2841,Emma Anderson,GB
7091,2841,Leo Thomas,GB
7092,2842,Maria Taylor,ES
7093,2842,Olivia Lewis,AE
7094,2842,Maria Smith,AE
7095,2842,Leo Anderson,AL
7096,2843,James Clark,NL
7097,2844,Leo Thomas,GR
7098,2844,Sofia Smith,GR
7099,2845,Alex Miller,GR
7100,2845,Isabella Brown,GR
7101,2845,Amelia Thomas,FR
7102,2845,Daniel Lewis,GR
7103,2846,Ava Taylor,RO
7104,2846,James Miller,IT
7105,2846,Liam Anderson,AE
7106,2846,Maria Rossi,RO
7107,2847,Noah Thomas,AE
7108,2847,Leo Wilson,AL
7109,2848,Liam Taylor,NL
7110,2849,Leo Clark,FR
7111,2849,Amelia Clark,FR
7112,2850,Emma Moore,US
7113,2851,Maria Brown,RO
7114,2851,Alex Anderson,RO
7115,2851,Isabella Miller,RO
7116,2852,Daniel Clark,AE
7117,2852,Isabella Rossi,GR
7118,2852,Daniel Wilson,AE
7119,2852,Sofia Moore,AE
7120,2853,Emma Rossi,DE
7121,2853,Daniel Martin,DE
7122,2854,Alex Lewis,NL
7123,2854,Amelia Moore,NL
7124,2854,Lucas Taylor,NL
7125,2855,Maria Smith,IT
7126,2855,Lucas Miller,GR
7127,2855,James Taylor,IT
7128,2856,Maria Anderson,GR
7129,2857,Noah Wilson,NL
7130,2857,Emma Lee,NL
7131,2858,Noah Garcia,AE
7132,2858,Emma Rossi,AE
7133,2858,Ava Lee,AE
7134,2858,Emma Miller,AE
7135,2859,Leo Lewis,FR
7136,2860,Olivia Taylor,NL
7137,2861,Daniel Smith,GB
7138,2862,Lucas Garcia,US
7139,2862,Isabella Clark,US
7140,2862,Leo Rossi,US
7141,2863,Mia Rossi,GB
7142,2863,Alex Thomas,GB
7143,2863,Isabella Lewis,GB
7144,2864,Olivia Smith,GR
7145,2864,Liam Clark,GR
7146,2864,Ava Wilson,GR
7147,2864,Daniel Thomas,GR
7148,2865,Isabella Lee,NL
7149,2865,Isabella Brown,NL
7150,2865,Lucas Wilson,NL
7151,2866,Olivia Anderson,RO
7152,2866,Amelia Miller,RO
7153,2866,James Thomas,RO
7154,2866,Noah Smith,RO
7155,2867,Maria Thomas,GB
7156,2868,Mia Rossi,US
7157,2868,Sofia Brown,GR
7158,2868,Olivia Rossi,US
7159,2869,Liam Wilson,NL
7160,2869,Amelia Brown,NL
7161,2869,Daniel Martin,NL
7162,2870,Olivia Wilson,US
7163,2870,Liam Garcia,AE
7164,2870,Daniel Wilson,AL
7165,2870,Maria Brown,AE
7166,2871,James Moore,GB
7167,2871,Sofia Clark,GB
7168,2871,Maria Moore,DE
7169,2871,Maria Brown,GB
7170,2872,Mia Anderson,DE
7171,2873,Emma Lee,US
7172,2873,Daniel Brown,NG
7173,2874,Mia Thomas,AE
7174,2874,Emma Anderson,AE
7175,2874,Alex Clark,AE
7176,2875,Emma Smith,AE
7177,2875,James Lewis,AE
7178,2876,Alex Thomas,US
7179,2877,Sofia Martin,GB
7180,2877,Daniel Moore,IT
7181,2878,Maria Wilson,ES
7182,2878,Ethan Garcia,ES
7183,2878,Isabella Taylor,NG
7184,2879,Daniel Moore,GR
7185,2879,Ethan Clark,GR
7186,2879,Amelia Clark,GR
7187,2879,Sofia Martin,GR
7188,2880,Ava Garcia,NG
7189,2881,Isabella Brown,GR
7190,2881,Ava Clark,DE
7191,2881,Noah Lee,DE
7192,2882,Maria Taylor,NL
7193,2883,Isabella Anderson,NL
7194,2884,Daniel Anderson,DE
7195,2884,Olivia Rossi,DE
7196,2885,Ava Brown,IT
7197,2885,Ethan Brown,IT
7198,2886,Olivia Anderson,IT
7199,2887,Leo Taylor,FR
7200,2887,Ava Moore,DE
7201,2887,Lucas Garcia,DE
7202,2887,Sofia Brown,DE
7203,2888,Liam Martin,FR
7204,2888,Alex Thomas,IT
7205,2888,Olivia Thomas,NG
7206,2888,Ava Smith,FR
7207,2889,Daniel Smith,GB
7208,2889,Mia Thomas,GR
7209,2889,Daniel Lee,GR
7210,2889,Liam Brown,GR
7211,2890,Maria Lewis,ES
7212,2890,Mia Miller,ES
7213,2890,Maria Anderson,ES
7214,2890,Noah Brown,ES
7215,2891,Liam Anderson,NG
7216,2891,Noah Brown,NG
7217,2891,Maria Moore,RO
7218,2891,Olivia Martin,NG
7219,2892,Ava Brown,FR
7220,2892,Olivia Taylor,NG
7221,2893,Ethan Anderson,AL
7222,2894,Isabella Brown,DE
7223,2895,Mia Garcia,US
7224,2895,Noah Anderson,US
7225,2896,Isabella Rossi,US
7226,2897,Amelia Rossi,GB
7227,2898,Emma Lee,GR
7228,2899,Daniel Moore,ES
7229,2900,Sofia Moore,AL
7230,2900,James Lee,ES
7231,2901,Ethan Anderson,NL
7232,2901,Liam Garcia,NL
7233,2901,Olivia Lewis,NL
7234,2901,Isabella Wilson,NL
7235,2902,Emma Brown,GR
7236,2903,Ava Moore,AE
7237,2903,Sofia Wilson,AE
7238,2903,Emma Anderson,AE
7239,2904,Ava Garcia,GR
7240,2905,Olivia Moore,GB
7241,2906,Olivia Anderson,NG
7242,2906,Noah Taylor,NG
7243,2906,Olivia Lee,NG
7244,2907,Noah Thomas,IT
7245,2908,James Thomas,GR
7246,2908,Noah Wilson,IT
7247,2908,Maria Moore,GR
7248,2908,Liam Wilson,GR
7249,2909,Leo Martin,DE
7250,2910,Ava Anderson,AE
7251,2911,Ava Wilson,NL
7252,2912,Emma Anderson,GR
7253,2912,Olivia Brown,GR
7254,2912,Lucas Rossi,GR
7255,2912,Olivia Martin,GR
7256,2913,Olivia Thomas,GB
7257,2913,Olivia Smith,AL
7258,2913,Alex Rossi,GB
7259,2914,Mia Clark,RO
7260,2914,Emma Wilson,RO
7261,2914,Amelia Taylor,RO
7262,2914,Alex Miller,RO
7263,2915,Isabella Rossi,FR
7264,2915,Ava Taylor,DE
7265,2915,Leo Smith,FR
7266,2915,Maria Anderson,FR
7267,2916,Daniel Smith,GR
7268,2916,Maria Miller,ES
7269,2916,Liam Wilson,ES
7270,2917,Sofia Anderson,US
7271,2917,Emma Garcia,US
7272,2917,Amelia Miller,US
7273,2917,Amelia Brown,US
7274,2918,Amelia Anderson,RO
7275,2918,Olivia Smith,FR
7276,2918,Lucas Lewis,RO
7277,2919,Alex Thomas,RO
7278,2919,Emma Thomas,GB
7279,2919,Olivia Garcia,GB
7280,2919,Lucas Brown,GB
7281,2920,Olivia Brown,AE
7282,2920,Noah Miller,AE
7283,2920,Mia Moore,GR
7284,2920,Amelia Anderson,AE
7285,2921,Sofia Anderson,IT
7286,2922,Mia Smith,NL
7287,2922,Alex Smith,NL
7288,2922,Ava Miller,NL
7289,2922,Olivia Lee,NL
7290,2923,Daniel Anderson,GR
7291,2923,Leo Clark,FR
7292,2924,Mia Lewis,AE
7293,2924,Emma Lewis,AE
7294,2924,Amelia Anderson,AE
7295,2925,Sofia Taylor,AE
7296,2926,James Wilson,AE
7297,2926,Maria Lewis,IT
7298,2926,Noah Wilson,IT
7299,2927,Maria Smith,FR
7300,2927,Ava Wilson,FR
7301,2927,Ethan Thomas,FR
7302,2927,Mia Clark,FR
7303,2928,Mia Lewis,NG
7304,2928,Ava Lee,NG
7305,2928,Daniel Anderson,NG
7306,2929,Noah Martin,DE
7307,2930,Lucas Moore,AL
7308,2930,Leo Garcia,ES
7309,2930,Emma Lewis,AL
7310,2930,Sofia Lee,AL
7311,2931,Emma Lewis,AE
7312,2931,Ethan Clark,AE
7313,2931,Isabella Miller,AE
7314,2931,Ethan Brown,US
7315,2932,Sofia Lee,GR
7316,2932,Alex Thomas,AE
7317,2932,Leo Wilson,AE
7318,2933,Ethan Anderson,AL
7319,2934,Maria Rossi,ES
7320,2935,Noah Garcia,AL
7321,2936,Maria Clark,GB
7322,2937,Lucas Smith,NL
7323,2937,Liam Anderson,DE
7324,2938,Ethan Wilson,RO
7325,2938,Isabella Miller,RO
7326,2939,Isabella Garcia,RO
7327,2939,Leo Lewis,RO
7328,2939,James Clark,RO
7329,2940,Daniel Lewis,NL
7330,2941,Mia Anderson,GR
7331,2941,Alex Garcia,GR
7332,2941,Maria Garcia,GR
7333,2941,Sofia Smith,GR
7334,2942,Ava Lewis,AL
7335,2942,Maria Taylor,AL
7336,2942,Daniel Anderson,AL
7337,2942,Emma Lee,AL
7338,2943,Olivia Rossi,NG
7339,2943,Noah Lee,IT
7340,2943,Olivia Wilson,NG
7341,2944,Alex Martin,RO
7342,2945,James Brown,GR
7343,2946,Ava Rossi,NG
7344,2946,Lucas Taylor,NG
7345,2947,Maria Moore,GR
7346,2947,Leo Anderson,GR
7347,2947,Ava Clark,GR
7348,2947,Emma Miller,DE
7349,2948,Sofia Miller,RO
7350,2948,Daniel Taylor,AE
7351,2948,Sofia Lewis,RO
7352,2949,Olivia Brown,ES
7353,2949,Daniel Moore,ES
7354,2949,Noah Taylor,ES
7355,2949,Amelia Taylor,ES
7356,2950,Alex Clark,ES
7357,2950,Amelia Thomas,ES
7358,2950,Ethan Taylor,ES
7359,2951,Alex Lewis,AE
7360,2951,James Lee,NL
7361,2952,Amelia Anderson,AL
7362,2952,Emma Lee,NG
7363,2953,Leo Martin,NG
7364,2953,Lucas Moore,NG
7365,2953,Isabella Rossi,NG
7366,2954,Emma Brown,AE
7367,2954,Maria Martin,AE
7368,2955,Ava Thomas,ES
7369,2955,Sofia Thomas,RO
7370,2956,Daniel Martin,FR
7371,2956,Olivia Rossi,DE
7372,2957,Sofia Smith,GB
7373,2957,Olivia Clark,NG
7374,2958,Emma Lewis,IT
7375,2958,Emma Rossi,IT
7376,2958,Alex Martin,IT
7377,2959,Sofia Garcia,FR
7378,2959,Mia Thomas,FR
7379,2959,Emma Wilson,FR
7380,2959,Liam Taylor,DE
7381,2960,James Thomas,IT
7382,2961,Liam Brown,FR
7383,2961,Noah Wilson,FR
7384,2962,Daniel Moore,ES
7385,2962,Ethan Anderson,RO
7386,2962,Mia Moore,ES
7387,2962,Alex Miller,NG
7388,2963,Liam Rossi,ES
7389,2963,Mia Moore,ES
7390,2963,Ethan Rossi,ES
7391,2964,Sofia Rossi,AE
7392,2964,James Moore,IT
7393,2965,James Anderson,GB
7394,2966,Ava Lewis,ES
7395,2967,Liam Lewis,GR
7396,2967,Amelia Anderson,GR
7397,2967,Isabella Brown,ES
7398,2968,Leo Taylor,ES
7399,2968,James Rossi,AL
7400,2969,Emma Martin,GR
7401,2969,James Martin,GR
7402,2970,Mia Anderson,ES
7403,2970,Ava Martin,NL
7404,2970,Ethan Garcia,ES
7405,2971,Olivia Moore,GB
7406,2971,Alex Clark,NL
7407,2972,Mia Anderson,US
7408,2972,Ethan Brown,GB
7409,2972,Alex Wilson,US
7410,2972,Noah Taylor,RO
7411,2973,Liam Garcia,AL
7412,2974,Mia Martin,FR
7413,2974,Daniel Anderson,US
7414,2974,Sofia Clark,FR
7415,2974,Isabella Garcia,US
7416,2975,Mia Garcia,IT
7417,2975,Ava Lewis,IT
7418,2976,Maria Smith,FR
7419,2976,Leo Thomas,IT
7420,2977,Leo Garcia,IT
7421,2978,Amelia Martin,ES
7422,2979,Lucas Smith,GB
7423,2980,Ava Martin,FR
7424,2980,Ethan Lee,FR
7425,2980,Leo Anderson,GR
7426,2981,Isabella Wilson,GB
7427,2981,Ava Garcia,GB
7428,2981,Emma Clark,GB
7429,2982,James Wilson,GR
7430,2982,Lucas Brown,GR
7431,2982,Daniel Garcia,GR
7432,2983,Liam Anderson,GR
7433,2983,Lucas Brown,GR
7434,2983,Sofia Lewis,GR
7435,2983,Daniel Miller,GR
7436,2984,Olivia Clark,US
7437,2984,James Miller,US
7438,2984,Liam Miller,US
7439,2985,Ethan Garcia,GR
7440,2985,Amelia Brown,AL
7441,2986,Ava Garcia,GB
7442,2987,Mia Thomas,US
7443,2987,Alex Wilson,US
7444,2987,Noah Brown,US
7445,2987,Olivia Rossi,US
7446,2988,Daniel Garcia,ES
7447,2988,Ethan Martin,ES
7448,2988,Sofia Brown,ES
7449,2989,Ethan Lewis,AL
7450,2989,Liam Moore,AL
7451,2989,Ava Rossi,AL
7452,2989,Maria Thomas,AL
7453,2990,Amelia Martin,NG
7454,2990,Liam Clark,NG
7455,2991,Amelia Moore,GB
7456,2991,Alex Moore,GB
7457,2992,Lucas Wilson,IT
7458,2992,Leo Taylor,IT
7459,2992,Ava Martin,IT
7460,2992,Leo Moore,IT
7461,2993,Isabella Rossi,RO
7462,2993,Liam Wilson,RO
7463,2993,Ethan Anderson,RO
7464,2994,Daniel Martin,RO
7465,2994,Sofia Brown,RO
7466,2994,Mia Lee,RO
7467,2995,Leo Clark,US
7468,2995,Alex Anderson,US
7469,2995,Isabella Smith,US
7470,2995,Mia Smith,US
7471,2996,Leo Smith,US
7472,2996,Daniel Smith,NL
7473,2997,Lucas Miller,US
7474,2998,Ethan Brown,IT
7475,2998,Maria Clark,IT
7476,2998,Isabella Thomas,NG
7477,2998,Emma Anderson,IT
7478,2999,Emma Rossi,DE
7479,2999,Ava Anderson,NG
7480,3000,Daniel Lewis,DE
7481,3000,Emma Miller,DE
7482,3000,Lucas Garcia,DE
7483,3000,Liam Thomas,RO
7484,3001,Alex Martin,DE
7485,3001,Alex Lewis,FR
7486,3001,Maria Lee,FR
7487,3001,Isabella Lee,FR
7488,3002,Sofia Garcia,RO
7489,3002,Alex Smith,RO
7490,3002,Liam Thomas,RO
7491,3003,Leo Moore,NG
7492,3003,Leo Garcia,NG
7493,3003,Leo Moore,NG
7494,3004,Ethan Moore,AL
7495,3004,Sofia Clark,IT
7496,3004,Olivia Anderson,IT
7497,3005,Sofia Clark,ES
7498,3005,Maria Miller,ES
7499,3005,Maria Wilson,AE
7500,3005,Maria Wilson,FR
7501,3006,Liam Lee,US
7502,3006,Maria Martin,US
7503,3007,Ethan Wilson,NL
7504,3007,Olivia Garcia,AE
7505,3007,Ava Lee,NL
7506,3008,Noah Lee,NL
7507,3008,Olivia Lee,NL
7508,3008,Ava Garcia,NL
7509,3009,Ava Smith,RO
7510,3009,Sofia Anderson,IT
7511,3009,Amelia Brown,RO
7512,3010,Maria Rossi,ES
7513,3010,Leo Thomas,GB
7514,3010,Maria Lee,DE
7515,3010,Leo Martin,GB
7516,3011,Leo Clark,IT
7517,3011,Lucas Rossi,RO
7518,3011,Sofia Moore,RO
7519,3011,Leo Lee,GR
7520,3012,Liam Moore,ES
7521,3012,Emma Garcia,ES
7522,3013,Emma Clark,FR
7523,3013,Leo Lewis,FR
7524,3014,Leo Brown,FR
7525,3015,Lucas Garcia,IT
7526,3015,Noah Rossi,IT
7527,3015,Daniel Smith,IT
7528,3016,Liam Lee,GB
7529,3016,Maria Martin,GB
7530,3017,Isabella Martin,US
7531,3018,Olivia Garcia,AE
7532,3019,Emma Clark,GR
7533,3019,Olivia Anderson,GR
7534,3019,Noah Smith,NG
7535,3019,Ethan Wilson,GR
7536,3020,Ethan Garcia,GR
7537,3020,Ava Rossi,ES
7538,3020,Ava Moore,NG
7539,3021,Alex Moore,NL
7540,3021,Daniel Miller,NL
7541,3021,Sofia Rossi,NL
7542,3022,Noah Rossi,ES
7543,3022,Amelia Moore,ES
7544,3022,Liam Clark,ES
7545,3023,Leo Smith,NG
7546,3023,Ethan Lee,NG
7547,3023,Isabella Martin,DE
7548,3023,Noah Rossi,NG
7549,3024,Sofia Smith,US
7550,3024,Alex Miller,US
7551,3025,Amelia Thomas,RO
7552,3025,Sofia Garcia,RO
7553,3025,Maria Garcia,GB
7554,3025,Olivia Martin,FR
7555,3026,Liam Clark,GR
7556,3026,Daniel Clark,AL
7557,3026,James Taylor,GR
7558,3027,Amelia Thomas,IT
7559,3028,Maria Moore,NG
7560,3028,Maria Garcia,NG
7561,3029,Isabella Anderson,AL
7562,3029,Leo Brown,AL
7563,3029,Ava Garcia,US
7564,3029,Daniel Garcia,AL
7565,3030,Liam Thomas,GR
7566,3030,James Lee,AE
7567,3030,Isabella Smith,GR
7568,3031,Amelia Moore,FR
7569,3032,Emma Moore,ES
7570,3032,Alex Lewis,ES
7571,3033,Lucas Moore,AE
7572,3033,Mia Clark,NG
7573,3033,Mia Wilson,AE
7574,3034,Leo Moore,AL
7575,3034,Liam Miller,RO
7576,3034,Emma Smith,AL
7577,3035,James Clark,FR
7578,3035,Emma Miller,FR
7579,3036,James Miller,NL
7580,3036,Isabella Brown,NL
7581,3036,Ava Smith,NL
7582,3037,Amelia Clark,AE
7583,3037,Liam Martin,AE
7584,3037,Maria Garcia,AE
7585,3038,Emma Moore,NG
7586,3038,Lucas Clark,NG
7587,3039,Isabella Garcia,GR
7588,3040,Daniel Martin,GB
7589,3041,Sofia Brown,AE
7590,3042,Sofia Lewis,AE
7591,3043,James Rossi,GR
7592,3043,Amelia Miller,AL
7593,3043,Isabella Garcia,GR
7594,3043,James Martin,GR
7595,3044,Noah Clark,RO
7596,3044,Noah Lewis,RO
7597,3044,Ava Brown,AL
7598,3044,Ava Thomas,RO
7599,3045,Olivia Brown,DE
7600,3045,James Martin,DE
7601,3046,Ethan Taylor,ES
7602,3046,Isabella Moore,ES
7603,3047,Alex Martin,ES
7604,3048,Olivia Moore,US
7605,3049,Leo Clark,DE
7606,3049,Sofia Taylor,NG
7607,3049,James Garcia,DE
7608,3049,Ava Brown,NG
7609,3050,James Brown,ES
7610,3050,Emma Miller,ES
7611,3050,Ava Anderson,ES
7612,3051,Emma Garcia,DE
7613,3052,Ethan Smith,IT
7614,3052,Mia Brown,IT
7615,3053,Daniel Martin,NG
7616,3053,Amelia Anderson,NG
7617,3054,Leo Brown,GR
7618,3054,James Anderson,GR
7619,3054,Sofia Clark,GR
7620,3054,Noah Rossi,GB
7621,3055,Alex Smith,US
7622,3055,Lucas Taylor,US
7623,3055,Amelia Lewis,US
7624,3055,Isabella Garcia,US
7625,3056,Alex Thomas,GB
7626,3057,Ava Clark,DE
7627,3057,Maria Lewis,AE
7628,3057,Ethan Smith,DE
7629,3057,Amelia Miller,ES
7630,3058,Leo Miller,ES
7631,3058,Sofia Brown,ES
7632,3058,Sofia Clark,GB
7633,3059,Amelia Miller,NG
7634,3059,Liam Clark,NG
7635,3060,Ava Thomas,US
7636,3060,Noah Lee,ES
7637,3060,James Martin,ES
7638,3061,Maria Smith,FR
7639,3061,Noah Wilson,FR
7640,3061,Olivia Rossi,FR
7641,3062,Ava Moore,NL
7642,3062,Lucas Moore,GR
7643,3063,Lucas Garcia,GB
7644,3063,Olivia Wilson,GB
7645,3063,James Taylor,GB
7646,3064,Isabella Miller,AE
7647,3064,Lucas Rossi,AE
7648,3064,Alex Wilson,GR
7649,3064,Sofia Moore,GB
7650,3065,James Wilson,FR
7651,3066,Ethan Miller,NL
7652,3067,Ava Clark,ES
7653,3067,Olivia Taylor,ES
7654,3067,Ava Taylor,ES
7655,3067,Olivia Moore,RO
7656,3068,Ava Thomas,NL
7657,3068,Isabella Smith,NL
7658,3069,Isabella Moore,NG
7659,3069,Amelia Smith,NG
7660,3069,Leo Wilson,NG
7661,3069,James Smith,NG
7662,3070,Emma Thomas,NG
7663,3070,Isabella Anderson,NL
7664,3070,Ethan Martin,FR
7665,3071,Liam Miller,AL
7666,3072,James Clark,GB
7667,3072,Olivia Lee,GB
7668,3072,Emma Lewis,IT
7669,3073,Leo Anderson,FR
7670,3073,Daniel Taylor,NG
7671,3073,Ethan Lewis,FR
7672,3073,Sofia Anderson,FR
7673,3074,Sofia Rossi,GR
7674,3074,Maria Smith,GR
7675,3075,Lucas Rossi,FR
7676,3075,Sofia Anderson,FR
7677,3075,Liam Wilson,FR
7678,3075,Maria Lee,AL
7679,3076,Leo Garcia,IT
7680,3076,Alex Smith,IT
7681,3076,Olivia Clark,IT
7682,3077,Mia Wilson,US
7683,3077,Leo Anderson,ES
7684,3077,Emma Clark,US
7685,3077,Daniel Thomas,US
7686,3078,Ava Smith,ES
7687,3078,James Rossi,ES
7688,3078,Amelia Martin,ES
7689,3079,Daniel Miller,NG
7690,3080,Amelia Thomas,GB
7691,3080,Ethan Martin,GB
7692,3080,Maria Brown,GB
7693,3081,Ava Clark,FR
7694,3082,Liam Lee,AL
7695,3082,Maria Lewis,AE
7696,3083,Leo Wilson,NL
7697,3084,Lucas Lee,AL
7698,3084,Lucas Martin,AL
7699,3084,Ava Lee,AL
7700,3085,Lucas Lee,RO
7701,3085,Olivia Clark,NL
7702,3085,Noah Wilson,RO
7703,3086,James Rossi,NG
7704,3086,Ava Moore,FR
7705,3086,Liam Brown,FR
7706,3086,Lucas Brown,GB
7707,3087,Emma Moore,DE
7708,3087,Emma Clark,DE
7709,3087,Ava Rossi,DE
7710,3088,Isabella Lewis,ES
7711,3088,Alex Brown,ES
7712,3088,Daniel Clark,ES
7713,3088,Amelia Martin,FR
7714,3089,Noah Rossi,US
7715,3090,Daniel Thomas,FR
7716,3090,Lucas Thomas,NG
7717,3090,Maria Miller,US
7718,3091,Liam Lee,ES
7719,3092,Leo Moore,GR
7720,3092,Liam Lewis,GR
7721,3092,Olivia Martin,GR
7722,3093,Alex Taylor,US
7723,3093,Leo Anderson,GR
7724,3094,Mia Anderson,US
7725,3094,Sofia Anderson,US
7726,3094,Ethan Rossi,US
7727,3095,Liam Clark,AL
7728,3095,Daniel Lee,RO
7729,3095,Leo Clark,RO
7730,3095,Maria Taylor,RO
7731,3096,Leo Martin,AL
7732,3097,James Clark,NG
7733,3098,Daniel Brown,US
7734,3098,Noah Brown,US
7735,3098,Maria Wilson,US
7736,3099,Leo Miller,AL
7737,3100,Olivia Thomas,DE
7738,3101,Amelia Clark,AE
7739,3101,Emma Rossi,AE
7740,3101,Liam Garcia,AE
7741,3101,Olivia Brown,AE
7742,3102,Isabella Moore,NL
7743,3102,Emma Clark,NL
7744,3102,Lucas Martin,NL
7745,3103,Ava Lee,DE
7746,3104,Liam Wilson,IT
7747,3104,Olivia Smith,IT
7748,3105,Sofia Garcia,NL
7749,3105,Lucas Garcia,RO
7750,3105,Lucas Garcia,NL
7751,3105,Emma Rossi,NL
7752,3106,Isabella Miller,AE
7753,3106,James Rossi,AE
7754,3107,Sofia Anderson,GB
7755,3107,Lucas Taylor,GB
7756,3108,Maria Taylor,GR
7757,3108,Daniel Thomas,GR
7758,3108,Daniel Martin,IT
7759,3108,Mia Clark,GR
7760,3109,Liam Anderson,NL
7761,3110,James Garcia,FR
7762,3110,Amelia Garcia,RO
7763,3110,Lucas Brown,RO
7764,3110,Mia Moore,DE
7765,3111,Leo Wilson,DE
7766,3111,James Martin,DE
7767,3112,Amelia Rossi,DE
7768,3112,Leo Lee,DE
7769,3112,Liam Lewis,DE
7770,3113,Lucas Smith,NG
7771,3113,Ethan Thomas,NG
7772,3113,Leo Taylor,NG
7773,3114,James Clark,NL
7774,3114,Mia Clark,DE
7775,3115,Isabella Miller,US
7776,3115,Amelia Clark,US
7777,3116,Maria Miller,RO
7778,3116,Mia Clark,RO
7779,3116,Liam Lewis,RO
7780,3117,Leo Lewis,NL
7781,3117,Leo Rossi,NL
7782,3118,Alex Taylor,GB
7783,3119,Noah Clark,DE
7784,3119,Mia Smith,DE
7785,3119,Maria Lee,GB
7786,3120,Ethan Wilson,ES
7787,3120,Maria Anderson,ES
7788,3121,Maria Wilson,NL
7789,3121,Alex Taylor,NL
7790,3121,Mia Moore,NL
7791,3122,Olivia Lewis,AL
7792,3122,Leo Thomas,AL
7793,3123,Amelia Rossi,NL
7794,3124,Alex Smith,GB
7795,3124,Alex Smith,GB
7796,3124,Daniel Martin,GB
7797,3125,Lucas Clark,NL
7798,3126,Ava Miller,DE
7799,3127,Liam Taylor,GB
7800,3127,Sofia Martin,GB
7801,3127,Mia Anderson,GB
7802,3128,Liam Lewis,NL
7803,3128,Daniel Wilson,NL
7804,3128,Alex Martin,NL
7805,3128,Sofia Moore,NL
7806,3129,Emma Garcia,US
7807,3129,Olivia Lewis,US
7808,3130,Maria Brown,GB
7809,3130,Amelia Miller,GB
7810,3131,Ethan Taylor,NG
7811,3131,Olivia Smith,NG
7812,3131,Noah Anderson,NG
7813,3132,Olivia Rossi,AL
7814,3133,Ava Lee,RO
7815,3133,Sofia Brown,RO
7816,3134,Olivia Lewis,ES
7817,3135,Alex Rossi,ES
7818,3135,Alex Moore,DE
7819,3136,Liam Thomas,IT
7820,3136,James Brown,IT
7821,3136,Noah Clark,RO
7822,3136,Liam Brown,IT
7823,3137,Ethan Moore,DE
7824,3137,Alex Brown,DE
7825,3137,Noah Smith,DE
7826,3137,Noah Lewis,AE
7827,3138,Leo Wilson,DE
7828,3138,Daniel Garcia,DE
7829,3138,Ava Lee,DE
7830,3139,Olivia Clark,IT
7831,3139,Liam Lee,DE
7832,3139,James Miller,IT
7833,3139,Ethan Rossi,IT
7834,3140,Noah Lee,DE
7835,3140,Olivia Rossi,DE
7836,3141,Lucas Miller,DE
7837,3142,Ethan Rossi,DE
7838,3142,Mia Martin,DE
7839,3142,Mia Lewis,DE
7840,3142,Maria Lewis,DE
7841,3143,Alex Moore,US
7842,3143,Sofia Rossi,US
7843,3143,Noah Miller,US
7844,3143,Noah Lee,US
7845,3144,Liam Garcia,AL
7846,3145,Mia Moore,RO
7847,3145,Lucas Lee,AE
7848,3145,Sofia Taylor,RO
7849,3145,Ethan Rossi,US
7850,3146,Sofia Garcia,DE
7851,3146,Mia Brown,DE
7852,3146,Isabella Anderson,DE
7853,3146,James Rossi,DE
7854,3147,Isabella Garcia,IT
7855,3147,Liam Taylor,IT
7856,3147,Olivia Miller,DE
7857,3148,Daniel Brown,NL
7858,3149,Daniel Moore,IT
7859,3150,Liam Clark,ES
7860,3151,Mia Anderson,ES
7861,3151,Isabella Thomas,ES
7862,3152,Emma Martin,NL
7863,3153,Ava Smith,AE
7864,3153,Olivia Brown,AE
7865,3153,Ava Clark,AE
7866,3154,Leo Martin,DE
7867,3154,Amelia Miller,DE
7868,3154,Maria Wilson,DE
7869,3154,Daniel Moore,DE
7870,3155,Emma Martin,IT
7871,3156,Olivia Rossi,GB
7872,3156,Maria Miller,GB
7873,3156,Ava Clark,GB
7874,3156,Daniel Anderson,GB
7875,3157,Maria Thomas,NG
7876,3158,Sofia Rossi,DE
7877,3158,Alex Rossi,DE
7878,3158,Alex Lee,DE
7879,3159,Isabella Moore,ES
7880,3159,Liam Smith,ES
7881,3159,Sofia Brown,RO
7882,3160,Ava Lee,AL
7883,3160,Lucas Clark,FR
7884,3160,Lucas Lee,FR
7885,3161,Leo Anderson,FR
7886,3162,Amelia Clark,GB
7887,3162,Ethan Moore,GB
7888,3162,Noah Moore,RO
7889,3163,Maria Martin,NG
7890,3163,Alex Clark,NG
7891,3163,Emma Clark,NG
7892,3163,Emma Martin,NG
7893,3164,Emma Lewis,FR
7894,3164,Isabella Thomas,FR
7895,3164,James Brown,NG
7896,3164,Mia Anderson,FR
7897,3165,Daniel Smith,DE
7898,3165,Liam Taylor,NL
7899,3165,Daniel Rossi,NL
7900,3166,James Taylor,GB
7901,3167,Noah Lewis,IT
7902,3167,Ava Miller,IT
7903,3167,James Lewis,IT
7904,3167,Isabella Lewis,IT
7905,3168,Noah Lee,ES
7906,3169,Noah Lee,ES
7907,3170,Mia Clark,AE
7908,3171,Noah Anderson,GB
7909,3172,Amelia Rossi,US
7910,3173,Leo Smith,DE
7911,3173,Lucas Taylor,DE
7912,3173,Daniel Lewis,DE
7913,3173,Mia Rossi,DE
7914,3174,Olivia Garcia,AL
7915,3174,Alex Smith,AL
7916,3174,Noah Thomas,AL
7917,3174,Noah Taylor,RO
7918,3175,Lucas Brown,AL
7919,3175,Ava Moore,AL
7920,3176,Isabella Clark,AE
7921,3176,Daniel Lewis,NL
7922,3176,Daniel Anderson,US
7923,3176,Daniel Clark,NL
7924,3177,Ethan Thomas,ES
7925,3177,Isabella Moore,ES
7926,3177,Alex Lee,ES
7927,3178,Olivia Rossi,IT
7928,3178,James Lee,GR
7929,3179,Maria Martin,NG
7930,3179,Amelia Lewis,NG
7931,3179,Emma Lee,NG
7932,3180,Alex Wilson,IT
7933,3180,Daniel Clark,IT
7934,3181,Emma Garcia,GR
7935,3181,Daniel Miller,DE
7936,3181,Olivia Thomas,DE
7937,3182,Mia Brown,NL
7938,3182,Ava Thomas,NL
7939,3183,Amelia Miller,IT
7940,3184,Mia Martin,GB
7941,3184,Liam Rossi,GB
7942,3184,Alex Lee,IT
7943,3184,Ava Martin,GB
7944,3185,Alex Lee,FR
7945,3185,Mia Lee,FR
7946,3185,Ava Rossi,FR
7947,3186,Alex Brown,ES
7948,3186,Ava Smith,GR
7949,3186,Noah Taylor,FR
7950,3187,Noah Thomas,AE
7951,3187,Amelia Thomas,FR
7952,3187,Amelia Rossi,FR
7953,3188,Isabella Rossi,GR
7954,3188,James Thomas,US
7955,3188,Daniel Brown,US
7956,3189,Amelia Garcia,NL
7957,3189,Olivia Lewis,NL
7958,3189,Emma Rossi,IT
7959,3190,Amelia Moore,AE
7960,3190,Mia Brown,IT
7961,3190,Leo Clark,IT
7962,3190,Leo Martin,IT
7963,3191,Liam Martin,GR
7964,3191,James Smith,GR
7965,3191,Isabella Moore,GR
7966,3192,Ethan Brown,AE
7967,3193,Lucas Garcia,NL
7968,3193,Alex Clark,NL
7969,3194,Maria Garcia,IT
7970,3194,Noah Thomas,AE
7971,3195,James Thomas,US
7972,3196,Mia Brown,GR
7973,3196,Ethan Wilson,GR
7974,3196,Leo Lee,GR
7975,3197,Alex Miller,DE
7976,3197,Maria Miller,DE
7977,3197,Amelia Miller,DE
7978,3197,Amelia Garcia,DE
7979,3198,Sofia Thomas,RO
7980,3199,Alex Garcia,IT
7981,3199,Leo Garcia,IT
7982,3199,Amelia Martin,IT
7983,3199,Mia Taylor,AL
7984,3200,Lucas Lewis,GB
7985,3200,Leo Miller,GB
7986,3200,Maria Garcia,NG
7987,3200,Emma Martin,DE
7988,3201,Mia Lee,FR
7989,3201,James Moore,AE
7990,3202,James Lewis,AL
7991,3202,Daniel Lewis,AL
7992,3202,Maria Wilson,AL
7993,3202,Mia Lewis,AL
7994,3203,Daniel Clark,RO
7995,3204,Sofia Moore,DE
7996,3204,Daniel Martin,DE
7997,3205,Noah Rossi,AE
7998,3205,Mia Garcia,AE
7999,3205,Lucas Martin,NG
8000,3206,Ethan Garcia,ES
8001,3207,Noah Moore,RO
8002,3207,Lucas Miller,RO
8003,3208,Noah Lee,US
8004,3208,Emma Taylor,US
8005,3209,Emma Smith,AL
8006,3209,Olivia Miller,AL
8007,3210,Isabella Thomas,DE
8008,3210,Leo Rossi,DE
8009,3211,Maria Taylor,DE
8010,3211,Amelia Lewis,DE
8011,3211,Mia Miller,NL
8012,3211,Isabella Lewis,DE
8013,3212,Ava Smith,RO
8014,3212,Maria Garcia,RO
8015,3213,James Lewis,AE
8016,3214,Olivia Anderson,AE
8017,3214,Ava Garcia,AE
8018,3214,Mia Lewis,AE
8019,3215,Daniel Clark,NL
8020,3215,Isabella Wilson,NL
8021,3215,James Wilson,NL
8022,3216,Daniel Rossi,AL
8023,3216,Liam Wilson,NL
8024,3216,Isabella Lewis,NL
8025,3217,Isabella Brown,AL
8026,3217,Daniel Clark,AL
8027,3217,Amelia Thomas,AL
8028,3218,Maria Smith,AE
8029,3219,Isabella Taylor,GB
8030,3220,Leo Lewis,NL
8031,3220,Olivia Anderson,US
8032,3221,Daniel Taylor,GR
8033,3222,Mia Taylor,FR
8034,3223,Alex Taylor,IT
8035,3223,Isabella Wilson,AE
8036,3223,Liam Garcia,IT
8037,3224,Amelia Wilson,AE
8038,3224,Lucas Anderson,IT
8039,3224,Leo Miller,IT
8040,3224,Amelia Brown,IT
8041,3225,Isabella Thomas,FR
8042,3225,Leo Wilson,FR
8043,3225,Noah Brown,FR
8044,3226,Isabella Taylor,NG
8045,3227,Alex Clark,NG
8046,3227,James Moore,GR
8047,3227,Emma Moore,IT
8048,3227,Liam Rossi,GR
8049,3228,James Miller,AE
8050,3228,Isabella Martin,AE
8051,3228,Daniel Rossi,AE
8052,3228,Alex Moore,AE
8053,3229,Leo Moore,AL
8054,3229,Mia Moore,AL
8055,3229,Amelia Moore,AL
8056,3230,Olivia Clark,GB
8057,3230,Sofia Thomas,GB
8058,3230,Emma Taylor,GB
8059,3230,Maria Wilson,GB
8060,3231,Ethan Thomas,ES
8061,3231,Olivia Wilson,ES
8062,3231,Amelia Lee,ES
8063,3231,Daniel Smith,ES
8064,3232,Mia Rossi,US
8065,3232,Ethan Lewis,US
8066,3232,Ava Taylor,US
8067,3232,Isabella Smith,IT
8068,3233,Liam Smith,AL
8069,3233,Emma Wilson,AL
8070,3233,Ava Lewis,AL
8071,3234,Leo Lewis,NL
8072,3235,Amelia Smith,RO
8073,3235,Maria Lee,RO
8074,3235,Maria Lewis,RO
8075,3236,Leo Brown,IT
8076,3236,Isabella Brown,IT
8077,3237,Sofia Lee,NG
8078,3237,Lucas Brown,NG
8079,3238,Leo Clark,RO
8080,3239,Amelia Moore,AE
8081,3239,Noah Garcia,AE
8082,3240,Liam Miller,RO
8083,3240,Leo Miller,RO
8084,3240,James Taylor,RO
8085,3240,James Taylor,RO
8086,3241,Isabella Moore,AL
8087,3241,Daniel Thomas,AL
8088,3241,Ava Rossi,AL
8089,3241,Ethan Thomas,AL
8090,3242,Liam Martin,NG
8091,3242,Amelia Rossi,ES
8092,3243,Amelia Lee,GR
8093,3243,Noah Garcia,AL
8094,3244,Noah Clark,DE
8095,3244,Lucas Martin,NL
8096,3244,Ethan Thomas,DE
8097,3245,Emma Miller,NL
8098,3245,Sofia Wilson,NL
8099,3246,Lucas Thomas,IT
8100,3246,Mia Wilson,ES
8101,3247,Leo Thomas,DE
8102,3247,Sofia Smith,DE
8103,3248,Emma Rossi,NG
8104,3248,Leo Smith,US
8105,3248,Isabella Rossi,NG
8106,3249,Amelia Martin,US
8107,3249,Amelia Rossi,US
8108,3249,Ethan Brown,US
8109,3250,Amelia Anderson,IT
8110,3250,Mia Brown,IT
8111,3250,Noah Lee,IT
8112,3250,Leo Moore,IT
8113,3251,Mia Rossi,ES
8114,3251,Maria Garcia,ES
8115,3252,Leo Brown,AE
8116,3252,Olivia Lee,FR
8117,3252,Sofia Wilson,AE
8118,3252,Olivia Martin,AE
8119,3253,Mia Miller,GB
8120,3254,James Smith,NG
8121,3254,Ethan Martin,GB
8122,3254,Daniel Smith,DE
8123,3254,Ethan Taylor,GB
8124,3255,Emma Brown,US
8125,3256,Sofia Clark,GR
8126,3256,Olivia Anderson,GR
8127,3256,Isabella Wilson,GR
8128,3256,Leo Garcia,GR
8129,3257,Leo Lee,AE
8130,3257,Maria Rossi,NG
8131,3257,Leo Clark,NG
8132,3257,Lucas Miller,NG
8133,3258,Noah Wilson,NG
8134,3258,Isabella Martin,NG
8135,3258,Isabella Garcia,NG
8136,3258,Isabella Lee,NG
8137,3259,Ethan Wilson,AL
8138,3259,Lucas Thomas,AL
8139,3259,Ethan Taylor,AL
8140,3259,Daniel Brown,AL
8141,3260,Noah Clark,IT
8142,3260,Leo Taylor,AE
8143,3261,Olivia Martin,ES
8144,3261,Amelia Wilson,ES
8145,3262,Lucas Rossi,IT
8146,3263,Alex Lee,NG
8147,3263,Ethan Wilson,FR
8148,3263,Ethan Anderson,NG
8149,3264,Amelia Lee,AE
8150,3264,Liam Smith,AE
8151,3264,Daniel Martin,AE
8152,3264,Emma Miller,AE
8153,3265,Sofia Lee,NL
8154,3266,Sofia Rossi,ES
8155,3267,Noah Rossi,AL
8156,3267,Mia Garcia,AL
8157,3268,James Lewis,GR
8158,3268,Daniel Lewis,GR
8159,3268,Alex Clark,GR
8160,3269,Olivia Lewis,ES
8161,3270,Alex Wilson,GB
8162,3270,Ava Clark,DE
8163,3270,James Wilson,IT
8164,3271,Ethan Wilson,ES
8165,3271,Liam Miller,AE
8166,3272,Sofia Clark,GB
8167,3273,Alex Thomas,GR
8168,3273,Leo Moore,GR
8169,3274,Liam Wilson,US
8170,3274,Alex Wilson,NL
8171,3275,Lucas Lee,IT
8172,3275,Liam Lewis,IT
8173,3276,Mia Wilson,AL
8174,3277,Ava Thomas,US
8175,3278,Ava Brown,RO
8176,3278,Liam Thomas,RO
8177,3279,James Smith,IT
8178,3279,Sofia Wilson,NL
8179,3279,Emma Moore,NL
8180,3279,Noah Brown,NL
8181,3280,Ethan Anderson,US
8182,3280,Lucas Moore,IT
8183,3280,Sofia Brown,DE
8184,3280,Sofia Clark,DE
8185,3281,Lucas Moore,NG
8186,3281,Liam Smith,NG
8187,3282,Daniel Lewis,NL
8188,3282,Emma Clark,NL
8189,3282,Noah Wilson,NL
8190,3283,Daniel Clark,DE
8191,3284,Ava Lewis,NL
8192,3284,Amelia Miller,FR
8193,3284,Ethan Wilson,FR
8194,3284,Maria Martin,FR
8195,3285,Liam Martin,US
8196,3285,Isabella Brown,GB
8197,3286,James Taylor,IT
8198,3287,Isabella Thomas,US
8199,3287,James Rossi,DE
8200,3287,Ava Wilson,US
8201,3288,James Taylor,AL
8202,3288,James Anderson,AL
8203,3288,Lucas Thomas,AL
8204,3289,Alex Miller,NL
8205,3289,James Rossi,NL
8206,3290,Mia Smith,GB
8207,3290,Isabella Thomas,US
8208,3290,Ethan Martin,US
8209,3291,Amelia Rossi,US
8210,3291,Ethan Lewis,US
8211,3291,Ava Rossi,US
8212,3291,Leo Lee,US
8213,3292,Maria Anderson,FR
8214,3292,Noah Lee,IT
8215,3292,Alex Rossi,IT
8216,3292,Ethan Lewis,IT
8217,3293,Ava Wilson,ES
8218,3293,Ava Miller,ES
8219,3294,Liam Miller,GB
8220,3294,Noah Thomas,GB
8221,3294,Emma Rossi,GB
8222,3294,Amelia Anderson,GB
8223,3295,Alex Clark,US
8224,3295,Lucas Miller,GB
8225,3295,Isabella Smith,US
8226,3296,Sofia Moore,GB
8227,3296,Olivia Smith,GB
8228,3297,Mia Lee,RO
8229,3297,James Rossi,RO
8230,3297,Alex Brown,RO
8231,3297,Amelia Lewis,FR
8232,3298,Noah Lee,US
8233,3298,Maria Thomas,AE
8234,3298,Ethan Miller,US
8235,3299,Ava Rossi,AE
8236,3299,Noah Moore,AE
8237,3300,Isabella Miller,AE
8238,3300,Liam Wilson,RO
8239,3300,James Thomas,AL
8240,3301,Liam Taylor,FR
8241,3301,Alex Wilson,ES
8242,3302,Noah Brown,GB
8243,3302,Sofia Miller,GB
8244,3302,Daniel Garcia,GB
8245,3303,Emma Wilson,GR
8246,3303,James Martin,ES
8247,3303,Noah Miller,US
8248,3304,Lucas Wilson,AE
8249,3304,Ethan Lewis,NL
8250,3304,Olivia Garcia,AE
8251,3304,Alex Rossi,RO
8252,3305,Sofia Miller,GR
8253,3306,Mia Anderson,FR
8254,3306,Ethan Smith,GR
8255,3306,James Moore,GR
8256,3306,Mia Thomas,AL
8257,3307,Leo Anderson,GR
8258,3307,Noah Lewis,US
8259,3308,Emma Taylor,AL
8260,3309,Emma Moore,NG
8261,3309,Leo Taylor,NG
8262,3310,Mia Lee,GB
8263,3310,Ethan Garcia,DE
8264,3310,Noah Wilson,GR
8265,3310,Sofia Thomas,GB
8266,3311,Ava Smith,AE
8267,3312,Liam Anderson,GR
8268,3312,Emma Martin,AE
8269,3313,Leo Anderson,FR
8270,3314,Leo Anderson,ES
8271,3315,Mia Lewis,NL
8272,3316,Liam Anderson,RO
8273,3316,Isabella Miller,RO
8274,3316,James Clark,RO
8275,3317,Amelia Martin,NG
8276,3317,Amelia Lewis,NG
8277,3317,Emma Garcia,NG
8278,3318,Mia Rossi,GB
8279,3319,Emma Garcia,IT
8280,3319,Noah Anderson,IT
8281,3319,Ava Wilson,IT
8282,3319,Olivia Moore,IT
8283,3320,Liam Lee,GR
8284,3321,Ethan Martin,IT
8285,3321,Maria Martin,IT
8286,3322,Alex Clark,ES
8287,3322,Lucas Lewis,NG
8288,3322,James Martin,ES
8289,3323,Ethan Martin,RO
8290,3323,Emma Miller,RO
8291,3324,Daniel Wilson,GB
8292,3324,Daniel Martin,GB
8293,3324,Ava Taylor,NL
8294,3325,Daniel Taylor,AE
8295,3326,Ethan Brown,IT
8296,3326,Liam Smith,IT
8297,3326,Leo Miller,IT
8298,3327,Mia Miller,ES
8299,3327,Emma Moore,RO
8300,3327,Amelia Smith,IT
8301,3327,Mia Clark,ES
8302,3328,Ethan Taylor,ES
8303,3328,Lucas Moore,NL
8304,3328,Olivia Miller,FR
8305,3329,Emma Moore,ES
8306,3329,Lucas Lewis,ES
8307,3329,Alex Miller,ES
8308,3329,Noah Clark,ES
8309,3330,Emma Martin,ES
8310,3330,Olivia Clark,US
8311,3330,James Lewis,US
8312,3330,Maria Miller,US
8313,3331,Liam Lewis,AL
8314,3331,Alex Garcia,AL
8315,3332,Noah Smith,RO
8316,3332,Ava Thomas,GR
8317,3332,Daniel Wilson,RO
8318,3332,Liam Anderson,RO
8319,3333,Ethan Martin,ES
8320,3333,Amelia Clark,AE
8321,3334,Olivia Lee,AE
8322,3334,Sofia Wilson,AE
8323,3334,Ethan Clark,AE
8324,3334,Daniel Thomas,AE
8325,3335,Isabella Thomas,GB
8326,3335,Maria Rossi,GR
8327,3335,Ethan Martin,GB
8328,3335,Amelia Smith,GB
8329,3336,Olivia Garcia,IT
8330,3337,Maria Miller,FR
8331,3337,Amelia Martin,ES
8332,3337,Ava Martin,AL
8333,3337,Olivia Martin,NG
8334,3338,Noah Rossi,DE
8335,3339,Olivia Thomas,NG
8336,3339,Daniel Miller,NG
8337,3339,Liam Anderson,NG
8338,3340,James Garcia,GR
8339,3340,Sofia Lewis,FR
8340,3340,Emma Thomas,FR
8341,3341,Mia Lee,US
8342,3342,Maria Lee,IT
8343,3342,Emma Taylor,IT
8344,3342,Liam Wilson,IT
8345,3342,Noah Rossi,IT
8346,3343,Mia Lee,RO
8347,3344,Isabella Brown,ES
8348,3344,Maria Wilson,ES
8349,3344,Ethan Clark,AL
8350,3345,Sofia Anderson,GB
8351,3345,Maria Taylor,IT
8352,3345,Mia Smith,GB
8353,3345,Lucas Thomas,GB
8354,3346,Olivia Smith,AL
8355,3346,Alex Lee,AL
8356,3346,Amelia Brown,AL
8357,3347,Isabella Taylor,NL
8358,3348,Amelia Lee,US
8359,3348,Mia Lewis,US
8360,3349,Lucas Miller,RO
8361,3349,Alex Lewis,RO
8362,3350,Ava Martin,US
8363,3350,Olivia Anderson,US
8364,3351,Daniel Rossi,GR
8365,3351,Noah Thomas,GR
8366,3351,Liam Garcia,AL
8367,3352,Alex Miller,US
8368,3352,Sofia Miller,US
8369,3352,Mia Lewis,AL
8370,3352,Isabella Wilson,GB
8371,3353,Ava Anderson,ES
8372,3354,Noah Lewis,ES
8373,3354,Ava Clark,ES
8374,3355,Leo Garcia,RO
8375,3355,Isabella Thomas,RO
8376,3356,Noah Thomas,DE
8377,3356,Daniel Clark,DE
8378,3356,Alex Anderson,DE
8379,3357,Lucas Wilson,AE
8380,3358,Lucas Clark,RO
8381,3358,Emma Smith,RO
8382,3358,Mia Martin,RO
8383,3359,Alex Garcia,RO
8384,3359,Mia Lewis,RO
8385,3359,Olivia Clark,RO
8386,3360,Maria Martin,DE
8387,3360,Sofia Clark,DE
8388,3361,James Anderson,US
8389,3362,Maria Clark,AE
8390,3362,Alex Thomas,AE
8391,3363,Olivia Miller,NG
8392,3363,Mia Martin,NG
8393,3363,Liam Martin,IT
8394,3364,Leo Lewis,DE
8395,3365,Emma Moore,ES
8396,3365,Lucas Anderson,ES
8397,3366,Liam Rossi,FR
8398,3367,Ethan Thomas,AE
8399,3368,Amelia Anderson,US
8400,3368,Ava Clark,US
8401,3368,Mia Rossi,US
8402,3368,Olivia Miller,AL
8403,3369,Lucas Martin,FR
8404,3369,Leo Wilson,FR
8405,3369,Leo Clark,FR
8406,3369,Daniel Garcia,FR
8407,3370,Liam Garcia,AE
8408,3370,Noah Anderson,AE
8409,3370,Isabella Rossi,DE
8410,3370,Daniel Lewis,GR
8411,3371,Daniel Thomas,US
8412,3371,Ethan Wilson,GB
8413,3371,Olivia Lee,US
8414,3372,Ava Wilson,AL
8415,3372,Amelia Wilson,AL
8416,3372,Maria Rossi,AL
8417,3372,Liam Garcia,AL
8418,3373,James Moore,GR
8419,3373,Mia Anderson,RO
8420,3373,Ethan Moore,RO
8421,3373,Mia Taylor,RO
8422,3374,Ethan Clark,NG
8423,3375,Sofia Lewis,GB
8424,3375,Leo Wilson,GB
8425,3376,Lucas Smith,US
8426,3376,Leo Clark,US
8427,3376,Mia Smith,US
8428,3376,Lucas Taylor,US
8429,3377,Amelia Lee,ES
8430,3377,Isabella Anderson,ES
8431,3377,Olivia Anderson,DE
8432,3377,Maria Taylor,DE
8433,3378,Ava Anderson,AE
8434,3378,Olivia Garcia,AE
8435,3378,Amelia Taylor,AE
8436,3378,Leo Smith,AE
8437,3379,Emma Taylor,GR
8438,3379,Maria Clark,RO
8439,3380,Liam Rossi,ES
8440,3380,Liam Martin,ES
8441,3381,Ava Wilson,NL
8442,3381,Maria Clark,IT
8443,3381,Noah Moore,NL
8444,3381,Isabella Moore,FR
8445,3382,Isabella Moore,RO
8446,3382,Mia Lee,RO
8447,3382,Leo Moore,RO
8448,3383,Noah Clark,IT
8449,3383,Isabella Rossi,AE
8450,3383,Isabella Anderson,US
8451,3384,Maria Smith,FR
8452,3384,Ethan Garcia,DE
8453,3384,Alex Martin,AL
8454,3385,Mia Anderson,US
8455,3385,Noah Wilson,ES
8456,3385,Alex Clark,US
8457,3385,Lucas Garcia,US
8458,3386,Ethan Brown,AE
8459,3387,Daniel Lewis,AE
8460,3387,Amelia Rossi,AE
8461,3388,Maria Lewis,NL
8462,3388,Daniel Anderson,AE
8463,3388,James Taylor,ES
8464,3389,Liam Clark,RO
8465,3389,Amelia Garcia,RO
8466,3390,Liam Lee,GR
8467,3391,Isabella Brown,NL
8468,3391,Daniel Rossi,ES
8469,3391,Maria Lee,ES
8470,3392,Lucas Wilson,FR
8471,3393,Liam Rossi,AL
8472,3393,Liam Rossi,AL
8473,3394,Ethan Martin,GR
8474,3394,Maria Anderson,GR
8475,3395,Isabella Smith,IT
8476,3395,Mia Clark,US
8477,3395,Leo Thomas,US
8478,3395,Olivia Clark,US
8479,3396,Lucas Lee,GR
8480,3396,Isabella Anderson,GR
8481,3396,Maria Clark,GR
8482,3396,Mia Taylor,GR
8483,3397,Emma Thomas,NG
8484,3398,Noah Miller,GR
8485,3398,Lucas Garcia,GR
8486,3398,Lucas Miller,GR
8487,3398,Liam Brown,GR
8488,3399,Ethan Rossi,NG
8489,3399,Isabella Taylor,NG
8490,3399,Noah Clark,NG
8491,3399,Mia Lee,NG
8492,3400,Daniel Miller,DE
8493,3401,Ethan Anderson,NL
8494,3402,Isabella Smith,AL
8495,3402,Emma Lewis,AL
8496,3403,Ethan Wilson,AE
8497,3403,Sofia Thomas,AE
8498,3403,Ava Garcia,NG
8499,3403,Noah Lewis,AE
8500,3404,Olivia Taylor,US
8501,3405,Mia Rossi,GR
8502,3405,Ava Garcia,GR
8503,3406,Olivia Thomas,IT
8504,3407,Ava Garcia,IT
8505,3408,Ava Clark,FR
8506,3408,Olivia Lewis,FR
8507,3409,Ava Lewis,NL
8508,3409,Mia Moore,NL
8509,3409,Isabella Wilson,AE
8510,3409,Isabella Clark,NL
8511,3410,Lucas Lewis,US
8512,3410,Sofia Rossi,US
8513,3410,Sofia Lewis,US
8514,3410,Noah Clark,US
8515,3411,Mia Taylor,ES
8516,3411,Leo Miller,NL
8517,3412,Leo Moore,GR
8518,3412,James Lewis,RO
8519,3412,Ava Rossi,FR
8520,3413,Liam Clark,RO
8521,3413,Noah Moore,RO
8522,3413,Ethan Lewis,RO
8523,3413,Maria Moore,FR
8524,3414,Maria Clark,FR
8525,3414,Liam Lee,FR
8526,3414,Liam Garcia,FR
8527,3415,Amelia Brown,GR
8528,3416,Emma Garcia,GB
8529,3416,Lucas Wilson,GB
8530,3416,Sofia Brown,GB
8531,3417,Leo Martin,NG
8532,3417,Isabella Wilson,NG
8533,3417,Mia Thomas,NG
8534,3418,Leo Brown,GB
8535,3418,Noah Lee,RO
8536,3418,Mia Lee,GB
8537,3418,Leo Rossi,GB
8538,3419,Ava Garcia,ES
8539,3420,Sofia Martin,ES
8540,3420,Liam Lewis,ES
8541,3421,Amelia Rossi,ES
8542,3421,Maria Smith,ES
8543,3421,Alex Rossi,ES
8544,3422,Ethan Moore,AL
8545,3422,Lucas Smith,AL
8546,3422,Ava Miller,AL
8547,3423,Lucas Taylor,AL
8548,3423,Amelia Lewis,AE
8549,3423,Sofia Wilson,AL
8550,3424,Mia Anderson,US
8551,3424,Leo Smith,US
8552,3424,James Lee,FR
8553,3425,Noah Anderson,ES
8554,3425,Maria Smith,GB
8555,3426,Olivia Anderson,IT
8556,3426,Ava Brown,ES
8557,3427,Alex Garcia,ES
8558,3427,Daniel Clark,FR
8559,3428,Emma Lewis,AE
8560,3428,Maria Lee,AE
8561,3428,Amelia Lewis,AE
8562,3429,Leo Clark,NG
8563,3429,Sofia Smith,NG
8564,3429,Ethan Lee,NG
8565,3429,Mia Rossi,NG
8566,3430,Sofia Anderson,AE
8567,3431,James Moore,ES
8568,3431,Isabella Wilson,ES
8569,3431,Emma Garcia,ES
8570,3431,Leo Wilson,DE
8571,3432,Amelia Anderson,AL
8572,3432,Daniel Clark,GB
8573,3432,Leo Rossi,GB
8574,3432,Daniel Taylor,GB
8575,3433,Mia Wilson,GB
8576,3434,Noah Brown,GR
8577,3434,Ava Taylor,GR
8578,3434,Sofia Clark,GR
8579,3435,Liam Smith,NL
8580,3435,Olivia Lee,AE
8581,3435,Daniel Clark,AE
8582,3435,Ethan Martin,AE
8583,3436,Ethan Smith,FR
8584,3437,Noah Anderson,US
8585,3437,Alex Lee,US
8586,3437,Amelia Moore,US
8587,3437,Isabella Anderson,US
8588,3438,Mia Smith,FR
8589,3439,Isabella Brown,ES
8590,3439,Maria Smith,ES
8591,3439,Sofia Smith,ES
8592,3439,Lucas Smith,GR
8593,3440,Maria Clark,NG
8594,3440,Lucas Lewis,NG
8595,3440,Ava Miller,NG
8596,3441,Leo Garcia,AL
8597,3442,James Miller,IT
8598,3442,Maria Anderson,IT
8599,3443,Isabella Martin,RO
8600,3443,Noah Thomas,GR
8601,3443,Lucas Brown,GR
8602,3443,Maria Lee,GR
8603,3444,Olivia Miller,FR
8604,3444,Liam Lee,FR
8605,3444,Ava Lewis,FR
8606,3445,Ethan Martin,FR
8607,3445,Alex Lee,FR
8608,3445,Leo Clark,FR
8609,3445,Alex Rossi,FR
8610,3446,Emma Garcia,ES
8611,3446,Isabella Rossi,ES
8612,3446,Isabella Lewis,ES
8613,3446,Daniel Brown,ES
8614,3447,Daniel Anderson,ES
8615,3447,Leo Rossi,NG
8616,3448,Emma Martin,RO
8617,3448,Ava Garcia,RO
8618,3449,Sofia Moore,RO
8619,3450,Ava Brown,US
8620,3450,Isabella Thomas,NG
8621,3451,Mia Thomas,FR
8622,3451,Isabella Anderson,AL
8623,3451,Amelia Garcia,AL
8624,3451,Isabella Miller,AL
8625,3452,Lucas Wilson,IT
8626,3452,Mia Garcia,IT
8627,3453,Lucas Brown,IT
8628,3453,Noah Wilson,US
8629,3453,Liam Lewis,US
8630,3454,Mia Martin,AL
8631,3454,Olivia Rossi,ES
8632,3454,Liam Thomas,DE
8633,3454,Olivia Anderson,AL
8634,3455,Maria Lewis,AE
8635,3455,Olivia Smith,NG
8636,3456,Mia Taylor,AE
8637,3456,Amelia Brown,AE
8638,3456,Maria Brown,AE
8639,3456,Isabella Anderson,AE
8640,3457,Maria Taylor,ES
8641,3457,Alex Wilson,ES
8642,3457,Sofia Lee,IT
8643,3458,James Wilson,GR
8644,3458,Noah Anderson,GR
8645,3458,Sofia Martin,GR
8646,3459,Ava Rossi,NL
8647,3460,Mia Lewis,AE
8648,3460,Noah Miller,AE
8649,3460,Emma Lewis,AE
8650,3460,Amelia Garcia,AE
8651,3461,Noah Clark,NG
8652,3461,Lucas Taylor,IT
8653,3461,Olivia Brown,NG
8654,3462,Leo Smith,AE
8655,3463,Lucas Anderson,IT
8656,3464,Alex Lewis,GR
8657,3464,Sofia Brown,US
8658,3464,Lucas Taylor,GR
8659,3464,Ava Martin,GR
8660,3465,Noah Taylor,US
8661,3465,Isabella Anderson,US
8662,3465,Olivia Thomas,US
8663,3466,Leo Lee,DE
8664,3466,Noah Garcia,DE
8665,3466,Mia Anderson,AL
8666,3467,Daniel Garcia,GB
8667,3467,Maria Lee,GR
8668,3467,Isabella Brown,GB
8669,3467,Emma Thomas,GB
8670,3468,Daniel Lee,US
8671,3468,Maria Garcia,US
8672,3468,Ethan Martin,US
8673,3468,Emma Martin,US
8674,3469,Liam Lee,DE
8675,3469,James Wilson,US
8676,3469,Leo Clark,DE
8677,3470,Lucas Lee,AE
8678,3471,Daniel Taylor,AE
8679,3472,Isabella Smith,ES
8680,3472,Noah Garcia,ES
8681,3472,Mia Anderson,ES
8682,3473,Alex Lewis,GB
8683,3474,Sofia Clark,FR
8684,3474,Leo Lewis,FR
8685,3474,Emma Wilson,FR
8686,3475,Emma Thomas,US
8687,3475,Sofia Anderson,NG
8688,3476,Leo Anderson,GB
8689,3477,Lucas Martin,RO
8690,3477,Alex Brown,RO
8691,3478,Alex Miller,NG
8692,3479,Lucas Lewis,GB
8693,3479,Alex Miller,GB
8694,3479,Leo Taylor,GB
8695,3480,Ethan Wilson,US
8696,3480,Daniel Lee,GB
8697,3481,James Smith,ES
8698,3482,Leo Miller,IT
8699,3482,Leo Smith,IT
8700,3482,Olivia Brown,IT
8701,3483,Maria Brown,NL
8702,3484,James Lee,DE
8703,3484,Ava Miller,DE
8704,3485,Liam Brown,GR
8705,3486,Isabella Wilson,DE
8706,3486,Isabella Lee,ES
8707,3487,Sofia Thomas,DE
8708,3487,Leo Taylor,FR
8709,3487,Mia Brown,DE
8710,3488,Isabella Moore,NL
8711,3488,Alex Martin,NL
8712,3488,Mia Smith,NL
8713,3488,Olivia Lee,NL
8714,3489,Emma Rossi,NL
8715,3490,Isabella Taylor,GR
8716,3490,Emma Moore,ES
8717,3490,Amelia Miller,ES
8718,3490,Liam Smith,ES
8719,3491,Noah Martin,GR
8720,3491,Liam Miller,DE
8721,3491,Lucas Smith,DE
8722,3491,Daniel Rossi,DE
8723,3492,Noah Lewis,IT
8724,3492,Ethan Garcia,GB
8725,3493,Isabella Lewis,AE
8726,3493,James Taylor,IT
8727,3493,Leo Garcia,AE
8728,3494,James Lewis,DE
8729,3494,Maria Wilson,DE
8730,3495,Maria Thomas,FR
8731,3495,Lucas Smith,GB
8732,3495,Olivia Taylor,FR
8733,3496,Lucas Miller,AE
8734,3497,Lucas Taylor,IT
8735,3497,Amelia Wilson,IT
8736,3497,Sofia Rossi,IT
8737,3498,Ava Lee,RO
8738,3498,Maria Rossi,RO
8739,3499,Daniel Wilson,GR
8740,3499,Emma Clark,NG
8741,3500,Daniel Rossi,IT
8742,3500,Maria Lewis,IT
8743,3500,Emma Martin,IT
8744,3501,James Smith,AL
8745,3501,Ethan Rossi,AL
8746,3501,Lucas Anderson,FR
8747,3502,Isabella Smith,RO
8748,3502,Ethan Taylor,RO
8749,3502,Olivia Moore,RO
8750,3502,Alex Martin,DE
8751,3503,Lucas Garcia,NL
8752,3503,Amelia Miller,AL
8753,3504,Amelia Brown,ES
8754,3505,Olivia Brown,IT
8755,3505,James Miller,IT
8756,3506,Leo Smith,AE
8757,3507,Olivia Rossi,NL
8758,3508,Maria Lee,IT
8759,3509,James Moore,AL
8760,3509,Emma Lee,AL
8761,3510,Liam Lee,AE
8762,3510,Liam Lee,AE
8763,3511,Isabella Lee,FR
8764,3512,Liam Thomas,DE
8765,3512,James Taylor,US
8766,3512,Daniel Lee,DE
8767,3513,Isabella Clark,IT
8768,3514,Lucas Wilson,IT
8769,3514,Isabella Lewis,FR
8770,3515,Alex Lee,ES
8771,3515,Lucas Garcia,ES
8772,3515,Leo Moore,ES
8773,3516,Daniel Clark,AL
8774,3516,Olivia Lewis,IT
8775,3517,Maria Clark,AE
8776,3518,Mia Martin,DE
8777,3518,Amelia Clark,DE
8778,3519,Lucas Rossi,US
8779,3520,Lucas Lee,GB
8780,3521,Mia Lewis,ES
8781,3521,Ethan Clark,NG
8782,3521,Isabella Wilson,DE
8783,3522,Liam Smith,ES
8784,3523,Amelia Garcia,US
8785,3523,Amelia Lee,US
8786,3523,Sofia Taylor,US
8787,3524,Lucas Moore,NG
8788,3524,Noah Moore,RO
8789,3524,Ethan Martin,NG
8790,3524,Lucas Taylor,NG
8791,3525,Mia Rossi,US
8792,3526,Olivia Taylor,GR
8793,3526,Liam Garcia,GR
8794,3527,Mia Brown,FR
8795,3528,Olivia Clark,FR
8796,3528,Noah Rossi,FR
8797,3529,Ava Lee,ES
8798,3529,Amelia Smith,ES
8799,3530,James Lewis,GR
8800,3530,Ava Rossi,GR
8801,3530,Mia Rossi,GR
8802,3530,Ethan Moore,GR
8803,3531,Liam Wilson,IT
8804,3531,Ava Lee,AL
8805,3531,Maria Martin,AL
8806,3531,Lucas Lee,AL
8807,3532,Maria Lee,NL
8808,3533,Noah Smith,US
8809,3533,Daniel Miller,AL
8810,3533,Alex Wilson,ES
8811,3534,Isabella Moore,AL
8812,3535,Lucas Taylor,IT
8813,3535,Daniel Garcia,IT
8814,3535,Ethan Miller,IT
8815,3535,Isabella Smith,DE
8816,3536,Isabella Clark,AL
8817,3536,Noah Lee,RO
8818,3537,Amelia Taylor,IT
8819,3537,Amelia Moore,IT
8820,3537,Maria Smith,IT
8821,3538,Maria Anderson,GB
8822,3539,Mia Thomas,NL
8823,3539,Leo Taylor,RO
8824,3540,Isabella Clark,RO
8825,3541,James Wilson,GB
8826,3541,Alex Lewis,GB
8827,3541,James Clark,GB
8828,3541,Ava Taylor,GB
8829,3542,Mia Anderson,RO
8830,3542,Noah Miller,RO
8831,3543,Maria Garcia,FR
8832,3543,Liam Anderson,FR
8833,3544,Leo Smith,GB
8834,3544,Sofia Smith,AE
8835,3545,Ava Martin,NL
8836,3545,Olivia Lee,DE
8837,3545,Noah Lee,DE
8838,3546,Isabella Moore,GR
8839,3546,Lucas Moore,IT
8840,3546,Noah Martin,GR
8841,3547,Ethan Clark,GR
8842,3548,Sofia Wilson,AE
8843,3548,Noah Miller,AE
8844,3548,Olivia Miller,AE
8845,3549,Leo Miller,GB
8846,3549,Lucas Martin,GB
8847,3549,Alex Wilson,GB
8848,3549,Alex Garcia,FR
8849,3550,Amelia Lewis,ES
8850,3550,James Clark,AE
8851,3550,Mia Rossi,NG
8852,3550,Mia Taylor,ES
8853,3551,Daniel Brown,NG
8854,3552,Emma Clark,GR
8855,3553,Mia Thomas,GR
8856,3553,Leo Taylor,AE
8857,3553,Amelia Miller,RO
8858,3554,Olivia Miller,DE
8859,3554,Isabella Smith,DE
8860,3555,Isabella Lee,RO
8861,3555,Isabella Garcia,RO
8862,3556,James Taylor,NL
8863,3556,Leo Martin,NL
8864,3556,Daniel Clark,DE
8865,3557,Olivia Garcia,FR
8866,3557,Emma Thomas,FR
8867,3558,Mia Garcia,AL
8868,3558,Noah Moore,AL
8869,3559,Noah Taylor,NG
8870,3560,James Martin,GB
8871,3560,Mia Lee,AL
8872,3561,Lucas Taylor,NL
8873,3561,Liam Taylor,NL
8874,3562,James Thomas,IT
8875,3562,Alex Taylor,NL
8876,3562,James Rossi,NL
8877,3562,Leo Garcia,NL
8878,3563,Sofia Rossi,NL
8879,3563,Olivia Smith,NL
8880,3563,Alex Garcia,NL
8881,3563,Emma Garcia,NL
8882,3564,Daniel Smith,FR
8883,3564,Lucas Garcia,FR
8884,3564,Noah Clark,NL
8885,3565,Olivia Lewis,RO
8886,3565,Olivia Garcia,AE
8887,3565,Olivia Rossi,RO
8888,3566,Mia Thomas,AE
8889,3566,Mia Anderson,NG
8890,3566,Mia Brown,AE
8891,3567,Olivia Rossi,DE
8892,3567,James Lewis,NL
8893,3568,Lucas Smith,ES
8894,3569,Emma Rossi,FR
8895,3570,Isabella Brown,ES
8896,3570,Amelia Thomas,ES
8897,3570,Ethan Smith,ES
8898,3571,Alex Taylor,GB
8899,3571,Maria Miller,GB
8900,3571,Noah Martin,GB
8901,3572,Amelia Taylor,AL
8902,3572,Olivia Lewis,AL
8903,3573,Emma Thomas,AE
8904,3573,Ethan Thomas,FR
8905,3574,Noah Smith,DE
8906,3574,Daniel Anderson,AE
8907,3574,Alex Smith,AE
8908,3574,Noah Thomas,AE
8909,3575,James Thomas,US
8910,3576,Maria Martin,IT
8911,3576,Sofia Clark,RO
8912,3577,Daniel Lee,FR
8913,3577,Leo Wilson,DE
8914,3577,Emma Lewis,FR
8915,3577,Isabella Wilson,FR
8916,3578,James Anderson,US
8917,3579,James Garcia,DE
8918,3579,Maria Clark,DE
8919,3579,Isabella Lee,DE
8920,3580,Maria Martin,US
8921,3581,Maria Rossi,FR
8922,3581,Lucas Wilson,FR
8923,3581,Lucas Anderson,AE
8924,3582,James Martin,IT
8925,3582,James Lee,IT
8926,3582,Lucas Martin,IT
8927,3583,Ava Brown,ES
8928,3584,James Lee,GR
8929,3584,Ava Lewis,NG
8930,3585,Emma Wilson,AE
8931,3586,Alex Clark,NL
8932,3586,Amelia Thomas,NG
8933,3586,Maria Smith,NG
8934,3586,Alex Lee,GR
8935,3587,Alex Taylor,US
8936,3588,Noah Smith,ES
8937,3588,Liam Wilson,ES
8938,3589,Maria Taylor,AE
8939,3589,Leo Smith,ES
8940,3590,Daniel Taylor,FR
8941,3590,Ava Rossi,GR
8942,3590,Sofia Moore,FR
8943,3590,Lucas Martin,FR
8944,3591,Daniel Brown,RO
8945,3591,Olivia Lee,DE
8946,3591,Sofia Clark,RO
8947,3591,Olivia Miller,RO
8948,3592,Daniel Clark,IT
8949,3593,Sofia Taylor,AL
8950,3593,Noah Garcia,AL
8951,3594,Mia Moore,ES
8952,3594,James Smith,GB
8953,3594,Olivia Taylor,GB
8954,3594,Ethan Wilson,ES
8955,3595,Emma Anderson,FR
8956,3595,Daniel Smith,FR
8957,3595,Emma Martin,FR
8958,3595,Daniel Smith,FR
8959,3596,Alex Lewis,NG
8960,3596,Olivia Smith,NG
8961,3597,Leo Wilson,NL
8962,3597,Olivia Smith,RO
8963,3597,Emma Taylor,NL
8964,3598,Isabella Anderson,AL
8965,3598,Alex Garcia,NG
8966,3599,Ethan Lewis,US
8967,3600,Noah Miller,NG
8968,3601,Leo Miller,GB
8969,3601,Sofia Smith,GB
8970,3601,Emma Rossi,GB
8971,3602,Leo Rossi,ES
8972,3602,Isabella Lewis,AE
8973,3602,Daniel Taylor,AE
8974,3602,Ava Anderson,AE
8975,3603,James Anderson,NL
8976,3603,Sofia Thomas,NL
8977,3604,Sofia Thomas,IT
8978,3605,Liam Clark,GB
8979,3605,Maria Wilson,GB
8980,3606,Ava Brown,GR
8981,3606,Lucas Taylor,GR
8982,3607,Amelia Thomas,RO
8983,3607,Leo Lewis,RO
8984,3607,James Thomas,RO
8985,3607,Olivia Lewis,RO
8986,3608,Emma Clark,IT
8987,3608,Sofia Miller,IT
8988,3609,Emma Martin,ES
8989,3609,Liam Lee,ES
8990,3609,Mia Miller,ES
8991,3610,Emma Thomas,ES
8992,3610,Maria Taylor,ES
8993,3610,Sofia Wilson,ES
8994,3611,Lucas Lee,AE
8995,3611,Lucas Garcia,AE
8996,3611,Isabella Anderson,IT
8997,3611,Mia Rossi,AE
8998,3612,Olivia Brown,AL
8999,3612,Noah Brown,AL
9000,3613,Isabella Miller,RO
9001,3613,Ethan Smith,RO
9002,3614,Sofia Clark,DE
9003,3614,Maria Miller,RO
9004,3614,Ethan Brown,RO
9005,3615,Ethan Anderson,NG
9006,3615,Leo Thomas,IT
9007,3615,Sofia Smith,AL
9008,3616,Sofia Taylor,NL
9009,3617,Alex Taylor,GB
9010,3617,Leo Anderson,US
9011,3617,Noah Taylor,GB
9012,3617,Ava Wilson,GB
9013,3618,Alex Martin,NL
9014,3618,Emma Thomas,FR
9015,3618,Noah Lee,NL
9016,3619,Emma Martin,ES
9017,3620,Amelia Rossi,ES
9018,3620,Ethan Miller,ES
9019,3620,Mia Wilson,GR
9020,3620,Noah Rossi,ES
9021,3621,Alex Anderson,ES
9022,3622,Sofia Brown,RO
9023,3623,Sofia Brown,FR
9024,3624,Emma Clark,AL
9025,3624,Emma Rossi,NL
9026,3625,Ava Thomas,FR
9027,3625,Alex Thomas,IT
9028,3625,Mia Lee,FR
9029,3625,Lucas Thomas,FR
9030,3626,Ethan Lewis,RO
9031,3626,Emma Lewis,RO
9032,3627,Isabella Miller,IT
9033,3627,Ethan Miller,IT
9034,3627,Mia Moore,AE
9035,3628,Amelia Moore,IT
9036,3628,Maria Thomas,IT
9037,3629,Leo Martin,ES
9038,3630,Mia Lee,AL
9039,3630,Liam Clark,AL
9040,3630,Leo Taylor,AL
9041,3630,Noah Wilson,AL
9042,3631,Leo Clark,AE
9043,3631,Ethan Anderson,AE
9044,3631,Sofia Lee,US
9045,3631,Maria Lee,IT
9046,3632,Ava Wilson,AL
9047,3633,Leo Clark,GR
9048,3633,Noah Clark,GR
9049,3634,Mia Anderson,ES
9050,3635,Amelia Anderson,AL
9051,3635,Liam Brown,AL
9052,3636,Ethan Rossi,ES
9053,3636,Noah Wilson,GB
9054,3636,James Miller,ES
9055,3636,Liam Garcia,ES
9056,3637,Daniel Anderson,NL
9057,3638,Olivia Brown,GB
9058,3638,Sofia Garcia,GB
9059,3638,Liam Brown,GB
9060,3639,James Clark,GB
9061,3639,Leo Martin,FR
9062,3639,Sofia Taylor,GB
9063,3639,Maria Smith,GB
9064,3640,Alex Garcia,DE
9065,3640,Alex Taylor,DE
9066,3640,Isabella Clark,DE
9067,3640,Sofia Moore,DE
9068,3641,Sofia Smith,FR
9069,3641,Alex Wilson,FR
9070,3641,Ethan Wilson,FR
9071,3641,Alex Moore,FR
9072,3642,Ava Lee,US
9073,3642,Sofia Rossi,US
9074,3642,Noah Garcia,US
9075,3643,Emma Rossi,AL
9076,3644,Sofia Lewis,RO
9077,3644,Isabella Moore,RO
9078,3644,Lucas Anderson,ES
9079,3645,Leo Thomas,GR
9080,3645,Leo Martin,GR
9081,3645,Emma Anderson,GR
9082,3646,Lucas Lewis,AL
9083,3646,Isabella Martin,AL
9084,3646,Isabella Rossi,AL
9085,3647,Liam Moore,US
9086,3648,Emma Lewis,AL
9087,3649,Maria Thomas,RO
9088,3650,Maria Garcia,GB
9089,3651,Isabella Rossi,GR
9090,3652,Lucas Lewis,GR
9091,3652,Olivia Martin,NG
9092,3652,Ava Moore,NG
9093,3653,Leo Thomas,US
9094,3654,Alex Moore,ES
9095,3654,Alex Thomas,GB
9096,3654,Liam Clark,GB
9097,3654,Maria Smith,ES
9098,3655,Mia Thomas,AL
9099,3655,Ethan Smith,AL
9100,3655,Noah Anderson,AL
9101,3655,Sofia Moore,AL
9102,3656,Olivia Lee,RO
9103,3656,Leo Thomas,DE
9104,3656,Sofia Moore,DE
9105,3657,Olivia Thomas,NG
9106,3657,Emma Lee,NG
9107,3657,Sofia Clark,NG
9108,3658,Daniel Taylor,AL
9109,3658,Emma Lewis,AL
9110,3659,Noah Taylor,AE
9111,3659,Lucas Martin,AE
9112,3659,Amelia Moore,AE
9113,3660,Maria Anderson,NG
9114,3660,Ethan Smith,NG
9115,3660,Ethan Rossi,NG
9116,3661,Mia Garcia,RO
9117,3661,Lucas Rossi,RO
9118,3662,Leo Brown,AL
9119,3662,Sofia Martin,AL
9120,3662,Ethan Rossi,RO
9121,3663,James Miller,AE
9122,3663,Alex Smith,AE
9123,3664,Ethan Wilson,DE
9124,3665,Emma Taylor,RO
9125,3665,Noah Miller,RO
9126,3665,Leo Lee,RO
9127,3665,Ethan Lee,RO
9128,3666,Ava Moore,GR
9129,3666,Ethan Clark,DE
9130,3666,Isabella Rossi,DE
9131,3666,Ava Moore,DE
9132,3667,James Lewis,NG
9133,3667,Emma Taylor,NG
9134,3667,Maria Clark,NG
9135,3668,Noah Clark,ES
9136,3668,Ethan Martin,RO
9137,3668,Emma Lee,ES
9138,3669,Isabella Brown,NL
9139,3670,Daniel Lee,US
9140,3671,Liam Smith,AE
9141,3671,James Brown,NL
9142,3671,Sofia Lewis,NL
9143,3672,Mia Lee,FR
9144,3673,Noah Martin,GR
9145,3673,Liam Thomas,GR
9146,3673,Noah Anderson,GR
9147,3673,Noah Taylor,GR
9148,3674,Isabella Rossi,GB
9149,3674,Emma Lewis,AE
9150,3675,Noah Martin,NL
9151,3675,Lucas Lee,AE
9152,3675,Sofia Lewis,AE
9153,3676,Alex Brown,AE
9154,3677,Amelia Garcia,RO
9155,3678,James Taylor,NG
9156,3679,Ethan Clark,IT
9157,3679,Leo Rossi,IT
9158,3680,Ethan Lee,GB
9159,3680,Ethan Thomas,GB
9160,3681,Sofia Thomas,DE
9161,3681,Daniel Lewis,GB
9162,3681,Mia Miller,DE
9163,3681,Emma Brown,RO
9164,3682,Isabella Lee,IT
9165,3682,Noah Garcia,RO
9166,3683,Daniel Rossi,GB
9167,3683,Mia Lewis,GB
9168,3683,James Thomas,GB
9169,3683,Ava Smith,GB
9170,3684,Leo Miller,RO
9171,3684,Noah Rossi,ES
9172,3685,James Martin,FR
9173,3685,Liam Wilson,FR
9174,3685,Amelia Wilson,IT
9175,3685,Ethan Garcia,FR
9176,3686,Olivia Wilson,AL
9177,3686,Sofia Taylor,AE
9178,3687,Mia Smith,ES
9179,3687,Noah Miller,FR
9180,3687,Leo Moore,FR
9181,3687,Alex Wilson,FR
9182,3688,James Moore,AE
9183,3688,Olivia Garcia,US
9184,3688,Ava Lee,NG
9185,3688,Olivia Smith,NG
9186,3689,Alex Clark,US
9187,3690,Alex Taylor,GR
9188,3691,Alex Garcia,DE
9189,3691,Olivia Taylor,DE
9190,3691,Ethan Anderson,DE
9191,3691,Lucas Clark,DE
9192,3692,Leo Thomas,GR
9193,3693,Amelia Taylor,FR
9194,3693,Lucas Clark,FR
9195,3693,Emma Rossi,FR
9196,3693,Liam Lee,FR
9197,3694,Isabella Wilson,ES
9198,3695,Olivia Smith,FR
9199,3695,James Anderson,FR
9200,3696,Mia Lee,US
9201,3696,Alex Lee,GR
9202,3696,Leo Anderson,GR
9203,3697,Emma Lewis,FR
9204,3697,Sofia Anderson,GR
9205,3697,Amelia Brown,ES
9206,3697,Amelia Brown,ES
9207,3698,Ethan Moore,GB
9208,3698,Leo Martin,GB
9209,3698,Ava Moore,GB
9210,3699,Mia Moore,AL
9211,3700,Amelia Brown,RO
9212,3700,Emma Moore,RO
9213,3701,Leo Rossi,GB
9214,3701,Mia Martin,GB
9215,3701,Leo Brown,GB
9216,3702,Ava Brown,US
9217,3702,Daniel Martin,RO
9218,3702,Ava Lewis,RO
9219,3703,Olivia Clark,ES
9220,3703,Liam Lewis,ES
9221,3704,Olivia Lee,ES
9222,3704,Isabella Anderson,AL
9223,3704,Sofia Martin,ES
9224,3705,Lucas Miller,ES
9225,3705,Isabella Clark,ES
9226,3705,Leo Rossi,ES
9227,3706,James Garcia,DE
9228,3707,Leo Martin,GR
9229,3707,Daniel Wilson,GR
9230,3707,Leo Taylor,GR
9231,3707,Maria Taylor,GR
9232,3708,James Thomas,AL
9233,3708,Liam Smith,AL
9234,3708,Ethan Lee,AL
9235,3709,Olivia Lee,IT
9236,3709,Daniel Anderson,IT
9237,3709,Olivia Rossi,IT
9238,3710,Alex Wilson,AE
9239,3710,Ethan Thomas,AE
9240,3710,Isabella Smith,AE
9241,3710,Ethan Moore,ES
9242,3711,Sofia Moore,FR
9243,3711,Amelia Brown,FR
9244,3712,James Clark,ES
9245,3712,Maria Smith,ES
9246,3712,Isabella Wilson,ES
9247,3712,Emma Thomas,ES
9248,3713,Lucas Wilson,US
9249,3714,Isabella Moore,DE
9250,3714,Ethan Miller,DE
9251,3714,Olivia Smith,IT
9252,3714,Isabella Lewis,DE
9253,3715,Alex Smith,ES
9254,3715,Alex Brown,ES
9255,3716,Emma Rossi,GR
9256,3717,Emma Miller,GB
9257,3717,Amelia Clark,GB
9258,3717,Ava Miller,GB
9259,3718,Daniel Anderson,IT
9260,3718,Emma Lewis,GR
9261,3719,Lucas Anderson,ES
9262,3719,Leo Brown,ES
9263,3719,Isabella Brown,ES
9264,3720,Sofia Martin,NL
9265,3721,Lucas Wilson,US
9266,3721,Emma Thomas,US
9267,3722,Sofia Miller,US
9268,3722,James Moore,US
9269,3722,Emma Clark,US
9270,3723,Olivia Brown,NL
9271,3724,Mia Rossi,AE
9272,3724,James Martin,AE
9273,3725,Daniel Smith,DE
9274,3725,Olivia Taylor,DE
9275,3725,Maria Garcia,DE
9276,3725,Leo Martin,DE
9277,3726,Olivia Miller,NG
9278,3726,Amelia Wilson,NG
9279,3726,Leo Martin,ES
9280,3726,Daniel Thomas,NG
9281,3727,Olivia Garcia,GB
9282,3727,Mia Thomas,GB
9283,3728,Maria Garcia,DE
9284,3729,Isabella Lewis,AE
9285,3729,Leo Lewis,US
9286,3729,Emma Miller,AE
9287,3730,Liam Martin,US
9288,3731,Ethan Rossi,NL
9289,3731,Emma Clark,AE
9290,3731,Amelia Martin,GB
9291,3732,Lucas Rossi,ES
9292,3732,Sofia Anderson,ES
9293,3732,Sofia Garcia,ES
9294,3733,Daniel Smith,IT
9295,3733,Emma Lee,GB
9296,3733,Maria Garcia,IT
9297,3733,Mia Martin,IT
9298,3734,Alex Brown,NL
9299,3734,Amelia Martin,NL
9300,3735,Noah Moore,FR
9301,3736,Olivia Lewis,US
9302,3737,Ava Brown,AE
9303,3737,Noah Smith,AE
9304,3737,Daniel Smith,AE
9305,3738,Amelia Lewis,GB
9306,3738,Mia Martin,GB
9307,3739,Sofia Martin,FR
9308,3739,James Taylor,FR
9309,3739,James Smith,FR
9310,3739,Sofia Moore,FR
9311,3740,Isabella Clark,AL
9312,3741,Mia Clark,FR
9313,3741,Noah Moore,NG
9314,3741,Liam Taylor,FR
9315,3742,Leo Clark,RO
9316,3742,Isabella Brown,RO
9317,3742,Liam Garcia,RO
9318,3742,Mia Clark,RO
9319,3743,Emma Thomas,AE
9320,3743,Alex Smith,NL
9321,3744,Mia Smith,ES
9322,3744,Mia Taylor,AE
9323,3745,Lucas Smith,GR
9324,3745,Ava Lewis,GR
9325,3746,Lucas Lee,GR
9326,3746,Ava Brown,GR
9327,3746,Liam Clark,GR
9328,3746,Maria Thomas,GR
9329,3747,Amelia Clark,DE
9330,3747,Alex Lee,ES
9331,3747,Ethan Martin,ES
9332,3747,Olivia Martin,NG
9333,3748,Lucas Martin,IT
9334,3748,Isabella Miller,GR
9335,3749,Leo Martin,NL
9336,3749,Maria Rossi,NL
9337,3749,Leo Taylor,NL
9338,3750,Sofia Moore,AE
9339,3750,Sofia Lee,ES
9340,3751,Amelia Thomas,DE
9341,3751,Ethan Rossi,NL
9342,3751,Lucas Wilson,NL
9343,3751,Emma Thomas,NL
9344,3752,Sofia Miller,GB
9345,3752,Mia Smith,RO
9346,3753,Lucas Miller,NL
9347,3754,Amelia Rossi,ES
9348,3754,Ava Taylor,ES
9349,3754,Sofia Miller,ES
9350,3755,James Smith,US
9351,3755,Lucas Lewis,US
9352,3755,Lucas Garcia,US
9353,3755,Alex Taylor,US
9354,3756,Olivia Wilson,GR
9355,3756,Mia Thomas,GR
9356,3757,Leo Thomas,US
9357,3758,Noah Martin,RO
9358,3759,Emma Smith,GB
9359,3759,Leo Anderson,ES
9360,3759,Liam Miller,AE
9361,3760,Emma Thomas,ES
9362,3761,Maria Anderson,NL
9363,3761,Olivia Martin,NL
9364,3762,Leo Smith,IT
9365,3762,Maria Lee,ES
9366,3762,Alex Martin,IT
9367,3763,Sofia Thomas,AE
9368,3763,Maria Taylor,AE
9369,3764,Amelia Brown,AE
9370,3764,Lucas Lewis,DE
9371,3764,James Wilson,AE
9372,3765,Maria Smith,US
9373,3766,Sofia Anderson,GR
9374,3767,Daniel Taylor,ES
9375,3768,Lucas Rossi,AL
9376,3768,Mia Taylor,AE
9377,3768,Lucas Clark,AE
9378,3769,Lucas Clark,ES
9379,3769,Alex Thomas,AL
9380,3769,Mia Garcia,AL
9381,3770,Emma Clark,ES
9382,3771,Alex Martin,NL
9383,3771,Liam Smith,ES
9384,3771,Amelia Garcia,NL
9385,3771,Daniel Lee,NL
9386,3772,Lucas Wilson,NG
9387,3772,Emma Smith,NG
9388,3772,Liam Taylor,NG
9389,3772,Daniel Lee,NG
9390,3773,Isabella Clark,GB
9391,3774,Noah Taylor,RO
9392,3774,Isabella Taylor,IT
9393,3774,Leo Miller,GB
9394,3774,Maria Smith,IT
9395,3775,Maria Lewis,FR
9396,3775,Daniel Lewis,FR
9397,3776,Noah Smith,ES
9398,3776,Maria Thomas,ES
9399,3776,Daniel Garcia,ES
9400,3776,Leo Lewis,GR
9401,3777,Isabella Lee,AE
9402,3777,James Anderson,AE
9403,3778,Olivia Rossi,RO
9404,3778,Daniel Garcia,RO
9405,3779,Sofia Taylor,GR
9406,3779,Isabella Wilson,GR
9407,3780,Emma Taylor,GB
9408,3780,Maria Miller,GB
9409,3780,Lucas Lee,GB
9410,3781,Amelia Miller,NL
9411,3782,Mia Taylor,GB
9412,3783,Olivia Anderson,AL
9413,3783,Alex Moore,AL
9414,3783,Leo Brown,DE
9415,3783,Liam Martin,AL
9416,3784,Sofia Brown,NL
9417,3785,Leo Taylor,IT
9418,3786,Isabella Taylor,AL
9419,3786,Leo Anderson,FR
9420,3787,Noah Lee,US
9421,3788,James Thomas,GB
9422,3788,Daniel Miller,GB
9423,3788,Leo Taylor,GB
9424,3788,Emma Moore,GB
9425,3789,Amelia Martin,IT
9426,3789,Lucas Brown,AL
9427,3789,Liam Clark,IT
9428,3789,Emma Moore,IT
9429,3790,Liam Martin,RO
9430,3790,Daniel Wilson,RO
9431,3790,Amelia Lee,RO
9432,3790,Noah Rossi,RO
9433,3791,Leo Taylor,AL
9434,3791,Amelia Clark,IT
9435,3792,Mia Smith,NG
9436,3792,Emma Miller,NL
9437,3792,Daniel Moore,NL
9438,3793,Isabella Brown,FR
9439,3793,Olivia Brown,NG
9440,3793,Amelia Miller,NG
9441,3794,Ava Moore,US
9442,3794,James Anderson,ES
9443,3795,Maria Clark,IT
9444,3795,Sofia Wilson,IT
9445,3795,Amelia Lee,RO
9446,3795,Alex Wilson,IT
9447,3796,Liam Miller,RO
9448,3796,Mia Anderson,RO
9449,3797,Olivia Wilson,AL
9450,3797,Ava Miller,AL
9451,3798,Emma Miller,AL
9452,3798,Liam Miller,AL
9453,3799,Leo Wilson,GB
9454,3799,Olivia Clark,IT
9455,3799,Alex Wilson,IT
9456,3800,Leo Anderson,DE
9457,3800,Mia Garcia,GR
9458,3800,Isabella Thomas,GR
9459,3800,Alex Rossi,GR
9460,3801,Mia Thomas,NG
9461,3801,Olivia Lee,US
9462,3801,Lucas Garcia,NG
9463,3802,Olivia Anderson,ES
9464,3802,Sofia Clark,ES
9465,3802,Daniel Taylor,ES
9466,3802,Mia Lee,ES
9467,3803,Liam Wilson,ES
9468,3803,Sofia Rossi,ES
9469,3804,James Smith,US
9470,3805,Leo Clark,RO
9471,3805,Alex Garcia,RO
9472,3806,Liam Moore,NG
9473,3806,Leo Taylor,NG
9474,3806,Ethan Wilson,NG
9475,3806,Lucas Rossi,NG
9476,3807,Mia Clark,ES
9477,3807,Sofia Smith,ES
9478,3807,Daniel Garcia,ES
9479,3808,Mia Garcia,GB
9480,3809,Maria Garcia,GR
9481,3810,James Miller,DE
9482,3811,Mia Lee,FR
9483,3811,Daniel Miller,FR
9484,3811,Noah Lee,IT
9485,3811,Ethan Miller,FR
9486,3812,Olivia Brown,GR
9487,3812,Olivia Thomas,GR
9488,3812,Sofia Wilson,GR
9489,3812,Ethan Clark,GR
9490,3813,Daniel Martin,FR
9491,3814,Daniel Smith,NL
9492,3814,Lucas Wilson,NL
9493,3815,Emma Lee,RO
9494,3815,Lucas Martin,RO
9495,3815,Mia Lewis,RO
9496,3815,Isabella Wilson,RO
9497,3816,Ava Brown,NG
9498,3816,Emma Moore,NG
9499,3816,Sofia Garcia,ES
9500,3816,Mia Lewis,NG
9501,3817,Maria Anderson,AE
9502,3817,Leo Brown,AE
9503,3817,Liam Moore,AE
9504,3817,Lucas Lewis,AE
9505,3818,Alex Martin,RO
9506,3818,Liam Brown,AL
9507,3818,Maria Martin,RO
9508,3819,Mia Martin,NG
9509,3820,Lucas Lee,DE
9510,3820,Maria Clark,DE
9511,3821,Amelia Clark,NG
9512,3821,Leo Smith,NG
9513,3821,Ethan Clark,NG
9514,3822,Liam Lewis,AL
9515,3822,Isabella Brown,AL
9516,3823,Amelia Anderson,GB
9517,3823,Ethan Miller,GB
9518,3823,Leo Anderson,GB
9519,3823,Isabella Lewis,GB
9520,3824,James Martin,US
9521,3824,Sofia Thomas,US
9522,3824,Leo Lewis,US
9523,3825,James Brown,NL
9524,3825,Sofia Rossi,NL
9525,3825,Amelia Anderson,NL
9526,3825,Isabella Moore,NL
9527,3826,Sofia Taylor,US
9528,3827,Alex Smith,GB
9529,3827,Maria Thomas,GB
9530,3827,Liam Lee,AL
9531,3828,Sofia Thomas,NL
9532,3828,Maria Martin,ES
9533,3828,Mia Miller,ES
9534,3829,Ava Miller,NL
9535,3829,Liam Miller,NL
9536,3829,Ava Rossi,DE
9537,3829,Leo Wilson,ES
9538,3830,James Taylor,DE
9539,3830,Isabella Rossi,IT
9540,3831,Mia Moore,FR
9541,3832,James Martin,DE
9542,3832,Lucas Lewis,DE
9543,3832,Leo Brown,DE
9544,3832,Mia Lewis,DE
9545,3833,Alex Lee,NG
9546,3833,Noah Lee,NG
9547,3833,Noah Lewis,NG
9548,3833,James Lee,NG
9549,3834,Daniel Lewis,GB
9550,3835,James Brown,GR
9551,3835,Noah Brown,FR
9552,3835,James Brown,NG
9553,3836,Olivia Taylor,GB
9554,3836,Noah Moore,GB
9555,3836,James Martin,GB
9556,3836,Daniel Moore,GB
9557,3837,Ava Miller,DE
9558,3838,Isabella Martin,NL
9559,3838,Noah Lee,NL
9560,3838,Lucas Lewis,NL
9561,3839,Amelia Thomas,US
9562,3839,Isabella Moore,US
9563,3839,Olivia Clark,GB
9564,3839,Emma Smith,US
9565,3840,Lucas Garcia,IT
9566,3840,Lucas Wilson,IT
9567,3840,Amelia Wilson,FR
9568,3841,Noah Garcia,AE
9569,3841,Ethan Moore,US
9570,3841,Alex Clark,AE
9571,3842,Ethan Taylor,NL
9572,3842,James Miller,NL
9573,3842,Alex Brown,NL
9574,3843,Lucas Wilson,IT
9575,3843,Sofia Brown,IT
9576,3844,Ava Rossi,FR
9577,3845,James Wilson,NL
9578,3845,Emma Moore,NL
9579,3845,Amelia Thomas,NL
9580,3846,James Brown,IT
9581,3846,Olivia Rossi,IT
9582,3846,Ethan Clark,IT
9583,3847,Noah Thomas,RO
9584,3847,Liam Lee,RO
9585,3847,Ethan Brown,IT
9586,3848,Sofia Lewis,NG
9587,3848,Lucas Rossi,NG
9588,3848,Olivia Martin,GB
9589,3849,Emma Moore,DE
9590,3849,Alex Thomas,AE
9591,3849,Olivia Anderson,AE
9592,3849,Lucas Taylor,AE
9593,3850,Emma Martin,US
9594,3850,Ethan Brown,US
9595,3850,Sofia Miller,US
9596,3850,Isabella Wilson,US
9597,3851,Daniel Brown,GB
9598,3851,Amelia Smith,GB
9599,3851,Noah Brown,AE
9600,3852,Noah Anderson,ES
9601,3852,Maria Garcia,NL
9602,3853,Ava Brown,US
9603,3853,Emma Wilson,US
9604,3853,Daniel Smith,US
9605,3853,Isabella Lewis,AE
9606,3854,Olivia Taylor,AE
9607,3855,Leo Martin,AL
9608,3855,Ava Thomas,AL
9609,3855,Maria Lee,AL
9610,3856,Noah Wilson,GR
9611,3856,Emma Clark,FR
9612,3857,James Taylor,DE
9613,3857,Noah Miller,US
9614,3858,Ethan Smith,AE
9615,3859,Liam Brown,AL
9616,3859,Daniel Wilson,AL
9617,3859,Noah Garcia,AL
9618,3860,Daniel Rossi,NL
9619,3861,Isabella Lewis,IT
9620,3861,Sofia Martin,ES
9621,3861,Lucas Taylor,GR
9622,3862,Noah Anderson,AE
9623,3862,Ava Clark,GB
9624,3863,Sofia Thomas,ES
9625,3863,Isabella Taylor,NG
9626,3863,Ava Taylor,NG
9627,3864,Emma Lee,US
9628,3864,Maria Thomas,US
9629,3864,James Miller,US
9630,3865,Amelia Wilson,GB
9631,3865,Liam Garcia,GB
9632,3865,James Wilson,FR
9633,3866,Mia Garcia,ES
9634,3867,Leo Brown,GB
9635,3867,Leo Lee,GB
9636,3867,Lucas Taylor,IT
9637,3868,Amelia Taylor,NG
9638,3869,James Martin,US
9639,3869,Amelia Wilson,US
9640,3870,Emma Rossi,FR
9641,3870,Isabella Brown,GB
9642,3870,Sofia Lee,GB
9643,3871,Mia Lewis,ES
9644,3871,Mia Smith,AE
9645,3871,Amelia Moore,ES
9646,3871,James Smith,ES
9647,3872,Ethan Brown,FR
9648,3872,Ethan Garcia,FR
9649,3872,Emma Lewis,FR
9650,3873,James Moore,GB
9651,3873,Isabella Thomas,GB
9652,3873,Mia Anderson,ES
9653,3874,Daniel Lee,NL
9654,3874,Emma Brown,US
9655,3874,Olivia Garcia,US
9656,3875,James Lee,GR
9657,3876,Isabella Wilson,FR
9658,3877,Emma Moore,DE
9659,3877,Alex Lewis,AE
9660,3878,Liam Clark,AL
9661,3878,Leo Brown,AL
9662,3878,Lucas Lewis,AL
9663,3879,Daniel Martin,AL
9664,3879,Emma Smith,AL
9665,3879,Sofia Rossi,AL
9666,3879,Leo Rossi,AL
9667,3880,Amelia Martin,RO
9668,3881,Maria Moore,GB
9669,3881,James Clark,GB
9670,3881,Sofia Taylor,GB
9671,3881,Ethan Moore,GB
9672,3882,Alex Brown,DE
9673,3882,Sofia Brown,DE
9674,3882,James Smith,DE
9675,3882,Maria Lewis,NG
9676,3883,Lucas Moore,NL
9677,3883,Amelia Wilson,NL
9678,3884,Emma Wilson,US
9679,3884,Sofia Martin,US
9680,3884,Maria Garcia,US
9681,3885,Sofia Moore,GR
9682,3885,Ava Anderson,GR
9683,3886,Noah Rossi,ES
9684,3886,Lucas Anderson,ES
9685,3886,Amelia Garcia,ES
9686,3887,Alex Brown,GB
9687,3887,James Lewis,ES
9688,3888,Sofia Moore,GB
9689,3888,James Martin,GB
9690,3888,James Garcia,GB
9691,3889,Amelia Taylor,RO
9692,3889,Amelia Smith,US
9693,3890,Ava Garcia,RO
9694,3890,Maria Brown,RO
9695,3890,Sofia Lee,RO
9696,3890,Leo Moore,RO
9697,3891,Emma Rossi,AL
9698,3891,Daniel Brown,AL
9699,3891,Daniel Garcia,AL
9700,3892,Leo Lewis,FR
9701,3892,Alex Lee,FR
9702,3892,Ava Thomas,FR
9703,3893,Daniel Thomas,NL
9704,3893,Sofia Moore,NL
9705,3893,James Garcia,NL
9706,3894,Isabella Brown,US
9707,3894,Amelia Wilson,US
9708,3894,Ava Anderson,US
9709,3895,Leo Miller,DE
9710,3895,Daniel Clark,DE
9711,3895,James Clark,DE
9712,3895,Emma Lewis,DE
9713,3896,Alex Rossi,NL
9714,3896,Daniel Miller,NG
9715,3896,Ethan Thomas,DE
9716,3896,Olivia Moore,DE
9717,3897,Olivia Brown,IT
9718,3897,Amelia Rossi,IT
9719,3897,Olivia Brown,RO
9720,3898,Alex Lee,RO
9721,3898,Emma Taylor,RO
9722,3898,Leo Smith,RO
9723,3899,Maria Martin,DE
9724,3899,Isabella Anderson,GB
9725,3900,Liam Garcia,NL
9726,3900,Daniel Garcia,NL
9727,3900,Olivia Garcia,NL
9728,3900,Maria Moore,NL
9729,3901,Liam Clark,RO
9730,3901,Noah Brown,RO
9731,3901,Mia Wilson,AL
9732,3901,Isabella Miller,RO
9733,3902,Noah Brown,RO
9734,3903,Lucas Clark,NL
9735,3903,Lucas Thomas,NL
9736,3903,Alex Wilson,FR
9737,3903,Alex Wilson,NL
9738,3904,Amelia Smith,US
9739,3905,Liam Taylor,GR
9740,3905,Maria Smith,GR
9741,3905,Emma Clark,GR
9742,3905,Isabella Miller,GR
9743,3906,Maria Moore,GB
9744,3906,Lucas Garcia,GB
9745,3906,Sofia Thomas,GB
9746,3907,Sofia Martin,GB
9747,3907,Liam Garcia,GB
9748,3907,Isabella Miller,FR
9749,3907,James Thomas,GB
9750,3908,Liam Lee,NG
9751,3908,Leo Garcia,NG
9752,3908,Isabella Lewis,NG
9753,3908,Isabella Lewis,GR
9754,3909,Ethan Taylor,AE
9755,3910,Ava Thomas,ES
9756,3910,Maria Anderson,FR
9757,3911,Leo Anderson,ES
9758,3911,Isabella Rossi,ES
9759,3911,Ava Smith,ES
9760,3912,Emma Wilson,NG
9761,3912,Sofia Lewis,FR
9762,3913,Ethan Thomas,US
9763,3913,Ethan Taylor,US
9764,3914,Daniel Thomas,IT
9765,3914,Noah Garcia,IT
9766,3915,Maria Lewis,US
9767,3916,Alex Taylor,AE
9768,3916,Daniel Rossi,AE
9769,3916,Lucas Lee,AE
9770,3917,Sofia Miller,RO
9771,3917,Lucas Anderson,RO
9772,3917,Sofia Lee,RO
9773,3918,Isabella Brown,IT
9774,3918,Sofia Anderson,IT
9775,3918,Amelia Thomas,IT
9776,3918,James Wilson,FR
9777,3919,Ava Lee,AE
9778,3919,Alex Garcia,IT
9779,3919,Lucas Garcia,IT
9780,3919,Amelia Wilson,IT
9781,3920,Emma Lee,NG
9782,3920,Alex Miller,US
9783,3920,Emma Moore,GR
9784,3921,Mia Taylor,NG
9785,3921,Olivia Clark,NG
9786,3921,Noah Lewis,ES
9787,3922,Isabella Smith,NL
9788,3922,Leo Lee,NL
9789,3923,Liam Lewis,NG
9790,3923,Mia Anderson,NG
9791,3923,Isabella Garcia,NG
9792,3924,Emma Lewis,GB
9793,3925,Ethan Martin,IT
9794,3926,Emma Martin,AL
9795,3926,Amelia Smith,AL
9796,3926,Leo Rossi,AL
9797,3926,Amelia Brown,RO
9798,3927,Ethan Anderson,AE
9799,3928,Ethan Martin,ES
9800,3928,Ava Clark,ES
9801,3928,Daniel Wilson,ES
9802,3928,Amelia Lewis,ES
9803,3929,Liam Taylor,NL
9804,3929,Ava Thomas,NL
9805,3930,Maria Martin,IT
9806,3930,Amelia Garcia,IT
9807,3930,Emma Wilson,IT
9808,3931,Noah Miller,US
9809,3931,Isabella Lewis,IT
9810,3931,Daniel Anderson,US
9811,3932,Maria Martin,RO
9812,3932,Ava Wilson,RO
9813,3933,Maria Taylor,GB
9814,3933,Daniel Wilson,GB
9815,3933,Isabella Taylor,GB
9816,3933,Liam Thomas,GB
9817,3934,Lucas Rossi,AL
9818,3934,Alex Anderson,DE
9819,3934,Isabella Anderson,AL
9820,3935,Lucas Anderson,GR
9821,3936,Daniel Clark,AL
9822,3936,Leo Lee,ES
9823,3936,Ava Wilson,ES
9824,3936,Maria Clark,ES
9825,3937,Lucas Wilson,FR
9826,3937,Noah Moore,GB
9827,3938,James Clark,FR
9828,3939,Emma Wilson,GR
9829,3939,Ethan Moore,AE
9830,3940,Leo Lewis,AL
9831,3940,Lucas Lee,US
9832,3940,Lucas Martin,IT
9833,3940,Olivia Moore,IT
9834,3941,James Garcia,IT
9835,3941,Isabella Brown,IT
9836,3941,Ethan Smith,GB
9837,3941,Leo Lee,IT
9838,3942,James Wilson,GR
9839,3942,Olivia Garcia,GR
9840,3942,Noah Thomas,GR
9841,3943,Emma Brown,GR
9842,3943,Isabella Garcia,GR
9843,3943,Leo Rossi,GR
9844,3943,Daniel Martin,GR
9845,3944,Lucas Anderson,ES
9846,3944,Amelia Lee,ES
9847,3944,Alex Martin,ES
9848,3944,Isabella Anderson,ES
9849,3945,Mia Garcia,FR
9850,3945,Daniel Lee,FR
9851,3945,Mia Miller,NG
9852,3946,Amelia Taylor,RO
9853,3947,Mia Garcia,US
9854,3947,James Rossi,US
9855,3947,Lucas Martin,US
9856,3948,James Anderson,NL
9857,3948,Lucas Thomas,FR
9858,3949,Maria Thomas,GR
9859,3949,Lucas Anderson,IT
9860,3949,James Smith,GR
9861,3950,Ethan Brown,US
9862,3950,Maria Anderson,AL
9863,3950,Olivia Lewis,AL
9864,3951,James Moore,AL
9865,3951,Maria Lewis,AL
9866,3951,Olivia Clark,DE
9867,3952,Olivia Lee,ES
9868,3953,Olivia Lee,GR
9869,3953,Emma Lee,GR
9870,3953,Amelia Garcia,GR
9871,3953,Leo Miller,GR
9872,3954,Daniel Miller,ES
9873,3954,Leo Rossi,ES
9874,3954,Liam Wilson,ES
9875,3955,Emma Taylor,ES
9876,3955,Lucas Brown,ES
9877,3956,Leo Moore,AE
9878,3956,Leo Smith,US
9879,3956,Mia Moore,AE
9880,3956,James Lee,GR
9881,3957,James Lewis,RO
9882,3957,Alex Thomas,RO
9883,3958,James Martin,GR
9884,3958,James Miller,GR
9885,3959,Lucas Lewis,FR
9886,3959,Sofia Clark,FR
9887,3959,Alex Martin,FR
9888,3960,Daniel Moore,NG
9889,3960,Maria Lee,NG
9890,3960,Liam Lee,NG
9891,3961,Isabella Taylor,AL
9892,3961,Leo Garcia,AL
9893,3962,Liam Lewis,DE
9894,3963,Mia Lewis,RO
9895,3964,Ethan Martin,FR
9896,3965,Olivia Lee,RO
9897,3965,Ethan Clark,NG
9898,3965,Daniel Taylor,RO
9899,3965,Olivia Taylor,RO
9900,3966,Olivia Lewis,FR
9901,3966,Olivia Thomas,FR
9902,3967,Ava Wilson,IT
9903,3967,Leo Smith,IT
9904,3967,Liam Lewis,AL
9905,3968,Emma Rossi,GB
9906,3968,Sofia Lewis,NG
9907,3969,Ethan Anderson,NG
9908,3969,Amelia Garcia,NG
9909,3969,Maria Brown,NG
9910,3970,Isabella Lewis,IT
9911,3970,Maria Clark,IT
9912,3970,Leo Thomas,NL
9913,3970,James Garcia,IT
9914,3971,Leo Lee,NL
9915,3972,Amelia Taylor,GR
9916,3972,Daniel Lewis,DE
9917,3973,James Wilson,AL
9918,3973,Leo Martin,AL
9919,3973,Mia Brown,AL
9920,3974,Liam Miller,NG
9921,3974,Olivia Lewis,IT
9922,3975,Isabella Lewis,FR
9923,3975,Olivia Lee,NG
9924,3976,Maria Lewis,DE
9925,3977,Olivia Miller,GR
9926,3977,Daniel Lewis,DE
9927,3978,Isabella Moore,AE
9928,3979,Noah Miller,NG
9929,3980,Ava Brown,NG
9930,3981,Sofia Moore,FR
9931,3982,Lucas Miller,NG
9932,3983,Lucas Thomas,RO
9933,3983,Amelia Brown,RO
9934,3984,Ava Miller,ES
9935,3984,Amelia Brown,ES
9936,3984,Ethan Anderson,ES
9937,3984,Leo Rossi,ES
9938,3985,Mia Lewis,NG
9939,3985,Amelia Rossi,NG
9940,3985,Ava Wilson,IT
9941,3985,Daniel Miller,NG
9942,3986,Leo Garcia,NL
9943,3987,Alex Brown,GR
9944,3987,Sofia Miller,GR
9945,3988,Ava Martin,NL
9946,3988,Emma Smith,NL
9947,3988,Ethan Smith,RO
9948,3989,Ethan Brown,GR
9949,3989,Isabella Taylor,AL
9950,3990,Leo Garcia,ES
9951,3990,Ethan Thomas,ES
9952,3990,Sofia Lee,ES
9953,3990,Amelia Miller,ES
9954,3991,Leo Thomas,US
9955,3991,Maria Miller,US
9956,3992,Noah Lee,GR
9957,3993,Alex Smith,ES
9958,3994,Emma Thomas,NL
9959,3995,Daniel Smith,DE
9960,3995,Ava Brown,DE
9961,3995,Leo Rossi,DE
9962,3995,Leo Rossi,AE
9963,3996,Alex Wilson,AL
9964,3996,Leo Anderson,AL
9965,3996,Isabella Wilson,AL
9966,3996,Leo Miller,AL
9967,3997,Daniel Lee,RO
9968,3997,Ava Thomas,RO
9969,3998,Olivia Rossi,FR
9970,3998,Alex Anderson,FR
9971,3998,James Anderson,FR
9972,3999,Amelia Lewis,NL
9973,3999,James Martin,GR
9974,4000,Alex Wilson,FR
9975,4000,Ethan Smith,FR
9976,4001,Lucas Thomas,FR
9977,4001,Amelia Lee,FR
9978,4001,Maria Smith,FR
9979,4002,Mia Anderson,GR
9980,4002,Ethan Brown,GR
9981,4003,Leo Moore,GR
9982,4003,Daniel Moore,IT
9983,4004,Lucas Martin,RO
9984,4004,Leo Martin,NG
9985,4004,Mia Smith,RO
9986,4005,Daniel Brown,DE
9987,4005,Liam Lewis,US
9988,4005,Alex Lee,ES
9989,4005,Alex Taylor,US
9990,4006,Olivia Clark,FR
9991,4007,Olivia Lewis,AE
9992,4007,Amelia Martin,FR
9993,4007,Olivia Miller,AE
9994,4007,Isabella Anderson,AE
9995,4008,Lucas Moore,NG
9996,4008,Noah Brown,US
9997,4009,Lucas Wilson,US
9998,4009,Ava Wilson,US
9999,4010,Maria Brown,NG
10000,4010,Ava Garcia,NG
10001,4011,Ava Miller,RO
10002,4011,Emma Anderson,RO
10003,4012,Ava Anderson,NL
10004,4012,Maria Anderson,NL
10005,4012,Sofia Garcia,NL
10006,4013,James Smith,FR
10007,4013,Ava Thomas,RO
10008,4014,Liam Martin,AE
10009,4014,Maria Moore,AE
10010,4014,Liam Martin,AE
10011,4015,Noah Anderson,ES
10012,4016,Mia Rossi,NG
10013,4016,Lucas Smith,NG
10014,4016,Olivia Thomas,NG
10015,4017,Lucas Thomas,ES
10016,4017,Liam Clark,GR
10017,4018,Sofia Wilson,AL
10018,4019,Alex Garcia,IT
10019,4019,Daniel Clark,IT
10020,4020,Alex Wilson,RO
10021,4020,Leo Brown,RO
10022,4021,Maria Miller,IT
10023,4022,Amelia Moore,GB
10024,4022,Lucas Taylor,FR
10025,4022,Olivia Taylor,FR
10026,4022,Isabella Miller,FR
10027,4023,Leo Smith,AE
10028,4023,Maria Brown,FR
10029,4024,Ava Clark,DE
10030,4024,Olivia Lewis,DE
10031,4024,Noah Clark,DE
10032,4024,Maria Clark,NL
10033,4025,Isabella Rossi,AE
10034,4026,Ava Wilson,AE
10035,4027,Mia Moore,DE
10036,4027,Ava Clark,IT
10037,4028,James Martin,US
10038,4028,Ethan Rossi,US
10039,4029,Olivia Lewis,GB
10040,4029,Alex Lewis,US
10041,4030,Ava Rossi,FR
10042,4031,Sofia Thomas,NG
10043,4031,Liam Miller,NG
10044,4032,Ava Brown,US
10045,4033,Emma Taylor,NG
10046,4033,Isabella Lee,AL
10047,4033,Maria Rossi,AL
10048,4033,Mia Wilson,AL
10049,4034,Lucas Garcia,NG
10050,4034,Ethan Wilson,NG
10051,4034,Ethan Clark,NG
10052,4035,Emma Smith,IT
10053,4035,James Martin,IT
10054,4035,Amelia Martin,US
10055,4036,Ethan Garcia,GB
10056,4037,Emma Anderson,ES
10057,4037,Olivia Moore,ES
10058,4038,Lucas Taylor,RO
10059,4038,Maria Lewis,IT
10060,4039,Ava Moore,GB
10061,4039,Amelia Taylor,GB
10062,4039,Liam Lewis,GB
10063,4040,Noah Taylor,NL
10064,4040,Alex Thomas,ES
10065,4041,Maria Clark,NL
10066,4041,Olivia Martin,NL
10067,4041,Ava Anderson,NG
10068,4041,Olivia Brown,NL
10069,4042,Sofia Martin,IT
10070,4042,Amelia Garcia,IT
10071,4043,Ava Wilson,IT
10072,4043,Sofia Rossi,IT
10073,4043,Ethan Rossi,IT
10074,4044,Emma Smith,FR
10075,4045,Ethan Smith,AE
10076,4045,Ethan Anderson,FR
10077,4045,Leo Martin,AE
10078,4046,Ava Wilson,AE
10079,4046,Alex Moore,AE
10080,4047,Leo Wilson,FR
10081,4047,Noah Anderson,FR
10082,4047,Lucas Moore,FR
10083,4047,Ava Smith,FR
10084,4048,Isabella Anderson,GR
10085,4048,Lucas Martin,GB
10086,4048,Leo Taylor,GR
10087,4049,Sofia Lee,IT
10088,4049,Isabella Thomas,NG
10089,4049,Maria Lewis,NG
10090,4050,Isabella Taylor,US
10091,4050,Olivia Wilson,US
10092,4051,Isabella Lee,FR
10093,4051,Alex Brown,FR
10094,4051,Liam Smith,FR
10095,4051,Lucas Anderson,IT
10096,4052,Mia Anderson,GR
10097,4052,Olivia Brown,GR
10098,4052,Lucas Lee,GR
10099,4052,Amelia Smith,GR
10100,4053,Daniel Clark,GB
10101,4053,Mia Thomas,AL
10102,4054,Daniel Moore,FR
10103,4055,Ethan Thomas,AL
10104,4055,Mia Moore,AL
10105,4056,Emma Clark,DE
10106,4057,Isabella Clark,RO
10107,4057,Ava Moore,NG
10108,4057,Noah Lewis,DE
10109,4058,Daniel Lewis,NG
10110,4058,Ethan Smith,GR
10111,4058,Amelia Clark,NL
10112,4058,Leo Clark,GR
10113,4059,Olivia Wilson,ES
10114,4060,Olivia Anderson,NL
10115,4061,Ethan Brown,DE
10116,4061,Isabella Brown,ES
10117,4061,Noah Smith,ES
10118,4062,James Clark,GB
10119,4063,James Moore,AE
10120,4063,Maria Clark,AE
10121,4064,Lucas Miller,RO
10122,4064,Sofia Miller,US
10123,4064,Sofia Wilson,US
10124,4064,Liam Smith,US
10125,4065,Emma Rossi,ES
10126,4065,Leo Clark,DE
10127,4066,Olivia Smith,GR
10128,4066,Mia Smith,GR
10129,4066,Isabella Lee,GR
10130,4066,Olivia Martin,GR
10131,4067,Amelia Rossi,DE
10132,4068,Sofia Garcia,US
10133,4069,Mia Moore,DE
10134,4069,Sofia Brown,DE
10135,4070,Maria Clark,FR
10136,4070,Sofia Wilson,ES
10137,4070,Olivia Brown,NL
10138,4070,Lucas Lewis,GR
10139,4071,Daniel Taylor,NG
10140,4071,Liam Wilson,RO
10141,4071,Sofia Brown,NL
10142,4071,Emma Taylor,NG
10143,4072,Amelia Anderson,NL
10144,4072,Lucas Lee,FR
10145,4073,Daniel Brown,US
10146,4073,Isabella Brown,GR
10147,4073,Amelia Brown,US
10148,4074,Olivia Lewis,NL
10149,4074,Emma Wilson,NL
10150,4074,Ava Lewis,NL
10151,4074,Alex Taylor,NL
10152,4075,Amelia Smith,NL
10153,4075,Sofia Brown,NL
10154,4075,Isabella Thomas,US
10155,4075,Lucas Martin,NL
10156,4076,Isabella Rossi,GB
10157,4076,Alex Rossi,GB
10158,4076,Daniel Smith,GB
10159,4076,Emma Martin,GB
10160,4077,Ava Lee,AE
10161,4077,Ethan Thomas,GB
10162,4077,Ava Moore,GB
10163,4078,Ava Smith,FR
10164,4078,Daniel Wilson,GB
10165,4079,James Clark,US
10166,4079,Lucas Brown,US
10167,4079,Alex Garcia,RO
10168,4079,Mia Brown,US
10169,4080,Olivia Lewis,GR
10170,4081,Daniel Thomas,AE
10171,4082,Liam Thomas,GB
10172,4082,Sofia Rossi,GB
10173,4083,Olivia Martin,DE
10174,4083,Liam Clark,DE
10175,4083,Lucas Anderson,DE
10176,4084,Alex Smith,NG
10177,4084,Sofia Garcia,NG
10178,4085,Daniel Wilson,IT
10179,4086,Lucas Wilson,IT
10180,4087,Mia Clark,AL
10181,4088,Isabella Rossi,DE
10182,4088,Ethan Taylor,DE
10183,4088,Ethan Anderson,NG
10184,4088,Liam Taylor,DE
10185,4089,Lucas Brown,RO
10186,4089,Olivia Miller,FR
10187,4090,Daniel Rossi,GR
10188,4090,Ava Taylor,GR
10189,4090,Liam Garcia,GR
10190,4091,Ethan Brown,DE
10191,4092,Maria Anderson,NG
10192,4092,Sofia Lewis,NG
10193,4093,Liam Garcia,DE
10194,4093,Noah Lee,DE
10195,4093,James Lewis,IT
10196,4094,Olivia Smith,GR
10197,4095,Noah Anderson,IT
10198,4096,Noah Rossi,NL
10199,4097,Emma Taylor,GB
10200,4097,Leo Rossi,GB
10201,4097,Amelia Thomas,GB
10202,4098,Mia Brown,NG
10203,4098,Alex Rossi,NG
10204,4099,Emma Brown,FR
10205,4099,Alex Lewis,FR
10206,4099,Sofia Moore,FR
10207,4100,Leo Taylor,GB
10208,4100,Daniel Clark,GB
10209,4100,Amelia Wilson,GB
10210,4100,Daniel Anderson,GB
10211,4101,Maria Smith,IT
10212,4101,Alex Taylor,NL
10213,4101,Liam Thomas,RO
10214,4101,Maria Lee,AL
10215,4102,Liam Lewis,RO
10216,4102,Amelia Taylor,RO
10217,4103,Maria Miller,AE
10218,4104,Alex Rossi,GB
10219,4104,Maria Wilson,NG
10220,4104,Alex Clark,AE
10221,4105,Ethan Anderson,NG
10222,4106,Maria Garcia,IT
10223,4106,Emma Miller,IT
10224,4106,James Garcia,DE
10225,4107,Maria Rossi,RO
10226,4108,Noah Brown,AL
10227,4108,Mia Wilson,AE
10228,4108,Olivia Martin,FR
10229,4109,Daniel Clark,GR
10230,4109,James Miller,GR
10231,4110,Ethan Martin,US
10232,4111,Daniel Lee,DE
10233,4111,Sofia Lewis,DE
10234,4112,Maria Garcia,GB
10235,4112,Isabella Taylor,ES
10236,4113,Leo Brown,US
10237,4113,Maria Clark,US
10238,4114,Maria Martin,FR
10239,4114,Leo Thomas,FR
10240,4114,Emma Taylor,FR
10241,4114,Alex Clark,DE
10242,4115,Leo Wilson,RO
10243,4115,Leo Rossi,RO
10244,4116,Isabella Lee,IT
10245,4116,Leo Smith,IT
10246,4116,James Rossi,IT
10247,4116,Mia Moore,IT
10248,4117,Mia Garcia,IT
10249,4117,James Garcia,RO
10250,4118,Maria Wilson,RO
10251,4118,Sofia Lee,RO
10252,4118,Mia Brown,RO
10253,4119,Amelia Miller,NL
10254,4120,Sofia Garcia,AL
10255,4120,Ethan Brown,US
10256,4121,Emma Taylor,NG
10257,4122,Noah Clark,US
10258,4122,Noah Lewis,US
10259,4122,Sofia Garcia,ES
10260,4122,Amelia Garcia,GB
10261,4123,Sofia Garcia,NG
10262,4124,Daniel Clark,AL
10263,4124,Alex Martin,AL
10264,4124,Noah Miller,AL
10265,4124,Isabella Garcia,AL
10266,4125,Mia Rossi,AE
10267,4125,Mia Lewis,AE
10268,4125,Sofia Rossi,AE
10269,4125,Isabella Anderson,AE
10270,4126,Mia Wilson,RO
10271,4126,Liam Smith,RO
10272,4126,Leo Taylor,RO
10273,4127,Amelia Thomas,US
10274,4127,Emma Moore,US
10275,4127,Leo Taylor,US
10276,4127,Emma Lewis,US
10277,4128,Mia Miller,US
10278,4128,Daniel Martin,US
10279,4128,Olivia Rossi,IT
10280,4129,Lucas Rossi,AE
10281,4129,Lucas Garcia,AE
10282,4129,Emma Anderson,AE
10283,4130,Olivia Taylor,IT
10284,4130,Daniel Rossi,IT
10285,4131,Isabella Martin,FR
10286,4132,Ava Miller,ES
10287,4132,Ava Wilson,ES
10288,4132,Emma Miller,AE
10289,4132,Sofia Brown,DE
10290,4133,Emma Clark,NL
10291,4133,Mia Taylor,GR
10292,4133,Sofia Thomas,GR
10293,4134,Maria Miller,US
10294,4134,Isabella Martin,IT
10295,4135,Ava Garcia,GR
10296,4135,Liam Martin,RO
10297,4135,Liam Clark,RO
10298,4136,Lucas Moore,GR
10299,4136,Ethan Wilson,IT
10300,4137,Olivia Clark,GB
10301,4138,Noah Lewis,NG
10302,4138,James Thomas,NG
10303,4139,Mia Moore,DE
10304,4140,Olivia Moore,ES
10305,4140,Leo Wilson,ES
10306,4140,Olivia Rossi,ES
10307,4140,Amelia Smith,ES
10308,4141,James Lewis,DE
10309,4141,Ethan Moore,DE
10310,4141,Isabella Lee,AL
10311,4141,Olivia Moore,DE
10312,4142,Lucas Garcia,IT
10313,4143,Mia Anderson,ES
10314,4143,Emma Martin,ES
10315,4143,Daniel Anderson,ES
10316,4143,Ava Lee,ES
10317,4144,Liam Rossi,RO
10318,4145,Leo Wilson,GB
10319,4146,Sofia Miller,DE
10320,4146,Leo Brown,DE
10321,4146,Amelia Clark,DE
10322,4147,Ethan Brown,DE
10323,4147,Liam Anderson,DE
10324,4148,Sofia Anderson,GB
10325,4148,Sofia Clark,GB
10326,4148,Emma Miller,IT
10327,4149,Amelia Garcia,IT
10328,4150,Daniel Wilson,IT
10329,4150,Liam Taylor,AE
10330,4150,Noah Thomas,AE
10331,4150,Lucas Lee,AE
10332,4151,Olivia Garcia,US
10333,4152,Emma Thomas,RO
10334,4153,Maria Anderson,NL
10335,4154,Ethan Clark,FR
10336,4154,Maria Rossi,FR
10337,4155,Olivia Wilson,FR
10338,4156,James Taylor,GB
10339,4156,Isabella Lewis,GB
10340,4156,Noah Taylor,GB
10341,4156,Ava Moore,US
10342,4157,Leo Miller,GR
10343,4157,Ava Taylor,FR
10344,4158,Amelia Lewis,DE
10345,4158,Ava Wilson,GB
10346,4158,Isabella Moore,GB
10347,4158,Maria Wilson,GB
10348,4159,James Rossi,GB
10349,4159,Emma Rossi,GB
10350,4159,Maria Martin,GB
10351,4160,Daniel Taylor,NG
10352,4160,Ethan Wilson,NG
10353,4160,Olivia Taylor,NG
10354,4160,Alex Rossi,NG
10355,4161,Emma Thomas,IT
10356,4161,Sofia Smith,IT
10357,4161,Emma Brown,IT
10358,4161,Sofia Wilson,IT
10359,4162,Olivia Smith,NL
10360,4163,Emma Brown,AL
10361,4163,Maria Taylor,AL
10362,4163,Alex Thomas,US
10363,4163,Daniel Clark,US
10364,4164,Leo Lee,DE
10365,4164,Maria Garcia,DE
10366,4164,Sofia Martin,RO
10367,4164,Daniel Taylor,DE
10368,4165,Liam Lee,GR
10369,4165,Noah Anderson,GR
10370,4166,Amelia Anderson,FR
10371,4167,James Garcia,IT
10372,4167,Mia Rossi,IT
10373,4168,Lucas Clark,DE
10374,4168,Maria Taylor,DE
10375,4168,Amelia Miller,DE
10376,4169,Isabella Lewis,ES
10377,4170,Liam Wilson,US
10378,4170,Ava Smith,US
10379,4170,James Miller,US
10380,4170,Sofia Wilson,US
10381,4171,Noah Brown,GR
10382,4171,Maria Lee,GR
10383,4171,Maria Clark,GR
10384,4172,Isabella Clark,FR
10385,4173,Leo Moore,RO
10386,4173,Alex Taylor,RO
10387,4174,Noah Wilson,RO
10388,4174,James Miller,RO
10389,4174,Daniel Lewis,RO
10390,4175,Daniel Clark,DE
10391,4176,Emma Moore,AE
10392,4177,Isabella Lee,NG
10393,4178,Lucas Wilson,GR
10394,4178,James Rossi,GR
10395,4178,Amelia Rossi,GR
10396,4178,Liam Moore,NL
10397,4179,James Martin,AE
10398,4179,Noah Clark,AE
10399,4179,Daniel Garcia,AE
10400,4179,James Garcia,AE
10401,4180,Maria Garcia,US
10402,4180,Olivia Thomas,US
10403,4181,James Moore,AL
10404,4181,Leo Martin,AL
10405,4181,Liam Brown,AL
10406,4182,Alex Rossi,IT
10407,4183,Amelia Moore,RO
10408,4183,Maria Anderson,GB
10409,4183,Amelia Smith,GR
10410,4183,Alex Garcia,GR
10411,4184,Emma Lee,AL
10412,4184,Sofia Thomas,AL
10413,4184,James Thomas,AL
10414,4185,Liam Smith,AE
10415,4185,Ethan Anderson,AL
10416,4185,James Moore,AL
10417,4185,Mia Lewis,AL
10418,4186,Mia Moore,GR
10419,4186,Mia Smith,GR
10420,4187,Emma Garcia,US
10421,4188,Amelia Miller,AL
10422,4188,James Thomas,AL
10423,4188,Liam Martin,NG
10424,4188,Ava Miller,AL
10425,4189,Emma Smith,GR
10426,4189,Sofia Thomas,GR
10427,4189,Alex Lewis,GR
10428,4189,Mia Miller,GR
10429,4190,Alex Lee,RO
10430,4190,Noah Anderson,AE
10431,4191,Daniel Wilson,IT
10432,4191,Liam Garcia,IT
10433,4191,Maria Rossi,IT
10434,4192,Ava Miller,AE
10435,4192,Sofia Garcia,AE
10436,4192,Amelia Martin,AE
10437,4193,Alex Taylor,AL
10438,4194,Isabella Lewis,IT
10439,4194,Mia Brown,ES
10440,4194,James Smith,ES
10441,4195,Noah Martin,GB
10442,4195,Isabella Clark,FR
10443,4196,James Smith,IT
10444,4196,Olivia Garcia,US
10445,4197,Noah Taylor,NL
10446,4197,Leo Taylor,IT
10447,4197,Daniel Wilson,NL
10448,4198,Daniel Moore,GR
10449,4198,Leo Brown,GR
10450,4199,Ethan Miller,NG
10451,4199,Lucas Lee,NG
10452,4199,James Miller,NG
10453,4199,Emma Martin,DE
10454,4200,Liam Moore,US
10455,4200,Isabella Thomas,US
10456,4200,Ethan Miller,US
10457,4200,Sofia Wilson,US
10458,4201,Ethan Anderson,NG
10459,4201,Noah Moore,NG
10460,4201,James Anderson,NG
10461,4201,James Smith,NG
10462,4202,Alex Lewis,NG
10463,4203,Lucas Smith,RO
10464,4203,Mia Brown,IT
10465,4203,Sofia Lewis,IT
10466,4204,Alex Taylor,NL
10467,4204,Olivia Martin,NL
10468,4204,Amelia Lee,NL
10469,4205,Ethan Thomas,NG
10470,4205,Daniel Lewis,US
10471,4205,Olivia Garcia,NG
10472,4205,Maria Garcia,NG
10473,4206,Ava Miller,IT
10474,4207,Amelia Garcia,GB
10475,4207,Liam Smith,GB
10476,4208,Lucas Lewis,IT
10477,4209,Alex Wilson,ES
10478,4209,Lucas Moore,ES
10479,4209,Isabella Brown,ES
10480,4210,Emma Lewis,IT
10481,4210,Ethan Smith,IT
10482,4211,Leo Brown,DE
10483,4211,Emma Garcia,DE
10484,4212,Amelia Garcia,IT
10485,4212,Noah Wilson,NL
10486,4212,Lucas Lewis,IT
10487,4213,Sofia Smith,IT
10488,4214,Ethan Garcia,NG
10489,4214,Isabella Martin,NG
10490,4215,Mia Anderson,DE
10491,4215,Ethan Lee,DE
10492,4216,Lucas Anderson,NG
10493,4217,Emma Garcia,AL
10494,4217,Leo Clark,AL
10495,4217,Ava Rossi,RO
10496,4218,Sofia Garcia,IT
10497,4219,Amelia Miller,GB
10498,4219,Amelia Smith,GB
10499,4219,James Thomas,GR
10500,4219,James Martin,GB
10501,4220,Maria Rossi,RO
10502,4220,Isabella Lewis,RO
10503,4220,Noah Taylor,ES
10504,4220,Ethan Smith,RO
10505,4221,Daniel Rossi,NL
10506,4221,Daniel Miller,NL
10507,4221,Alex Lewis,NL
10508,4221,Noah Clark,NL
10509,4222,Emma Brown,NG
10510,4223,James Wilson,AL
10511,4223,Olivia Taylor,AL
10512,4223,Ava Moore,AL
10513,4223,Alex Lee,AL
10514,4224,James Miller,US
10515,4224,Leo Garcia,US
10516,4224,James Wilson,US
10517,4224,Lucas Martin,US
10518,4225,Amelia Taylor,RO
10519,4225,James Taylor,RO
10520,4225,Ava Lewis,RO
10521,4225,Daniel Rossi,RO
10522,4226,James Clark,AE
10523,4226,Maria Wilson,AE
10524,4227,Ethan Miller,IT
10525,4227,James Thomas,IT
10526,4227,Maria Wilson,AL
10527,4227,Alex Wilson,IT
10528,4228,Ethan Moore,RO
10529,4228,Maria Lee,RO
10530,4228,Ava Miller,NG
10531,4228,Liam Brown,RO
10532,4229,Lucas Martin,DE
10533,4229,Sofia Miller,IT
10534,4229,Daniel Smith,DE
10535,4229,Noah Lee,DE
10536,4230,Lucas Wilson,NL
10537,4231,Liam Smith,GB
10538,4232,Olivia Lee,DE
10539,4232,Leo Lewis,NG
10540,4233,Leo Garcia,FR
10541,4233,James Miller,FR
10542,4233,Leo Brown,FR
10543,4234,Amelia Miller,DE
10544,4235,Leo Garcia,AE
10545,4235,Ava Lewis,US
10546,4235,Maria Rossi,US
10547,4236,Noah Clark,NL
10548,4237,Olivia Clark,US
10549,4238,Noah Anderson,GB
10550,4238,James Rossi,NG
10551,4239,Leo Taylor,AE
10552,4239,Daniel Miller,GR
10553,4239,Mia Taylor,AE
10554,4240,Ethan Martin,GB
10555,4240,Emma Anderson,IT
10556,4240,Daniel Taylor,GB
10557,4240,Daniel Moore,GB
10558,4241,Ethan Miller,IT
10559,4241,James Lewis,NL
10560,4242,Emma Lee,RO
10561,4242,Mia Miller,NG
10562,4242,Lucas Anderson,RO
10563,4242,Ava Clark,RO
10564,4243,Ava Lee,NG
10565,4243,Daniel Clark,GR
10566,4243,Leo Taylor,GR
10567,4244,Isabella Brown,NG
10568,4245,Daniel Smith,GB
10569,4245,Ethan Wilson,GB
10570,4245,James Lewis,GB
10571,4245,Noah Moore,GB
10572,4246,Mia Garcia,IT
10573,4246,Lucas Wilson,IT
10574,4246,Liam Thomas,IT
10575,4247,Ethan Taylor,ES
10576,4247,Amelia Wilson,NG
10577,4247,Liam Clark,NG
10578,4247,Olivia Garcia,NG
10579,4248,Amelia Taylor,NG
10580,4248,Ava Clark,NG
10581,4249,Leo Taylor,GB
10582,4249,Mia Wilson,DE
10583,4250,James Wilson,RO
10584,4250,Maria Anderson,RO
10585,4251,Maria Lee,NG
10586,4251,Amelia Clark,NG
10587,4251,Emma Lee,NG
10588,4251,Alex Taylor,NG
10589,4252,Lucas Smith,GB
10590,4252,Olivia Taylor,GB
10591,4253,Sofia Thomas,AL
10592,4254,Sofia Brown,ES
10593,4254,Maria Smith,ES
10594,4255,Alex Brown,GR
10595,4255,Mia Miller,GR
10596,4255,Isabella Clark,RO
10597,4255,Daniel Taylor,GR
10598,4256,Alex Lee,AE
10599,4257,Daniel Taylor,FR
10600,4257,Emma Lee,FR
10601,4258,Ethan Lee,FR
10602,4258,Leo Garcia,FR
10603,4258,Mia Taylor,FR
10604,4259,Liam Anderson,GB
10605,4259,Isabella Rossi,US
10606,4259,Emma Miller,AE
10607,4259,Alex Taylor,AE
10608,4260,Maria Brown,AE
10609,4261,Olivia Wilson,US
10610,4261,Emma Anderson,US
10611,4261,Emma Martin,US
10612,4261,Leo Garcia,US
10613,4262,James Thomas,AL
10614,4262,Ava Lewis,AL
10615,4262,Maria Moore,AL
10616,4262,Ava Rossi,AL
10617,4263,Olivia Brown,NL
10618,4264,Isabella Wilson,RO
10619,4264,Lucas Taylor,RO
10620,4264,James Garcia,RO
10621,4264,Sofia Brown,NL
10622,4265,Liam Moore,ES
10623,4265,Olivia Rossi,NG
10624,4265,Noah Brown,IT
10625,4266,Maria Thomas,GB
10626,4267,Alex Lewis,AE
10627,4267,Sofia Garcia,AE
10628,4268,Emma Anderson,NL
10629,4268,Daniel Thomas,RO
10630,4269,Lucas Clark,ES
10631,4269,Isabella Clark,ES
10632,4270,Emma Wilson,RO
10633,4270,Ava Taylor,US
10634,4271,Isabella Miller,ES
10635,4271,Lucas Rossi,AL
10636,4271,Sofia Rossi,AL
10637,4271,Liam Brown,AL
10638,4272,Daniel Thomas,AL
10639,4272,Maria Rossi,AE
10640,4272,Ethan Wilson,AE
10641,4272,Daniel Thomas,AE
10642,4273,Daniel Garcia,NG
10643,4274,Alex Lee,IT
10644,4275,Emma Lewis,DE
10645,4275,James Martin,US
10646,4275,Ethan Brown,DE
10647,4275,Maria Garcia,DE
10648,4276,Liam Rossi,NG
10649,4276,Ethan Thomas,NG
10650,4276,James Taylor,NG
10651,4276,Ava Rossi,NL
10652,4277,Mia Taylor,GB
10653,4277,Liam Moore,GB
10654,4277,Sofia Brown,GB
10655,4277,Alex Wilson,GB
10656,4278,Sofia Clark,DE
10657,4278,James Rossi,DE
10658,4279,Sofia Miller,NL
10659,4279,Mia Wilson,NL
10660,4279,Sofia Miller,NL
10661,4279,Liam Garcia,NL
10662,4280,Ava Wilson,RO
10663,4280,Amelia Miller,RO
10664,4280,Olivia Martin,RO
10665,4280,Sofia Thomas,RO
10666,4281,Leo Lee,NG
10667,4281,Isabella Martin,NG
10668,4281,Emma Thomas,NG
10669,4282,Liam Moore,ES
10670,4282,Sofia Moore,FR
10671,4283,Ava Miller,DE
10672,4284,Liam Anderson,ES
10673,4284,Alex Miller,RO
10674,4284,Leo Rossi,RO
10675,4285,Lucas Taylor,NG
10676,4285,Leo Thomas,NG
10677,4285,Liam Clark,NG
10678,4286,Noah Thomas,RO
10679,4287,Lucas Clark,NL
10680,4287,Alex Martin,IT
10681,4287,Noah Brown,NL
10682,4288,Maria Clark,GR
10683,4288,Leo Miller,AE
10684,4289,Liam Miller,ES
10685,4290,Olivia Martin,NL
10686,4290,Ava Anderson,GR
10687,4291,Leo Lee,RO
10688,4291,Alex Taylor,ES
10689,4291,Isabella Anderson,ES
10690,4291,Mia Anderson,ES
10691,4292,Maria Moore,US
10692,4293,Alex Wilson,GR
10693,4293,Ava Smith,IT
10694,4293,James Thomas,GR
10695,4294,Olivia Garcia,AL
10696,4295,Alex Miller,IT
10697,4296,Olivia Brown,ES
10698,4297,Ethan Taylor,ES
10699,4297,Isabella Smith,ES
10700,4297,Liam Anderson,ES
10701,4297,Liam Smith,IT
10702,4298,Ethan Wilson,US
10703,4298,Daniel Wilson,US
10704,4299,Liam Thomas,IT
10705,4299,James Smith,IT
10706,4299,Mia Taylor,IT
10707,4300,Lucas Lewis,AE
10708,4300,James Garcia,AE
10709,4300,Leo Clark,AE
10710,4300,Olivia Lewis,AE
10711,4301,Amelia Clark,RO
10712,4301,Ava Clark,RO
10713,4302,Lucas Wilson,GR
10714,4302,Isabella Taylor,GR
10715,4302,James Smith,GR
10716,4303,Ava Thomas,NL
10717,4303,James Lee,NL
10718,4304,Liam Moore,AL
10719,4304,Amelia Wilson,AL
10720,4305,Liam Wilson,DE
10721,4306,Sofia Wilson,NG
10722,4306,Liam Taylor,NG
10723,4306,Lucas Smith,NG
10724,4307,Noah Anderson,DE
10725,4307,Olivia Lewis,DE
10726,4307,Mia Garcia,DE
10727,4308,Noah Miller,GB
10728,4308,Olivia Miller,GB
10729,4308,Ethan Clark,GB
10730,4309,Isabella Martin,DE
10731,4309,Maria Smith,GR
10732,4310,Alex Anderson,AL
10733,4311,Amelia Thomas,US
10734,4311,Maria Wilson,US
10735,4311,Maria Miller,GB
10736,4312,Mia Miller,RO
10737,4312,Isabella Clark,AE
10738,4313,Olivia Garcia,IT
10739,4314,Maria Smith,NG
10740,4314,Maria Rossi,NG
10741,4315,Olivia Rossi,RO
10742,4315,Alex Taylor,ES
10743,4315,Ethan Lewis,NG
10744,4316,Liam Garcia,AL
10745,4316,Liam Wilson,AL
10746,4316,Amelia Lee,AL
10747,4317,Noah Lewis,GR
10748,4318,Ethan Thomas,GB
10749,4318,Ethan Smith,GB
10750,4319,Liam Moore,NL
10751,4319,Mia Thomas,NL
10752,4319,Ava Brown,GB
10753,4320,Olivia Garcia,NG
10754,4321,Mia Taylor,US
10755,4321,Mia Taylor,US
10756,4321,Leo Martin,US
10757,4322,Liam Wilson,NG
10758,4322,Amelia Clark,GB
10759,4322,James Brown,GB
10760,4322,Emma Taylor,GB
10761,4323,Maria Taylor,IT
10762,4323,Ethan Martin,AE
10763,4323,Noah Taylor,AE
10764,4323,Amelia Rossi,AE
10765,4324,James Miller,IT
10766,4324,Sofia Taylor,IT
10767,4325,Ava Taylor,AE
10768,4326,Leo Lewis,AL
10769,4326,Maria Lewis,AL
10770,4327,Isabella Smith,AE
10771,4328,Isabella Rossi,GR
10772,4328,Noah Miller,GR
10773,4328,Ava Miller,GR
10774,4328,Isabella Thomas,GR
10775,4329,Ava Miller,ES
10776,4329,Noah Clark,NL
10777,4329,Lucas Brown,NL
10778,4329,Sofia Lee,NL
10779,4330,Sofia Taylor,NG
10780,4331,Sofia Anderson,RO
10781,4331,Emma Miller,IT
10782,4332,Liam Taylor,DE
10783,4333,Olivia Lee,GR
10784,4334,Sofia Taylor,NL
10785,4335,Olivia Lewis,NG
10786,4336,Sofia Lee,IT
10787,4336,Noah Taylor,IT
10788,4336,Maria Lee,IT
10789,4337,Emma Brown,AE
10790,4337,James Wilson,AE
10791,4337,Daniel Thomas,AE
10792,4338,Maria Lewis,DE
10793,4338,Daniel Martin,GB
10794,4338,Leo Rossi,NL
10795,4338,James Brown,ES
10796,4339,Mia Brown,ES
10797,4339,Mia Wilson,ES
10798,4339,Lucas Taylor,ES
10799,4340,Amelia Wilson,FR
10800,4340,Ava Garcia,FR
10801,4341,Maria Wilson,GB
10802,4341,Ava Clark,GB
10803,4341,Isabella Miller,GB
10804,4342,Amelia Brown,NG
10805,4342,Isabella Clark,NG
10806,4343,Sofia Clark,GR
10807,4343,Sofia Anderson,GR
10808,4343,Ava Brown,GR
10809,4343,Lucas Miller,GR
10810,4344,Olivia Taylor,GB
10811,4345,Noah Miller,RO
10812,4345,Mia Brown,RO
10813,4346,Olivia Anderson,GB
10814,4347,Maria Clark,AL
10815,4348,Daniel Taylor,GB
10816,4348,Ethan Taylor,NG
10817,4348,Noah Moore,AE
10818,4349,Ava Taylor,IT
10819,4349,Isabella Taylor,IT
10820,4350,Daniel Miller,ES
10821,4350,Sofia Lewis,ES
10822,4350,Lucas Thomas,IT
10823,4350,Alex Lee,ES
10824,4351,Leo Smith,NL
10825,4351,Emma Garcia,NL
10826,4351,Ethan Garcia,NL
10827,4351,Leo Lee,NL
10828,4352,Lucas Lee,GB
10829,4352,Olivia Anderson,GB
10830,4352,Emma Wilson,GB
10831,4352,Isabella Clark,GB
10832,4353,Daniel Smith,NG
10833,4353,Daniel Moore,NG
10834,4354,Ava Taylor,US
10835,4355,Olivia Martin,RO
10836,4355,Liam Anderson,RO
10837,4355,Emma Martin,RO
10838,4355,Ava Brown,RO
10839,4356,Leo Thomas,NL
10840,4357,Isabella Wilson,FR
10841,4357,Maria Martin,RO
10842,4358,Liam Garcia,IT
10843,4358,Ava Martin,FR
10844,4358,Maria Anderson,RO
10845,4359,Maria Smith,AE
10846,4359,Amelia Anderson,NL
10847,4359,Ava Garcia,AE
10848,4360,Olivia Thomas,GB
10849,4360,Lucas Wilson,GB
10850,4361,Daniel Moore,IT
10851,4361,Amelia Brown,DE
10852,4362,Alex Anderson,FR
10853,4362,Alex Wilson,FR
10854,4363,Olivia Clark,ES
10855,4363,James Rossi,ES
10856,4363,Lucas Moore,ES
10857,4364,Maria Anderson,NG
10858,4364,Sofia Brown,NG
10859,4364,Alex Thomas,NG
10860,4365,Sofia Lee,US
10861,4365,James Lewis,GR
10862,4366,Daniel Clark,US
10863,4366,Isabella Lewis,US
10864,4366,Sofia Taylor,US
10865,4366,Sofia Moore,US
10866,4367,Maria Miller,NL
10867,4367,Liam Moore,NL
10868,4367,Alex Miller,NL
10869,4367,Ethan Wilson,NL
10870,4368,Daniel Anderson,GB
10871,4368,Ethan Anderson,GB
10872,4368,Leo Miller,GB
10873,4369,Olivia Rossi,GB
10874,4369,Ava Clark,AL
10875,4370,Liam Clark,FR
10876,4370,Maria Taylor,US
10877,4370,Ava Miller,ES
10878,4371,Leo Thomas,RO
10879,4371,Daniel Taylor,RO
10880,4371,Ava Rossi,NL
10881,4371,Mia Wilson,ES
10882,4372,Liam Martin,GR
10883,4372,Noah Thomas,GR
10884,4373,Lucas Rossi,US
10885,4374,Noah Wilson,GB
10886,4375,Isabella Thomas,NL
10887,4375,Maria Lee,NL
10888,4375,Amelia Rossi,NL
10889,4375,Ava Moore,NL
10890,4376,Emma Thomas,GB
10891,4376,Isabella Brown,GB
10892,4376,Sofia Smith,DE
10893,4377,Emma Wilson,IT
10894,4377,Lucas Moore,IT
10895,4378,Leo Brown,ES
10896,4378,Mia Anderson,ES
10897,4379,Amelia Garcia,ES
10898,4379,Isabella Rossi,ES
10899,4379,Olivia Clark,ES
10900,4380,Liam Thomas,NG
10901,4380,Noah Moore,NG
10902,4380,Ethan Rossi,NG
10903,4380,Ava Clark,NG
10904,4381,Noah Taylor,NL
10905,4381,Ethan Wilson,NG
10906,4381,Alex Brown,NL
10907,4382,Lucas Smith,GB
10908,4382,Liam Anderson,GB
10909,4382,Amelia Miller,GB
10910,4382,Ava Miller,GB
10911,4383,Ethan Thomas,GB
10912,4383,Lucas Lewis,GB
10913,4383,Leo Garcia,GB
10914,4383,Leo Taylor,GB
10915,4384,Amelia Brown,DE
10916,4385,Amelia Smith,GR
10917,4385,Noah Thomas,GR
10918,4386,Olivia Thomas,NG
10919,4387,Liam Moore,ES
10920,4387,Mia Lewis,ES
10921,4388,James Clark,GB
10922,4388,Ava Martin,GB
10923,4388,Amelia Brown,GB
10924,4389,Ethan Smith,GR
10925,4389,Ethan Taylor,GR
10926,4390,Lucas Wilson,RO
10927,4390,Ethan Anderson,RO
10928,4390,Isabella Moore,RO
10929,4390,Alex Lewis,RO
10930,4391,James Smith,ES
10931,4391,Olivia Lewis,US
10932,4391,Alex Thomas,ES
10933,4392,Mia Brown,DE
10934,4393,James Wilson,GB
10935,4394,Amelia Brown,US
10936,4394,Emma Taylor,US
10937,4394,Isabella Taylor,US
10938,4395,Ethan Garcia,AE
10939,4395,Olivia Lee,AE
10940,4396,Leo Miller,RO
10941,4397,Mia Smith,AL
10942,4397,Ava Smith,AE
10943,4397,Leo Miller,RO
10944,4397,Olivia Miller,NG
10945,4398,Olivia Miller,GR
10946,4398,Lucas Smith,DE
10947,4398,Sofia Lee,DE
10948,4398,Ethan Taylor,DE
10949,4399,James Rossi,DE
10950,4400,Daniel Lee,NL
10951,4401,Alex Garcia,AL
10952,4402,Sofia Thomas,RO
10953,4402,James Smith,RO
10954,4403,Amelia Miller,US
10955,4403,Ethan Anderson,GR
10956,4403,Noah Rossi,GR
10957,4404,Ava Rossi,GR
10958,4405,Ethan Smith,AL
10959,4405,Sofia Moore,AL
10960,4405,Daniel Miller,AL
10961,4405,Leo Smith,AL
10962,4406,James Taylor,DE
10963,4406,Isabella Martin,DE
10964,4407,Amelia Thomas,ES
10965,4408,James Brown,DE
10966,4409,Olivia Wilson,US
10967,4410,Leo Anderson,US
10968,4410,Liam Martin,US
10969,4410,Mia Smith,US
10970,4411,Mia Clark,DE
10971,4411,Ava Brown,ES
10972,4412,Lucas Taylor,ES
10973,4413,Isabella Lee,US
10974,4413,Emma Lee,GR
10975,4413,Ethan Smith,GR
10976,4414,Leo Lee,AE
10977,4414,Liam Moore,AE
10978,4414,Alex Moore,AE
10979,4415,Amelia Smith,GR
10980,4415,Noah Martin,GR
10981,4415,Liam Garcia,AL
10982,4415,Mia Wilson,GR
10983,4416,Ava Taylor,NG
10984,4417,Lucas Moore,GB
10985,4417,Mia Martin,AL
10986,4417,Ava Wilson,GB
10987,4417,Mia Lee,IT
10988,4418,Daniel Clark,NL
10989,4418,Lucas Wilson,IT
10990,4419,Leo Clark,FR
10991,4419,Olivia Lewis,GR
10992,4419,Olivia Clark,DE
10993,4419,Noah Wilson,DE
10994,4420,Alex Garcia,IT
10995,4420,Lucas Wilson,IT
10996,4420,Ethan Lee,IT
10997,4420,Olivia Moore,IT
10998,4421,Alex Lewis,NG
10999,4421,Mia Thomas,FR
11000,4421,Noah Lewis,NG
11001,4421,Amelia Lee,NG
11002,4422,Daniel Taylor,AL
11003,4422,Emma Thomas,AL
11004,4422,Daniel Martin,DE
11005,4423,Daniel Thomas,FR
11006,4423,Isabella Lee,FR
11007,4423,Isabella Smith,FR
11008,4424,Olivia Rossi,GR
11009,4424,Sofia Smith,GR
11010,4424,Amelia Thomas,GR
11011,4424,Sofia Brown,GR
11012,4425,Mia Lee,AE
11013,4426,Sofia Lewis,FR
11014,4426,Isabella Wilson,FR
11015,4427,Leo Brown,NL
11016,4427,Ethan Taylor,DE
11017,4428,Isabella Clark,GR
11018,4428,Sofia Clark,GR
11019,4429,Daniel Lewis,DE
11020,4429,Maria Rossi,DE
11021,4429,Ethan Smith,DE
11022,4430,Lucas Smith,AE
11023,4431,Olivia Rossi,FR
11024,4431,Lucas Garcia,NL
11025,4431,Maria Thomas,FR
11026,4432,Ava Lewis,AE
11027,4432,Maria Taylor,AE
11028,4433,Sofia Rossi,NL
11029,4433,Emma Lee,NL
11030,4434,Noah Moore,AE
11031,4435,Alex Miller,AL
11032,4436,Olivia Rossi,AL
11033,4436,Isabella Rossi,AL
11034,4436,Maria Brown,FR
11035,4437,Leo Moore,FR
11036,4437,Ava Smith,FR
11037,4437,Maria Garcia,FR
11038,4438,Sofia Martin,NG
11039,4438,Ethan Martin,NG
11040,4438,Noah Moore,NG
11041,4438,Noah Smith,NG
11042,4439,Ava Taylor,NL
11043,4439,Sofia Lewis,NL
11044,4440,Alex Garcia,ES
11045,4440,Olivia Lee,NG
11046,4440,Emma Lewis,ES
11047,4440,Isabella Clark,ES
11048,4441,Maria Brown,IT
11049,4442,Maria Taylor,GR
11050,4442,Ava Thomas,GR
11051,4443,Leo Lee,RO
11052,4443,Sofia Rossi,RO
11053,4444,Leo Rossi,NL
11054,4445,Olivia Miller,US
11055,4445,Emma Thomas,NL
11056,4445,Ava Garcia,US
11057,4446,Maria Miller,NG
11058,4446,Liam Taylor,NG
11059,4446,Liam Thomas,NG
11060,4446,Amelia Miller,NG
11061,4447,Lucas Wilson,NL
11062,4448,Isabella Anderson,US
11063,4449,Alex Clark,NL
11064,4449,Sofia Brown,NG
11065,4449,Emma Taylor,NL
11066,4449,Daniel Brown,NL
11067,4450,Emma Taylor,IT
11068,4450,Ava Wilson,RO
11069,4450,Sofia Moore,RO
11070,4450,Ethan Lewis,GB
11071,4451,Isabella Moore,ES
11072,4451,Ethan Anderson,ES
11073,4452,Lucas Taylor,NL
11074,4452,Isabella Martin,NL
11075,4452,Liam Lee,NL
11076,4452,Lucas Wilson,NL
11077,4453,Emma Martin,NG
11078,4454,Sofia Lewis,ES
11079,4454,Isabella Garcia,ES
11080,4455,Ava Thomas,AL
11081,4455,Amelia Wilson,AL
11082,4455,Emma Wilson,AL
11083,4456,Maria Smith,IT
11084,4456,Alex Lee,IT
11085,4456,James Anderson,IT
11086,4457,Ethan Rossi,GB
11087,4457,Amelia Taylor,GB
11088,4457,Alex Lewis,RO
11089,4457,Leo Miller,GB
11090,4458,Alex Wilson,NL
11091,4459,Liam Anderson,NL
11092,4460,James Smith,US
11093,4460,James Wilson,US
11094,4460,Emma Thomas,US
11095,4461,Sofia Brown,GB
11096,4462,Ava Lee,ES
11097,4463,Mia Smith,ES
11098,4463,Lucas Rossi,AE
11099,4464,Daniel Lewis,AL
11100,4465,Ethan Taylor,FR
11101,4465,Noah Brown,FR
11102,4466,Ava Taylor,IT
11103,4467,Daniel Taylor,IT
11104,4467,Isabella Clark,IT
11105,4467,Maria Smith,IT
11106,4468,Isabella Lewis,NG
11107,4468,Amelia Lewis,NG
11108,4468,Maria Clark,NG
11109,4468,Olivia Clark,NG
11110,4469,Isabella Moore,FR
11111,4470,Leo Wilson,NG
11112,4471,Sofia Martin,ES
11113,4471,Leo Rossi,ES
11114,4471,Liam Thomas,ES
11115,4471,Noah Thomas,ES
11116,4472,Emma Moore,ES
11117,4473,Amelia Clark,GR
11118,4473,Olivia Brown,GR
11119,4473,Leo Clark,GR
11120,4473,Maria Wilson,GR
11121,4474,Maria Lee,GB
11122,4474,Ethan Brown,GB
11123,4475,Sofia Anderson,GR
11124,4475,Sofia Rossi,GR
11125,4476,Ava Garcia,AE
11126,4476,Sofia Brown,AE
11127,4476,James Smith,AE
11128,4476,Alex Taylor,RO
11129,4477,Leo Thomas,AL
11130,4477,Isabella Lee,AL
11131,4477,Amelia Anderson,AL
11132,4477,Amelia Clark,AL
11133,4478,Sofia Clark,NL
11134,4478,Amelia Moore,NL
11135,4478,Ethan Moore,NL
11136,4479,Mia Moore,US
11137,4479,Maria Smith,GR
11138,4479,Noah Brown,US
11139,4480,Alex Moore,GB
11140,4481,Alex Anderson,DE
11141,4481,Maria Taylor,RO
11142,4481,Leo Wilson,RO
11143,4482,Emma Smith,ES
11144,4482,Amelia Garcia,AL
11145,4483,Mia Rossi,IT
11146,4483,Ava Lewis,ES
11147,4484,Ava Brown,AL
11148,4484,Lucas Rossi,AL
11149,4485,Alex Lee,GR
11150,4486,Alex Martin,GR
11151,4487,Amelia Martin,AE
11152,4487,Lucas Anderson,AE
11153,4488,Daniel Anderson,AL
11154,4488,Leo Thomas,AL
11155,4488,Noah Martin,AL
11156,4489,Maria Lee,DE
11157,4489,Leo Lee,ES
11158,4489,Emma Rossi,ES
11159,4490,Liam Lee,GR
11160,4491,Lucas Martin,AE
11161,4491,Olivia Lewis,ES
11162,4491,Ava Thomas,AE
11163,4492,Liam Martin,IT
11164,4492,Emma Taylor,NG
11165,4492,Amelia Taylor,NG
11166,4492,Leo Brown,NG
11167,4493,Sofia Garcia,ES
11168,4493,Ava Clark,AL
11169,4494,Sofia Smith,AE
11170,4494,Emma Rossi,AE
11171,4494,Leo Moore,AE
11172,4495,Alex Anderson,AE
11173,4495,Liam Clark,AE
11174,4495,Ethan Clark,AE
11175,4496,Noah Miller,NL
11176,4496,Sofia Lee,NL
11177,4497,Isabella Garcia,RO
11178,4497,Amelia Rossi,RO
11179,4497,Sofia Moore,RO
11180,4497,Olivia Clark,RO
11181,4498,Daniel Martin,NL
11182,4498,Leo Rossi,NL
11183,4499,Olivia Smith,IT
11184,4499,Maria Lewis,IT
11185,4499,Olivia Lewis,IT
11186,4500,Amelia Wilson,AE
11187,4500,Ethan Rossi,AE
11188,4501,Daniel Brown,DE
11189,4501,Olivia Smith,DE
11190,4502,Ethan Rossi,US
11191,4502,Lucas Thomas,AE
11192,4502,Maria Smith,US
11193,4502,Liam Lewis,US
11194,4503,Mia Taylor,AE
11195,4503,Maria Clark,AE
11196,4504,Amelia Martin,NL
11197,4504,Daniel Thomas,NL
11198,4505,Daniel Brown,IT
11199,4505,Liam Smith,IT
11200,4505,Noah Garcia,RO
11201,4505,Liam Wilson,IT
11202,4506,Alex Wilson,AL
11203,4506,Sofia Martin,RO
11204,4506,Amelia Martin,AL
11205,4506,Maria Clark,AL
11206,4507,Olivia Garcia,GR
11207,4507,Mia Martin,GR
11208,4507,Noah Lewis,GR
11209,4507,Ethan Miller,GR
11210,4508,Emma Wilson,FR
11211,4508,Sofia Smith,NG
11212,4509,Maria Martin,FR
11213,4510,Liam Clark,AL
11214,4511,Alex Rossi,DE
11215,4512,Liam Martin,NL
11216,4513,Lucas Moore,NL
11217,4513,Olivia Taylor,DE
11218,4514,Emma Brown,IT
11219,4515,Sofia Garcia,AE
11220,4515,Maria Anderson,RO
11221,4515,Alex Taylor,NG
11222,4515,Ethan Anderson,AE
11223,4516,Ava Anderson,US
11224,4516,Daniel Clark,US
11225,4516,Amelia Clark,US
11226,4516,Noah Lewis,US
11227,4517,Ethan Rossi,IT
11228,4517,Emma Brown,IT
11229,4517,Daniel Wilson,IT
11230,4518,Noah Moore,NG
11231,4518,James Anderson,NG
11232,4518,Ethan Martin,NG
11233,4519,Amelia Lewis,NL
11234,4519,Ethan Clark,NL
11235,4520,Ava Miller,ES
11236,4521,James Lewis,FR
11237,4521,Liam Thomas,RO
11238,4521,Daniel Anderson,RO
11239,4521,Maria Wilson,RO
11240,4522,Daniel Moore,NL
11241,4522,Noah Wilson,NL
11242,4523,Ethan Garcia,NG
11243,4523,Lucas Wilson,NG
11244,4523,Ethan Lee,ES
11245,4523,Liam Lewis,NG
11246,4524,Ava Smith,US
11247,4524,Noah Moore,US
11248,4525,Ava Moore,FR
11249,4525,Leo Lee,FR
11250,4526,James Miller,US
11251,4526,Mia Moore,US
11252,4527,Lucas Wilson,NL
11253,4527,Mia Anderson,NL
11254,4528,Alex Wilson,IT
11255,4528,Amelia Wilson,IT
11256,4529,Isabella Miller,AL
11257,4529,James Brown,GB
11258,4530,Maria Wilson,IT
11259,4530,Amelia Taylor,NL
11260,4530,Maria Wilson,NL
11261,4530,Mia Wilson,NL
11262,4531,Ava Rossi,NG
11263,4531,Emma Brown,GB
11264,4531,Emma Wilson,GB
11265,4531,Maria Taylor,GB
11266,4532,Isabella Miller,FR
11267,4532,Isabella Lee,FR
11268,4532,Leo Martin,GB
11269,4532,Mia Wilson,RO
11270,4533,Isabella Lewis,US
11271,4534,Olivia Anderson,AL
11272,4535,Maria Wilson,ES
11273,4535,Emma Thomas,GB
11274,4535,Isabella Martin,GR
11275,4536,James Clark,NG
11276,4536,Maria Taylor,DE
11277,4536,James Taylor,DE
11278,4537,Ethan Moore,AL
11279,4537,Alex Anderson,GB
11280,4537,James Lee,GB
11281,4537,Maria Garcia,GB
11282,4538,Isabella Smith,FR
11283,4539,Liam Anderson,GR
11284,4540,Olivia Miller,GR
11285,4541,Alex Taylor,FR
11286,4542,Sofia Anderson,NG
11287,4542,Alex Smith,NG
11288,4542,Lucas Rossi,GB
11289,4542,Daniel Thomas,GR
11290,4543,Leo Thomas,DE
11291,4544,Olivia Anderson,NG
11292,4544,Daniel Martin,NG
11293,4544,Noah Lewis,DE
11294,4545,Liam Anderson,AL
11295,4545,Amelia Rossi,AL
11296,4545,Emma Brown,AL
11297,4545,Emma Moore,AL
11298,4546,Noah Smith,DE
11299,4546,Daniel Smith,DE
11300,4546,Olivia Rossi,DE
11301,4547,Leo Lee,GR
11302,4548,Ethan Clark,GB
11303,4548,Liam Smith,NL
11304,4548,Daniel Thomas,NL
11305,4548,Sofia Smith,NL
11306,4549,Olivia Rossi,US
11307,4550,Amelia Clark,GR
11308,4550,Ava Moore,NG
11309,4550,Sofia Smith,GR
11310,4550,Ava Lewis,GR
11311,4551,James Miller,NG
11312,4552,Alex Lewis,GR
11313,4552,Daniel Miller,GR
11314,4553,Olivia Garcia,AL
11315,4553,Amelia Garcia,AL
11316,4553,James Lee,AL
11317,4553,Mia Brown,GB
11318,4554,Ava Martin,AL
11319,4554,Leo Lewis,AL
11320,4555,Isabella Smith,DE
11321,4555,Mia Clark,DE
11322,4555,Alex Thomas,DE
11323,4556,Maria Anderson,NG
11324,4556,Alex Brown,NG
11325,4557,Daniel Wilson,IT
11326,4557,Daniel Lewis,IT
11327,4557,Maria Martin,AL
11328,4557,Liam Lewis,IT
11329,4558,Emma Smith,AL
11330,4558,Mia Smith,GR
11331,4558,Lucas Brown,AL
11332,4559,Mia Lewis,NL
11333,4560,Sofia Wilson,ES
11334,4561,Leo Lee,GR
11335,4562,Mia Taylor,RO
11336,4562,Sofia Lewis,RO
11337,4562,Maria Brown,RO
11338,4563,Lucas Miller,DE
11339,4564,Ava Miller,AE
11340,4564,Mia Garcia,AE
11341,4564,Ethan Smith,AE
11342,4564,Leo Miller,AE
11343,4565,Emma Wilson,NG
11344,4565,Isabella Miller,NG
11345,4565,Mia Lewis,NG
11346,4566,Amelia Wilson,GB
11347,4566,Sofia Wilson,GB
11348,4566,Isabella Moore,GB
11349,4567,Olivia Martin,NL
11350,4567,Alex Martin,NL
11351,4567,Mia Clark,NL
11352,4568,Maria Martin,NG
11353,4568,Isabella Brown,NL
11354,4568,Sofia Anderson,NG
11355,4568,Lucas Smith,NG
11356,4569,Sofia Miller,NL
11357,4569,Leo Rossi,ES
11358,4570,Alex Miller,US
11359,4570,Mia Clark,ES
11360,4571,Noah Anderson,AL
11361,4571,Sofia Clark,NG
11362,4571,Emma Lee,NG
11363,4572,Noah Brown,ES
11364,4573,Olivia Smith,GB
11365,4573,Isabella Garcia,IT
11366,4573,Liam Brown,US
11367,4574,James Lewis,IT
11368,4574,Ethan Miller,IT
11369,4575,James Lewis,GB
11370,4575,Sofia Thomas,GB
11371,4575,Ethan Thomas,GB
11372,4575,Liam Brown,GB
11373,4576,Ava Taylor,GR
11374,4576,Olivia Lee,IT
11375,4577,Ava Anderson,GB
11376,4577,Mia Lewis,GB
11377,4578,Olivia Martin,NL
11378,4578,Ethan Lewis,NL
11379,4579,Alex Martin,ES
11380,4579,Sofia Taylor,AE
11381,4579,Alex Taylor,ES
11382,4580,Liam Rossi,FR
11383,4581,Daniel Lee,NG
11384,4581,Maria Clark,NG
11385,4582,Olivia Lewis,GB
11386,4583,Sofia Anderson,AL
11387,4583,Mia Martin,AL
11388,4584,Noah Garcia,NL
11389,4584,James Brown,NL
11390,4585,Lucas Wilson,AE
11391,4586,Liam Lee,RO
11392,4587,Ethan Garcia,RO
11393,4587,Olivia Moore,RO
11394,4587,Sofia Moore,RO
11395,4587,Liam Lee,RO
11396,4588,Olivia Taylor,GB
11397,4588,Alex Moore,GB
11398,4588,Liam Moore,GB
11399,4588,Amelia Moore,GB
11400,4589,Ethan Taylor,GR
11401,4589,Ethan Wilson,GR
11402,4589,Lucas Moore,GR
11403,4589,Emma Smith,AL
11404,4590,Lucas Wilson,DE
11405,4590,Liam Rossi,DE
11406,4590,Alex Garcia,DE
11407,4591,Isabella Taylor,US
11408,4591,Isabella Thomas,NG
11409,4592,Leo Taylor,AL
11410,4592,James Brown,GR
11411,4593,Noah Rossi,GB
11412,4594,Maria Miller,DE
11413,4594,Maria Anderson,DE
11414,4594,Olivia Rossi,DE
11415,4594,Olivia Smith,DE
11416,4595,Sofia Brown,FR
11417,4596,Leo Thomas,RO
11418,4596,Daniel Brown,RO
11419,4596,Daniel Wilson,RO
11420,4597,Alex Taylor,DE
11421,4597,Mia Lewis,GR
11422,4597,Emma Lee,DE
11423,4598,Emma Thomas,US
11424,4598,Daniel Anderson,US
11425,4599,Liam Smith,US
11426,4599,Ava Brown,US
11427,4600,Sofia Taylor,IT
11428,4601,Isabella Lewis,AE
11429,4601,Sofia Miller,AL
11430,4601,Mia Taylor,AE
11431,4602,Alex Martin,DE
11432,4603,Lucas Rossi,AL
11433,4603,Maria Anderson,AL
11434,4603,Amelia Moore,AL
11435,4604,James Miller,RO
11436,4604,Mia Lee,FR
11437,4604,Ava Miller,RO
11438,4604,Amelia Martin,RO
11439,4605,Maria Moore,US
11440,4606,James Miller,AL
11441,4606,Mia Lee,GR
11442,4606,Emma Rossi,US
11443,4607,Ethan Lee,AE
11444,4608,Ethan Brown,FR
11445,4609,Mia Miller,AE
11446,4609,Isabella Rossi,ES
11447,4610,Liam Lewis,GR
11448,4611,Daniel Miller,NL
11449,4611,Ethan Moore,NL
11450,4612,Alex Anderson,NL
11451,4612,Amelia Rossi,NG
11452,4612,Ethan Moore,IT
11453,4613,Liam Anderson,NG
11454,4613,Isabella Miller,NG
11455,4614,Mia Anderson,NG
11456,4614,Emma Garcia,NG
11457,4615,Noah Brown,AL
11458,4616,Amelia Miller,US
11459,4616,Maria Wilson,NG
11460,4617,Ethan Clark,GR
11461,4617,Mia Lewis,GR
11462,4618,Daniel Taylor,DE
11463,4618,Leo Brown,DE
11464,4619,Leo Moore,IT
11465,4619,Ethan Smith,IT
11466,4619,Ethan Thomas,IT
11467,4620,Amelia Anderson,RO
11468,4621,Emma Lewis,IT
11469,4621,Maria Clark,IT
11470,4621,Mia Lewis,IT
11471,4621,Isabella Anderson,IT
11472,4622,Leo Rossi,RO
11473,4623,Emma Wilson,AL
11474,4623,Emma Lewis,AL
11475,4624,Noah Rossi,NL
11476,4624,Leo Lewis,AL
11477,4625,Amelia Brown,FR
11478,4626,Isabella Taylor,ES
11479,4627,Olivia Brown,GB
11480,4627,Amelia Garcia,GB
11481,4627,Sofia Smith,GB
11482,4627,Daniel Moore,GB
11483,4628,Maria Lewis,FR
11484,4628,Ethan Garcia,FR
11485,4629,Amelia Rossi,NG
11486,4630,Mia Martin,ES
11487,4630,Lucas Martin,ES
11488,4630,Ava Lee,ES
11489,4630,Isabella Moore,ES
11490,4631,Leo Wilson,DE
11491,4632,Emma Lee,AE
11492,4632,Sofia Moore,AE
11493,4632,Daniel Martin,AE
11494,4632,Ava Garcia,AE
11495,4633,Noah Anderson,AL
11496,4633,Lucas Lee,GB
11497,4633,Liam Anderson,AE
11498,4633,Emma Brown,GB
11499,4634,Amelia Thomas,NL
11500,4634,Sofia Lewis,NL
11501,4634,Ethan Anderson,ES
11502,4635,Lucas Moore,DE
11503,4635,Sofia Rossi,DE
11504,4635,Sofia Rossi,DE
11505,4635,Lucas Rossi,DE
11506,4636,Emma Lee,NL
11507,4637,Ava Miller,ES
11508,4638,Sofia Moore,GB
11509,4638,Daniel Taylor,GB
11510,4638,Alex Moore,GB
11511,4638,Daniel Taylor,GB
11512,4639,Amelia Lee,IT
11513,4640,Ethan Taylor,NL
11514,4641,Lucas Brown,GB
11515,4642,Ava Thomas,DE
11516,4642,Isabella Miller,ES
11517,4642,Ethan Martin,ES
11518,4642,Ava Lewis,DE
11519,4643,Amelia Moore,RO
11520,4644,Mia Rossi,GR
11521,4644,Isabella Wilson,GR
11522,4644,Olivia Martin,GR
11523,4644,James Lee,GR
11524,4645,Sofia Smith,AE
11525,4645,Ethan Smith,AE
11526,4645,Leo Garcia,RO
11527,4646,Lucas Martin,NG
11528,4646,Mia Martin,NG
11529,4646,Olivia Rossi,DE
11530,4647,Emma Martin,GB
11531,4647,Daniel Smith,GB
11532,4648,Lucas Martin,NG
11533,4649,Alex Rossi,AE
11534,4649,Sofia Garcia,AE
11535,4650,Lucas Brown,GB
11536,4650,Daniel Moore,IT
11537,4650,Maria Anderson,US
11538,4651,Ava Moore,NL
11539,4652,Lucas Clark,AE
11540,4653,Maria Taylor,RO
11541,4654,Alex Martin,AL
11542,4654,Emma Martin,RO
11543,4654,Lucas Clark,RO
11544,4654,Ethan Miller,AL
11545,4655,Daniel Lee,GR
11546,4655,Liam Taylor,GR
11547,4655,Sofia Wilson,GR
11548,4656,Alex Anderson,NL
11549,4656,Liam Brown,NL
11550,4656,Isabella Miller,NL
11551,4656,Sofia Clark,AE
11552,4657,Ava Thomas,NL
11553,4657,Amelia Moore,NL
11554,4657,Liam Thomas,NL
11555,4657,Emma Smith,NL
11556,4658,Liam Lee,AE
11557,4658,Ethan Clark,AE
11558,4658,Leo Rossi,AE
11559,4658,Lucas Garcia,GR
11560,4659,Olivia Lee,US
11561,4659,Ava Martin,GR
11562,4660,Noah Smith,GB
11563,4661,Sofia Miller,NL
11564,4661,Amelia Wilson,NL
11565,4661,Amelia Wilson,NL
11566,4662,Noah Moore,AL
11567,4662,James Miller,AL
11568,4662,Olivia Miller,AL
11569,4662,Maria Anderson,AL
11570,4663,Daniel Garcia,AL
11571,4663,James Anderson,AL
11572,4664,Ethan Lewis,GR
11573,4665,Ethan Smith,US
11574,4665,Olivia Brown,NG
11575,4666,Noah Lewis,NG
11576,4667,Isabella Lewis,IT
11577,4668,Ethan Thomas,DE
11578,4668,Amelia Miller,DE
11579,4668,Maria Martin,NL
11580,4668,Sofia Lewis,DE
11581,4669,Daniel Anderson,AE
11582,4669,Sofia Miller,AE
11583,4670,Alex Lee,IT
11584,4670,Ava Martin,IT
11585,4670,Amelia Brown,IT
11586,4670,Daniel Lee,IT
11587,4671,Maria Anderson,ES
11588,4672,Ethan Martin,RO
11589,4672,Emma Martin,NL
11590,4672,Maria Taylor,NL
11591,4673,Ava Taylor,GR
11592,4673,Emma Moore,NL
11593,4673,James Martin,RO
11594,4673,Olivia Garcia,NL
11595,4674,Liam Smith,NL
11596,4674,Noah Brown,NL
11597,4675,Noah Clark,AL
11598,4676,Liam Miller,IT
11599,4677,Leo Clark,ES
11600,4678,Lucas Wilson,US
11601,4679,Olivia Taylor,FR
11602,4679,Amelia Lee,NG
11603,4679,Liam Moore,NG
11604,4679,Ava Brown,NG
11605,4680,Mia Moore,ES
11606,4680,Amelia Thomas,ES
11607,4680,Daniel Brown,GB
11608,4681,Maria Lewis,RO
11609,4681,Liam Clark,RO
11610,4682,Alex Anderson,NG
11611,4683,Leo Garcia,RO
11612,4684,Liam Anderson,GB
11613,4684,Emma Lewis,GB
11614,4685,Emma Miller,IT
11615,4685,Noah Smith,IT
11616,4686,Ethan Moore,FR
11617,4686,Daniel Wilson,FR
11618,4687,James Lee,ES
11619,4687,Lucas Smith,ES
11620,4687,Ethan Brown,ES
11621,4687,Mia Martin,ES
11622,4688,Maria Brown,DE
11623,4688,Leo Thomas,DE
11624,4688,Emma Lee,DE
11625,4688,Ethan Miller,DE
11626,4689,Ethan Martin,GB
11627,4689,Lucas Garcia,GB
11628,4690,Maria Smith,FR
11629,4690,Lucas Garcia,FR
11630,4691,Olivia Thomas,NG
11631,4691,Noah Anderson,NG
11632,4691,Noah Thomas,IT
11633,4692,Ethan Rossi,FR
11634,4692,Daniel Lee,FR
11635,4693,Lucas Martin,AE
11636,4693,Amelia Anderson,AE
11637,4694,Lucas Anderson,US
11638,4695,Isabella Rossi,IT
11639,4695,Amelia Rossi,GB
11640,4695,Mia Moore,IT
11641,4695,Daniel Thomas,GB
11642,4696,Sofia Wilson,NG
11643,4697,Alex Martin,ES
11644,4697,Mia Taylor,AL
11645,4697,Noah Wilson,ES
11646,4697,Noah Lee,GB
11647,4698,Daniel Wilson,NG
11648,4698,Ethan Clark,NG
11649,4698,Isabella Thomas,NG
11650,4699,Alex Thomas,NL
11651,4699,Alex Anderson,NL
11652,4699,Daniel Taylor,NL
11653,4700,Olivia Thomas,AE
11654,4700,Leo Rossi,AE
11655,4700,Alex Lewis,AE
11656,4700,Emma Thomas,AE
11657,4701,Ava Martin,GR
11658,4702,Mia Rossi,NG
11659,4702,Isabella Brown,NG
11660,4702,Maria Miller,NG
11661,4702,Olivia Smith,NG
11662,4703,Mia Garcia,ES
11663,4703,James Lewis,ES
11664,4703,Noah Moore,ES
11665,4703,Sofia Martin,ES
11666,4704,Olivia Rossi,FR
11667,4704,Maria Anderson,FR
11668,4704,Amelia Lewis,FR
11669,4704,Alex Miller,FR
11670,4705,Alex Garcia,DE
11671,4705,Leo Thomas,GB
11672,4705,Noah Wilson,DE
11673,4705,Noah Thomas,DE
11674,4706,Maria Garcia,ES
11675,4707,Amelia Wilson,GR
11676,4707,Maria Moore,GR
11677,4708,Amelia Clark,FR
11678,4708,James Wilson,NL
11679,4708,Noah Martin,FR
11680,4708,Sofia Clark,FR
11681,4709,Liam Wilson,NL
11682,4709,Sofia Rossi,NL
11683,4710,Sofia Garcia,US
11684,4710,Olivia Smith,US
11685,4710,Ethan Garcia,US
11686,4710,Olivia Anderson,US
11687,4711,Lucas Martin,GB
11688,4712,James Anderson,US
11689,4712,Mia Wilson,GR
11690,4713,Noah Anderson,AL
11691,4714,Isabella Garcia,DE
11692,4714,Noah Smith,DE
11693,4714,James Thomas,DE
11694,4714,Mia Wilson,DE
11695,4715,Isabella Thomas,RO
11696,4715,Liam Lee,RO
11697,4715,Alex Smith,RO
11698,4715,Daniel Taylor,GR
11699,4716,Ethan Rossi,GB
11700,4717,Ava Smith,NL
11701,4717,Ava Miller,NG
11702,4717,Amelia Thomas,NG
11703,4717,James Rossi,NG
11704,4718,Mia Miller,FR
11705,4718,Maria Brown,FR
11706,4718,Lucas Brown,FR
11707,4718,Mia Lee,FR
11708,4719,Alex Wilson,IT
11709,4720,Noah Moore,NG
11710,4721,Mia Brown,IT
11711,4722,Mia Moore,NG
11712,4722,Alex Moore,NG
11713,4723,Leo Miller,NG
11714,4723,Leo Wilson,FR
11715,4724,Emma Martin,RO
11716,4724,Ava Lewis,US
11717,4724,James Taylor,RO
11718,4725,Olivia Rossi,GR
11719,4725,Ava Martin,AL
11720,4725,Liam Lewis,GR
11721,4726,Amelia Lewis,ES
11722,4727,Daniel Anderson,FR
11723,4727,Lucas Clark,NG
11724,4727,Mia Thomas,NL
11725,4728,Ava Lewis,FR
11726,4728,Daniel Martin,DE
11727,4728,James Smith,FR
11728,4728,Ava Clark,FR
11729,4729,Liam Lewis,AL
11730,4730,Emma Wilson,NL
11731,4730,Maria Lewis,NL
11732,4730,Ethan Clark,NL
11733,4731,Amelia Smith,NL
11734,4732,Leo Miller,IT
11735,4733,Amelia Moore,ES
11736,4733,Amelia Anderson,ES
11737,4733,Lucas Moore,ES
11738,4734,Isabella Miller,FR
11739,4734,Mia Taylor,FR
11740,4735,Emma Wilson,ES
11741,4735,Lucas Thomas,FR
11742,4735,Sofia Garcia,FR
11743,4736,Mia Miller,NL
11744,4736,Ava Thomas,NL
11745,4736,Emma Clark,NL
11746,4737,Maria Moore,ES
11747,4737,Ava Miller,ES
11748,4737,Emma Martin,AE
11749,4738,Emma Brown,FR
11750,4738,James Anderson,FR
11751,4738,Alex Lee,FR
11752,4739,Olivia Lee,GB
11753,4739,Olivia Taylor,GB
11754,4739,Sofia Miller,GB
11755,4739,Maria Smith,GB
11756,4740,Noah Lewis,AE
11757,4741,Mia Lewis,ES
11758,4742,Isabella Garcia,DE
11759,4742,Maria Garcia,GB
11760,4742,Leo Smith,DE
11761,4743,James Martin,NL
11762,4743,Noah Rossi,NL
11763,4743,Maria Martin,IT
11764,4743,Sofia Rossi,US
11765,4744,Amelia Taylor,ES
11766,4744,Ethan Lee,ES
11767,4744,Leo Rossi,ES
11768,4745,Maria Wilson,ES
11769,4745,Lucas Smith,ES
11770,4745,Emma Clark,AE
11771,4745,James Taylor,ES
11772,4746,Mia Wilson,US
11773,4746,Lucas Thomas,US
11774,4746,Olivia Miller,US
11775,4747,Lucas Lee,RO
11776,4748,Ethan Clark,GR
11777,4748,Amelia Taylor,GR
11778,4749,Liam Lee,NL
11779,4749,Lucas Miller,NL
11780,4750,Ava Lewis,FR
11781,4750,Emma Taylor,FR
11782,4750,Noah Smith,FR
11783,4751,Leo Moore,NG
11784,4751,Emma Moore,NG
11785,4751,Maria Martin,NG
11786,4752,Liam Brown,FR
11787,4752,Noah Lewis,FR
11788,4752,Leo Lewis,AE
11789,4753,Maria Rossi,AL
11790,4753,Mia Martin,ES
11791,4753,Maria Moore,NL
11792,4753,Sofia Martin,AL
11793,4754,Sofia Garcia,DE
11794,4754,Liam Lewis,DE
11795,4754,Olivia Thomas,DE
11796,4754,Lucas Lewis,DE
11797,4755,Mia Brown,FR
11798,4755,Sofia Thomas,FR
11799,4755,Mia Taylor,FR
11800,4756,Lucas Smith,AE
11801,4756,Alex Martin,ES
11802,4756,Amelia Thomas,ES
11803,4756,Amelia Thomas,ES
11804,4757,Maria Lee,RO
11805,4757,Maria Martin,AL
11806,4757,Amelia Brown,AE
11807,4758,Alex Clark,NG
11808,4758,Leo Brown,NG
11809,4758,Liam Lewis,NG
11810,4758,Liam Wilson,NL
11811,4759,Noah Clark,DE
11812,4759,Ava Taylor,DE
11813,4759,Emma Thomas,NL
11814,4760,Isabella Thomas,IT
11815,4760,Emma Wilson,GB
11816,4760,Leo Lee,GB
11817,4761,Noah Thomas,AE
11818,4762,Amelia Taylor,IT
11819,4762,James Clark,US
11820,4762,Maria Thomas,IT
11821,4762,Amelia Miller,GR
11822,4763,Amelia Taylor,RO
11823,4763,Mia Garcia,RO
11824,4763,Emma Wilson,RO
11825,4764,Maria Smith,AE
11826,4764,Mia Garcia,AE
11827,4764,Noah Wilson,AE
11828,4765,Ava Martin,AE
11829,4766,James Anderson,ES
11830,4766,Daniel Moore,ES
11831,4766,Mia Clark,ES
11832,4767,Maria Brown,ES
11833,4767,Sofia Clark,ES
11834,4768,Lucas Clark,GB
11835,4768,Lucas Smith,GB
11836,4769,Liam Brown,ES
11837,4769,Sofia Brown,US
11838,4769,Liam Moore,NL
11839,4770,Lucas Thomas,AL
11840,4770,Alex Moore,AL
11841,4770,James Rossi,AL
11842,4771,Maria Rossi,US
11843,4771,Emma Martin,RO
11844,4771,Liam Lewis,US
11845,4772,Sofia Thomas,IT
11846,4772,Leo Miller,DE
11847,4773,Emma Taylor,AE
11848,4774,Sofia Lewis,NL
11849,4774,Lucas Brown,NG
11850,4775,Ava Rossi,FR
11851,4775,Maria Garcia,FR
11852,4775,Ethan Lee,FR
11853,4775,Olivia Brown,FR
11854,4776,Alex Wilson,IT
11855,4776,Ethan Rossi,AE
11856,4776,Liam Brown,AE
11857,4777,Maria Moore,GR
11858,4777,Alex Miller,FR
11859,4777,Lucas Smith,GR
11860,4777,James Garcia,GR
11861,4778,Isabella Rossi,NL
11862,4778,Olivia Martin,NL
11863,4778,Amelia Clark,NL
11864,4778,Noah Lee,NL
11865,4779,Daniel Miller,AL
11866,4780,Noah Smith,FR
11867,4781,Olivia Moore,FR
11868,4781,Daniel Wilson,AL
11869,4781,James Rossi,FR
11870,4781,Sofia Garcia,FR
11871,4782,Liam Lewis,IT
11872,4782,Daniel Clark,GR
11873,4782,Maria Brown,NG
11874,4782,Mia Taylor,NG
11875,4783,Daniel Clark,RO
11876,4783,Leo Anderson,FR
11877,4783,Alex Martin,FR
11878,4784,Noah Smith,NL
11879,4785,James Smith,RO
11880,4785,Mia Brown,RO
11881,4785,Alex Taylor,RO
11882,4785,Sofia Anderson,RO
11883,4786,Sofia Rossi,AE
11884,4786,Alex Miller,AE
11885,4786,Lucas Brown,AE
11886,4786,Daniel Lewis,US
11887,4787,Liam Clark,NG
11888,4787,Emma Brown,DE
11889,4788,Amelia Smith,US
11890,4788,Daniel Lewis,RO
11891,4788,Emma Rossi,RO
11892,4788,Isabella Smith,NL
11893,4789,Olivia Rossi,FR
11894,4789,James Martin,FR
11895,4789,James Brown,FR
11896,4789,Mia Smith,ES
11897,4790,Maria Wilson,GR
11898,4790,Leo Anderson,GR
11899,4791,Noah Lewis,US
11900,4791,Emma Thomas,IT
11901,4792,Alex Martin,FR
11902,4792,Mia Lewis,AE
11903,4793,James Lee,ES
11904,4793,Ava Brown,ES
11905,4793,Sofia Taylor,ES
11906,4793,Noah Rossi,ES
11907,4794,Ethan Lewis,RO
11908,4794,Lucas Wilson,RO
11909,4794,Isabella Brown,RO
11910,4794,James Lee,RO
11911,4795,Ethan Rossi,FR
11912,4795,Ava Rossi,AE
11913,4795,Isabella Moore,FR
11914,4795,Leo Garcia,FR
11915,4796,Sofia Rossi,GB
11916,4796,Olivia Garcia,GB
11917,4796,Ava Anderson,GB
11918,4797,Amelia Wilson,DE
11919,4798,Olivia Smith,AE
11920,4798,Olivia Brown,AE
11921,4799,Maria Taylor,US
11922,4799,James Miller,US
11923,4800,Ava Smith,GR
11924,4800,Noah Smith,GR
11925,4801,Maria Garcia,DE
11926,4802,Daniel Lewis,ES
11927,4802,Emma Anderson,ES
11928,4802,Leo Garcia,ES
11929,4802,Noah Garcia,ES
11930,4803,Ethan Anderson,RO
11931,4803,James Garcia,NL
11932,4804,Olivia Brown,GB
11933,4804,Ava Smith,GB
11934,4804,Lucas Anderson,GB
11935,4804,Emma Taylor,GB
11936,4805,Ethan Garcia,GR
11937,4805,Amelia Lee,IT
11938,4805,Mia Moore,ES
11939,4806,James Moore,AL
11940,4806,Ava Lee,AL
11941,4807,Emma Anderson,NG
11942,4807,Liam Martin,NG
11943,4808,Maria Taylor,ES
11944,4809,Olivia Anderson,AE
11945,4809,Liam Moore,AE
11946,4809,Isabella Lee,AE
11947,4809,Alex Miller,AE
11948,4810,Noah Moore,NL
11949,4811,Daniel Smith,NL
11950,4811,Lucas Martin,NL
11951,4811,Emma Garcia,NL
11952,4812,Olivia Wilson,FR
11953,4813,Emma Lewis,NL
11954,4813,Amelia Anderson,US
11955,4814,Liam Taylor,US
11956,4814,Leo Anderson,US
11957,4814,Maria Smith,US
11958,4814,Mia Miller,RO
11959,4815,Maria Smith,GB
11960,4815,Sofia Anderson,NL
11961,4815,Leo Garcia,GB
11962,4816,Emma Smith,GR
11963,4816,Maria Wilson,GR
11964,4817,Noah Clark,DE
11965,4817,Emma Anderson,DE
11966,4818,Isabella Thomas,DE
11967,4818,Isabella Anderson,DE
11968,4818,Maria Rossi,DE
11969,4819,Ava Taylor,AL
11970,4820,Amelia Taylor,FR
11971,4820,Sofia Miller,FR
11972,4821,Sofia Martin,DE
11973,4822,Liam Thomas,NL
11974,4822,Leo Garcia,NL
11975,4822,Ethan Rossi,NL
11976,4822,Mia Taylor,NL
11977,4823,Isabella Taylor,DE
11978,4823,Amelia Moore,DE
11979,4823,Amelia Thomas,DE
11980,4823,Alex Clark,DE
11981,4824,Olivia Brown,DE
11982,4825,Liam Thomas,GR
11983,4825,Maria Rossi,IT
11984,4826,Olivia Anderson,DE
11985,4827,Isabella Anderson,GB
11986,4827,Daniel Brown,GB
11987,4827,Maria Clark,RO
11988,4828,Mia Rossi,DE
11989,4829,Isabella Moore,NG
11990,4829,Ava Anderson,AL
11991,4829,Noah Wilson,IT
11992,4829,Isabella Taylor,NL
11993,4830,Liam Thomas,DE
11994,4830,Daniel Martin,NG
11995,4830,Olivia Clark,NG
11996,4830,Olivia Lee,US
11997,4831,Emma Brown,RO
11998,4831,Emma Moore,RO
11999,4831,Noah Brown,NG
12000,4832,James Taylor,DE
12001,4832,Noah Thomas,NG
12002,4832,Olivia Rossi,DE
12003,4833,Maria Smith,NL
12004,4833,Ava Taylor,NL
12005,4833,Noah Anderson,NL
12006,4833,Sofia Anderson,NL
12007,4834,Emma Rossi,AE
12008,4834,Daniel Thomas,AE
12009,4835,Isabella Smith,NL
12010,4835,James Anderson,ES
12011,4835,Isabella Brown,ES
12012,4836,Amelia Anderson,AL
12013,4836,James Lee,ES
12014,4836,Lucas Wilson,ES
12015,4837,Ethan Anderson,IT
12016,4837,Mia Taylor,IT
12017,4837,Emma Lewis,RO
12018,4838,Ava Clark,GR
12019,4838,Liam Brown,GR
12020,4839,Noah Moore,IT
12021,4839,Lucas Rossi,IT
12022,4839,Noah Anderson,IT
12023,4839,Emma Brown,IT
12024,4840,Amelia Thomas,AE
12025,4841,Noah Moore,NL
12026,4841,Amelia Smith,NL
12027,4842,James Lee,FR
12028,4842,Alex Smith,FR
12029,4843,Isabella Rossi,ES
12030,4843,Mia Martin,ES
12031,4843,Liam Garcia,ES
12032,4843,Leo Lee,ES
12033,4844,Emma Wilson,IT
12034,4844,Maria Lewis,IT
12035,4844,Emma Smith,GB
12036,4844,Daniel Taylor,IT
12037,4845,Amelia Lewis,IT
12038,4846,Isabella Taylor,US
12039,4846,Olivia Taylor,US
12040,4847,James Smith,GB
12041,4847,Alex Lee,NG
12042,4847,Lucas Anderson,GB
12043,4848,Leo Brown,ES
12044,4848,Isabella Miller,ES
12045,4848,Alex Miller,ES
12046,4849,Leo Wilson,NL
12047,4849,Isabella Miller,GB
12048,4849,Ethan Wilson,FR
12049,4849,Isabella Miller,GB
12050,4850,Emma Taylor,NG
12051,4850,Amelia Lee,NL
12052,4850,Ethan Brown,NL
12053,4850,Olivia Miller,NL
12054,4851,Mia Brown,DE
12055,4851,Liam Garcia,DE
12056,4851,Noah Wilson,DE
12057,4852,Daniel Miller,GR
12058,4852,Leo Martin,DE
12059,4852,Noah Martin,GR
12060,4852,Lucas Brown,GR
12061,4853,Sofia Miller,ES
12062,4854,Olivia Lee,IT
12063,4854,Ava Brown,GR
12064,4855,Amelia Smith,AL
12065,4855,James Anderson,NL
12066,4855,Ethan Taylor,NL
12067,4855,Alex Miller,NL
12068,4856,Isabella Smith,IT
12069,4857,Maria Garcia,GR
12070,4857,Maria Smith,GR
12071,4857,Olivia Clark,FR
12072,4858,Mia Garcia,IT
12073,4858,Ethan Smith,IT
12074,4859,James Lee,NG
12075,4859,Amelia Lee,NG
12076,4859,Ethan Miller,NG
12077,4859,Amelia Garcia,NG
12078,4860,James Brown,GR
12079,4860,Isabella Clark,GR
12080,4861,Isabella Taylor,DE
12081,4862,Liam Lewis,AE
12082,4862,Noah Lewis,AE
12083,4862,Emma Smith,AE
12084,4863,Liam Rossi,RO
12085,4863,Maria Anderson,GB
12086,4863,Lucas Martin,GB
12087,4863,Noah Garcia,GB
12088,4864,Ethan Brown,AE
12089,4864,Alex Rossi,NL
12090,4864,Isabella Taylor,GR
12091,4864,Maria Lewis,GR
12092,4865,Daniel Brown,DE
12093,4865,Mia Brown,DE
12094,4865,Amelia Miller,DE
12095,4865,Leo Thomas,DE
12096,4866,Daniel Martin,FR
12097,4866,Mia Miller,FR
12098,4866,Lucas Anderson,FR
12099,4867,Ava Smith,US
12100,4867,Daniel Clark,GR
12101,4868,Mia Lee,NL
12102,4868,Amelia Rossi,US
12103,4869,Lucas Moore,US
12104,4869,Liam Lee,US
12105,4869,Noah Lewis,US
12106,4870,Daniel Lewis,AL
12107,4870,Emma Lewis,AL
12108,4871,Ethan Taylor,RO
12109,4871,Sofia Lewis,RO
12110,4871,Mia Martin,RO
12111,4871,Mia Wilson,RO
12112,4872,Noah Rossi,DE
12113,4872,Amelia Anderson,DE
12114,4872,Daniel Lewis,DE
12115,4873,Alex Brown,RO
12116,4873,Liam Anderson,RO
12117,4873,Maria Clark,RO
12118,4873,Amelia Moore,DE
12119,4874,Olivia Rossi,IT
12120,4874,James Martin,DE
12121,4874,Maria Miller,DE
12122,4875,Emma Anderson,AL
12123,4875,Lucas Anderson,NL
12124,4876,Emma Moore,NG
12125,4876,Noah Rossi,AL
12126,4876,Ethan Anderson,US
12127,4876,Daniel Taylor,AL
12128,4877,Isabella Miller,NL
12129,4877,Ava Lee,NL
12130,4877,Ava Taylor,NL
12131,4878,Ava Moore,RO
12132,4879,Olivia Wilson,GR
12133,4879,Mia Garcia,GB
12134,4880,Noah Garcia,AE
12135,4880,Olivia Rossi,AE
12136,4880,Noah Anderson,AE
12137,4881,Emma Martin,US
12138,4881,Liam Moore,US
12139,4881,Mia Smith,US
12140,4881,Isabella Brown,US
12141,4882,Maria Clark,DE
12142,4882,James Garcia,DE
12143,4883,Emma Martin,AL
12144,4883,Amelia Martin,AL
12145,4883,Liam Moore,ES
12146,4883,Liam Miller,AL
12147,4884,Olivia Miller,NL
12148,4884,Leo Miller,GR
12149,4884,Daniel Brown,NL
12150,4884,Lucas Miller,ES
12151,4885,Daniel Garcia,RO
12152,4886,Emma Thomas,NL
12153,4887,Isabella Rossi,RO
12154,4887,James Clark,AL
12155,4887,Sofia Lee,RO
12156,4888,Daniel Thomas,ES
12157,4889,Isabella Lewis,NL
12158,4889,Maria Rossi,NG
12159,4889,Lucas Wilson,NG
12160,4890,Liam Clark,AL
12161,4891,James Miller,NL
12162,4891,Mia Miller,NL
12163,4892,Ethan Martin,RO
12164,4892,Isabella Martin,RO
12165,4892,Lucas Taylor,RO
12166,4893,Sofia Garcia,ES
12167,4893,Noah Lewis,US
12168,4893,Noah Miller,ES
12169,4894,Olivia Lewis,NG
12170,4894,Lucas Miller,NG
12171,4895,Noah Moore,DE
12172,4895,Liam Miller,DE
12173,4895,James Lee,DE
12174,4896,Leo Taylor,DE
12175,4896,Emma Rossi,DE
12176,4896,Noah Wilson,DE
12177,4897,Leo Lewis,US
12178,4897,Amelia Wilson,US
12179,4897,Amelia Miller,AL
12180,4898,Ava Taylor,NL
12181,4899,James Lee,GR
12182,4899,Olivia Brown,GR
12183,4899,Maria Thomas,GR
12184,4899,James Lee,GR
12185,4900,Noah Anderson,ES
12186,4901,Ethan Smith,NL
12187,4901,Mia Garcia,IT
12188,4902,Ethan Moore,NL
12189,4902,Leo Smith,NL
12190,4902,Lucas Smith,NL
12191,4903,Ethan Martin,AL
12192,4903,James Miller,DE
12193,4904,Amelia Rossi,DE
12194,4904,Alex Rossi,DE
12195,4904,Maria Miller,DE
12196,4904,Noah Taylor,DE
12197,4905,Maria Lewis,IT
12198,4905,Amelia Lee,IT
12199,4906,Amelia Brown,RO
12200,4906,Daniel Lewis,RO
12201,4906,Leo Thomas,RO
12202,4907,Ava Garcia,GR
12203,4907,Ethan Miller,NL
12204,4908,Leo Smith,NG
12205,4908,Daniel Taylor,NG
12206,4908,Ethan Brown,NG
12207,4908,Lucas Taylor,NG
12208,4909,Alex Lee,FR
12209,4910,Liam Lee,GR
12210,4910,Ava Wilson,GR
12211,4911,Ethan Lee,NL
12212,4911,Alex Taylor,NL
12213,4911,Ethan Lewis,NG
12214,4912,Ethan Smith,FR
12215,4913,Alex Lee,IT
12216,4913,Amelia Moore,FR
12217,4913,Maria Anderson,FR
12218,4914,Sofia Rossi,IT
12219,4914,Olivia Smith,IT
12220,4914,Alex Moore,NL
12221,4915,Ava Thomas,GR
12222,4915,Leo Wilson,GR
12223,4916,Ava Lewis,RO
12224,4916,Lucas Garcia,NG
12225,4916,Amelia Clark,NG
12226,4917,Lucas Anderson,NG
12227,4917,Isabella Rossi,NG
12228,4917,James Thomas,NG
12229,4918,Olivia Garcia,IT
12230,4918,Daniel Moore,ES
12231,4918,Ava Miller,IT
12232,4919,Sofia Rossi,NL
12233,4919,Mia Clark,ES
12234,4920,Amelia Anderson,ES
12235,4921,Olivia Brown,DE
12236,4921,Mia Taylor,DE
12237,4921,Ava Smith,DE
12238,4921,Sofia Wilson,AL
12239,4922,Noah Smith,NG
12240,4922,Sofia Smith,NG
12241,4922,Maria Clark,NG
12242,4922,Ava Garcia,NG
12243,4923,Alex Miller,GR
12244,4923,Ethan Rossi,GR
12245,4924,Noah Moore,RO
12246,4924,Isabella Taylor,NG
12247,4924,Sofia Rossi,RO
12248,4925,Isabella Garcia,IT
12249,4925,James Lewis,NL
12250,4926,Alex Moore,IT
12251,4927,Noah Smith,AE
12252,4927,Maria Thomas,AE
12253,4927,Liam Wilson,AE
12254,4928,Olivia Lewis,ES
12255,4928,Isabella Moore,ES
12256,4928,Ethan Smith,ES
12257,4929,Isabella Garcia,NG
12258,4929,Ava Wilson,NG
12259,4929,Ethan Anderson,RO
12260,4929,James Smith,NG
12261,4930,Olivia Garcia,US
12262,4930,Lucas Brown,US
12263,4930,James Thomas,US
12264,4930,Ethan Garcia,US
12265,4931,James Wilson,GR
12266,4931,Ava Smith,GR
12267,4931,Ethan Lewis,GR
12268,4931,Emma Martin,GR
12269,4932,Alex Clark,ES
12270,4933,Amelia Lee,AE
12271,4933,Ava Taylor,AL
12272,4933,Olivia Smith,RO
12273,4934,Ethan Martin,AL
12274,4934,Ethan Garcia,GR
12275,4935,Olivia Lewis,US
12276,4936,Liam Smith,NL
12277,4937,Daniel Clark,IT
12278,4938,Isabella Brown,ES
12279,4939,Lucas Wilson,NG
12280,4939,Alex Lee,NG
12281,4939,Mia Clark,NL
12282,4940,Isabella Brown,GB
12283,4940,Daniel Taylor,GB
12284,4941,Olivia Moore,ES
12285,4941,Mia Wilson,ES
12286,4941,Daniel Lee,ES
12287,4942,Daniel Thomas,AE
12288,4942,Alex Lewis,AE
12289,4942,Emma Rossi,IT
12290,4943,Mia Lewis,US
12291,4943,Sofia Wilson,US
12292,4944,Noah Brown,RO
12293,4945,Noah Moore,FR
12294,4946,Maria Lewis,NG
12295,4947,Liam Brown,DE
12296,4947,Olivia Garcia,DE
12297,4948,Olivia Lee,AL
12298,4949,Amelia Rossi,IT
12299,4949,Maria Moore,IT
12300,4949,Alex Lewis,US
12301,4949,Isabella Clark,IT
12302,4950,Olivia Wilson,RO
12303,4950,James Brown,RO
12304,4950,Mia Garcia,RO
12305,4951,James Rossi,GR
12306,4951,Mia Garcia,GR
12307,4951,Olivia Clark,GR
12308,4952,Isabella Thomas,AE
12309,4952,Lucas Wilson,NG
12310,4952,Mia Lewis,NG
12311,4953,Daniel Clark,AL
12312,4953,Maria Clark,DE
12313,4954,Maria Wilson,IT
12314,4954,Alex Thomas,IT
12315,4955,James Smith,NL
12316,4955,Mia Martin,NL
12317,4955,Isabella Martin,NL
12318,4956,Liam Taylor,AE
12319,4956,Maria Clark,GB
12320,4957,Leo Lewis,ES
12321,4957,Noah Smith,ES
12322,4957,Maria Miller,ES
12323,4957,Lucas Moore,ES
12324,4958,James Moore,FR
12325,4958,Emma Anderson,FR
12326,4958,Ava Thomas,FR
12327,4958,Lucas Brown,FR
12328,4959,Lucas Lewis,RO
12329,4959,Sofia Thomas,RO
12330,4959,Ava Taylor,RO
12331,4960,Sofia Clark,DE
12332,4961,Ava Lewis,AL
12333,4961,Liam Miller,AL
12334,4961,Leo Miller,AL
12335,4961,Alex Taylor,AL
12336,4962,Isabella Miller,NL
12337,4962,Sofia Miller,NL
12338,4962,Liam Anderson,NL
12339,4963,Emma Thomas,NG
12340,4963,James Garcia,NG
12341,4963,Emma Lewis,NG
12342,4963,Leo Martin,NG
12343,4964,Isabella Anderson,ES
12344,4965,Emma Smith,GB
12345,4965,Lucas Lewis,GB
12346,4966,Lucas Clark,ES
12347,4966,Alex Rossi,ES
12348,4966,James Thomas,IT
12349,4967,Isabella Miller,GB
12350,4967,Lucas Lee,GR
12351,4968,Liam Moore,GR
12352,4968,Mia Martin,GR
12353,4969,Ava Lewis,RO
12354,4970,Isabella Lewis,DE
12355,4971,Emma Anderson,AL
12356,4971,Noah Miller,AL
12357,4972,Olivia Wilson,ES
12358,4972,Daniel Garcia,GB
12359,4972,Olivia Brown,GB
12360,4972,Emma Anderson,GB
12361,4973,Ethan Rossi,NG
12362,4973,Isabella Miller,AE
12363,4973,Noah Wilson,NG
12364,4973,Amelia Lee,NG
12365,4974,Emma Miller,US
12366,4974,Olivia Brown,US
12367,4974,Alex Brown,RO
12368,4974,Alex Moore,DE
12369,4975,Daniel Anderson,GB
12370,4975,Lucas Clark,GB
12371,4975,Mia Rossi,GB
12372,4976,Daniel Clark,AL
12373,4977,Sofia Anderson,GR
12374,4977,Amelia Garcia,GR
12375,4977,Mia Smith,GR
12376,4977,Mia Garcia,GR
12377,4978,Leo Miller,NL
12378,4978,Ava Brown,NL
12379,4978,Emma Rossi,NL
12380,4978,Emma Lee,NL
12381,4979,Noah Lewis,NL
12382,4979,Lucas Moore,NL
12383,4979,Sofia Martin,NL
12384,4980,James Wilson,AE
12385,4980,Lucas Rossi,AE
12386,4980,Liam Lewis,AE
12387,4981,Emma Clark,ES
12388,4982,Amelia Moore,GB
12389,4983,Noah Anderson,DE
12390,4984,Noah Lee,DE
12391,4984,Alex Taylor,DE
12392,4984,Lucas Garcia,DE
12393,4984,Lucas Taylor,DE
12394,4985,James Lewis,IT
12395,4986,Leo Wilson,ES
12396,4986,Liam Moore,ES
12397,4986,Leo Lee,ES
12398,4987,Maria Brown,GB
12399,4987,James Smith,AL
12400,4987,Isabella Taylor,AE
12401,4988,Leo Lee,DE
12402,4988,Maria Martin,DE
12403,4988,Olivia Anderson,DE
12404,4988,Leo Lee,DE
12405,4989,Daniel Lee,GR
12406,4989,Sofia Lewis,RO
12407,4989,Ethan Anderson,GR
12408,4990,Ava Smith,AL
12409,4991,Daniel Taylor,ES
12410,4991,Mia Martin,AE
12411,4991,Isabella Lewis,ES
12412,4992,Sofia Rossi,FR
12413,4992,James Martin,ES
12414,4993,Sofia Smith,AL
12415,4994,Ethan Taylor,DE
12416,4994,Isabella Miller,DE
12417,4994,Liam Lee,DE
12418,4994,Alex Martin,DE
12419,4995,Isabella Clark,IT
12420,4995,Noah Martin,IT
12421,4996,Mia Brown,NL
12422,4996,Daniel Clark,US
12423,4997,Sofia Lewis,US
12424,4997,Alex Lee,AL
12425,4997,Daniel Rossi,AL
12426,4998,Noah Moore,US
12427,4998,Olivia Lee,US
12428,4999,Ethan Anderson,DE
12429,4999,Alex Martin,DE
12430,5000,Mia Garcia,GB
12431,5000,Sofia Rossi,GB
12432,5001,Ethan Lewis,AL
12433,5001,Noah Clark,AL
12434,5002,Amelia Moore,AE
12435,5003,James Anderson,AE
12436,5004,Noah Lee,NL
12437,5005,Amelia Lewis,AL
12438,5005,Amelia Lewis,AL
12439,5005,Mia Smith,DE
12440,5005,James Garcia,AL
12441,5006,Sofia Brown,NG
12442,5006,Maria Martin,FR
12443,5006,Daniel Wilson,NG
12444,5006,Mia Garcia,NG
12445,5007,Leo Anderson,AL
12446,5008,Sofia Lewis,AE
12447,5009,James Miller,RO
12448,5010,Alex Taylor,NL
12449,5010,Isabella Moore,RO
12450,5010,Liam Martin,NL
12451,5011,Noah Lewis,NG
12452,5011,Alex Lewis,IT
12453,5012,Amelia Moore,AL
12454,5012,Emma Wilson,US
12455,5012,Alex Rossi,IT
12456,5012,Ethan Garcia,RO
12457,5013,Amelia Thomas,AL
12458,5013,Olivia Miller,AL
12459,5013,Mia Garcia,AL
12460,5013,Liam Anderson,AL
12461,5014,Daniel Wilson,NG
12462,5014,Mia Brown,NG
12463,5015,Sofia Wilson,DE
12464,5015,Isabella Thomas,RO
12465,5015,Daniel Taylor,RO
12466,5015,Ava Taylor,RO
12467,5016,Ava Thomas,ES
12468,5017,Alex Clark,NG
12469,5017,Emma Clark,AL
12470,5017,Emma Thomas,AL
12471,5018,Liam Garcia,AE
12472,5019,Sofia Taylor,FR
12473,5020,Leo Miller,FR
12474,5021,Ava Taylor,RO
12475,5021,Lucas Clark,GR
12476,5021,Leo Lewis,GR
12477,5021,Leo Brown,FR
12478,5022,Maria Wilson,FR
12479,5022,Alex Miller,FR
12480,5022,Ava Lee,FR
12481,5022,Ethan Lee,FR
12482,5023,Amelia Miller,FR
12483,5024,Maria Garcia,US
12484,5025,Ava Taylor,NL
12485,5026,Sofia Thomas,DE
12486,5027,Amelia Garcia,NL
12487,5027,Sofia Wilson,NL
12488,5028,Olivia Anderson,IT
12489,5028,Amelia Moore,IT
12490,5029,Isabella Brown,GR
12491,5029,Amelia Lewis,GR
12492,5030,Sofia Clark,GB
12493,5030,Leo Smith,GB
12494,5030,Leo Rossi,GB
12495,5030,Maria Brown,RO
12496,5031,Alex Smith,AE
12497,5031,Isabella Rossi,US
12498,5032,Alex Moore,GB
12499,5032,Emma Taylor,GB
12500,5032,Noah Thomas,GB
12501,5033,Ava Garcia,ES
12502,5033,Mia Smith,ES
12503,5033,Leo Wilson,ES
12504,5033,Amelia Clark,US
12505,5034,Isabella Clark,IT
12506,5034,Liam Taylor,US
12507,5034,Daniel Clark,IT
12508,5034,James Lewis,NG
12509,5035,Lucas Martin,DE
12510,5035,Leo Rossi,DE
12511,5035,Sofia Lewis,DE
12512,5035,Alex Lee,DE
12513,5036,Mia Wilson,GR
12514,5036,Sofia Brown,GR
12515,5036,James Garcia,FR
12516,5037,Lucas Miller,GR
12517,5037,Amelia Brown,GR
12518,5038,Sofia Thomas,NG
12519,5039,Sofia Lee,AE
12520,5039,Mia Rossi,NL
12521,5040,Liam Martin,RO
12522,5040,Maria Rossi,RO
12523,5040,Ava Lewis,RO
12524,5041,Amelia Thomas,NG
12525,5042,Ava Lewis,ES
12526,5042,Ethan Wilson,ES
12527,5042,Ethan Miller,ES
12528,5043,Lucas Thomas,NG
12529,5044,Olivia Moore,AE
12530,5044,Olivia Martin,AE
12531,5045,Mia Lee,DE
12532,5045,Mia Smith,DE
12533,5046,Amelia Rossi,NL
12534,5047,Sofia Wilson,NL
12535,5047,Liam Anderson,NL
12536,5047,James Miller,NL
12537,5047,Ethan Wilson,NL
12538,5048,Emma Martin,IT
12539,5048,Sofia Martin,IT
12540,5049,Isabella Miller,AL
12541,5049,Alex Taylor,NG
12542,5049,Ethan Garcia,NL
12543,5049,Isabella Taylor,NL
12544,5050,Ethan Garcia,GR
12545,5050,Mia Taylor,GR
12546,5050,Amelia Smith,GR
12547,5051,Maria Smith,RO
12548,5052,Noah Moore,ES
12549,5052,Ethan Martin,ES
12550,5052,Emma Wilson,ES
12551,5053,Leo Garcia,NG
12552,5053,Ethan Rossi,NG
12553,5053,Ethan Smith,IT
12554,5054,James Thomas,DE
12555,5054,Noah Anderson,DE
12556,5055,Ethan Miller,US
12557,5056,Emma Martin,IT
12558,5056,Olivia Moore,IT
12559,5056,Sofia Lewis,IT
12560,5056,Ethan Anderson,IT
12561,5057,Daniel Brown,RO
12562,5057,Ava Wilson,RO
12563,5058,Ethan Clark,GR
12564,5059,Amelia Garcia,NL
12565,5060,Mia Smith,DE
12566,5060,James Thomas,ES
12567,5060,Olivia Wilson,ES
12568,5060,Alex Lee,ES
12569,5061,Leo Smith,IT
12570,5062,Noah Rossi,US
12571,5062,Ethan Thomas,US
12572,5063,Daniel Brown,GB
12573,5063,Maria Garcia,AL
12574,5064,Ethan Taylor,ES
12575,5065,Liam Garcia,GB
12576,5065,Ava Anderson,GB
12577,5065,Daniel Clark,GB
12578,5065,Ava Moore,GB
12579,5066,Daniel Rossi,DE
12580,5066,Alex Taylor,DE
12581,5066,Olivia Rossi,DE
12582,5067,Noah Lewis,DE
12583,5067,Liam Lee,DE
12584,5067,Ava Anderson,US
12585,5068,Daniel Lee,GB
12586,5068,Lucas Brown,AL
12587,5069,Liam Thomas,DE
12588,5069,Daniel Clark,DE
12589,5069,Amelia Rossi,ES
12590,5070,Liam Lee,GR
12591,5070,Olivia Wilson,GB
12592,5071,Leo Thomas,NL
12593,5071,James Anderson,NL
12594,5071,Maria Moore,NL
12595,5071,James Moore,US
12596,5072,Sofia Smith,NG
12597,5072,Ava Smith,NG
12598,5073,Lucas Thomas,AL
12599,5073,Liam Taylor,AL
12600,5074,Maria Lewis,NL
12601,5074,Lucas Smith,FR
12602,5074,Maria Taylor,GR
12603,5074,James Clark,NL
12604,5075,Leo Garcia,ES
12605,5075,Isabella Taylor,NG
12606,5075,Ava Lewis,ES
12607,5075,Amelia Thomas,ES
12608,5076,Leo Anderson,GB
12609,5077,Alex Miller,RO
12610,5077,Alex Smith,FR
12611,5078,Ethan Wilson,ES
12612,5078,Emma Thomas,DE
12613,5079,Maria Lee,RO
12614,5079,Noah Taylor,RO
12615,5080,Alex Miller,IT
12616,5080,Isabella Anderson,IT
12617,5080,Leo Wilson,IT
12618,5080,James Moore,US
12619,5081,Amelia Thomas,ES
12620,5081,Mia Brown,NL
12621,5081,Lucas Lee,ES
12622,5082,Mia Wilson,IT
12623,5082,Liam Clark,IT
12624,5082,Ava Lee,IT
12625,5083,Noah Lee,IT
12626,5083,Isabella Garcia,IT
12627,5084,Sofia Rossi,GB
12628,5084,Alex Clark,GB
12629,5084,James Miller,GB
12630,5085,Liam Moore,DE
12631,5085,Ethan Miller,DE
12632,5085,Liam Lee,DE
12633,5085,Mia Wilson,DE
12634,5086,Amelia Taylor,FR
12635,5086,Sofia Rossi,AE
12636,5086,Amelia Wilson,AE
12637,5086,Mia Lee,AE
12638,5087,Ava Thomas,GB
12639,5088,Noah Clark,US
12640,5088,Alex Rossi,FR
12641,5089,Emma Moore,AE
12642,5089,Amelia Clark,AE
12643,5089,Maria Lewis,GB
12644,5089,Maria Brown,AE
12645,5090,Noah Martin,GB
12646,5090,Ava Thomas,GB
12647,5090,Olivia Anderson,GB
12648,5090,Ethan Lee,GB
12649,5091,Sofia Smith,AE
12650,5092,James Garcia,US
12651,5092,Liam Lee,US
12652,5092,Liam Garcia,US
12653,5093,Olivia Moore,FR
12654,5093,Isabella Wilson,US
12655,5094,Liam Brown,US
12656,5094,Ava Smith,AL
12657,5094,Ava Brown,DE
12658,5095,Ava Clark,NG
12659,5095,Ava Lee,US
12660,5095,Noah Wilson,US
12661,5095,Olivia Smith,US
12662,5096,Ethan Martin,NG
12663,5096,Emma Smith,NG
12664,5096,Sofia Rossi,IT
12665,5096,Emma Moore,NG
12666,5097,Amelia Garcia,AL
12667,5097,Daniel Clark,AL
12668,5097,Ava Rossi,AL
12669,5097,Leo Smith,AL
12670,5098,Olivia Garcia,AE
12671,5098,James Anderson,AE
12672,5098,Amelia Anderson,AE
12673,5098,Olivia Lee,AE
12674,5099,Lucas Anderson,NL
12675,5099,Sofia Moore,NL
12676,5100,Emma Anderson,AE
12677,5100,Sofia Martin,GR
12678,5100,Isabella Taylor,NG
12679,5100,James Thomas,NG
12680,5101,Leo Moore,AL
12681,5101,Emma Clark,AL
12682,5102,James Smith,RO
12683,5103,Amelia Brown,GB
12684,5104,Ethan Taylor,AE
12685,5104,Amelia Lewis,AE
12686,5104,Emma Brown,AE
12687,5104,Daniel Rossi,AE
12688,5105,Emma Lee,FR
12689,5105,James Thomas,FR
12690,5105,Noah Lewis,FR
12691,5106,Maria Anderson,IT
12692,5107,Olivia Lewis,AL
12693,5107,Sofia Moore,AL
12694,5107,Sofia Smith,AL
12695,5107,Noah Thomas,AL
12696,5108,Noah Clark,NG
12697,5109,Alex Brown,AE
12698,5109,James Taylor,AE
12699,5109,Ethan Smith,AE
12700,5109,Liam Martin,AE
12701,5110,Liam Lewis,NG
12702,5111,Emma Moore,NL
12703,5111,Lucas Wilson,NL
12704,5112,Ava Lewis,NL
12705,5112,Lucas Lee,RO
12706,5112,James Anderson,ES
12707,5112,Lucas Smith,IT
12708,5113,Daniel Lee,ES
12709,5114,Ethan Rossi,DE
12710,5114,Isabella Clark,DE
12711,5114,Daniel Clark,ES
12712,5114,Ethan Martin,DE
12713,5115,Isabella Taylor,GB
12714,5115,Alex Taylor,GB
12715,5115,Lucas Smith,GB
12716,5115,Maria Thomas,GB
12717,5116,Amelia Clark,ES
12718,5116,Mia Lewis,ES
12719,5117,Mia Moore,GR
12720,5118,Mia Miller,FR
12721,5118,Daniel Clark,FR
12722,5119,Mia Thomas,AE
12723,5119,Sofia Brown,AE
12724,5119,Alex Rossi,NG
12725,5119,Ava Anderson,AE
12726,5120,Daniel Moore,IT
12727,5121,Amelia Moore,US
12728,5121,Emma Thomas,US
12729,5121,Alex Brown,US
12730,5122,Isabella Lee,US
12731,5122,Sofia Lee,US
12732,5123,Sofia Wilson,AE
12733,5123,Amelia Rossi,ES
12734,5123,Liam Smith,AE
12735,5124,Liam Clark,FR
12736,5124,Daniel Brown,GR
12737,5124,Ethan Taylor,FR
12738,5124,Sofia Brown,FR
12739,5125,James Thomas,NG
12740,5125,Olivia Miller,NG
12741,5126,Ethan Miller,RO
12742,5127,Noah Brown,ES
12743,5127,Amelia Rossi,FR
12744,5128,Lucas Garcia,US
12745,5128,Isabella Anderson,US
12746,5128,Amelia Miller,US
12747,5128,Sofia Brown,US
12748,5129,Isabella Clark,DE
12749,5129,Ava Lewis,DE
12750,5130,Isabella Brown,NG
12751,5130,Daniel Smith,NG
12752,5130,Daniel Lewis,NG
12753,5130,Alex Lee,NG
12754,5131,Amelia Wilson,ES
12755,5131,Isabella Moore,ES
12756,5131,Lucas Lee,ES
12757,5132,Olivia Anderson,NL
12758,5132,Noah Rossi,FR
12759,5133,Liam Lewis,ES
12760,5134,Ava Taylor,GB
12761,5134,Lucas Lee,GB
12762,5134,Noah Taylor,GB
12763,5135,James Garcia,ES
12764,5136,Alex Clark,GR
12765,5136,Maria Smith,GR
12766,5137,Ava Thomas,RO
12767,5138,Olivia Rossi,RO
12768,5139,Liam Brown,DE
12769,5139,Lucas Brown,DE
12770,5140,Liam Moore,GR
12771,5140,Maria Clark,DE
12772,5140,Emma Thomas,GR
12773,5141,Amelia Miller,FR
12774,5141,Maria Brown,NL
12775,5141,Amelia Martin,DE
12776,5141,Alex Taylor,NL
12777,5142,Ava Smith,RO
12778,5143,Lucas Garcia,AL
12779,5143,Amelia Garcia,AL
12780,5143,Emma Martin,US
12781,5143,Liam Wilson,AL
12782,5144,Lucas Smith,NL
12783,5144,Olivia Rossi,NL
12784,5144,Olivia Miller,US
12785,5144,Noah Thomas,NG
12786,5145,Amelia Anderson,NG
12787,5145,Emma Anderson,NG
12788,5145,Isabella Rossi,NG
12789,5146,Ava Clark,US
12790,5146,Isabella Rossi,US
12791,5146,Alex Moore,US
12792,5146,Noah Thomas,US
12793,5147,Olivia Taylor,US
12794,5148,Maria Anderson,DE
12795,5148,Liam Lewis,FR
12796,5148,Isabella Taylor,DE
12797,5149,Ava Wilson,IT
12798,5149,Olivia Brown,RO
12799,5150,Ava Taylor,RO
12800,5150,Daniel Brown,RO
12801,5150,Alex Lewis,RO
12802,5150,Alex Rossi,RO
12803,5151,Lucas Moore,GB
12804,5151,Maria Garcia,GB
12805,5151,Ava Taylor,GB
12806,5151,Amelia Lewis,GB
12807,5152,Liam Taylor,NG
12808,5152,Alex Smith,NG
12809,5152,Alex Wilson,NG
12810,5153,Amelia Lee,RO
12811,5153,Leo Rossi,RO
12812,5154,Ethan Smith,NL
12813,5155,Olivia Moore,GR
12814,5155,Liam Wilson,GR
12815,5156,Leo Martin,DE
12816,5157,Maria Moore,RO
12817,5158,Ava Martin,FR
12818,5158,Ava Miller,FR
12819,5159,Liam Lee,DE
12820,5159,James Brown,DE
12821,5160,Ethan Miller,NG
12822,5160,Ava Lee,NG
12823,5160,Olivia Garcia,NG
12824,5160,Noah Lewis,NG
12825,5161,James Garcia,US
12826,5162,Daniel Anderson,US
12827,5162,Ava Clark,US
12828,5163,Amelia Lee,AE
12829,5163,Mia Taylor,DE
12830,5164,Isabella Lewis,RO
12831,5165,Daniel Miller,GR
12832,5166,Noah Smith,RO
12833,5166,Amelia Lee,NL
12834,5166,Mia Garcia,RO
12835,5166,Noah Garcia,RO
12836,5167,Alex Martin,GB
12837,5167,Alex Rossi,GB
12838,5167,Liam Taylor,GB
12839,5167,Liam Clark,GB
12840,5168,Ava Wilson,GR
12841,5168,Ethan Clark,GR
12842,5168,Ethan Lee,NG
12843,5168,Sofia Lee,GR
12844,5169,Amelia Moore,IT
12845,5170,Amelia Clark,FR
12846,5171,Noah Miller,GR
12847,5171,Maria Moore,GR
12848,5171,Mia Martin,GR
12849,5172,Ava Lee,GB
12850,5173,Liam Taylor,RO
12851,5173,Emma Taylor,RO
12852,5174,Ethan Taylor,FR
12853,5174,Sofia Moore,FR
12854,5174,Emma Clark,NL
12855,5174,Noah Wilson,RO
12856,5175,Daniel Thomas,IT
12857,5175,Maria Clark,IT
12858,5175,Ava Lewis,GB
12859,5176,Leo Miller,ES
12860,5176,Isabella Rossi,ES
12861,5176,Daniel Lee,NL
12862,5176,Mia Miller,GB
12863,5177,Daniel Lewis,NG
12864,5178,Noah Clark,IT
12865,5178,Alex Lee,IT
12866,5178,Amelia Lee,IT
12867,5179,Amelia Garcia,RO
12868,5179,Ethan Garcia,RO
12869,5179,Olivia Brown,RO
12870,5180,Emma Clark,ES
12871,5180,Daniel Clark,ES
12872,5180,Lucas Brown,ES
12873,5181,Leo Miller,IT
12874,5181,Lucas Martin,IT
12875,5182,Ava Lewis,RO
12876,5182,Sofia Lee,RO
12877,5183,Leo Clark,NG
12878,5184,Ava Lee,NL
12879,5185,Leo Miller,RO
12880,5185,Olivia Smith,RO
12881,5185,Ava Moore,RO
12882,5185,Maria Lewis,RO
12883,5186,Amelia Martin,NG
12884,5187,James Taylor,GB
12885,5187,Amelia Garcia,GB
12886,5187,Isabella Anderson,GB
12887,5188,Ethan Brown,GB
12888,5189,Olivia Thomas,ES
12889,5189,James Lewis,ES
12890,5189,Sofia Lee,ES
12891,5189,Alex Moore,NG
12892,5190,Amelia Smith,AL
12893,5190,Noah Moore,US
12894,5190,Isabella Lee,US
12895,5191,Mia Moore,IT
12896,5192,James Moore,DE
12897,5192,Leo Wilson,DE
12898,5192,Alex Taylor,DE
12899,5192,James Thomas,DE
12900,5193,Amelia Moore,US
12901,5193,Ava Brown,US
12902,5193,Liam Brown,US
12903,5194,Leo Lee,DE
12904,5194,Olivia Moore,DE
12905,5194,Lucas Anderson,DE
12906,5194,Leo Rossi,DE
12907,5195,Ava Wilson,IT
12908,5195,James Anderson,IT
12909,5195,Olivia Wilson,IT
12910,5195,Alex Wilson,IT
12911,5196,Lucas Lewis,NL
12912,5197,Alex Smith,ES
12913,5198,Lucas Rossi,AL
12914,5199,Amelia Moore,NG
12915,5200,Olivia Martin,AE
12916,5200,Maria Lee,AE
12917,5201,Ethan Smith,GR
12918,5201,Alex Lee,GR
12919,5201,Maria Lewis,IT
12920,5201,James Lewis,GR
12921,5202,Isabella Lewis,FR
12922,5202,Daniel Garcia,NL
12923,5202,Mia Brown,FR
12924,5202,Amelia Anderson,FR
12925,5203,Lucas Garcia,NG
12926,5203,Mia Rossi,GR
12927,5203,Alex Garcia,GR
12928,5204,James Anderson,AE
12929,5205,Leo Miller,NL
12930,5205,Emma Thomas,NL
12931,5205,Maria Lee,NL
12932,5206,Isabella Lewis,US
12933,5206,Daniel Miller,US
12934,5206,James Thomas,GR
12935,5207,Alex Martin,GR
12936,5207,Alex Taylor,GR
12937,5208,James Lee,ES
12938,5208,Amelia Miller,ES
12939,5208,James Thomas,ES
12940,5209,Ava Clark,AE
12941,5210,Leo Garcia,RO
12942,5210,Sofia Smith,RO
12943,5211,Daniel Garcia,NL
12944,5211,Lucas Lewis,NL
12945,5212,Lucas Miller,NG
12946,5212,Olivia Thomas,NG
12947,5212,Liam Brown,NG
12948,5213,Ava Thomas,ES
12949,5213,Alex Lee,ES
12950,5213,Daniel Smith,ES
12951,5214,Leo Smith,GB
12952,5215,Emma Lewis,IT
12953,5215,Emma Wilson,DE
12954,5216,Lucas Lewis,IT
12955,5216,Mia Lewis,US
12956,5216,Alex Wilson,NG
12957,5216,Leo Clark,IT
12958,5217,Amelia Rossi,ES
12959,5217,Sofia Thomas,NG
12960,5217,Daniel Anderson,NG
12961,5217,Daniel Lee,NG
12962,5218,Liam Anderson,DE
12963,5219,Liam Clark,NL
12964,5220,Lucas Thomas,AL
12965,5220,Noah Anderson,AL
12966,5220,Olivia Brown,AL
12967,5220,Ava Martin,AL
12968,5221,Mia Lee,IT
12969,5221,James Brown,IT
12970,5221,Noah Martin,IT
12971,5222,James Lewis,IT
12972,5223,Ethan Lee,AE
12973,5223,Noah Lee,AE
12974,5223,Leo Wilson,AE
12975,5223,Sofia Rossi,AE
12976,5224,Ethan Martin,RO
12977,5224,Isabella Rossi,GR
12978,5224,Mia Martin,RO
12979,5225,Leo Anderson,DE
12980,5226,Daniel Miller,AL
12981,5226,Leo Anderson,AE
12982,5227,Maria Thomas,IT
12983,5227,Ava Anderson,IT
12984,5228,Mia Rossi,NG
12985,5228,Amelia Wilson,NG
12986,5228,Daniel Lee,NG
12987,5228,Leo Miller,US
12988,5229,Olivia Martin,ES
12989,5229,Ethan Wilson,ES
12990,5229,Olivia Anderson,DE
12991,5229,Emma Moore,ES
12992,5230,Amelia Lee,RO
12993,5230,Noah Rossi,RO
12994,5230,Sofia Lewis,GR
12995,5231,Mia Wilson,FR
12996,5232,Sofia Thomas,NL
12997,5233,Emma Brown,IT
12998,5233,Olivia Moore,NG
12999,5233,Amelia Wilson,IT
13000,5234,Isabella Moore,US
13001,5234,Liam Taylor,FR
13002,5234,Isabella Lewis,FR
13003,5234,James Martin,GB
13004,5235,Emma Miller,AE
13005,5235,Olivia Thomas,AE
13006,5236,Ethan Rossi,ES
13007,5236,Leo Thomas,IT
13008,5236,Mia Lewis,IT
13009,5237,Leo Rossi,NL
13010,5237,Ethan Clark,NL
13011,5237,Daniel Rossi,NL
13012,5238,Mia Miller,GB
13013,5239,Liam Brown,FR
13014,5239,Emma Brown,DE
13015,5239,Ava Moore,DE
13016,5240,Isabella Clark,GR
13017,5241,Noah Lewis,IT
13018,5241,Emma Lewis,IT
13019,5242,Amelia Brown,ES
13020,5243,Amelia Garcia,NG
13021,5243,Alex Moore,NG
13022,5243,Isabella Garcia,NG
13023,5244,Lucas Anderson,FR
13024,5244,Liam Brown,FR
13025,5245,Ethan Taylor,US
13026,5245,Liam Taylor,US
13027,5246,Olivia Thomas,GB
13028,5246,Olivia Brown,GB
13029,5246,Amelia Rossi,GB
13030,5247,Amelia Lewis,NL
13031,5248,Emma Anderson,US
13032,5248,Leo Clark,US
13033,5248,Liam Clark,US
13034,5248,Ava Miller,US
13035,5249,Sofia Clark,NG
13036,5249,Emma Anderson,NG
13037,5249,Noah Clark,NG
13038,5250,Olivia Smith,US
13039,5251,Alex Smith,IT
13040,5251,Emma Lee,IT
13041,5251,Leo Rossi,IT
13042,5251,Mia Brown,IT
13043,5252,Isabella Clark,NL
13044,5252,Sofia Wilson,FR
13045,5253,Daniel Brown,DE
13046,5253,James Rossi,DE
13047,5254,Sofia Martin,ES
13048,5254,Isabella Thomas,ES
13049,5254,Ethan Anderson,ES
13050,5255,Alex Anderson,RO
13051,5255,Noah Lewis,RO
13052,5255,Alex Smith,RO
13053,5256,Ethan Anderson,AL
13054,5256,Noah Garcia,AL
13055,5256,Lucas Garcia,AL
13056,5257,Ethan Wilson,ES
13057,5257,Sofia Clark,ES
13058,5257,Ethan Taylor,ES
13059,5258,Liam Clark,AL
13060,5258,Emma Martin,AL
13061,5258,Isabella Rossi,AL
13062,5258,James Clark,AL
13063,5259,Lucas Martin,GR
13064,5260,Daniel Smith,NL
13065,5260,Isabella Brown,GB
13066,5260,Maria Brown,IT
13067,5260,Noah Lee,NL
13068,5261,Lucas Lewis,IT
13069,5261,Ava Wilson,DE
13070,5261,Maria Moore,DE
13071,5261,Leo Smith,DE
13072,5262,James Smith,AL
13073,5262,Alex Thomas,ES
13074,5262,Sofia Rossi,NG
13075,5262,Isabella Rossi,ES
13076,5263,Ethan Miller,RO
13077,5263,Alex Lewis,RO
13078,5263,Daniel Martin,RO
13079,5264,Liam Anderson,GR
13080,5265,Daniel Rossi,NL
13081,5265,Amelia Anderson,NL
13082,5265,Mia Martin,NL
13083,5266,Daniel Miller,FR
13084,5266,Isabella Anderson,ES
13085,5266,Ethan Brown,ES
13086,5267,Mia Lewis,AE
13087,5267,James Rossi,AE
13088,5267,Ava Rossi,AE
13089,5268,Leo Garcia,FR
13090,5269,Olivia Thomas,NG
13091,5269,Alex Anderson,NG
13092,5269,Noah Garcia,NG
13093,5269,Leo Lee,ES
13094,5270,Amelia Lewis,AE
13095,5271,Sofia Anderson,AE
13096,5271,Liam Taylor,IT
13097,5271,Sofia Lee,IT
13098,5272,Daniel Wilson,ES
13099,5273,Isabella Brown,AE
13100,5273,Sofia Miller,NG
13101,5274,Daniel Garcia,ES
13102,5274,Noah Moore,ES
13103,5274,Mia Rossi,ES
13104,5274,Lucas Thomas,ES
13105,5275,Leo Clark,US
13106,5275,Leo Wilson,AE
13107,5275,Daniel Rossi,IT
13108,5275,Alex Smith,AE
13109,5276,Noah Taylor,GR
13110,5276,Ava Wilson,NG
13111,5276,Alex Moore,GR
13112,5276,Noah Brown,AL
13113,5277,Amelia Lewis,NG
13114,5277,Ethan Taylor,RO
13115,5277,Ethan Lee,NG
13116,5278,Leo Garcia,RO
13117,5279,Amelia Smith,RO
13118,5279,Ava Moore,RO
13119,5279,Alex Moore,DE
13120,5280,Alex Lewis,IT
13121,5280,Noah Garcia,IT
13122,5280,Emma Smith,DE
13123,5281,Ava Martin,US
13124,5281,Noah Brown,US
13125,5281,Maria Miller,NL
13126,5281,Ethan Thomas,US
13127,5282,Lucas Lee,IT
13128,5282,Olivia Garcia,ES
13129,5283,Mia Martin,GB
13130,5284,James Taylor,GR
13131,5284,Amelia Rossi,GB
13132,5285,Ethan Lewis,NG
13133,5285,Ava Thomas,NG
13134,5285,Ethan Rossi,NG
13135,5285,James Garcia,NG
13136,5286,Mia Taylor,GB
13137,5286,Isabella Wilson,GB
13138,5287,Noah Garcia,GR
13139,5287,Alex Martin,GR
13140,5287,Maria Brown,GR
13141,5288,Leo Miller,NL
13142,5288,Liam Lewis,NL
13143,5288,Olivia Martin,NL
13144,5288,Lucas Wilson,NL
13145,5289,Noah Thomas,NG
13146,5289,Amelia Clark,DE
13147,5289,Amelia Lee,NG
13148,5289,Maria Taylor,NG
13149,5290,Sofia Thomas,DE
13150,5290,James Moore,DE
13151,5290,Olivia Garcia,DE
13152,5290,Mia Lewis,DE
13153,5291,Mia Garcia,ES
13154,5292,Leo Brown,US
13155,5292,Ethan Clark,US
13156,5292,Ethan Brown,IT
13157,5293,Noah Thomas,GB
13158,5293,Liam Moore,GB
13159,5294,Ethan Lewis,FR
13160,5294,Mia Lee,AE
13161,5295,Noah Miller,FR
13162,5295,Leo Smith,FR
13163,5295,Isabella Smith,FR
13164,5296,Isabella Anderson,GR
13165,5296,Leo Thomas,GR
13166,5296,Olivia Lee,GR
13167,5296,Noah Anderson,GR
13168,5297,James Moore,RO
13169,5298,Ethan Taylor,US
13170,5299,Isabella Miller,NG
13171,5299,Lucas Moore,NG
13172,5300,Amelia Taylor,GR
13173,5301,Isabella Moore,ES
13174,5301,Noah Moore,ES
13175,5301,Noah Brown,ES
13176,5301,Amelia Anderson,ES
13177,5302,Alex Lee,NG
13178,5302,Daniel Clark,GB
13179,5302,Ava Lee,GB
13180,5302,Sofia Anderson,GB
13181,5303,Sofia Brown,AE
13182,5303,Olivia Smith,US
13183,5303,Ava Taylor,AE
13184,5304,Sofia Smith,RO
13185,5304,Emma Garcia,RO
13186,5305,Olivia Martin,RO
13187,5305,Isabella Thomas,RO
13188,5305,James Moore,RO
13189,5306,Mia Lee,AE
13190,5307,Alex Garcia,NG
13191,5307,Alex Wilson,NG
13192,5308,Liam Smith,ES
13193,5308,Daniel Martin,ES
13194,5309,Liam Miller,NG
13195,5309,Leo Clark,NG
13196,5309,Emma Garcia,NG
13197,5309,Olivia Martin,IT
13198,5310,Ava Garcia,IT
13199,5311,Maria Wilson,AL
13200,5311,Noah Moore,FR
13201,5311,Liam Miller,FR
13202,5312,Alex Anderson,IT
13203,5312,James Anderson,IT
13204,5312,Daniel Miller,ES
13205,5313,Isabella Taylor,IT
13206,5314,Mia Lee,NL
13207,5314,Noah Garcia,NL
13208,5315,Alex Moore,NL
13209,5315,James Garcia,NL
13210,5315,Maria Thomas,NL
13211,5316,Olivia Lewis,IT
13212,5317,Amelia Smith,AL
13213,5317,Isabella Wilson,AL
13214,5317,Leo Wilson,AL
13215,5318,Lucas Miller,DE
13216,5318,Alex Lee,DE
13217,5318,Ava Smith,DE
13218,5318,Alex Lee,DE
13219,5319,Amelia Anderson,DE
13220,5320,Lucas Lewis,ES
13221,5320,Sofia Anderson,AL
13222,5320,Isabella Clark,ES
13223,5320,Mia Rossi,ES
13224,5321,James Smith,ES
13225,5321,Liam Lewis,ES
13226,5321,Noah Miller,ES
13227,5322,Amelia Taylor,AL
13228,5322,Liam Moore,IT
13229,5322,Sofia Rossi,IT
13230,5322,Daniel Taylor,IT
13231,5323,Olivia Lee,US
13232,5323,Amelia Lee,US
13233,5323,James Garcia,AE
13234,5323,Mia Moore,US
13235,5324,Amelia Smith,RO
13236,5324,Sofia Lewis,RO
13237,5325,Noah Moore,AE
13238,5325,Amelia Rossi,NL
13239,5326,Olivia Clark,GR
13240,5326,Amelia Miller,GR
13241,5326,Maria Anderson,GR
13242,5327,Ethan Moore,GR
13243,5327,Maria Lewis,GR
13244,5327,Noah Thomas,GR
13245,5328,Alex Brown,US
13246,5328,Emma Wilson,US
13247,5328,James Lewis,US
13248,5329,Daniel Lewis,ES
13249,5329,Sofia Smith,ES
13250,5329,Emma Rossi,ES
13251,5329,Emma Garcia,ES
13252,5330,Emma Rossi,AE
13253,5330,Maria Lewis,GR
13254,5331,Emma Moore,ES
13255,5331,Mia Rossi,ES
13256,5331,Sofia Moore,ES
13257,5331,Alex Miller,ES
13258,5332,Sofia Garcia,DE
13259,5332,Olivia Rossi,DE
13260,5333,James Smith,RO
13261,5333,Amelia Thomas,GB
13262,5333,Ava Clark,RO
13263,5334,Emma Anderson,DE
13264,5334,Amelia Brown,DE
13265,5335,Olivia Smith,GR
13266,5335,Alex Miller,GR
13267,5335,Mia Martin,GR
13268,5335,James Clark,GR
13269,5336,Ava Moore,GR
13270,5336,Leo Smith,GR
13271,5336,Emma Thomas,GR
13272,5336,Lucas Thomas,RO
13273,5337,Amelia Moore,ES
13274,5337,Emma Smith,ES
13275,5337,Lucas Rossi,ES
13276,5338,Amelia Wilson,US
13277,5339,Amelia Moore,AL
13278,5339,Mia Anderson,GR
13279,5340,Leo Lee,FR
13280,5340,Liam Anderson,AE
13281,5340,Ava Wilson,AE
13282,5341,Noah Smith,NL
13283,5341,Daniel Miller,NL
13284,5341,Ethan Lewis,NL
13285,5341,Sofia Miller,RO
13286,5342,Noah Miller,RO
13287,5342,Emma Martin,RO
13288,5342,Mia Anderson,RO
13289,5343,Amelia Garcia,ES
13290,5343,Noah Taylor,ES
13291,5343,Mia Miller,ES
13292,5344,Lucas Rossi,GR
13293,5344,Maria Miller,GR
13294,5344,Maria Brown,GR
13295,5344,Leo Thomas,GR
13296,5345,Daniel Garcia,AL
13297,5345,Leo Thomas,AL
13298,5345,Ethan Brown,AL
13299,5345,Sofia Lewis,AL
13300,5346,Alex Brown,NG
13301,5346,Maria Brown,GB
13302,5346,Olivia Rossi,NG
13303,5346,Isabella Anderson,NG
13304,5347,Noah Lee,IT
13305,5347,Daniel Wilson,IT
13306,5348,Daniel Taylor,NG
13307,5348,Alex Clark,NG
13308,5348,Emma Miller,DE
13309,5348,Isabella Clark,AL
13310,5349,Isabella Martin,ES
13311,5350,Maria Garcia,IT
13312,5350,Ethan Lewis,IT
13313,5351,Emma Smith,RO
13314,5351,James Rossi,RO
13315,5352,Lucas Taylor,AL
13316,5352,Ethan Moore,AL
13317,5353,Isabella Martin,AL
13318,5353,James Smith,AL
13319,5353,Leo Martin,AL
13320,5354,Noah Anderson,GR
13321,5354,Ava Thomas,IT
13322,5355,Maria Miller,IT
13323,5356,Lucas Smith,FR
13324,5356,Noah Thomas,FR
13325,5356,Liam Wilson,US
13326,5357,Maria Anderson,RO
13327,5357,Leo Rossi,RO
13328,5357,Isabella Lee,NG
13329,5358,Sofia Clark,AL
13330,5359,Daniel Moore,DE
13331,5359,Mia Wilson,DE
13332,5359,Emma Smith,DE
13333,5359,Leo Brown,DE
13334,5360,Isabella Moore,DE
13335,5361,Mia Wilson,IT
13336,5361,Liam Rossi,FR
13337,5361,Maria Smith,FR
13338,5362,Amelia Anderson,ES
13339,5362,James Lee,ES
13340,5363,Isabella Lewis,DE
13341,5364,Mia Lee,DE
13342,5364,Liam Miller,DE
13343,5364,Daniel Martin,FR
13344,5364,Ava Taylor,DE
13345,5365,Leo Thomas,GR
13346,5365,Emma Anderson,DE
13347,5365,Liam Thomas,DE
13348,5366,Ava Clark,NG
13349,5366,Noah Garcia,NG
13350,5367,Lucas Taylor,FR
13351,5367,Lucas Wilson,FR
13352,5368,Maria Clark,ES
13353,5369,Ethan Clark,US
13354,5369,Olivia Rossi,US
13355,5370,Sofia Anderson,NL
13356,5370,Ethan Anderson,NL
13357,5370,Amelia Thomas,NL
13358,5371,Noah Lewis,GB
13359,5371,Sofia Anderson,GB
13360,5371,Olivia Miller,GB
13361,5371,Amelia Rossi,GB
13362,5372,Ethan Anderson,NG
13363,5373,Amelia Martin,US
13364,5373,Mia Wilson,US
13365,5373,Leo Garcia,US
13366,5374,Amelia Brown,ES
13367,5374,Maria Martin,ES
13368,5375,Amelia Brown,RO
13369,5375,Ava Anderson,NG
13370,5376,Amelia Anderson,AE
13371,5377,Ava Wilson,NL
13372,5377,Lucas Moore,NL
13373,5377,Leo Clark,NL
13374,5378,Emma Lee,NG
13375,5378,Mia Garcia,RO
13376,5378,Mia Taylor,RO
13377,5378,Olivia Taylor,RO
13378,5379,Ava Anderson,NG
13379,5379,Lucas Garcia,NG
13380,5379,Emma Moore,RO
13381,5379,Isabella Martin,AL
13382,5380,Liam Brown,IT
13383,5380,Sofia Garcia,IT
13384,5381,Noah Clark,DE
13385,5381,James Wilson,FR
13386,5382,Isabella Miller,US
13387,5383,James Lee,AE
13388,5383,Daniel Miller,AE
13389,5384,Ava Thomas,GR
13390,5384,Ethan Anderson,GR
13391,5385,Isabella Smith,US
13392,5385,Maria Thomas,US
13393,5386,Emma Moore,DE
13394,5387,Alex Lee,US
13395,5387,Liam Rossi,ES
13396,5387,Ethan Moore,ES
13397,5388,Sofia Taylor,DE
13398,5388,Liam Taylor,FR
13399,5388,Olivia Miller,FR
13400,5388,Emma Moore,GR
13401,5389,Leo Miller,GR
13402,5389,Daniel Rossi,GR
13403,5389,Ava Smith,GR
13404,5390,Ava Brown,NL
13405,5390,Noah Brown,NG
13406,5390,James Wilson,NL
13407,5390,Leo Smith,NL
13408,5391,Mia Thomas,AE
13409,5391,Isabella Brown,AE
13410,5391,Liam Lee,AE
13411,5392,Ava Martin,IT
13412,5392,Maria Lee,IT
13413,5392,Liam Martin,IT
13414,5393,Alex Moore,DE
13415,5393,Liam Martin,AE
13416,5393,Isabella Thomas,GR
13417,5394,Maria Lee,NG
13418,5394,Isabella Garcia,NG
13419,5394,Olivia Taylor,NG
13420,5394,Noah Garcia,NG
13421,5395,Emma Lee,AL
13422,5395,Alex Thomas,AL
13423,5395,Ava Clark,GR
13424,5396,Lucas Thomas,GB
13425,5397,Sofia Rossi,AL
13426,5397,Emma Rossi,AL
13427,5398,Ava Thomas,FR
13428,5399,Leo Wilson,ES
13429,5399,Ava Martin,ES
13430,5400,Maria Taylor,NL
13431,5401,Isabella Garcia,AE
13432,5401,James Garcia,AE
13433,5402,Noah Moore,NG
13434,5402,Mia Smith,NG
13435,5402,Lucas Moore,NG
13436,5402,Sofia Lee,NG
13437,5403,Ava Rossi,AL
13438,5404,Olivia Thomas,GR
13439,5404,Liam Wilson,ES
13440,5404,Liam Brown,ES
13441,5404,James Thomas,ES
13442,5405,Sofia Clark,GR
13443,5406,Leo Lewis,AE
13444,5406,Liam Garcia,AL
13445,5407,Alex Clark,AE
13446,5408,Leo Rossi,RO
13447,5408,Amelia Taylor,RO
13448,5408,Liam Thomas,RO
13449,5409,Mia Garcia,RO
13450,5409,Maria Anderson,RO
13451,5409,Daniel Lee,RO
13452,5410,Daniel Martin,IT
13453,5410,Isabella Smith,IT
13454,5410,Ava Brown,IT
13455,5410,Lucas Wilson,IT
13456,5411,Mia Thomas,NL
13457,5412,James Taylor,FR
13458,5413,Alex Moore,DE
13459,5413,Liam Martin,DE
13460,5413,Ava Smith,DE
13461,5414,Noah Moore,IT
13462,5414,Mia Lee,IT
13463,5414,Noah Thomas,IT
13464,5414,Noah Lee,IT
13465,5415,Noah Smith,AE
13466,5416,Liam Clark,AE
13467,5417,Noah Lee,DE
13468,5418,Lucas Martin,US
13469,5419,Olivia Moore,RO
13470,5419,Mia Wilson,RO
13471,5419,Olivia Brown,RO
13472,5420,Olivia Clark,FR
13473,5420,Liam Lee,GB
13474,5420,Isabella Rossi,GB
13475,5420,Emma Wilson,GB
13476,5421,Alex Garcia,GR
13477,5422,Sofia Moore,GR
13478,5422,Liam Thomas,GR
13479,5422,Alex Anderson,GR
13480,5423,Olivia Moore,US
13481,5423,Maria Clark,US
13482,5424,Ethan Garcia,IT
13483,5425,Lucas Anderson,US
13484,5425,Noah Moore,AL
13485,5425,Isabella Taylor,AL
13486,5425,Emma Garcia,AL
13487,5426,Ethan Wilson,NG
13488,5427,Noah Garcia,US
13489,5428,Amelia Moore,IT
13490,5428,Isabella Clark,IT
13491,5428,Alex Thomas,IT
13492,5428,Daniel Lee,IT
13493,5429,Ava Garcia,AE
13494,5429,Alex Brown,AE
13495,5430,Daniel Lewis,GR
13496,5430,Ava Taylor,GR
13497,5431,Maria Clark,US
13498,5431,Olivia Garcia,ES
13499,5432,Emma Smith,FR
13500,5432,James Brown,FR
13501,5432,Noah Thomas,US
13502,5432,Liam Rossi,FR
13503,5433,Daniel Miller,NG
13504,5433,Noah Miller,NG
13505,5433,Ava Brown,NG
13506,5434,Isabella Martin,AE
13507,5435,Ava Anderson,GB
13508,5435,Leo Lewis,GB
13509,5435,Liam Martin,GB
13510,5435,James Smith,GR
13511,5436,Liam Garcia,ES
13512,5437,Sofia Lewis,IT
13513,5437,Liam Clark,IT
13514,5438,Amelia Smith,ES
13515,5438,Sofia Martin,ES
13516,5438,Mia Lewis,ES
13517,5439,Isabella Anderson,AL
13518,5439,Ethan Martin,AL
13519,5439,Leo Martin,GR
13520,5440,Olivia Rossi,RO
13521,5440,Daniel Smith,GR
13522,5441,Emma Smith,IT
13523,5441,Maria Anderson,IT
13524,5441,Alex Smith,IT
13525,5442,Olivia Taylor,AL
13526,5442,Leo Lewis,FR
13527,5443,Leo Brown,NG
13528,5444,Olivia Taylor,AL
13529,5444,Isabella Taylor,RO
13530,5444,Liam Lewis,AL
13531,5445,Emma Clark,AL
13532,5446,Daniel Brown,RO
13533,5446,Emma Anderson,RO
13534,5446,Isabella Smith,RO
13535,5447,Olivia Miller,AL
13536,5447,Emma Rossi,AL
13537,5448,Sofia Thomas,FR
13538,5448,Olivia Thomas,NL
13539,5448,Lucas Smith,NL
13540,5448,Isabella Clark,NL
13541,5449,Emma Martin,NL
13542,5450,Lucas Martin,NG
13543,5450,Olivia Taylor,DE
13544,5450,Alex Garcia,GB
13545,5450,Sofia Lee,NL
13546,5451,Noah Lee,IT
13547,5451,Mia Wilson,IT
13548,5451,Maria Clark,IT
13549,5451,James Clark,IT
13550,5452,Noah Martin,FR
13551,5452,Amelia Lewis,DE
13552,5453,Mia Taylor,ES
13553,5454,Liam Smith,FR
13554,5454,Ethan Miller,FR
13555,5455,Lucas Lee,DE
13556,5456,Maria Taylor,IT
13557,5457,Noah Anderson,AE
13558,5457,Liam Taylor,AE
13559,5458,Mia Garcia,AL
13560,5458,Ava Lewis,ES
13561,5458,Emma Anderson,AL
13562,5458,Sofia Miller,AL
13563,5459,Ethan Rossi,AL
13564,5459,Isabella Wilson,IT
13565,5459,Leo Taylor,GR
13566,5459,Lucas Brown,IT
13567,5460,James Anderson,ES
13568,5460,Alex Thomas,ES
13569,5460,Lucas Lewis,ES
13570,5460,Ava Lee,ES
13571,5461,Amelia Martin,NG
13572,5461,James Miller,NG
13573,5461,Olivia Martin,NG
13574,5462,Amelia Rossi,IT
13575,5462,James Rossi,IT
13576,5463,Mia Anderson,RO
13577,5464,Emma Rossi,DE
13578,5465,Isabella Martin,RO
13579,5465,Lucas Rossi,RO
13580,5465,Emma Lee,DE
13581,5466,Liam Lee,ES
13582,5466,Noah Taylor,ES
13583,5466,Lucas Miller,ES
13584,5467,Liam Lee,DE
13585,5467,Alex Anderson,DE
13586,5467,Sofia Anderson,DE
13587,5468,Daniel Smith,NL
13588,5468,Lucas Lewis,GB
13589,5469,James Anderson,ES
13590,5469,Ethan Garcia,AE
13591,5470,Sofia Moore,NL
13592,5470,Liam Martin,RO
13593,5471,Noah Miller,ES
13594,5471,Olivia Rossi,ES
13595,5472,Leo Rossi,GR
13596,5472,Mia Martin,US
13597,5473,Sofia Lee,AE
13598,5473,Emma Moore,AE
13599,5474,Liam Anderson,GR
13600,5475,Lucas Rossi,US
13601,5475,Olivia Taylor,US
13602,5476,Lucas Garcia,AL
13603,5476,Liam Miller,DE
13604,5476,Amelia Brown,DE
13605,5476,Sofia Clark,NG
13606,5477,Sofia Miller,IT
13607,5477,Alex Moore,IT
13608,5478,James Taylor,ES
13609,5478,James Lewis,RO
13610,5479,Ethan Taylor,NG
13611,5479,Liam Garcia,RO
13612,5479,Alex Moore,DE
13613,5480,Lucas Thomas,ES
13614,5480,Emma Thomas,ES
13615,5480,Olivia Garcia,ES
13616,5481,Ava Anderson,IT
13617,5482,Daniel Miller,GR
13618,5482,Daniel Clark,GR
13619,5482,Daniel Rossi,US
13620,5483,Leo Clark,GB
13621,5483,Amelia Taylor,ES
13622,5483,Emma Anderson,GB
13623,5484,Lucas Wilson,US
13624,5484,Ethan Brown,FR
13625,5484,Daniel Rossi,FR
13626,5485,Ava Thomas,GR
13627,5485,Olivia Smith,GR
13628,5485,Emma Taylor,FR
13629,5486,Liam Wilson,AE
13630,5487,Liam Clark,NL
13631,5487,Noah Wilson,NL
13632,5488,Liam Garcia,GR
13633,5488,Sofia Taylor,AE
13634,5488,Liam Taylor,GR
13635,5488,Amelia Anderson,GR
13636,5489,Ava Brown,IT
13637,5489,Noah Thomas,IT
13638,5490,Leo Moore,US
13639,5490,Ethan Lee,GR
13640,5490,Liam Thomas,US
13641,5490,Emma Rossi,US
13642,5491,Isabella Clark,GB
13643,5491,Ava Miller,GB
13644,5492,Noah Wilson,US
13645,5492,Sofia Lee,US
13646,5492,James Garcia,US
13647,5493,Mia Clark,AE
13648,5493,Sofia Thomas,AE
13649,5494,Liam Lewis,AE
13650,5495,Daniel Miller,IT
13651,5495,Amelia Rossi,IT
13652,5496,Mia Martin,RO
13653,5497,Emma Rossi,RO
13654,5498,Daniel Smith,NG
13655,5498,Isabella Moore,NG
13656,5498,Liam Rossi,NG
13657,5498,Ethan Lee,NG
13658,5499,James Thomas,DE
13659,5499,Alex Lee,DE
13660,5499,Isabella Wilson,DE
13661,5500,Mia Anderson,AL
13662,5500,Maria Smith,FR
13663,5501,Noah Thomas,RO
13664,5502,Emma Moore,ES
13665,5503,Alex Thomas,GR
13666,5504,Leo Anderson,NL
13667,5504,Noah Wilson,NL
13668,5505,Alex Miller,AE
13669,5505,Mia Moore,RO
13670,5505,Ava Miller,RO
13671,5505,Ethan Smith,RO
13672,5506,Maria Thomas,AL
13673,5506,Olivia Lee,NL
13674,5507,Alex Anderson,IT
13675,5507,Emma Wilson,IT
13676,5507,Lucas Lewis,IT
13677,5507,Amelia Wilson,IT
13678,5508,Isabella Wilson,ES
13679,5509,Maria Brown,AE
13680,5509,Sofia Anderson,DE
13681,5510,Leo Clark,ES
13682,5510,Emma Brown,ES
13683,5510,Liam Moore,ES
13684,5510,Ava Clark,ES
13685,5511,Ethan Smith,NL
13686,5512,Ethan Thomas,GR
13687,5512,Daniel Martin,US
13688,5513,Lucas Brown,FR
13689,5513,Noah Lee,FR
13690,5514,Ava Brown,AL
13691,5515,Daniel Brown,GR
13692,5515,James Clark,GR
13693,5515,Lucas Garcia,GR
13694,5515,Daniel Moore,GR
13695,5516,Emma Miller,ES
13696,5517,Liam Rossi,AE
13697,5518,Mia Brown,GR
13698,5518,Ethan Garcia,GR
13699,5518,James Rossi,GR
13700,5519,Mia Moore,US
13701,5520,Amelia Garcia,AE
13702,5521,Amelia Brown,GR
13703,5521,Isabella Brown,GR
13704,5522,Maria Martin,GR
13705,5522,Maria Thomas,AL
13706,5522,Daniel Rossi,AL
13707,5522,Isabella Garcia,AL
13708,5523,Leo Miller,AL
13709,5524,Emma Wilson,FR
13710,5524,Sofia Wilson,AL
13711,5525,Mia Wilson,IT
13712,5525,Sofia Brown,NG
13713,5526,Emma Taylor,ES
13714,5526,Daniel Martin,ES
13715,5527,Alex Miller,DE
13716,5527,Leo Lewis,DE
13717,5528,Daniel Brown,NG
13718,5528,Maria Taylor,NG
13719,5528,Olivia Martin,RO
13720,5528,Ethan Garcia,US
13721,5529,Emma Taylor,IT
13722,5529,Ethan Lewis,IT
13723,5529,Noah Smith,IT
13724,5529,Noah Rossi,IT
13725,5530,Maria Garcia,ES
13726,5530,Noah Lewis,ES
13727,5530,Ethan Garcia,ES
13728,5530,Lucas Martin,ES
13729,5531,Leo Smith,NL
13730,5531,Emma Clark,RO
13731,5531,Mia Lewis,NL
13732,5532,James Rossi,US
13733,5533,Noah Thomas,ES
13734,5533,Liam Miller,ES
13735,5534,Daniel Moore,GB
13736,5534,Noah Martin,GB
13737,5535,Daniel Garcia,NL
13738,5535,Liam Martin,AE
13739,5536,Emma Anderson,AL
13740,5536,Daniel Garcia,AL
13741,5536,Daniel Moore,AL
13742,5536,Lucas Martin,AL
13743,5537,Ava Anderson,GR
13744,5538,Maria Garcia,GB
13745,5539,Ava Taylor,AL
13746,5540,James Wilson,GB
13747,5540,Mia Martin,ES
13748,5540,Daniel Miller,AL
13749,5541,Daniel Brown,US
13750,5541,Daniel Brown,US
13751,5542,Ava Lee,US
13752,5542,Ethan Lewis,GR
13753,5542,Mia Garcia,GR
13754,5543,Ava Miller,FR
13755,5543,James Lee,FR
13756,5543,Leo Brown,NG
13757,5544,Amelia Wilson,NL
13758,5544,Mia Rossi,NL
13759,5544,Olivia Rossi,NL
13760,5545,Sofia Thomas,GB
13761,5545,Isabella Thomas,GB
13762,5546,Lucas Garcia,AE
13763,5547,Mia Lewis,FR
13764,5548,Olivia Lee,ES
13765,5548,Maria Lee,ES
13766,5548,Liam Rossi,ES
13767,5549,Liam Martin,DE
13768,5549,Mia Garcia,IT
13769,5549,Lucas Wilson,DE
13770,5550,Lucas Martin,GR
13771,5550,Olivia Moore,GR
13772,5550,Alex Wilson,GR
13773,5550,Liam Smith,DE
13774,5551,Ava Clark,ES
13775,5551,Ethan Smith,FR
13776,5551,Leo Rossi,FR
13777,5551,James Taylor,FR
13778,5552,Sofia Rossi,GR
13779,5553,Ethan Anderson,NG
13780,5554,James Miller,NG
13781,5554,Noah Rossi,GB
13782,5555,Liam Martin,RO
13783,5555,Alex Taylor,IT
13784,5556,Leo Wilson,AL
13785,5556,Mia Martin,AL
13786,5556,Lucas Moore,AL
13787,5556,Leo Garcia,AL
13788,5557,Lucas Garcia,GB
13789,5557,Ethan Brown,NG
13790,5557,Sofia Lewis,AE
13791,5558,Mia Lewis,NL
13792,5558,Ethan Lewis,GB
13793,5559,Isabella Clark,IT
13794,5560,Daniel Anderson,ES
13795,5560,James Lee,AE
13796,5561,Isabella Clark,RO
13797,5562,Ethan Clark,IT
13798,5562,Ethan Garcia,RO
13799,5562,Olivia Brown,RO
13800,5562,Noah Taylor,RO
13801,5563,James Smith,AL
13802,5564,Emma Brown,AE
13803,5564,Sofia Miller,NL
13804,5565,Ava Garcia,ES
13805,5565,Ethan Taylor,NG
13806,5565,Maria Martin,IT
13807,5565,Liam Thomas,NG
13808,5566,Amelia Miller,NG
13809,5566,James Rossi,NG
13810,5566,Lucas Thomas,NG
13811,5566,Lucas Rossi,NG
13812,5567,Ava Martin,NL
13813,5567,Ava Martin,DE
13814,5567,Emma Brown,NL
13815,5568,Amelia Brown,GR
13816,5569,Isabella Garcia,GR
13817,5569,Daniel Lee,GR
13818,5570,James Anderson,NL
13819,5570,Isabella Smith,NL
13820,5570,Sofia Clark,NL
13821,5570,Sofia Miller,NL
13822,5571,Lucas Thomas,ES
13823,5571,Amelia Lee,ES
13824,5571,Emma Martin,NL
13825,5571,Ethan Smith,ES
13826,5572,Sofia Clark,DE
13827,5572,Isabella Miller,DE
13828,5572,Leo Thomas,DE
13829,5572,Noah Moore,DE
13830,5573,Sofia Thomas,FR
13831,5573,Ava Smith,FR
13832,5574,Noah Brown,IT
13833,5575,Sofia Smith,NL
13834,5575,Alex Brown,NL
13835,5576,Liam Moore,RO
13836,5576,Lucas Brown,RO
13837,5577,Mia Smith,IT
13838,5578,Sofia Taylor,NG
13839,5578,Sofia Taylor,IT
13840,5578,Emma Smith,IT
13841,5578,Maria Miller,IT
13842,5579,Isabella Rossi,FR
13843,5579,Daniel Thomas,FR
13844,5579,Isabella Lee,FR
13845,5579,Noah Lewis,NL
13846,5580,Ethan Smith,AL
13847,5581,Maria Brown,AL
13848,5582,Olivia Rossi,DE
13849,5582,Maria Smith,DE
13850,5582,Mia Taylor,DE
13851,5583,James Clark,AE
13852,5583,Alex Anderson,AE
13853,5583,Lucas Miller,AE
13854,5584,Alex Moore,RO
13855,5584,Alex Moore,RO
13856,5584,Sofia Taylor,RO
13857,5585,Noah Wilson,RO
13858,5585,Noah Thomas,RO
13859,5585,Olivia Moore,GR
13860,5585,Alex Wilson,RO
13861,5586,Isabella Brown,GR
13862,5586,Daniel Lee,GR
13863,5586,Ava Lee,GR
13864,5587,Lucas Moore,ES
13865,5587,Emma Lee,RO
13866,5587,Ethan Moore,DE
13867,5587,Amelia Lewis,DE
13868,5588,Maria Anderson,ES
13869,5588,Alex Martin,IT
13870,5589,Amelia Thomas,RO
13871,5589,Maria Garcia,RO
13872,5589,Emma Rossi,RO
13873,5590,Maria Smith,GR
13874,5590,Liam Moore,DE
13875,5590,Noah Brown,GR
13876,5591,Lucas Anderson,DE
13877,5592,Amelia Brown,ES
13878,5593,James Lee,ES
13879,5593,Olivia Moore,ES
13880,5593,Lucas Clark,ES
13881,5593,Daniel Miller,NL
13882,5594,Alex Lewis,GR
13883,5595,Mia Clark,NL
13884,5595,Olivia Clark,FR
13885,5595,Liam Garcia,NL
13886,5596,Ethan Brown,NL
13887,5596,Amelia Anderson,GB
13888,5596,Isabella Smith,RO
13889,5597,Lucas Martin,RO
13890,5598,Emma Lewis,US
13891,5598,Isabella Wilson,AL
13892,5598,Emma Anderson,AL
13893,5598,Amelia Lewis,AL
13894,5599,Amelia Martin,GR
13895,5599,Lucas Lewis,GR
13896,5600,Leo Wilson,NL
13897,5600,James Thomas,RO
13898,5600,Liam Rossi,NL
13899,5601,Mia Lewis,IT
13900,5601,Alex Brown,IT
13901,5602,Daniel Smith,NL
13902,5602,James Lewis,NL
13903,5602,Sofia Smith,NL
13904,5602,Amelia Miller,RO
13905,5603,Noah Smith,US
13906,5603,Isabella Garcia,RO
13907,5604,Amelia Garcia,IT
13908,5604,Amelia Thomas,IT
13909,5604,Sofia Anderson,IT
13910,5604,Ava Smith,IT
13911,5605,Ava Clark,NG
13912,5606,James Miller,DE
13913,5606,Olivia Miller,DE
13914,5606,Daniel Lee,DE
13915,5606,Sofia Rossi,DE
13916,5607,Noah Taylor,GB
13917,5607,Mia Martin,GB
13918,5607,Sofia Miller,GB
13919,5607,Noah Lewis,GB
13920,5608,Alex Miller,GR
13921,5608,Emma Moore,IT
13922,5608,Daniel Thomas,GR
13923,5608,Leo Rossi,GR
13924,5609,Maria Miller,NG
13925,5609,James Lee,NG
13926,5609,Amelia Rossi,GR
13927,5610,Daniel Rossi,US
13928,5610,Ethan Lee,US
13929,5610,Isabella Clark,US
13930,5610,Sofia Wilson,US
13931,5611,Ava Smith,AE
13932,5611,Amelia Lee,ES
13933,5612,Emma Moore,GB
13934,5612,Noah Smith,US
13935,5612,Lucas Wilson,US
13936,5613,Lucas Brown,DE
13937,5613,Olivia Rossi,DE
13938,5613,Noah Taylor,DE
13939,5613,Daniel Lee,DE
13940,5614,Alex Taylor,RO
13941,5615,James Brown,IT
13942,5615,Maria Thomas,IT
13943,5616,Mia Garcia,NL
13944,5616,Leo Lee,AL
13945,5616,Ethan Thomas,NL
13946,5617,Noah Lewis,DE
13947,5617,Noah Garcia,DE
13948,5617,Liam Moore,DE
13949,5617,Noah Lewis,DE
13950,5618,Emma Clark,RO
13951,5618,Noah Wilson,RO
13952,5618,James Miller,AL
13953,5619,Mia Wilson,RO
13954,5620,Daniel Thomas,US
13955,5620,Liam Smith,AL
13956,5621,Liam Clark,FR
13957,5621,Noah Lewis,FR
13958,5622,James Thomas,AE
13959,5622,Sofia Lewis,AE
13960,5623,Emma Anderson,NG
13961,5623,James Wilson,FR
13962,5623,James Rossi,FR
13963,5624,Liam Thomas,NG
13964,5624,Ethan Anderson,US
13965,5625,Leo Thomas,IT
13966,5625,Olivia Moore,IT
13967,5625,James Martin,IT
13968,5625,Leo Smith,IT
13969,5626,Mia Lewis,GR
13970,5627,Olivia Anderson,RO
13971,5627,Lucas Brown,AE
13972,5628,Liam Lee,AE
13973,5628,Daniel Moore,AE
13974,5628,James Lee,AE
13975,5628,Maria Anderson,AE
13976,5629,Liam Miller,GB
13977,5629,Alex Lewis,NL
13978,5629,Mia Rossi,NL
13979,5629,Sofia Moore,NL
13980,5630,Ethan Lee,GR
13981,5630,Emma Garcia,ES
13982,5631,Noah Brown,AL
13983,5631,Lucas Moore,US
13984,5631,Noah Lee,ES
13985,5631,Maria Martin,GR
13986,5632,James Lewis,US
13987,5632,Liam Anderson,IT
13988,5632,Emma Martin,IT
13989,5632,Lucas Anderson,NG
13990,5633,Lucas Taylor,DE
13991,5634,Maria Lee,NL
13992,5634,Leo Lee,NL
13993,5634,Ethan Brown,NL
13994,5634,Daniel Thomas,NL
13995,5635,Leo Brown,NL
13996,5636,Lucas Smith,IT
13997,5636,Ava Anderson,IT
13998,5636,Sofia Wilson,IT
13999,5637,Ava Miller,RO
14000,5637,Alex Rossi,RO
14001,5638,Isabella Taylor,DE
14002,5638,Ava Wilson,DE
14003,5638,Noah Clark,DE
14004,5638,Ava Rossi,DE
14005,5639,Ava Thomas,NG
14006,5639,Ethan Anderson,NG
14007,5639,Mia Clark,NG
14008,5639,Maria Clark,NG
14009,5640,Leo Moore,ES
14010,5640,Emma Lewis,ES
14011,5641,Maria Taylor,ES
14012,5641,Liam Taylor,ES
14013,5642,Emma Clark,NL
14014,5643,Amelia Anderson,IT
14015,5644,Ethan Thomas,DE
14016,5644,Liam Rossi,DE
14017,5644,Daniel Lee,DE
14018,5644,Liam Garcia,DE
14019,5645,Ethan Thomas,AL
14020,5646,Alex Lee,AE
14021,5646,Daniel Taylor,AE
14022,5647,Emma Martin,FR
14023,5647,Olivia Clark,FR
14024,5647,Amelia Thomas,FR
14025,5647,Emma Moore,FR
14026,5648,Sofia Thomas,GB
14027,5649,Emma Clark,IT
14028,5649,Daniel Smith,IT
14029,5650,Sofia Rossi,DE
14030,5650,Alex Garcia,NL
14031,5651,Isabella Lewis,IT
14032,5652,Ethan Garcia,ES
14033,5652,Isabella Rossi,ES
14034,5652,Noah Anderson,US
14035,5652,Emma Martin,FR
14036,5653,James Thomas,US
14037,5653,Emma Anderson,US
14038,5653,Isabella Moore,US
14039,5653,Mia Garcia,GB
14040,5654,Olivia Wilson,US
14041,5655,Isabella Brown,NL
14042,5655,Sofia Rossi,NL
14043,5655,Emma Taylor,NL
14044,5656,Sofia Smith,RO
14045,5657,Emma Lewis,NG
14046,5657,Noah Rossi,IT
14047,5658,Olivia Thomas,DE
14048,5659,Liam Miller,RO
14049,5659,Daniel Brown,RO
14050,5659,Amelia Rossi,RO
14051,5660,Noah Smith,ES
14052,5660,Olivia Garcia,FR
14053,5661,Liam Rossi,RO
14054,5661,Leo Clark,IT
14055,5661,Lucas Lewis,IT
14056,5662,Emma Thomas,IT
14057,5662,Mia Moore,RO
14058,5662,Noah Wilson,IT
14059,5662,Sofia Thomas,IT
14060,5663,Ava Miller,FR
14061,5663,Ava Martin,RO
14062,5663,Amelia Clark,FR
14063,5663,Ethan Martin,ES
14064,5664,Liam Miller,GR
14065,5665,Ethan Lee,NL
14066,5665,Amelia Rossi,NL
14067,5665,Maria Thomas,NL
14068,5665,Leo Wilson,NL
14069,5666,Alex Brown,DE
14070,5666,Daniel Wilson,DE
14071,5667,Olivia Rossi,AE
14072,5667,Ava Miller,AE
14073,5668,Isabella Rossi,RO
14074,5668,Daniel Miller,RO
14075,5668,Sofia Miller,NG
14076,5669,Mia Garcia,US
14077,5669,Maria Lewis,US
14078,5670,Mia Moore,NG
14079,5671,Isabella Lewis,GR
14080,5671,Daniel Taylor,GB
14081,5671,Alex Anderson,GB
14082,5671,Emma Brown,GB
14083,5672,Noah Smith,AE
14084,5672,Ava Lewis,AE
14085,5672,Ava Lee,AE
14086,5672,Amelia Smith,AE
14087,5673,Olivia Anderson,AE
14088,5673,Lucas Miller,AE
14089,5673,Ava Moore,AE
14090,5674,Alex Smith,NL
14091,5674,Ava Lewis,AL
14092,5675,Liam Anderson,RO
14093,5675,Alex Moore,IT
14094,5676,Ava Rossi,NG
14095,5677,Ava Smith,GB
14096,5677,Olivia Wilson,GB
14097,5678,Amelia Anderson,GB
14098,5678,Amelia Lee,GB
14099,5679,Amelia Smith,US
14100,5679,James Moore,US
14101,5679,Mia Garcia,IT
14102,5680,Alex Rossi,ES
14103,5680,Liam Lee,ES
14104,5680,Ava Rossi,ES
14105,5681,Daniel Martin,GB
14106,5681,Sofia Wilson,GB
14107,5682,Lucas Miller,AE
14108,5682,Amelia Brown,US
14109,5682,Daniel Garcia,US
14110,5682,Liam Clark,US
14111,5683,Olivia Lee,NL
14112,5684,Leo Brown,ES
14113,5685,Liam Rossi,US
14114,5686,Liam Taylor,NG
14115,5686,Maria Garcia,NG
14116,5686,Mia Lewis,NG
14117,5686,Lucas Brown,NG
14118,5687,Sofia Clark,IT
14119,5688,Leo Rossi,NL
14120,5688,Ethan Moore,NL
14121,5688,Sofia Wilson,NL
14122,5689,Ethan Wilson,US
14123,5689,Liam Garcia,FR
14124,5690,Ethan Garcia,US
14125,5690,Noah Garcia,US
14126,5690,Isabella Moore,US
14127,5690,Daniel Taylor,US
14128,5691,Ava Lewis,US
14129,5692,Isabella Clark,GB
14130,5692,Noah Lee,ES
14131,5692,Olivia Taylor,GB
14132,5692,Maria Smith,GB
14133,5693,Emma Martin,RO
14134,5693,Liam Smith,RO
14135,5693,Alex Moore,RO
14136,5694,James Brown,AL
14137,5694,Ava Taylor,AL
14138,5694,Leo Taylor,AL
14139,5694,Olivia Martin,AL
14140,5695,Emma Wilson,GB
14141,5696,Daniel Moore,RO
14142,5697,James Taylor,AL
14143,5697,Amelia Rossi,DE
14144,5697,Maria Clark,DE
14145,5697,Noah Miller,DE
14146,5698,Mia Wilson,IT
14147,5698,Amelia Miller,US
14148,5698,Liam Miller,DE
14149,5698,Sofia Rossi,US
14150,5699,Leo Miller,US
14151,5699,Amelia Garcia,US
14152,5699,Ethan Smith,US
14153,5700,Lucas Martin,IT
14154,5701,Daniel Rossi,FR
14155,5702,Sofia Lee,GR
14156,5703,Maria Taylor,NG
14157,5703,Ethan Smith,NG
14158,5703,Leo Smith,NG
14159,5703,Daniel Thomas,NG
14160,5704,Ava Garcia,AL
14161,5704,James Brown,AL
14162,5704,James Miller,NG
14163,5704,Liam Wilson,AL
14164,5705,Leo Lee,US
14165,5706,Daniel Clark,RO
14166,5706,Lucas Brown,RO
14167,5706,Emma Brown,RO
14168,5707,Noah Thomas,IT
14169,5707,Ava Garcia,IT
14170,5708,Lucas Clark,NG
14171,5708,Noah Lewis,FR
14172,5708,Mia Lewis,NG
14173,5708,Maria Thomas,GR
14174,5709,James Clark,ES
14175,5709,Maria Thomas,ES
14176,5709,Sofia Miller,ES
14177,5709,Maria Miller,GB
14178,5710,Emma Smith,FR
14179,5710,Maria Anderson,RO
14180,5711,Olivia Moore,AE
14181,5711,Emma Lee,AE
14182,5711,Ethan Lewis,FR
14183,5711,Emma Martin,AE
14184,5712,Alex Moore,ES
14185,5712,Isabella Moore,ES
14186,5713,Leo Lee,IT
14187,5713,Liam Brown,GR
14188,5714,Isabella Lee,RO
14189,5714,Emma Rossi,RO
14190,5714,Daniel Wilson,RO
14191,5714,Leo Thomas,RO
14192,5715,Isabella Smith,AL
14193,5715,Isabella Clark,AL
14194,5715,Liam Brown,GB
14195,5716,Lucas Smith,DE
14196,5717,Daniel Anderson,IT
14197,5717,Lucas Wilson,GR
14198,5718,Olivia Smith,IT
14199,5719,Leo Anderson,GB
14200,5720,James Garcia,DE
14201,5720,Noah Moore,DE
14202,5721,Maria Thomas,DE
14203,5721,Lucas Lewis,GR
14204,5721,Liam Lee,GR
14205,5721,Alex Taylor,GR
14206,5722,Olivia Lewis,DE
14207,5722,Ethan Miller,IT
14208,5722,Ethan Clark,GB
14209,5723,Amelia Brown,GR
14210,5723,Olivia Martin,GR
14211,5723,Leo Lewis,GR
14212,5723,Ava Smith,RO
14213,5724,Ava Garcia,AE
14214,5724,Ava Wilson,FR
14215,5725,Olivia Brown,GR
14216,5725,Ethan Wilson,GR
14217,5725,Isabella Thomas,GR
14218,5726,Noah Taylor,GB
14219,5726,James Wilson,GB
14220,5726,Mia Taylor,GB
14221,5727,Emma Wilson,GR
14222,5727,Ethan Taylor,GR
14223,5727,Liam Wilson,GR
14224,5728,Isabella Lee,IT
14225,5728,Amelia Garcia,GB
14226,5728,Mia Lee,IT
14227,5729,Olivia Lewis,ES
14228,5729,Olivia Wilson,ES
14229,5729,Sofia Martin,ES
14230,5729,Noah Smith,ES
14231,5730,James Brown,ES
14232,5730,Liam Miller,ES
14233,5731,Ava Anderson,NL
14234,5731,Leo Garcia,NL
14235,5731,Emma Brown,NL
14236,5732,Maria Rossi,AL
14237,5732,Sofia Rossi,AL
14238,5732,Daniel Rossi,AL
14239,5733,Emma Miller,GR
14240,5733,Leo Clark,ES
14241,5733,Isabella Lee,ES
14242,5734,Amelia Clark,IT
14243,5734,Maria Taylor,IT
14244,5734,Daniel Taylor,IT
14245,5734,Isabella Anderson,IT
14246,5735,Alex Garcia,DE
14247,5735,Liam Rossi,NG
14248,5735,Lucas Martin,NG
14249,5735,Isabella Taylor,DE
14250,5736,Liam Martin,NL
14251,5736,Olivia Moore,GB
14252,5736,Daniel Garcia,GB
14253,5737,Emma Miller,DE
14254,5738,Mia Martin,GR
14255,5738,Maria Thomas,GR
14256,5738,Amelia Moore,GR
14257,5739,James Taylor,GB
14258,5740,James Clark,RO
14259,5740,Amelia Brown,AE
14260,5740,Daniel Wilson,AE
14261,5740,Daniel Taylor,AE
14262,5741,Olivia Clark,FR
14263,5742,Alex Smith,RO
14264,5742,Mia Clark,AE
14265,5742,Maria Brown,AE
14266,5743,James Moore,NL
14267,5743,Ethan Taylor,NL
14268,5743,Alex Clark,NL
14269,5744,Daniel Moore,DE
14270,5744,Isabella Smith,ES
14271,5745,Sofia Taylor,FR
14272,5745,Liam Thomas,FR
14273,5746,Emma Brown,NG
14274,5746,Daniel Martin,NG
14275,5746,Leo Taylor,NG
14276,5747,Amelia Lewis,GR
14277,5748,Noah Wilson,DE
14278,5748,Olivia Wilson,RO
14279,5748,Olivia Brown,DE
14280,5748,Emma Garcia,DE
14281,5749,Isabella Martin,NG
14282,5749,Mia Taylor,NG
14283,5750,Maria Garcia,RO
14284,5750,Alex Garcia,NG
14285,5750,Sofia Thomas,RO
14286,5750,Noah Lee,RO
14287,5751,Olivia Lee,NL
14288,5752,Emma Moore,FR
14289,5752,Lucas Brown,IT
14290,5753,Alex Thomas,NG
14291,5753,Daniel Clark,NG
14292,5753,Isabella Anderson,NG
14293,5753,Olivia Martin,NG
14294,5754,Sofia Moore,DE
14295,5755,Leo Garcia,AE
14296,5755,Mia Moore,FR
14297,5756,Mia Garcia,US
14298,5756,Daniel Martin,US
14299,5756,Ethan Garcia,IT
14300,5756,Leo Taylor,US
14301,5757,Liam Lee,GB
14302,5758,Ethan Martin,AE
14303,5758,Lucas Moore,AE
14304,5758,Emma Garcia,AE
14305,5759,Alex Lewis,GB
14306,5759,Leo Wilson,GB
14307,5759,Maria Garcia,GB
14308,5760,Amelia Wilson,DE
14309,5761,Noah Lee,US
14310,5761,Liam Anderson,US
14311,5762,James Moore,US
14312,5763,Liam Lewis,DE
14313,5763,Alex Taylor,DE
14314,5763,Emma Brown,DE
14315,5764,Leo Thomas,AE
14316,5765,Olivia Wilson,RO
14317,5765,Leo Miller,AE
14318,5765,Daniel Thomas,ES
14319,5766,Alex Lee,ES
14320,5766,Daniel Martin,GB
14321,5766,Ava Miller,FR
14322,5767,Sofia Garcia,GR
14323,5768,Noah Miller,GR
14324,5768,Emma Garcia,GR
14325,5768,Ethan Smith,IT
14326,5768,Olivia Wilson,ES
14327,5769,Emma Lee,GB
14328,5769,Daniel Rossi,GR
14329,5770,Leo Thomas,NL
14330,5770,Isabella Smith,NL
14331,5770,Leo Martin,IT
14332,5771,Isabella Lewis,RO
14333,5772,Olivia Thomas,NL
14334,5772,Sofia Lee,NL
14335,5773,Alex Lee,NG
14336,5773,Emma Martin,NG
14337,5773,Leo Lee,IT
14338,5773,Amelia Rossi,NG
14339,5774,Mia Anderson,GR
14340,5774,Noah Miller,US
14341,5774,James Thomas,GR
14342,5774,Ethan Rossi,GR
14343,5775,Ava Rossi,IT
14344,5775,Amelia Taylor,GB
14345,5775,Isabella Anderson,ES
14346,5775,Olivia Martin,GB
14347,5776,Ethan Miller,US
14348,5776,Olivia Wilson,GB
14349,5776,Emma Thomas,AL
14350,5777,Liam Moore,AE
14351,5778,Mia Moore,GB
14352,5778,Maria Wilson,GB
14353,5778,Daniel Moore,GR
14354,5778,Lucas Martin,GB
14355,5779,Ethan Anderson,US
14356,5779,Isabella Miller,US
14357,5780,Sofia Lee,US
14358,5780,Emma Wilson,US
14359,5780,Liam Martin,US
14360,5781,Mia Lee,US
14361,5781,Ava Clark,US
14362,5781,Noah Anderson,US
14363,5782,Ethan Rossi,ES
14364,5782,Liam Taylor,ES
14365,5783,Noah Taylor,FR
14366,5783,Olivia Lewis,NG
14367,5783,James Anderson,FR
14368,5783,Amelia Clark,ES
14369,5784,Ethan Brown,GR
14370,5784,Daniel Smith,GR
14371,5785,Maria Thomas,IT
14372,5785,Daniel Garcia,FR
14373,5786,Isabella Miller,NG
14374,5786,Olivia Martin,DE
14375,5786,Emma Moore,ES
14376,5787,Liam Anderson,NL
14377,5788,Lucas Brown,FR
14378,5788,Emma Rossi,FR
14379,5788,Liam Smith,FR
14380,5788,Noah Clark,FR
14381,5789,Mia Miller,NG
14382,5789,Amelia Rossi,NG
14383,5790,Olivia Lewis,DE
14384,5790,Maria Clark,DE
14385,5791,Emma Miller,FR
14386,5791,Mia Anderson,FR
14387,5791,Isabella Rossi,FR
14388,5791,Isabella Garcia,FR
14389,5792,Daniel Taylor,NL
14390,5792,Olivia Moore,NL
14391,5792,Lucas Martin,NG
14392,5792,Daniel Garcia,NL
14393,5793,Amelia Lee,NG
14394,5794,Liam Moore,FR
14395,5794,Sofia Taylor,FR
14396,5795,Daniel Brown,DE
14397,5795,Olivia Brown,DE
14398,5796,Amelia Smith,ES
14399,5796,Mia Martin,ES
14400,5797,Noah Smith,ES
14401,5797,Sofia Taylor,ES
14402,5797,Alex Moore,ES
14403,5797,Olivia Brown,ES
14404,5798,Liam Taylor,RO
14405,5798,Ava Thomas,RO
14406,5798,Liam Lewis,RO
14407,5799,James Rossi,IT
14408,5799,Sofia Anderson,DE
14409,5800,James Garcia,RO
14410,5801,Liam Moore,ES
14411,5802,Ethan Rossi,ES
14412,5802,Amelia Taylor,ES
14413,5802,Leo Miller,ES
14414,5802,James Clark,ES
14415,5803,Lucas Martin,NG
14416,5803,Emma Thomas,NL
14417,5803,Mia Lee,NL
14418,5803,James Miller,GR
14419,5804,Olivia Taylor,NL
14420,5805,Ethan Wilson,IT
14421,5806,Maria Martin,GR
14422,5806,Olivia Smith,GR
14423,5807,Mia Wilson,NG
14424,5807,Emma Brown,NL
14425,5807,Alex Thomas,IT
14426,5807,Lucas Moore,NL
14427,5808,Lucas Lee,ES
14428,5808,James Rossi,ES
14429,5809,Maria Lee,NL
14430,5809,Mia Brown,GR
14431,5810,Lucas Moore,NG
14432,5810,Lucas Garcia,GR
14433,5810,Mia Clark,DE
14434,5810,Daniel Taylor,NG
14435,5811,Amelia Lewis,AE
14436,5811,Noah Rossi,AE
14437,5811,Liam Brown,AE
14438,5812,James Anderson,GB
14439,5812,Amelia Brown,GR
14440,5812,Isabella Rossi,GR
14441,5812,Emma Thomas,GR
14442,5813,Sofia Garcia,IT
14443,5813,Emma Clark,NG
14444,5814,Ava Thomas,AE
14445,5815,Olivia Garcia,ES
14446,5815,Daniel Clark,RO
14447,5815,Sofia Brown,RO
14448,5816,Leo Clark,NL
14449,5816,Mia Martin,NL
14450,5816,Emma Anderson,ES
14451,5816,Ethan Garcia,NL
14452,5817,Mia Lewis,DE
14453,5817,Olivia Anderson,DE
14454,5817,Liam Miller,DE
14455,5818,Olivia Wilson,GB
14456,5818,Alex Wilson,RO
14457,5818,James Taylor,GB
14458,5819,Amelia Thomas,GR
14459,5819,James Clark,US
14460,5819,Olivia Smith,GR
14461,5820,Noah Miller,AL
14462,5820,Isabella Smith,AL
14463,5820,Maria Anderson,AL
14464,5821,Maria Garcia,IT
14465,5821,Olivia Wilson,IT
14466,5821,Olivia Moore,IT
14467,5822,Emma Garcia,DE
14468,5822,Mia Thomas,US
14469,5822,Ava Rossi,US
14470,5822,Alex Rossi,US
14471,5823,Emma Anderson,RO
14472,5823,Isabella Anderson,RO
14473,5824,Liam Garcia,ES
14474,5824,Lucas Taylor,ES
14475,5825,Sofia Garcia,GB
14476,5825,Daniel Rossi,GB
14477,5826,James Taylor,US
14478,5827,Mia Clark,AE
14479,5827,Ava Lee,AL
14480,5827,Mia Garcia,GB
14481,5828,Sofia Miller,RO
14482,5828,Maria Moore,RO
14483,5829,Leo Garcia,DE
14484,5829,Ethan Lewis,RO
14485,5830,Isabella Moore,DE
14486,5830,Liam Martin,DE
14487,5830,Noah Martin,DE
14488,5831,Amelia Miller,ES
14489,5831,Sofia Taylor,ES
14490,5832,Ethan Lee,ES
14491,5832,James Taylor,RO
14492,5832,Ava Garcia,RO
14493,5832,Isabella Rossi,RO
14494,5833,Daniel Miller,RO
14495,5834,Isabella Wilson,NG
14496,5834,Emma Brown,NG
14497,5835,Mia Garcia,FR
14498,5835,Amelia Lee,FR
14499,5836,Noah Wilson,IT
14500,5836,Emma Martin,IT
14501,5836,Alex Wilson,GB
14502,5836,Emma Smith,IT
14503,5837,Maria Lewis,AL
14504,5838,Alex Moore,IT
14505,5838,Leo Miller,AE
14506,5838,Noah Thomas,ES
14507,5838,Emma Moore,ES
14508,5839,Noah Taylor,RO
14509,5839,Isabella Lee,RO
14510,5839,Ava Martin,RO
14511,5840,Lucas Taylor,NG
14512,5840,Maria Moore,AE
14513,5841,Leo Lewis,AE
14514,5842,Mia Rossi,FR
14515,5842,Ava Smith,RO
14516,5842,Leo Wilson,FR
14517,5843,Leo Lewis,GB
14518,5844,Alex Anderson,ES
14519,5844,Liam Garcia,ES
14520,5845,Mia Martin,NL
14521,5845,Alex Rossi,NL
14522,5845,Isabella Miller,NL
14523,5845,Emma Wilson,NL
14524,5846,Maria Martin,IT
14525,5846,Leo Thomas,IT
14526,5846,Ethan Lewis,IT
14527,5846,Daniel Lee,IT
14528,5847,Daniel Clark,ES
14529,5847,Amelia Lee,NG
14530,5847,Amelia Wilson,GB
14531,5847,Mia Martin,AE
14532,5848,Emma Lee,RO
14533,5849,Amelia Rossi,AL
14534,5850,Liam Garcia,AL
14535,5851,Amelia Smith,DE
14536,5851,Liam Martin,NG
14537,5851,Noah Lee,DE
14538,5851,Ethan Martin,DE
14539,5852,Alex Brown,AL
14540,5852,Noah Thomas,AL
14541,5852,Amelia Thomas,AL
14542,5852,Isabella Taylor,AL
14543,5853,Sofia Lewis,ES
14544,5853,James Lewis,ES
14545,5853,Emma Smith,ES
14546,5853,Liam Rossi,ES
14547,5854,Daniel Anderson,AL
14548,5854,Leo Wilson,AL
14549,5854,Emma Smith,IT
14550,5855,Olivia Taylor,ES
14551,5855,Noah Anderson,AL
14552,5855,Leo Clark,IT
14553,5855,Olivia Lewis,AL
14554,5856,Daniel Moore,ES
14555,5856,Liam Thomas,GR
14556,5857,Sofia Taylor,GR
14557,5857,Olivia Anderson,RO
14558,5857,Ethan Taylor,RO
14559,5858,Maria Rossi,GR
14560,5858,Mia Thomas,GR
14561,5859,Emma Lee,DE
14562,5860,James Martin,NL
14563,5860,Olivia Thomas,GB
14564,5860,Olivia Brown,GB
14565,5861,Noah Thomas,GR
14566,5862,Alex Brown,NG
14567,5862,Noah Garcia,ES
14568,5863,Noah Anderson,DE
14569,5863,Lucas Rossi,DE
14570,5864,Leo Lewis,NG
14571,5864,Ethan Anderson,US
14572,5864,Emma Taylor,AE
14573,5864,Maria Wilson,ES
14574,5865,Amelia Garcia,ES
14575,5865,Ethan Moore,ES
14576,5866,Emma Taylor,US
14577,5866,James Anderson,GR
14578,5867,Maria Garcia,FR
14579,5867,Daniel Lewis,NL
14580,5868,Olivia Garcia,ES
14581,5868,Amelia Clark,ES
14582,5869,James Lewis,GR
14583,5869,Liam Brown,GR
14584,5869,Isabella Garcia,GR
14585,5869,Liam Smith,GR
14586,5870,Alex Rossi,ES
14587,5870,Liam Taylor,ES
14588,5871,Noah Smith,NG
14589,5871,Daniel Brown,NG
14590,5871,Emma Lee,ES
14591,5872,Mia Thomas,GB
14592,5872,Olivia Clark,GB
14593,5872,Ethan Lewis,GB
14594,5873,Ethan Lewis,IT
14595,5873,Mia Wilson,IT
14596,5873,Isabella Taylor,IT
14597,5874,Alex Anderson,ES
14598,5874,Daniel Lewis,ES
14599,5875,Emma Moore,GB
14600,5876,Isabella Taylor,US
14601,5876,Sofia Miller,ES
14602,5877,Sofia Thomas,AE
14603,5877,Noah Brown,GB
14604,5878,Lucas Lee,AL
14605,5878,Ethan Clark,AL
14606,5878,Mia Taylor,AL
14607,5878,Ethan Lewis,AL
14608,5879,Mia Martin,DE
14609,5880,Alex Smith,GB
14610,5880,Liam Lewis,GB
14611,5880,Daniel Rossi,GB
14612,5881,Ethan Wilson,NG
14613,5881,Ava Garcia,NG
14614,5881,Maria Lewis,NG
14615,5882,Maria Miller,RO
14616,5883,Olivia Clark,NG
14617,5884,Liam Lewis,GR
14618,5884,Leo Miller,AE
14619,5884,Isabella Moore,GR
14620,5884,James Martin,GR
14621,5885,Isabella Moore,AL
14622,5885,Mia Anderson,RO
14623,5885,Daniel Anderson,RO
14624,5886,Daniel Miller,NL
14625,5886,Leo Miller,NL
14626,5886,Maria Thomas,NL
14627,5886,Olivia Clark,NL
14628,5887,Ethan Wilson,FR
14629,5888,Maria Garcia,IT
14630,5888,Daniel Lewis,IT
14631,5888,Alex Lewis,IT
14632,5889,Ava Moore,RO
14633,5889,Leo Martin,US
14634,5889,Mia Thomas,DE
14635,5890,Amelia Anderson,NG
14636,5891,James Clark,GR
14637,5891,Alex Moore,GR
14638,5892,Daniel Moore,ES
14639,5892,Maria Clark,AL
14640,5893,Daniel Lee,ES
14641,5893,James Smith,ES
14642,5894,Liam Lee,GB
14643,5894,Ava Clark,GB
14644,5894,Leo Lee,GB
14645,5895,Sofia Lewis,US
14646,5896,Daniel Rossi,AE
14647,5896,Ethan Anderson,AE
14648,5896,Ava Rossi,GR
14649,5896,Mia Lee,GR
14650,5897,Leo Thomas,RO
14651,5897,Daniel Wilson,NL
14652,5898,Noah Smith,AE
14653,5898,Leo Taylor,AE
14654,5898,Lucas Lewis,AE
14655,5898,Emma Anderson,AE
14656,5899,Daniel Thomas,GB
14657,5899,Sofia Rossi,GB
14658,5899,Lucas Lewis,GB
14659,5899,Alex Lee,GB
14660,5900,Isabella Rossi,GB
14661,5900,Maria Garcia,GB
14662,5900,Olivia Clark,GB
14663,5900,James Martin,GB
14664,5901,Ava Moore,IT
14665,5901,Lucas Martin,IT
14666,5902,Amelia Wilson,AL
14667,5902,Mia Clark,AL
14668,5902,James Brown,AL
14669,5902,Sofia Brown,AL
14670,5903,Ava Lee,IT
14671,5903,Mia Anderson,IT
14672,5904,Isabella Lewis,NG
14673,5904,Leo Taylor,NG
14674,5905,Alex Garcia,IT
14675,5905,Olivia Miller,AL
14676,5905,Isabella Miller,AL
14677,5905,Lucas Thomas,AL
14678,5906,Mia Lewis,AE
14679,5906,Leo Garcia,AE
14680,5906,Sofia Rossi,GR
14681,5906,Maria Garcia,NG
14682,5907,Leo Taylor,GB
14683,5908,Sofia Lee,GB
14684,5908,Leo Rossi,GB
14685,5909,Emma Thomas,GB
14686,5909,Lucas Lewis,GB
14687,5910,Alex Thomas,AL
14688,5910,Sofia Moore,GR
14689,5910,Ethan Wilson,GR
14690,5911,Noah Thomas,DE
14691,5911,Noah Anderson,DE
14692,5911,Daniel Lewis,DE
14693,5911,Ethan Rossi,DE
14694,5912,Noah Clark,GR
14695,5912,Amelia Garcia,GR
14696,5912,Daniel Miller,GR
14697,5912,James Taylor,US
14698,5913,Lucas Moore,GB
14699,5913,Isabella Rossi,GB
14700,5913,Olivia Miller,GB
14701,5913,Amelia Taylor,GB
14702,5914,Lucas Miller,DE
14703,5914,Lucas Moore,DE
14704,5914,Sofia Lee,DE
14705,5914,Liam Brown,DE
14706,5915,Ethan Moore,AE
14707,5915,Alex Garcia,RO
14708,5915,Isabella Brown,AE
14709,5915,Lucas Moore,IT
14710,5916,Lucas Thomas,IT
14711,5916,Maria Wilson,IT
14712,5916,Leo Rossi,AL
14713,5916,Liam Martin,IT
14714,5917,Isabella Smith,ES
14715,5918,Sofia Smith,FR
14716,5918,Amelia Rossi,FR
14717,5919,Emma Smith,AL
14718,5920,Ava Clark,GB
14719,5920,Alex Brown,AE
14720,5921,Maria Garcia,GR
14721,5921,Alex Miller,GR
14722,5921,Maria Moore,GR
14723,5922,Amelia Wilson,GB
14724,5922,Olivia Taylor,GB
14725,5922,Maria Thomas,GR
14726,5923,Daniel Clark,NG
14727,5923,James Brown,NG
14728,5924,James Anderson,NL
14729,5924,Leo Martin,NL
14730,5924,Sofia Rossi,NL
14731,5925,Emma Brown,US
14732,5925,Isabella Lewis,US
14733,5926,Maria Brown,AE
14734,5926,Liam Martin,AE
14735,5927,Liam Clark,GR
14736,5927,Noah Brown,GR
14737,5928,Alex Smith,AL
14738,5928,Emma Anderson,ES
14739,5929,Alex Martin,US
14740,5929,Ethan Moore,DE
14741,5929,Leo Miller,DE
14742,5930,Sofia Wilson,AE
14743,5930,Emma Lee,NG
14744,5930,Amelia Anderson,AE
14745,5930,Mia Thomas,AE
14746,5931,Ethan Rossi,NL
14747,5932,Amelia Smith,IT
14748,5932,Mia Brown,IT
14749,5932,James Moore,GR
14750,5933,Lucas Smith,NL
14751,5934,Liam Rossi,AL
14752,5934,Noah Martin,NG
14753,5935,James Wilson,DE
14754,5935,Alex Taylor,DE
14755,5936,Noah Lee,IT
14756,5936,Isabella Anderson,IT
14757,5936,James Garcia,GR
14758,5937,Amelia Miller,AE
14759,5938,Leo Smith,NL
14760,5939,Lucas Brown,RO
14761,5939,Noah Garcia,RO
14762,5939,Amelia Anderson,RO
14763,5940,Noah Anderson,GR
14764,5940,Mia Martin,GR
14765,5940,Lucas Moore,GR
14766,5940,Leo Garcia,GR
14767,5941,Emma Miller,NL
14768,5941,Liam Taylor,GR
14769,5941,Leo Lee,NL
14770,5941,Emma Martin,NL
14771,5942,Noah Moore,NG
14772,5943,Liam Clark,IT
14773,5944,Lucas Wilson,AL
14774,5944,Maria Wilson,NG
14775,5944,Alex Miller,NG
14776,5945,Mia Rossi,IT
14777,5945,Lucas Lee,IT
14778,5946,Maria Moore,GB
14779,5947,Ava Martin,NG
14780,5947,Mia Rossi,NG
14781,5947,Amelia Taylor,NG
14782,5947,Daniel Anderson,NG
14783,5948,Lucas Miller,GR
14784,5948,Sofia Thomas,US
14785,5948,Lucas Clark,GR
14786,5949,Isabella Rossi,AL
14787,5949,Noah Rossi,NL
14788,5949,Amelia Martin,AL
14789,5949,Isabella Lewis,AL
14790,5950,Leo Thomas,US
14791,5951,Emma Wilson,IT
14792,5952,Maria Brown,GR
14793,5952,Isabella Thomas,GR
14794,5952,Leo Rossi,GR
14795,5953,Maria Garcia,IT
14796,5953,Alex Miller,IT
14797,5953,Mia Thomas,IT
14798,5953,Daniel Thomas,IT
14799,5954,Maria Taylor,NG
14800,5954,Daniel Garcia,US
14801,5954,Amelia Martin,US
14802,5955,Ava Lewis,GB
14803,5955,Mia Brown,GB
14804,5955,Sofia Garcia,GB
14805,5955,Maria Rossi,GB
14806,5956,Lucas Wilson,DE
14807,5957,Daniel Lewis,GR
14808,5957,Sofia Anderson,GR
14809,5958,James Moore,RO
14810,5959,Isabella Garcia,DE
14811,5959,Alex Thomas,DE
14812,5959,Isabella Anderson,DE
14813,5959,Liam Lewis,DE
14814,5960,Olivia Lewis,AE
14815,5960,Lucas Rossi,AE
14816,5961,Sofia Anderson,ES
14817,5961,Alex Martin,ES
14818,5962,Alex Lewis,ES
14819,5962,Maria Martin,ES
14820,5962,Ethan Martin,NL
14821,5962,Maria Wilson,ES
14822,5963,Leo Smith,NL
14823,5963,Ethan Miller,NL
14824,5963,Sofia Thomas,NL
14825,5963,Ethan Anderson,NL
14826,5964,Ethan Garcia,RO
14827,5964,Emma Wilson,US
14828,5965,Alex Thomas,AE
14829,5965,Leo Lee,NL
14830,5966,Alex Anderson,FR
14831,5967,Isabella Rossi,AL
14832,5968,Sofia Rossi,ES
14833,5968,Mia Lewis,ES
14834,5969,Maria Anderson,NG
14835,5969,Noah Martin,FR
14836,5969,Sofia Rossi,FR
14837,5970,Ethan Lewis,NG
14838,5970,Amelia Brown,NG
14839,5970,James Miller,NG
14840,5970,Noah Taylor,NG
14841,5971,Ava Taylor,ES
14842,5971,Maria Anderson,ES
14843,5971,James Clark,AL
14844,5972,Alex Rossi,NL
14845,5972,Alex Wilson,NL
14846,5972,Ava Rossi,RO
14847,5973,Isabella Martin,AE
14848,5973,Olivia Martin,AE
14849,5973,Mia Brown,AE
14850,5973,Liam Garcia,AE
14851,5974,Isabella Moore,AE
14852,5974,Mia Anderson,IT
14853,5975,Ava Anderson,GB
14854,5975,Olivia Martin,AE
14855,5976,Emma Miller,IT
14856,5976,Olivia Thomas,IT
14857,5976,Maria Taylor,IT
14858,5977,Noah Anderson,FR
14859,5978,Lucas Martin,DE
14860,5979,Sofia Lee,ES
14861,5979,Maria Clark,FR
14862,5979,Leo Brown,ES
14863,5979,Mia Anderson,ES
14864,5980,Daniel Rossi,RO
14865,5980,Sofia Smith,RO
14866,5981,Amelia Rossi,IT
14867,5981,Ava Moore,IT
14868,5981,Ethan Wilson,IT
14869,5981,Noah Clark,IT
14870,5982,Leo Rossi,GR
14871,5982,Mia Miller,AL
14872,5983,Olivia Smith,NG
14873,5984,Isabella Wilson,IT
14874,5984,Noah Rossi,IT
14875,5984,James Smith,IT
14876,5985,Lucas Martin,NG
14877,5985,Mia Moore,NG
14878,5985,Olivia Smith,NG
14879,5986,Alex Moore,NG
14880,5986,Alex Moore,NG
14881,5986,Lucas Clark,NG
14882,5986,Ava Miller,NG
14883,5987,Emma Rossi,AE
14884,5988,Olivia Lewis,AL
14885,5988,Ava Lee,AL
14886,5989,Amelia Anderson,IT
14887,5989,Sofia Thomas,NL
14888,5990,Daniel Taylor,RO
14889,5990,Amelia Moore,RO
14890,5990,Alex Brown,RO
14891,5991,Amelia Rossi,GB
14892,5992,Liam Garcia,GR
14893,5992,Maria Lewis,GR
14894,5992,Maria Clark,AE
14895,5992,Noah Garcia,GR
14896,5993,Liam Lee,IT
14897,5993,Ava Miller,IT
14898,5993,Ava Miller,IT
14899,5993,Sofia Anderson,GB
14900,5994,Emma Miller,AE
14901,5994,Mia Rossi,AE
14902,5994,James Taylor,AE
14903,5994,Ava Lewis,NL
14904,5995,James Smith,GR
14905,5995,Daniel Lewis,GR
14906,5995,Emma Smith,NL
14907,5996,Noah Lewis,ES
14908,5996,Daniel Thomas,ES
14909,5996,Liam Lewis,ES
14910,5996,Liam Moore,RO
14911,5997,Amelia Lewis,AL
14912,5997,Amelia Miller,AL
14913,5998,James Moore,AL
14914,5998,Leo Miller,AL
14915,5998,Liam Smith,FR
14916,5999,Ethan Lewis,IT
14917,5999,Leo Taylor,IT
14918,6000,Noah Brown,AL
14919,6000,Emma Moore,AL
14920,6000,Amelia Anderson,DE
14921,6001,Maria Wilson,AL
14922,6001,Maria Smith,US
14923,6001,Mia Taylor,AL
14924,6002,Amelia Lewis,NG
14925,6002,Ava Moore,AE
14926,6002,Maria Miller,NG
14927,6003,Noah Lee,RO
14928,6003,Alex Brown,FR
14929,6003,Emma Lewis,DE
14930,6003,Amelia Clark,RO
14931,6004,Emma Martin,RO
14932,6004,Emma Miller,RO
14933,6004,Alex Miller,RO
14934,6005,Maria Lewis,GB
14935,6005,Daniel Garcia,GB
14936,6005,Mia Taylor,AL
14937,6006,Amelia Taylor,RO
14938,6006,Isabella Moore,NG
14939,6007,Olivia Rossi,FR
14940,6007,Amelia Rossi,FR
14941,6007,Mia Martin,FR
14942,6008,Leo Brown,DE
14943,6008,Lucas Lee,DE
14944,6008,Alex Lee,DE
14945,6008,Noah Rossi,DE
14946,6009,Leo Brown,AL
14947,6009,Maria Taylor,AL
14948,6009,Mia Lewis,AL
14949,6009,Mia Moore,ES
14950,6010,Isabella Lee,NL
14951,6010,Daniel Miller,NL
14952,6010,Sofia Lewis,NL
14953,6011,Isabella Smith,FR
14954,6011,Alex Miller,FR
14955,6011,Emma Miller,FR
14956,6011,Leo Martin,FR
14957,6012,Liam Anderson,NG
14958,6012,Mia Brown,NG
14959,6012,Amelia Martin,NL
14960,6013,Liam Taylor,AE
14961,6013,Ava Brown,AE
14962,6013,James Anderson,AE
14963,6014,Amelia Taylor,RO
14964,6014,Liam Wilson,RO
14965,6014,Leo Clark,RO
14966,6015,Sofia Lewis,FR
14967,6016,Amelia Clark,IT
14968,6016,Sofia Anderson,IT
14969,6016,Ava Garcia,IT
14970,6017,Liam Taylor,AE
14971,6017,Alex Garcia,AE
14972,6018,Alex Clark,DE
14973,6018,Maria Wilson,AL
14974,6018,Emma Smith,AE
14975,6019,Maria Martin,NL
14976,6019,Mia Smith,NL
14977,6020,Amelia Clark,US
14978,6020,Liam Thomas,NL
14979,6020,Liam Anderson,NL
14980,6020,Mia Clark,RO
14981,6021,Noah Miller,NG
14982,6021,Liam Brown,NG
14983,6021,Isabella Garcia,NG
14984,6022,Maria Lee,US
14985,6022,Noah Thomas,US
14986,6022,Sofia Lewis,US
14987,6023,Amelia Smith,RO
14988,6023,Maria Miller,RO
14989,6023,Alex Miller,RO
14990,6023,Ava Smith,RO
14991,6024,Amelia Smith,NG
14992,6024,Mia Lee,DE
14993,6025,Maria Thomas,DE
14994,6026,Noah Taylor,AE
14995,6026,Noah Brown,NG
14996,6027,Alex Anderson,NG
14997,6027,Sofia Wilson,NG
14998,6028,Liam Brown,NL
14999,6028,Sofia Moore,NL
15000,6029,Mia Lewis,IT
15001,6030,Amelia Brown,AL
15002,6030,Alex Taylor,AL
15003,6030,Ethan Taylor,AL
15004,6030,Isabella Clark,AL
15005,6031,Olivia Lewis,GB
15006,6031,Leo Lewis,GB
15007,6031,Amelia Clark,GB
15008,6031,Mia Moore,GB
15009,6032,Lucas Taylor,AL
15010,6033,Sofia Thomas,ES
15011,6034,Liam Brown,US
15012,6034,Sofia Taylor,US
15013,6034,Maria Lee,GB
15014,6034,Amelia Anderson,US
15015,6035,Ava Rossi,IT
15016,6036,Mia Clark,FR
15017,6036,Ethan Thomas,FR
15018,6036,Sofia Smith,FR
15019,6036,Olivia Taylor,FR
15020,6037,Maria Lee,IT
15021,6038,James Lee,NL
15022,6038,Alex Clark,ES
15023,6038,Ethan Garcia,ES
15024,6038,Noah Lewis,ES
15025,6039,Amelia Garcia,US
15026,6040,Ava Garcia,ES
15027,6040,Olivia Miller,ES
15028,6040,Ava Clark,ES
15029,6040,Maria Rossi,ES
15030,6041,Ethan Smith,ES
15031,6041,Sofia Garcia,NL
15032,6041,James Thomas,ES
15033,6041,Ava Moore,ES
15034,6042,Olivia Wilson,AL
15035,6043,Liam Taylor,AL
15036,6044,Noah Martin,NG
15037,6044,Olivia Brown,NG
15038,6044,Ava Moore,NG
15039,6045,Lucas Clark,AE
15040,6045,Liam Garcia,AE
15041,6045,Emma Garcia,GR
15042,6046,Emma Miller,NL
15043,6046,James Martin,NL
15044,6046,Alex Miller,NL
15045,6047,James Martin,GB
15046,6047,Noah Martin,GB
15047,6048,James Moore,GB
15048,6048,Ethan Lewis,FR
15049,6048,Leo Lee,GR
15050,6048,James Lewis,GR
15051,6049,Mia Lewis,DE
15052,6050,Emma Garcia,GB
15053,6050,Olivia Martin,GR
15054,6050,Olivia Thomas,GR
15055,6050,Isabella Thomas,GR
15056,6051,Noah Brown,DE
15057,6051,Ava Miller,NG
15058,6052,Leo Smith,RO
15059,6052,Liam Smith,RO
15060,6052,Noah Wilson,RO
15061,6052,Daniel Wilson,RO
15062,6053,Alex Smith,ES
15063,6053,Lucas Taylor,ES
15064,6054,Emma Rossi,NG
15065,6054,Amelia Smith,NG
15066,6055,Isabella Clark,FR
15067,6056,Mia Moore,NL
15068,6056,Amelia Moore,NL
15069,6056,Leo Lewis,IT
15070,6057,Isabella Brown,NL
15071,6057,Ava Clark,IT
15072,6058,Daniel Moore,NL
15073,6058,Amelia Lee,NL
15074,6058,Emma Garcia,NL
15075,6058,Sofia Lee,NL
15076,6059,Noah Brown,AL
15077,6059,Emma Thomas,AL
15078,6060,James Moore,RO
15079,6060,Ava Taylor,RO
15080,6060,Amelia Thomas,IT
15081,6060,Isabella Lewis,RO
15082,6061,Isabella Thomas,NG
15083,6061,Alex Thomas,NG
15084,6061,Maria Wilson,NG
15085,6061,Amelia Rossi,NG
15086,6062,Maria Taylor,ES
15087,6062,Alex Clark,ES
15088,6063,Olivia Thomas,AL
15089,6063,Liam Thomas,AL
15090,6063,Amelia Garcia,AL
15091,6064,Lucas Thomas,GB
15092,6064,Ethan Anderson,GB
15093,6065,Alex Anderson,GB
15094,6066,Noah Garcia,GB
15095,6067,Leo Moore,GB
15096,6068,Emma Lewis,US
15097,6069,Mia Garcia,US
15098,6069,Noah Smith,US
15099,6069,Maria Wilson,US
15100,6070,Liam Miller,AE
15101,6071,Sofia Lewis,DE
15102,6071,Olivia Moore,DE
15103,6071,Alex Martin,DE
15104,6071,Olivia Miller,DE
15105,6072,Sofia Miller,AE
15106,6072,Liam Brown,AE
15107,6072,Ava Wilson,AE
15108,6072,James Brown,AE
15109,6073,Lucas Thomas,ES
15110,6073,Alex Taylor,ES
15111,6074,Mia Brown,ES
15112,6074,Sofia Thomas,AL
15113,6074,Olivia Clark,GR
15114,6075,Noah Garcia,GB
15115,6075,Ethan Moore,FR
15116,6076,Mia Taylor,US
15117,6076,Leo Lewis,US
15118,6077,Ava Lewis,FR
15119,6077,Leo Lewis,AL
15120,6077,Daniel Moore,FR
15121,6077,Liam Martin,FR
15122,6078,Emma Anderson,NL
15123,6078,Mia Anderson,ES
15124,6078,Ethan Lee,ES
15125,6079,Daniel Lee,US
15126,6079,Mia Miller,DE
15127,6080,James Taylor,DE
15128,6081,Lucas Brown,DE
15129,6081,James Garcia,DE
15130,6081,Ava Brown,DE
15131,6082,Olivia Garcia,US
15132,6082,Ethan Taylor,US
15133,6082,Olivia Wilson,AL
15134,6082,Liam Wilson,RO
15135,6083,Noah Clark,RO
15136,6083,Alex Rossi,DE
15137,6084,Olivia Moore,AE
15138,6084,Alex Thomas,AE
15139,6084,Liam Lee,AE
15140,6085,Alex Rossi,AE
15141,6085,Alex Miller,AL
15142,6085,Noah Anderson,AE
15143,6086,Sofia Miller,ES
15144,6086,Alex Brown,GB
15145,6086,Isabella Miller,DE
15146,6087,Daniel Lee,ES
15147,6087,Daniel Lewis,DE
15148,6087,Mia Martin,NL
15149,6087,Alex Thomas,DE
15150,6088,Ethan Taylor,GR
15151,6089,Daniel Lewis,ES
15152,6089,Noah Lee,ES
15153,6089,James Smith,ES
15154,6090,Mia Martin,NL
15155,6090,Leo Lewis,NL
15156,6090,Alex Moore,NL
15157,6091,Amelia Taylor,NL
15158,6092,Noah Martin,IT
15159,6093,Liam Thomas,NL
15160,6093,Isabella Garcia,ES
15161,6093,Olivia Moore,ES
15162,6093,James Lee,ES
15163,6094,Sofia Wilson,US
15164,6094,Amelia Anderson,US
15165,6094,Amelia Lee,NG
15166,6094,Emma Rossi,US
15167,6095,Maria Rossi,IT
15168,6095,Ethan Anderson,ES
15169,6095,Emma Taylor,NG
15170,6096,Maria Lewis,DE
15171,6096,Alex Garcia,DE
15172,6097,Ethan Taylor,NL
15173,6097,Ethan Garcia,NL
15174,6097,Ava Miller,NL
15175,6097,Mia Anderson,GB
15176,6098,Lucas Moore,GB
15177,6099,Amelia Lee,AE
15178,6100,Leo Miller,GR
15179,6100,Liam Thomas,GR
15180,6101,Daniel Rossi,NG
15181,6101,Liam Moore,NG
15182,6101,Alex Thomas,NG
15183,6101,James Martin,NG
15184,6102,Maria Anderson,AE
15185,6102,Mia Martin,AE
15186,6102,Olivia Clark,AE
15187,6102,Mia Thomas,AE
15188,6103,Ava Martin,ES
15189,6103,Olivia Lee,ES
15190,6103,Leo Anderson,ES
15191,6104,Mia Smith,DE
15192,6105,Maria Anderson,DE
15193,6105,Ava Wilson,RO
15194,6106,Alex Taylor,US
15195,6107,Liam Clark,NG
15196,6107,Leo Smith,NG
15197,6107,Sofia Miller,NG
15198,6108,Alex Wilson,AL
15199,6108,Emma Anderson,AL
15200,6108,Ava Brown,AL
15201,6108,Liam Smith,AL
15202,6109,Olivia Taylor,AE
15203,6109,James Taylor,AE
15204,6109,James Thomas,AE
15205,6109,Olivia Taylor,AE
15206,6110,Alex Taylor,GB
15207,6111,Mia Wilson,NG
15208,6111,Ava Clark,DE
15209,6111,Emma Anderson,DE
15210,6111,Daniel Lewis,DE
15211,6112,Maria Clark,GR
15212,6113,Lucas Lewis,GR
15213,6114,Liam Miller,GB
15214,6114,Mia Moore,GB
15215,6114,Isabella Moore,IT
15216,6114,Daniel Miller,GB
15217,6115,Isabella Miller,NL
15218,6115,Olivia Garcia,NL
15219,6116,Liam Smith,FR
15220,6116,Isabella Anderson,FR
15221,6117,Leo Taylor,GB
15222,6117,Ethan Martin,AL
15223,6117,Mia Rossi,GB
15224,6118,Noah Thomas,GR
15225,6118,Leo Taylor,GR
15226,6118,Liam Brown,GR
15227,6118,Emma Miller,GR
15228,6119,James Rossi,NL
15229,6120,James Brown,FR
15230,6120,Daniel Moore,RO
15231,6120,Sofia Garcia,RO
15232,6120,Leo Anderson,RO
15233,6121,Maria Moore,NL
15234,6121,Alex Lewis,NL
15235,6122,Ethan Garcia,IT
15236,6123,Emma Moore,US
15237,6123,Sofia Taylor,US
15238,6123,Ethan Miller,US
15239,6123,Emma Clark,US
15240,6124,Ava Martin,RO
15241,6124,Sofia Moore,RO
15242,6124,James Taylor,RO
15243,6124,Liam Thomas,RO
15244,6125,Emma Taylor,DE
15245,6125,Sofia Moore,DE
15246,6125,Maria Wilson,DE
15247,6125,Isabella Miller,NL
15248,6126,Sofia Taylor,NG
15249,6126,Isabella Clark,FR
15250,6126,Olivia Thomas,NG
15251,6126,Maria Anderson,NG
15252,6127,James Miller,FR
15253,6127,Sofia Taylor,ES
15254,6128,Isabella Brown,FR
15255,6129,Ava Anderson,IT
15256,6129,Noah Martin,IT
15257,6129,Daniel Clark,NL
15258,6129,Daniel Anderson,IT
15259,6130,Mia Wilson,IT
15260,6130,Liam Wilson,IT
15261,6130,Emma Lewis,IT
15262,6130,Lucas Wilson,IT
15263,6131,Sofia Martin,RO
15264,6131,James Wilson,RO
15265,6131,Emma Rossi,RO
15266,6132,James Martin,AE
15267,6132,Amelia Taylor,AE
15268,6133,Mia Clark,NG
15269,6134,Lucas Anderson,GB
15270,6134,Liam Lee,GB
15271,6134,Daniel Thomas,GB
15272,6135,Emma Miller,FR
15273,6135,Maria Moore,ES
15274,6135,Ethan Brown,IT
15275,6135,Olivia Rossi,IT
15276,6136,Isabella Martin,NL
15277,6137,Mia Clark,IT
15278,6137,Alex Brown,NL
15279,6138,Daniel Rossi,RO
15280,6138,Maria Thomas,GB
15281,6139,Lucas Martin,IT
15282,6140,Daniel Wilson,AE
15283,6140,Sofia Lee,AE
15284,6140,James Garcia,AE
15285,6140,Mia Lee,AE
15286,6141,Amelia Miller,US
15287,6142,Emma Smith,FR
15288,6142,Ethan Miller,FR
15289,6142,James Rossi,FR
15290,6142,Isabella Martin,FR
15291,6143,Ethan Smith,US
15292,6143,James Thomas,GB
15293,6143,Daniel Moore,US
15294,6144,Sofia Clark,NG
15295,6144,Sofia Miller,NG
15296,6144,Amelia Smith,GB
15297,6144,Leo Brown,NG
15298,6145,Ava Rossi,AL
15299,6145,Olivia Taylor,AL
15300,6145,James Taylor,AL
15301,6145,Ethan Wilson,GR
15302,6146,Sofia Martin,GR
15303,6146,Mia Miller,GR
15304,6146,Amelia Thomas,ES
15305,6146,Ethan Brown,GR
15306,6147,Ethan Thomas,NL
15307,6147,Daniel Miller,NL
15308,6147,Ava Garcia,NL
15309,6148,Isabella Lee,NL
15310,6149,Alex Anderson,US
15311,6149,Daniel Wilson,US
15312,6149,Olivia Lee,US
15313,6149,Alex Lee,US
15314,6150,Daniel Lee,AL
15315,6150,Leo Rossi,AL
15316,6150,Maria Garcia,IT
15317,6151,Ethan Lee,ES
15318,6151,Ethan Brown,ES
15319,6151,Amelia Brown,ES
15320,6151,Sofia Miller,GR
15321,6152,Maria Wilson,RO
15322,6152,Mia Taylor,RO
15323,6152,Leo Lee,RO
15324,6152,Mia Anderson,ES
15325,6153,Ethan Lee,ES
15326,6154,Alex Thomas,RO
15327,6154,Liam Clark,RO
15328,6155,Isabella Rossi,RO
15329,6155,Daniel Miller,RO
15330,6156,Ethan Clark,NG
15331,6156,James Brown,RO
15332,6156,Sofia Thomas,NG
15333,6157,Maria Moore,DE
15334,6157,Leo Miller,US
15335,6157,Isabella Rossi,DE
15336,6158,Olivia Wilson,NG
15337,6159,Amelia Taylor,IT
15338,6159,Isabella Moore,IT
15339,6160,Amelia Lewis,DE
15340,6161,Lucas Wilson,IT
15341,6161,Daniel Clark,IT
15342,6161,Ava Martin,IT
15343,6162,Mia Martin,NG
15344,6162,Alex Rossi,NG
15345,6162,Maria Wilson,NG
15346,6162,Alex Garcia,NG
15347,6163,Mia Miller,ES
15348,6164,Liam Wilson,NG
15349,6164,Ethan Taylor,NG
15350,6165,Daniel Smith,AL
15351,6166,Sofia Brown,GR
15352,6166,Amelia Rossi,GR
15353,6167,James Smith,RO
15354,6167,Maria Clark,RO
15355,6167,Ava Martin,RO
15356,6168,Noah Anderson,RO
15357,6168,Alex Thomas,RO
15358,6168,Ethan Taylor,RO
15359,6168,James Garcia,RO
15360,6169,Lucas Anderson,DE
15361,6170,Mia Brown,GB
15362,6170,Liam Anderson,GB
15363,6170,Olivia Lewis,GB
15364,6171,Mia Smith,US
15365,6172,Leo Lewis,GR
15366,6173,Daniel Rossi,AE
15367,6173,Olivia Lewis,AE
15368,6173,Leo Thomas,AE
15369,6173,Ava Thomas,AE
15370,6174,Maria Taylor,FR
15371,6175,Maria Garcia,DE
15372,6175,Ethan Rossi,DE
15373,6175,Daniel Wilson,DE
15374,6175,Sofia Taylor,DE
15375,6176,Emma Lee,DE
15376,6177,Alex Martin,GR
15377,6178,Ava Moore,GR
15378,6178,Liam Rossi,GR
15379,6178,Ava Lee,GR
15380,6179,Ethan Moore,US
15381,6180,Amelia Martin,US
15382,6180,Maria Lewis,US
15383,6180,Sofia Rossi,US
15384,6181,Sofia Garcia,RO
15385,6182,Leo Rossi,GR
15386,6182,Sofia Thomas,GR
15387,6182,James Lewis,GR
15388,6182,Sofia Clark,GR
15389,6183,James Smith,AE
15390,6183,Emma Thomas,NG
15391,6183,Mia Lewis,NG
15392,6184,Sofia Lewis,AE
15393,6184,James Smith,AE
15394,6184,Leo Miller,AE
15395,6185,Sofia Anderson,DE
15396,6185,Ethan Martin,DE
15397,6185,Sofia Wilson,DE
15398,6185,Maria Smith,DE
15399,6186,Isabella Anderson,AL
15400,6186,Noah Wilson,AL
15401,6186,Olivia Brown,RO
15402,6186,Sofia Wilson,AL
15403,6187,Sofia Thomas,RO
15404,6187,Amelia Lewis,AE
15405,6187,Isabella Smith,AE
15406,6187,Daniel Garcia,AE
15407,6188,Leo Moore,DE
15408,6188,Amelia Rossi,DE
15409,6189,Sofia Moore,GB
15410,6190,Alex Anderson,GB
15411,6190,Maria Moore,GR
15412,6191,James Rossi,ES
15413,6191,Olivia Moore,GB
15414,6191,Noah Thomas,US
15415,6192,Sofia Moore,GR
15416,6192,Noah Thomas,GR
15417,6192,Ethan Wilson,GR
15418,6192,Sofia Thomas,GR
15419,6193,Mia Rossi,GB
15420,6193,Mia Smith,GB
15421,6193,Daniel Smith,GB
15422,6193,James Smith,DE
15423,6194,Daniel Rossi,RO
15424,6194,Daniel Rossi,AE
15425,6194,Leo Lee,FR
15426,6195,Mia Taylor,IT
15427,6195,Alex Smith,IT
15428,6195,Daniel Moore,ES
15429,6195,Noah Smith,IT
15430,6196,Ava Martin,AE
15431,6196,Lucas Moore,AE
15432,6196,Amelia Wilson,US
15433,6196,Olivia Wilson,GR
15434,6197,Lucas Martin,AE
15435,6197,Mia Lee,ES
15436,6197,Emma Thomas,AE
15437,6198,Sofia Thomas,GR
15438,6199,Leo Clark,GB
15439,6199,Mia Anderson,NL
15440,6200,Lucas Miller,RO
15441,6201,Emma Smith,GR
15442,6201,Lucas Smith,GR
15443,6201,Isabella Garcia,GR
15444,6201,Mia Anderson,GR
15445,6202,James Moore,AL
15446,6202,Liam Martin,AL
15447,6202,James Moore,AL
15448,6203,Alex Miller,NG
15449,6203,Leo Anderson,ES
15450,6203,Alex Lewis,NG
15451,6204,Daniel Thomas,RO
15452,6204,Maria Lewis,RO
15453,6205,Mia Lee,AL
15454,6206,Alex Lee,FR
15455,6206,Ava Garcia,AL
15456,6206,Isabella Thomas,FR
15457,6207,Olivia Clark,US
15458,6207,Olivia Rossi,DE
15459,6208,James Garcia,FR
15460,6208,Leo Lewis,FR
15461,6208,Ava Lee,FR
15462,6209,Ava Miller,AL
15463,6209,Noah Anderson,AL
15464,6209,Emma Brown,AL
15465,6209,Ava Lee,AL
15466,6210,Mia Wilson,AE
15467,6210,Emma Martin,DE
15468,6210,Liam Rossi,DE
15469,6211,Daniel Lewis,NG
15470,6211,Ethan Taylor,NG
15471,6212,Isabella Lee,GR
15472,6212,Sofia Smith,GR
15473,6213,Lucas Lee,NG
15474,6213,Mia Moore,NG
15475,6213,Isabella Rossi,NG
15476,6214,Sofia Garcia,NL
15477,6214,Isabella Wilson,NL
15478,6214,Daniel Rossi,NL
15479,6214,Ava Taylor,NL
15480,6215,Leo Lewis,AE
15481,6215,Mia Rossi,NL
15482,6215,Mia Clark,AE
15483,6215,Sofia Lee,AE
15484,6216,Noah Lee,NL
15485,6216,Maria Rossi,AL
15486,6216,Isabella Anderson,NL
15487,6216,Sofia Martin,NL
15488,6217,Maria Garcia,GB
15489,6217,Lucas Brown,RO
15490,6217,Emma Clark,GB
15491,6218,Emma Brown,AL
15492,6218,Isabella Brown,AL
15493,6219,Sofia Anderson,GR
15494,6220,Amelia Smith,FR
15495,6220,Lucas Taylor,FR
15496,6220,Ethan Lee,FR
15497,6221,Mia Miller,ES
15498,6221,Isabella Moore,ES
15499,6222,Isabella Thomas,NG
15500,6222,Leo Anderson,IT
15501,6222,Olivia Wilson,IT
15502,6223,Isabella Anderson,NL
15503,6223,Isabella Garcia,NL
15504,6224,Isabella Taylor,NG
15505,6224,Liam Lewis,NG
15506,6225,Emma Lee,FR
15507,6226,Liam Brown,RO
15508,6227,Ethan Anderson,NL
15509,6227,Daniel Lewis,NL
15510,6228,Lucas Rossi,FR
15511,6229,Mia Brown,IT
15512,6229,Emma Thomas,IT
15513,6230,Mia Miller,RO
15514,6230,Olivia Lee,RO
15515,6230,Olivia Lewis,RO
15516,6230,Alex Moore,RO
15517,6231,Daniel Anderson,NL
15518,6231,Ava Miller,NL
15519,6231,Isabella Brown,NL
15520,6231,Noah Thomas,FR
15521,6232,Leo Garcia,ES
15522,6232,Ava Lee,ES
15523,6232,Daniel Rossi,ES
15524,6232,Alex Lewis,ES
15525,6233,Ava Lewis,ES
15526,6234,Sofia Brown,AE
15527,6234,Leo Miller,AE
15528,6234,Ava Rossi,AE
15529,6235,Liam Lee,ES
15530,6235,Lucas Smith,ES
15531,6235,Noah Lewis,ES
15532,6235,Ava Lewis,ES
15533,6236,Liam Martin,IT
15534,6236,Lucas Lewis,US
15535,6237,Noah Lee,RO
15536,6237,Amelia Rossi,RO
15537,6237,Liam Lee,RO
15538,6237,Amelia Anderson,RO
15539,6238,Sofia Thomas,DE
15540,6238,Leo Martin,DE
15541,6238,Liam Rossi,RO
15542,6238,Alex Garcia,DE
15543,6239,Mia Garcia,DE
15544,6240,Maria Smith,US
15545,6241,Noah Miller,RO
15546,6242,Daniel Anderson,RO
15547,6242,Ava Smith,RO
15548,6242,Maria Miller,RO
15549,6242,Ava Brown,ES
15550,6243,Olivia Rossi,RO
15551,6244,Leo Wilson,AE
15552,6244,Amelia Smith,IT
15553,6245,Daniel Clark,FR
15554,6246,Lucas Brown,IT
15555,6246,Lucas Wilson,IT
15556,6246,Ethan Smith,AL
15557,6246,Isabella Thomas,GR
15558,6247,Liam Lewis,AE
15559,6247,Noah Taylor,AE
15560,6247,Ethan Wilson,ES
15561,6247,Noah Lewis,AE
15562,6248,Daniel Wilson,NL
15563,6249,Ava Clark,GB
15564,6249,Noah Moore,GB
15565,6250,Sofia Clark,IT
15566,6250,Emma Rossi,IT
15567,6250,Emma Smith,IT
15568,6250,Alex Brown,IT
15569,6251,Ethan Brown,NL
15570,6252,Olivia Brown,US
15571,6252,Ava Moore,FR
15572,6253,Sofia Garcia,GB
15573,6253,Maria Moore,GR
15574,6253,Ethan Wilson,IT
15575,6254,Sofia Martin,NG
15576,6254,Ethan Martin,DE
15577,6255,Liam Moore,GB
15578,6256,Alex Garcia,AL
15579,6256,Liam Smith,DE
15580,6256,Emma Moore,AL
15581,6257,Ava Lewis,AE
15582,6257,Maria Wilson,AE
15583,6257,Leo Wilson,AE
15584,6257,Ethan Taylor,AE
15585,6258,Ethan Thomas,IT
15586,6258,Emma Lewis,IT
15587,6259,James Lee,AE
15588,6259,James Thomas,GR
15589,6260,Noah Lee,DE
15590,6260,Emma Clark,DE
15591,6260,Amelia Taylor,DE
15592,6261,Noah Taylor,AE
15593,6261,Noah Rossi,AE
15594,6262,Ava Wilson,ES
15595,6263,Isabella Miller,GR
15596,6264,Noah Miller,US
15597,6265,Leo Anderson,US
15598,6265,Mia Taylor,FR
15599,6265,Amelia Anderson,FR
15600,6265,Emma Anderson,FR
15601,6266,Leo Miller,DE
15602,6267,Mia Miller,GR
15603,6268,Sofia Brown,US
15604,6268,James Lewis,US
15605,6268,Olivia Smith,US
15606,6268,Isabella Smith,US
15607,6269,Liam Moore,FR
15608,6269,Liam Wilson,FR
15609,6269,Emma Thomas,FR
15610,6270,Emma Taylor,NG
15611,6270,Amelia Thomas,GB
15612,6270,Maria Wilson,NG
15613,6270,Mia Thomas,NG
15614,6271,Noah Miller,IT
15615,6272,Mia Lewis,NL
15616,6272,Maria Brown,AE
15617,6273,Maria Anderson,AE
15618,6273,Lucas Martin,AE
15619,6274,Liam Anderson,FR
15620,6274,Ethan Rossi,FR
15621,6274,Olivia Thomas,FR
15622,6275,Sofia Anderson,DE
15623,6275,Ethan Rossi,DE
15624,6276,Sofia Clark,GR
15625,6276,Lucas Garcia,GR
15626,6276,Ethan Martin,NL
15627,6277,Ethan Lewis,NG
15628,6278,Daniel Moore,AL
15629,6278,Leo Brown,AL
15630,6278,Sofia Smith,AL
15631,6278,Lucas Miller,AL
15632,6279,Lucas Martin,DE
15633,6279,Ava Taylor,DE
15634,6280,Lucas Taylor,NL
15635,6280,Mia Anderson,NL
15636,6281,Maria Clark,GR
15637,6281,Isabella Garcia,ES
15638,6281,Daniel Garcia,ES
15639,6281,Alex Moore,ES
15640,6282,James Martin,NG
15641,6282,Isabella Lee,NG
15642,6282,Mia Taylor,GB
15643,6282,Isabella Martin,NG
15644,6283,Maria Brown,AE
15645,6283,Olivia Thomas,GR
15646,6283,Alex Anderson,GR
15647,6283,Sofia Garcia,GR
15648,6284,Liam Brown,NL
15649,6284,Leo Anderson,NL
15650,6284,Olivia Garcia,NL
15651,6284,Mia Clark,NL
15652,6285,Mia Clark,DE
15653,6285,Lucas Lee,DE
15654,6286,Noah Smith,FR
15655,6286,Leo Lewis,GR
15656,6287,Sofia Garcia,DE
15657,6287,Leo Lewis,DE
15658,6287,Maria Smith,AL
15659,6287,Daniel Thomas,DE
15660,6288,Ava Rossi,GB
15661,6288,Emma Rossi,GB
15662,6288,Amelia Thomas,AL
15663,6289,James Miller,AE
15664,6289,Sofia Miller,AE
15665,6289,Sofia Brown,AE
15666,6289,Sofia Miller,AE
15667,6290,Isabella Clark,NL
15668,6291,Ava Garcia,US
15669,6292,Alex Garcia,GB
15670,6293,Noah Lee,RO
15671,6293,Ava Rossi,RO
15672,6294,Daniel Brown,DE
15673,6294,Mia Lewis,IT
15674,6294,James Brown,NG
15675,6295,Ethan Martin,AL
15676,6295,Lucas Smith,AL
15677,6296,Sofia Wilson,IT
15678,6297,Emma Wilson,GR
15679,6297,Emma Rossi,ES
15680,6298,Sofia Garcia,AE
15681,6298,Alex Taylor,AE
15682,6298,Isabella Clark,DE
15683,6298,Ava Wilson,AE
15684,6299,Isabella Lewis,NG
15685,6299,Sofia Brown,RO
15686,6299,Isabella Brown,NG
15687,6299,Alex Clark,NG
15688,6300,Amelia Clark,ES
15689,6301,Maria Taylor,FR
15690,6301,James Lewis,RO
15691,6302,Leo Moore,NG
15692,6302,Isabella Rossi,NG
15693,6302,James Garcia,GR
15694,6303,Emma Thomas,GB
15695,6303,Lucas Martin,GB
15696,6303,Alex Miller,GB
15697,6304,Isabella Anderson,US
15698,6304,Ava Martin,US
15699,6304,Ava Lewis,US
15700,6304,James Rossi,US
15701,6305,Alex Taylor,AL
15702,6305,Noah Lee,FR
15703,6305,Amelia Martin,FR
15704,6306,James Lewis,RO
15705,6306,Maria Brown,RO
15706,6306,Amelia Thomas,RO
15707,6307,Lucas Rossi,US
15708,6307,Amelia Miller,US
15709,6308,Alex Martin,GR
15710,6308,Amelia Lewis,IT
15711,6308,Daniel Lewis,RO
15712,6308,Daniel Smith,IT
15713,6309,Alex Smith,GB
15714,6309,Ethan Martin,AL
15715,6309,Amelia Moore,GB
15716,6309,Amelia Martin,DE
15717,6310,Alex Martin,NL
15718,6310,Lucas Taylor,DE
15719,6311,Daniel Thomas,IT
15720,6311,Daniel Clark,ES
15721,6312,James Moore,IT
15722,6313,Alex Garcia,AE
15723,6314,Lucas Rossi,NL
15724,6314,Leo Taylor,ES
15725,6315,Noah Garcia,DE
15726,6315,Isabella Clark,DE
15727,6315,Noah Clark,DE
15728,6316,Liam Lee,FR
15729,6316,Olivia Rossi,FR
15730,6316,Ava Martin,FR
15731,6316,Maria Lewis,FR
15732,6317,Olivia Lee,AL
15733,6317,Liam Martin,AL
15734,6318,Liam Moore,GR
15735,6318,Sofia Rossi,GR
15736,6319,Amelia Martin,NG
15737,6319,Ava Miller,NG
15738,6319,Daniel Brown,NG
15739,6320,Mia Martin,GR
15740,6320,Amelia Moore,GR
15741,6321,Maria Rossi,NG
15742,6322,Olivia Lee,IT
15743,6322,Sofia Miller,IT
15744,6323,Noah Anderson,US
15745,6323,Amelia Brown,US
15746,6324,Isabella Moore,AL
15747,6324,Daniel Wilson,IT
15748,6325,Ava Smith,DE
15749,6325,Leo Miller,DE
15750,6325,Liam Miller,DE
15751,6326,Mia Wilson,FR
15752,6327,Noah Lewis,AE
15753,6327,Leo Smith,AE
15754,6327,Lucas Rossi,AE
15755,6328,Daniel Thomas,GR
15756,6328,Noah Martin,NL
15757,6328,Noah Lee,GR
15758,6329,Mia Wilson,AL
15759,6329,Sofia Wilson,AL
15760,6329,Ava Lee,AL
15761,6330,Leo Rossi,GR
15762,6330,Alex Garcia,GR
15763,6330,James Brown,GR
15764,6330,Mia Rossi,GR
15765,6331,Ava Smith,GB
15766,6331,Leo Clark,GB
15767,6331,Sofia Rossi,GB
15768,6331,Sofia Lee,GB
15769,6332,Lucas Moore,IT
15770,6332,Amelia Martin,IT
15771,6332,Alex Clark,IT
15772,6333,Sofia Thomas,FR
15773,6333,Daniel Anderson,FR
15774,6333,Leo Brown,FR
15775,6333,Noah Lewis,ES
15776,6334,Olivia Lewis,AL
15777,6334,Lucas Lewis,GB
15778,6335,Sofia Moore,AE
15779,6335,Ethan Moore,AE
15780,6336,Maria Clark,DE
15781,6336,James Anderson,DE
15782,6336,Daniel Taylor,GB
15783,6337,Ava Clark,GR
15784,6337,Ava Martin,GB
15785,6338,Leo Lee,ES
15786,6339,Lucas Taylor,NG
15787,6340,Sofia Garcia,AE
15788,6341,Lucas Lee,NG
15789,6342,Leo Clark,GR
15790,6343,Alex Brown,IT
15791,6343,Lucas Taylor,IT
15792,6343,Lucas Garcia,IT
15793,6344,Emma Lewis,AE
15794,6344,Alex Thomas,AE
15795,6344,Olivia Martin,AE
15796,6344,Amelia Moore,RO
15797,6345,Ethan Moore,IT
15798,6346,Olivia Taylor,US
15799,6347,Mia Lee,RO
15800,6347,Sofia Lee,RO
15801,6348,Ava Miller,ES
15802,6348,Ethan Moore,AE
15803,6348,James Wilson,ES
15804,6349,Leo Anderson,ES
15805,6349,Isabella Clark,ES
15806,6349,Sofia Clark,ES
15807,6350,Olivia Miller,NG
15808,6350,James Clark,NG
15809,6350,Daniel Garcia,NG
15810,6350,Mia Rossi,NL
15811,6351,Olivia Garcia,US
15812,6352,Lucas Lee,NG
15813,6352,Ethan Smith,NG
15814,6352,Amelia Taylor,NG
15815,6353,Olivia Lee,NG
15816,6353,Noah Taylor,AE
15817,6353,Amelia Rossi,AE
15818,6354,Mia Thomas,IT
15819,6355,Sofia Thomas,AE
15820,6356,Ava Thomas,GR
15821,6356,Liam Moore,GR
15822,6357,Noah Wilson,FR
15823,6358,Alex Taylor,IT
15824,6359,Noah Anderson,NL
15825,6360,Ethan Thomas,GR
15826,6360,Alex Taylor,GR
15827,6361,Mia Garcia,US
15828,6361,Maria Anderson,US
15829,6361,Sofia Clark,GR
15830,6362,Olivia Rossi,US
15831,6362,Lucas Garcia,RO
15832,6362,Mia Miller,RO
15833,6362,James Wilson,RO
15834,6363,Liam Smith,DE
15835,6363,Ava Garcia,DE
15836,6363,Lucas Wilson,DE
15837,6364,Alex Anderson,GR
15838,6364,Leo Thomas,GR
15839,6365,Sofia Anderson,AL
15840,6366,Isabella Taylor,NG
15841,6366,Daniel Smith,NG
15842,6367,Mia Wilson,ES
15843,6367,James Moore,ES
15844,6367,Alex Lewis,ES
15845,6368,Sofia Martin,GB
15846,6368,Leo Moore,GB
15847,6368,Noah Lee,GB
15848,6369,Sofia Anderson,IT
15849,6369,Leo Martin,IT
15850,6370,Alex Smith,RO
15851,6370,Emma Lewis,RO
15852,6371,Sofia Smith,IT
15853,6372,Ava Smith,DE
15854,6372,Alex Martin,DE
15855,6373,Sofia Moore,NG
15856,6374,Daniel Wilson,AE
15857,6374,Mia Anderson,AE
15858,6375,Liam Clark,FR
15859,6375,Liam Lewis,FR
15860,6376,Sofia Martin,GR
15861,6376,Noah Martin,ES
15862,6376,Alex Brown,ES
15863,6376,Alex Brown,ES
15864,6377,Mia Taylor,NG
15865,6377,Noah Wilson,US
15866,6377,Lucas Miller,US
15867,6378,Ava Anderson,RO
15868,6379,Olivia Lee,US
15869,6379,Isabella Brown,US
15870,6379,Emma Brown,ES
15871,6379,Lucas Wilson,US
15872,6380,Liam Clark,NL
15873,6381,Isabella Moore,DE
15874,6382,James Martin,AL
15875,6383,Mia Clark,FR
15876,6384,Isabella Garcia,NG
15877,6385,Amelia Martin,ES
15878,6385,Daniel Smith,ES
15879,6386,Sofia Taylor,AE
15880,6387,Liam Martin,GR
15881,6387,Ethan Martin,GR
15882,6388,Isabella Wilson,AL
15883,6388,Amelia Wilson,ES
15884,6388,Noah Miller,ES
15885,6389,Alex Taylor,ES
15886,6390,Ethan Garcia,RO
15887,6391,Mia Taylor,DE
15888,6392,Liam Rossi,GB
15889,6392,Maria Moore,GB
15890,6393,Olivia Wilson,GB
15891,6394,Alex Wilson,RO
15892,6394,Mia Miller,RO
15893,6394,Alex Clark,RO
15894,6395,Leo Smith,US
15895,6395,Noah Rossi,US
15896,6395,Isabella Clark,US
15897,6396,James Smith,US
15898,6396,Olivia Brown,US
15899,6397,Olivia Wilson,ES
15900,6397,Amelia Garcia,ES
15901,6397,Isabella Miller,ES
15902,6398,Ava Rossi,NG
15903,6399,Sofia Rossi,ES
15904,6399,Ava Lee,AL
15905,6399,Mia Clark,ES
15906,6399,Daniel Thomas,ES
15907,6400,Maria Taylor,NL
15908,6401,Liam Moore,AE
15909,6401,Maria Moore,AE
15910,6402,James Smith,GR
15911,6402,Noah Wilson,FR
15912,6402,Amelia Taylor,FR
15913,6403,Emma Wilson,AE
15914,6403,Emma Lewis,ES
15915,6403,Lucas Anderson,ES
15916,6404,Sofia Wilson,NL
15917,6404,Noah Anderson,NL
15918,6404,Mia Smith,NL
15919,6404,Alex Thomas,NL
15920,6405,Noah Miller,IT
15921,6406,Leo Miller,ES
15922,6406,Lucas Martin,ES
15923,6407,Lucas Rossi,AL
15924,6407,Ava Taylor,AL
15925,6408,Ava Brown,FR
15926,6409,Mia Miller,NL
15927,6409,Liam Lewis,NL
15928,6410,Sofia Martin,NG
15929,6410,Isabella Brown,NG
15930,6410,Ethan Martin,NG
15931,6410,Leo Moore,NG
15932,6411,Ethan Lee,FR
15933,6411,Olivia Lewis,FR
15934,6412,Maria Clark,AL
15935,6413,James Smith,DE
15936,6413,Olivia Taylor,DE
15937,6413,Mia Wilson,DE
15938,6414,Noah Smith,GB
15939,6414,Isabella Garcia,NG
15940,6414,Alex Garcia,GB
15941,6414,Ethan Taylor,GB
15942,6415,Lucas Thomas,GB
15943,6415,Noah Clark,FR
15944,6415,Daniel Thomas,GB
15945,6415,Ava Anderson,NG
15946,6416,Olivia Miller,NG
15947,6417,Ava Anderson,NL
15948,6418,James Martin,AL
15949,6419,Sofia Anderson,AL
15950,6420,Isabella Wilson,IT
15951,6420,Emma Lewis,NL
15952,6421,Liam Clark,GR
15953,6421,James Taylor,RO
15954,6422,Noah Taylor,AL
15955,6422,Alex Lewis,FR
15956,6422,Maria Garcia,FR
15957,6422,Alex Smith,FR
15958,6423,Leo Clark,GB
15959,6424,Liam Taylor,NL
15960,6425,Amelia Moore,FR
15961,6426,Alex Brown,ES
15962,6426,Alex Lewis,AE
15963,6426,Maria Wilson,AE
15964,6427,Alex Moore,RO
15965,6427,Olivia Brown,IT
15966,6427,Mia Anderson,US
15967,6427,Emma Brown,ES
15968,6428,James Rossi,GB
15969,6429,Sofia Smith,NL
15970,6429,Ethan Martin,NL
15971,6429,James Thomas,NL
15972,6430,Sofia Wilson,ES
15973,6430,Ava Miller,ES
15974,6430,Isabella Lee,ES
15975,6431,Emma Wilson,AE
15976,6431,Maria Moore,AE
15977,6431,Ethan Lewis,AE
15978,6432,Ava Lee,GR
15979,6432,Alex Lee,ES
15980,6432,Sofia Brown,AL
15981,6433,James Martin,FR
15982,6434,Emma Miller,AL
15983,6435,Ethan Garcia,DE
15984,6435,Sofia Miller,FR
15985,6435,James Wilson,FR
15986,6436,Maria Brown,AE
15987,6436,Amelia Taylor,AE
15988,6436,Amelia Martin,GR
15989,6437,Emma Moore,NL
15990,6437,James Lee,NL
15991,6437,Mia Garcia,NL
15992,6438,Olivia Brown,GB
15993,6438,Lucas Thomas,AL
15994,6439,Ethan Lee,RO
15995,6439,Liam Lewis,RO
15996,6440,James Clark,AL
15997,6440,Ava Rossi,US
15998,6440,Lucas Taylor,AL
15999,6441,Maria Wilson,AE
16000,6441,James Clark,US
16001,6442,Liam Martin,GB
16002,6442,Olivia Miller,GB
16003,6443,Noah Lewis,IT
16004,6443,James Thomas,GR
16005,6443,Noah Clark,GR
16006,6443,Leo Moore,GR
16007,6444,Lucas Moore,ES
16008,6444,Emma Miller,ES
16009,6444,Alex Lewis,ES
16010,6444,Ethan Smith,ES
16011,6445,Ethan Taylor,GB
16012,6445,Liam Smith,GB
16013,6445,Leo Brown,GB
16014,6446,Maria Lee,AE
16015,6446,James Wilson,AE
16016,6446,Noah Moore,ES
16017,6446,Mia Thomas,AE
16018,6447,James Taylor,FR
16019,6447,Sofia Moore,FR
16020,6447,Lucas Taylor,NG
16021,6448,Alex Thomas,GR
16022,6448,Lucas Taylor,NL
16023,6448,Leo Taylor,GR
16024,6448,Leo Garcia,GR
16025,6449,Isabella Garcia,GB
16026,6449,James Rossi,AE
16027,6449,Ethan Garcia,AE
16028,6450,Mia Clark,GB
16029,6451,James Lee,ES
16030,6451,Ethan Lee,DE
16031,6451,Emma Anderson,DE
16032,6452,Alex Smith,NG
16033,6452,Sofia Miller,NG
16034,6452,Leo Taylor,NG
16035,6452,Sofia Martin,NG
16036,6453,Ethan Garcia,DE
16037,6454,Maria Miller,US
16038,6454,Leo Lee,US
16039,6454,Ava Brown,US
16040,6454,Daniel Anderson,US
16041,6455,James Thomas,RO
16042,6455,Emma Brown,RO
16043,6455,Lucas Lewis,RO
16044,6455,Maria Rossi,RO
16045,6456,Liam Smith,GR
16046,6456,Leo Brown,GR
16047,6456,Liam Taylor,GR
16048,6457,Isabella Garcia,IT
16049,6457,Ava Rossi,IT
16050,6457,Amelia Thomas,IT
16051,6457,Olivia Anderson,US
16052,6458,Liam Rossi,NG
16053,6458,Alex Wilson,AL
16054,6458,James Taylor,GB
16055,6458,Daniel Smith,GB
16056,6459,Isabella Martin,AE
16057,6459,Ava Miller,RO
16058,6459,Alex Miller,AE
16059,6459,Isabella Wilson,AE
16060,6460,Lucas Clark,NL
16061,6461,Liam Clark,GR
16062,6461,Daniel Thomas,GR
16063,6462,Olivia Taylor,AE
16064,6462,Amelia Miller,AE
16065,6462,Daniel Taylor,AE
16066,6463,Ava Martin,RO
16067,6463,Ethan Lewis,GB
16068,6463,Ethan Garcia,RO
16069,6464,James Garcia,NL
16070,6464,Leo Miller,NL
16071,6465,Leo Wilson,IT
16072,6466,Isabella Anderson,DE
16073,6466,Amelia Rossi,RO
16074,6466,Sofia Taylor,DE
16075,6466,Alex Rossi,DE
16076,6467,Emma Miller,AL
16077,6467,Mia Moore,US
16078,6468,Maria Lee,ES
16079,6468,Sofia Lewis,NL
16080,6469,Mia Lee,ES
16081,6470,Olivia Martin,ES
16082,6470,Ethan Clark,ES
16083,6471,Mia Garcia,GR
16084,6471,Alex Brown,GR
16085,6472,Noah Anderson,AL
16086,6472,Lucas Clark,IT
16087,6473,Olivia Miller,IT
16088,6473,Amelia Moore,IT
16089,6473,Emma Moore,IT
16090,6473,Sofia Lewis,IT
16091,6474,James Anderson,GB
16092,6475,Alex Lewis,DE
16093,6475,Maria Anderson,DE
16094,6475,Olivia Thomas,DE
16095,6476,Emma Lee,GB
16096,6476,Emma Brown,GB
16097,6476,Maria Brown,GB
16098,6477,Mia Brown,RO
16099,6478,Ava Thomas,NL
16100,6478,Isabella Taylor,AL
16101,6479,James Moore,GB
16102,6479,Maria Rossi,GB
16103,6479,Leo Smith,GB
16104,6480,Daniel Wilson,RO
16105,6480,Olivia Brown,RO
16106,6480,Alex Thomas,RO
16107,6481,Sofia Thomas,ES
16108,6481,Amelia Miller,US
16109,6481,Isabella Smith,GB
16110,6482,Alex Rossi,GR
16111,6482,Ethan Clark,GR
16112,6482,Leo Clark,GB
16113,6483,Isabella Garcia,GB
16114,6483,Ava Brown,GR
16115,6483,Noah Smith,NL
16116,6483,Lucas Moore,GB
16117,6484,Isabella Rossi,RO
16118,6484,Daniel Lewis,RO
16119,6485,Ethan Lewis,AL
16120,6485,Noah Martin,AL
16121,6485,Amelia Rossi,AL
16122,6486,Daniel Miller,NL
16123,6486,James Taylor,NL
16124,6486,Lucas Garcia,US
16125,6487,Noah Martin,NL
16126,6487,Isabella Garcia,GB
16127,6487,James Rossi,IT
16128,6487,Isabella Miller,GB
16129,6488,Mia Lee,IT
16130,6488,James Smith,IT
16131,6488,James Clark,IT
16132,6488,Daniel Lee,IT
16133,6489,Olivia Smith,DE
16134,6490,Liam Lee,GR
16135,6490,Ava Smith,GR
16136,6490,Leo Martin,GR
16137,6490,Olivia Brown,GR
16138,6491,Noah Garcia,FR
16139,6491,Noah Clark,FR
16140,6491,Lucas Thomas,GR
16141,6492,Ava Moore,DE
16142,6492,Emma Wilson,DE
16143,6493,Amelia Martin,DE
16144,6493,Isabella Wilson,DE
16145,6494,Mia Taylor,GB
16146,6495,James Anderson,GR
16147,6495,Isabella Smith,GR
16148,6495,Lucas Garcia,GR
16149,6496,Isabella Clark,GB
16150,6497,Leo Martin,NL
16151,6498,Liam Moore,AE
16152,6498,Lucas Moore,AE
16153,6498,Leo Wilson,AE
16154,6498,Daniel Brown,AE
16155,6499,Olivia Taylor,IT
16156,6500,James Miller,GB
16157,6500,James Thomas,GB
16158,6500,Lucas Thomas,GB
16159,6501,Olivia Rossi,AE
16160,6502,Olivia Lewis,DE
16161,6502,Emma Taylor,US
16162,6502,Liam Lee,DE
16163,6503,Ethan Wilson,ES
16164,6504,Ava Lee,RO
16165,6504,Lucas Clark,RO
16166,6504,Lucas Clark,NG
16167,6505,Sofia Garcia,RO
16168,6506,Maria Brown,NG
16169,6506,Noah Lewis,GB
16170,6506,Emma Taylor,NG
16171,6507,Noah Miller,NG
16172,6508,Emma Garcia,IT
16173,6508,Isabella Clark,GB
16174,6509,Ava Anderson,GR
16175,6510,Isabella Smith,DE
16176,6510,Emma Lewis,DE
16177,6510,Liam Clark,DE
16178,6511,Alex Miller,FR
16179,6511,Isabella Martin,DE
16180,6512,Alex Lee,US
16181,6513,Daniel Moore,NL
16182,6513,Maria Lewis,NL
16183,6513,Olivia Moore,NL
16184,6513,Maria Smith,DE
16185,6514,Amelia Smith,NL
16186,6514,James Smith,NL
16187,6515,Liam Moore,FR
16188,6515,Emma Anderson,FR
16189,6516,Liam Lee,AL
16190,6516,Ethan Lee,AL
16191,6516,Sofia Smith,AL
16192,6516,Isabella Brown,AL
16193,6517,Lucas Brown,IT
16194,6518,Leo Thomas,GB
16195,6518,Liam Miller,GB
16196,6518,Maria Lewis,GB
16197,6519,Leo Clark,FR
16198,6519,Ethan Lewis,FR
16199,6519,James Clark,ES
16200,6520,Alex Taylor,GB
16201,6521,Leo Lewis,GB
16202,6521,Ava Miller,GB
16203,6521,Amelia Rossi,GB
16204,6522,Leo Lewis,US
16205,6523,Mia Taylor,IT
16206,6523,Olivia Thomas,GR
16207,6523,Daniel Thomas,GR
16208,6523,James Taylor,GR
16209,6524,Noah Miller,RO
16210,6525,Lucas Rossi,ES
16211,6526,Amelia Rossi,ES
16212,6526,Isabella Clark,GR
16213,6526,Ethan Garcia,ES
16214,6526,Olivia Anderson,ES
16215,6527,Daniel Martin,NG
16216,6527,Olivia Rossi,NG
16217,6528,James Lee,ES
16218,6528,Mia Martin,ES
16219,6528,Liam Garcia,ES
16220,6529,Daniel Smith,US
16221,6530,Ethan Miller,FR
16222,6531,Leo Smith,ES
16223,6531,Ethan Anderson,ES
16224,6531,Noah Brown,ES
16225,6532,Ava Garcia,AE
16226,6532,Emma Lewis,AE
16227,6533,James Clark,IT
16228,6533,Amelia Garcia,IT
16229,6533,Noah Brown,NG
16230,6534,Mia Clark,US
16231,6535,Mia Miller,US
16232,6536,Maria Moore,ES
16233,6536,Alex Lee,ES
16234,6536,Daniel Garcia,ES
16235,6537,Isabella Garcia,US
16236,6537,Olivia Thomas,US
16237,6537,Isabella Martin,IT
16238,6537,Liam Moore,GB
16239,6538,Lucas Miller,GB
16240,6538,Ethan Taylor,AL
16241,6538,Sofia Wilson,GB
16242,6539,Olivia Martin,FR
16243,6540,Sofia Taylor,GB
16244,6540,Leo Wilson,NG
16245,6540,Emma Lee,IT
16246,6541,Emma Lewis,NG
16247,6541,Leo Brown,NG
16248,6542,Lucas Moore,AL
16249,6542,Daniel Miller,AL
16250,6542,Mia Smith,AL
16251,6542,Maria Moore,AL
16252,6543,Leo Rossi,IT
16253,6543,James Wilson,DE
16254,6544,Liam Thomas,RO
16255,6545,Leo Lee,NG
16256,6545,Sofia Wilson,NG
16257,6545,James Anderson,NG
16258,6546,Isabella Miller,US
16259,6546,Daniel Martin,US
16260,6546,Olivia Brown,US
16261,6546,Daniel Wilson,US
16262,6547,Sofia Garcia,GR
16263,6547,Noah Rossi,GR
16264,6547,Leo Rossi,US
16265,6547,Daniel Thomas,GR
16266,6548,Emma Thomas,GB
16267,6548,Noah Brown,US
16268,6548,James Martin,NG
16269,6549,James Taylor,AL
16270,6550,Amelia Lewis,NG
16271,6550,Liam Smith,NG
16272,6550,Alex Anderson,NG
16273,6550,Leo Taylor,NG
16274,6551,Lucas Clark,GR
16275,6552,Emma Rossi,US
16276,6552,Emma Anderson,US
16277,6552,Sofia Miller,US
16278,6552,Emma Taylor,US
16279,6553,Sofia Clark,AE
16280,6554,Alex Clark,AE
16281,6555,Amelia Miller,GR
16282,6556,Isabella Moore,AE
16283,6557,Daniel Moore,FR
16284,6558,Emma Miller,FR
16285,6558,James Brown,DE
16286,6558,Liam Rossi,FR
16287,6559,Maria Thomas,US
16288,6560,Emma Garcia,RO
16289,6560,Alex Smith,RO
16290,6561,Ethan Garcia,ES
16291,6561,Liam Smith,ES
16292,6561,Alex Miller,US
16293,6562,Emma Brown,GB
16294,6562,Emma Lewis,GB
16295,6562,Olivia Thomas,GR
16296,6562,Noah Brown,GR
16297,6563,James Taylor,RO
16298,6563,Lucas Clark,RO
16299,6564,Daniel Lewis,FR
16300,6564,Amelia Miller,FR
16301,6565,Emma Wilson,DE
16302,6565,Noah Anderson,DE
16303,6565,Amelia Smith,DE
16304,6566,Maria Smith,NL
16305,6566,Daniel Martin,AE
16306,6567,Liam Wilson,NL
16307,6567,Lucas Lewis,NL
16308,6567,Mia Lee,NL
16309,6568,Mia Garcia,FR
16310,6568,Maria Clark,FR
16311,6569,Emma Anderson,DE
16312,6569,Liam Smith,DE
16313,6569,Maria Miller,GB
16314,6570,Amelia Lewis,IT
16315,6570,Daniel Smith,IT
16316,6570,Amelia Lee,NL
16317,6571,Alex Brown,GR
16318,6571,Ava Wilson,IT
16319,6572,Ava Rossi,AE
16320,6573,Noah Rossi,NL
16321,6574,Isabella Smith,NG
16322,6575,Leo Thomas,AL
16323,6576,James Taylor,NG
16324,6576,Liam Clark,NG
16325,6576,Liam Thomas,NG
16326,6577,Isabella Miller,GB
16327,6577,Liam Taylor,GB
16328,6577,Sofia Taylor,GB
16329,6577,Sofia Brown,GB
16330,6578,Mia Anderson,NG
16331,6578,Lucas Thomas,NG
16332,6579,Maria Taylor,US
16333,6580,Ava Garcia,RO
16334,6580,Olivia Clark,IT
16335,6581,Ethan Lewis,US
16336,6581,Ava Lewis,US
16337,6581,Liam Smith,US
16338,6581,Noah Rossi,US
16339,6582,Daniel Moore,DE
16340,6582,James Garcia,DE
16341,6582,James Smith,DE
16342,6582,Amelia Moore,DE
16343,6583,Emma Smith,ES
16344,6584,Ethan Anderson,NG
16345,6584,Ethan Martin,NG
16346,6585,Daniel Anderson,AL
16347,6585,Lucas Clark,AL
16348,6586,Alex Thomas,IT
16349,6586,Emma Wilson,IT
16350,6586,Lucas Lewis,AE
16351,6587,Emma Smith,RO
16352,6588,Mia Martin,FR
16353,6588,Lucas Clark,FR
16354,6589,Daniel Moore,DE
16355,6589,Amelia Thomas,FR
16356,6590,Amelia Taylor,US
16357,6590,Maria Martin,NG
16358,6590,Maria Brown,NG
16359,6590,James Brown,NG
16360,6591,Amelia Anderson,NL
16361,6591,Emma Anderson,ES
16362,6592,Isabella Martin,ES
16363,6592,Mia Taylor,ES
16364,6593,Alex Garcia,RO
16365,6593,Amelia Lee,RO
16366,6593,Leo Miller,NG
16367,6593,Ava Lee,RO
16368,6594,Maria Lewis,FR
16369,6595,Olivia Lewis,IT
16370,6595,Daniel Thomas,GB
16371,6595,James Rossi,AL
16372,6596,Lucas Anderson,NG
16373,6596,Ethan Wilson,NL
16374,6597,Leo Lewis,NG
16375,6598,Daniel Rossi,US
16376,6599,Lucas Anderson,NL
16377,6600,Ava Clark,AE
16378,6600,Sofia Thomas,AE
16379,6601,James Lewis,IT
16380,6601,James Moore,IT
16381,6602,Maria Wilson,AL
16382,6602,Daniel Anderson,FR
16383,6603,James Miller,ES
16384,6603,James Rossi,NL
16385,6603,Alex Garcia,ES
16386,6604,Isabella Taylor,US
16387,6605,Isabella Thomas,NG
16388,6606,Daniel Clark,FR
16389,6606,Ethan Brown,FR
16390,6606,Noah Taylor,FR
16391,6607,Daniel Thomas,NG
16392,6608,Noah Anderson,US
16393,6609,James Rossi,GR
16394,6609,Liam Lewis,GR
16395,6609,Noah Lee,GR
16396,6609,Alex Taylor,GR
16397,6610,Emma Lewis,ES
16398,6611,Liam Miller,RO
16399,6612,Emma Clark,US
16400,6612,Daniel Lee,US
16401,6612,Ethan Wilson,NL
16402,6612,Amelia Moore,RO
16403,6613,Liam Taylor,NL
16404,6613,Noah Anderson,NL
16405,6613,Amelia Lewis,NL
16406,6613,Olivia Rossi,GR
16407,6614,James Brown,GR
16408,6614,Mia Clark,RO
16409,6614,Noah Miller,RO
16410,6614,Lucas Lewis,RO
16411,6615,Isabella Clark,NG
16412,6616,Lucas Clark,AE
16413,6617,James Brown,GR
16414,6617,Olivia Rossi,FR
16415,6617,Noah Clark,GR
16416,6618,Maria Rossi,NG
16417,6618,Emma Thomas,NG
16418,6618,Mia Clark,US
16419,6619,Ethan Smith,GR
16420,6619,Leo Rossi,GR
16421,6619,Daniel Smith,GR
16422,6619,Ethan Miller,GB
16423,6620,Emma Clark,NG
16424,6621,Maria Wilson,RO
16425,6622,Amelia Lee,AL
16426,6623,Ethan Miller,ES
16427,6623,Leo Brown,ES
16428,6624,Olivia Thomas,NG
16429,6624,Leo Lee,NG
16430,6624,Emma Brown,RO
16431,6624,Daniel Garcia,NG
16432,6625,Emma Lee,IT
16433,6625,Maria Thomas,IT
16434,6625,Isabella Lee,IT
16435,6625,Ethan Martin,IT
16436,6626,Leo Anderson,AL
16437,6626,Emma Thomas,GB
16438,6626,Leo Clark,AL
16439,6627,Ava Thomas,NG
16440,6627,Ava Miller,NG
16441,6627,Leo Wilson,NG
16442,6628,Maria Lee,DE
16443,6628,Leo Miller,ES
16444,6628,Liam Rossi,DE
16445,6629,Sofia Brown,AL
16446,6630,James Thomas,AL
16447,6630,Lucas Moore,NL
16448,6630,Leo Rossi,AL
16449,6631,Sofia Clark,RO
16450,6631,Isabella Taylor,RO
16451,6631,Alex Martin,RO
16452,6631,Amelia Lewis,RO
16453,6632,Lucas Lewis,DE
16454,6633,Sofia Lewis,NG
16455,6633,Emma Taylor,US
16456,6633,Leo Wilson,US
16457,6634,James Smith,FR
16458,6635,Lucas Garcia,FR
16459,6636,Lucas Miller,AL
16460,6636,Noah Brown,AL
16461,6637,Isabella Wilson,DE
16462,6637,Maria Rossi,DE
16463,6638,Maria Taylor,NG
16464,6638,Daniel Garcia,IT
16465,6638,Lucas Moore,RO
16466,6639,Olivia Lewis,GR
16467,6639,Sofia Moore,GR
16468,6640,Leo Miller,NG
16469,6640,Maria Rossi,FR
16470,6640,Olivia Anderson,NG
16471,6640,James Clark,NG
16472,6641,Ethan Garcia,NL
16473,6641,Ava Thomas,NL
16474,6641,Maria Thomas,NL
16475,6642,James Taylor,US
16476,6643,Noah Anderson,FR
16477,6643,Ava Wilson,FR
16478,6644,Alex Moore,AL
16479,6644,Olivia Smith,DE
16480,6644,Liam Garcia,DE
16481,6644,Sofia Lee,DE
16482,6645,James Anderson,US
16483,6645,Leo Martin,AE
16484,6645,Leo Wilson,GR
16485,6646,Mia Moore,FR
16486,6646,Leo Miller,NL
16487,6646,Leo Garcia,NL
16488,6647,Olivia Martin,AL
16489,6647,Isabella Martin,GR
16490,6647,Leo Moore,GR
16491,6647,Maria Garcia,GR
16492,6648,Sofia Smith,GR
16493,6648,Mia Brown,ES
16494,6649,Lucas Martin,NG
16495,6649,Mia Smith,NG
16496,6649,Emma Wilson,NG
16497,6649,James Taylor,NG
16498,6650,Isabella Martin,NL
16499,6650,Amelia Garcia,NL
16500,6650,Olivia Anderson,NL
16501,6651,Emma Moore,GR
16502,6651,Sofia Garcia,GR
16503,6651,Olivia Moore,GR
16504,6651,Noah Miller,GR
16505,6652,Daniel Rossi,FR
16506,6652,Daniel Clark,FR
16507,6653,Olivia Moore,ES
16508,6654,Isabella Wilson,IT
16509,6654,Olivia Miller,IT
16510,6654,Liam Lee,IT
16511,6654,Alex Clark,IT
16512,6655,Amelia Clark,US
16513,6655,Maria Rossi,US
16514,6655,Emma Miller,US
16515,6656,Noah Wilson,ES
16516,6657,Noah Wilson,IT
16517,6657,Isabella Wilson,AL
16518,6658,Sofia Lee,FR
16519,6658,Ava Moore,FR
16520,6658,Liam Thomas,FR
16521,6658,Noah Martin,FR
16522,6659,Amelia Lewis,AE
16523,6659,James Clark,AE
16524,6659,Emma Anderson,AE
16525,6659,Sofia Lee,AE
16526,6660,Amelia Thomas,US
16527,6660,Ava Garcia,ES
16528,6661,Sofia Taylor,RO
16529,6661,Ethan Smith,RO
16530,6662,Isabella Rossi,IT
16531,6663,James Rossi,ES
16532,6663,James Garcia,RO
16533,6663,Ava Martin,RO
16534,6663,Daniel Smith,RO
16535,6664,Olivia Smith,GB
16536,6665,Alex Lewis,IT
16537,6666,Olivia Taylor,IT
16538,6666,Isabella Miller,IT
16539,6666,Ava Smith,IT
16540,6667,Ava Rossi,GB
16541,6668,Noah Lewis,AE
16542,6668,Daniel Martin,AE
16543,6668,Leo Rossi,AE
16544,6669,Sofia Taylor,NG
16545,6669,Maria Clark,NG
16546,6670,Olivia Wilson,RO
16547,6670,Mia Martin,AL
16548,6671,Leo Rossi,ES
16549,6671,Liam Lee,IT
16550,6671,Daniel Taylor,ES
16551,6671,Ava Miller,FR
16552,6672,James Rossi,NG
16553,6672,Maria Garcia,NG
16554,6672,Liam Garcia,NG
16555,6672,Amelia Thomas,NG
16556,6673,Sofia Taylor,US
16557,6674,Leo Lee,NG
16558,6674,James Anderson,RO
16559,6674,James Martin,GR
16560,6674,Daniel Clark,RO
16561,6675,James Anderson,NL
16562,6675,Alex Garcia,NL
16563,6676,Emma Brown,AE
16564,6676,Lucas Taylor,AE
16565,6676,Lucas Moore,AE
16566,6676,Liam Martin,AE
16567,6677,Ethan Taylor,AE
16568,6677,Liam Smith,AE
16569,6677,James Anderson,AE
16570,6678,Ethan Wilson,GB
16571,6678,Olivia Garcia,NL
16572,6678,Noah Moore,NL
16573,6679,Alex Clark,DE
16574,6679,Noah Wilson,ES
16575,6680,Sofia Smith,AE
16576,6680,Olivia Garcia,NG
16577,6680,Alex Smith,NG
16578,6680,Olivia Martin,NG
16579,6681,Leo Moore,ES
16580,6681,Isabella Martin,ES
16581,6681,Alex Moore,ES
16582,6682,Ethan Brown,GR
16583,6683,Alex Wilson,DE
16584,6684,Alex Lewis,IT
16585,6684,Sofia Rossi,RO
16586,6684,Maria Rossi,RO
16587,6684,Mia Brown,NG
16588,6685,Ava Thomas,AL
16589,6685,Ethan Anderson,AL
16590,6685,James Lewis,AL
16591,6686,Emma Taylor,FR
16592,6686,Isabella Taylor,FR
16593,6686,Emma Smith,FR
16594,6686,Alex Taylor,FR
16595,6687,Ava Martin,DE
16596,6688,Olivia Lewis,AE
16597,6688,Maria Anderson,AE
16598,6688,Noah Lewis,AE
16599,6688,Alex Martin,AE
16600,6689,Leo Thomas,DE
16601,6689,Lucas Martin,DE
16602,6690,Liam Anderson,IT
16603,6690,Leo Smith,IT
16604,6691,Maria Garcia,RO
16605,6692,Alex Lee,FR
16606,6693,Lucas Clark,AE
16607,6693,Maria Wilson,AE
16608,6694,Alex Lee,NL
16609,6694,Sofia Wilson,US
16610,6695,Emma Brown,FR
16611,6695,Daniel Taylor,FR
16612,6695,Isabella Martin,AL
16613,6696,Liam Clark,RO
16614,6697,James Smith,IT
16615,6698,Ava Lewis,AE
16616,6698,Amelia Thomas,AE
16617,6699,Amelia Taylor,FR
16618,6699,Ethan Lee,FR
16619,6699,Sofia Wilson,FR
16620,6700,Maria Martin,FR
16621,6700,Amelia Taylor,GB
16622,6700,Ava Taylor,FR
16623,6701,Amelia Lee,NG
16624,6702,Alex Garcia,ES
16625,6702,James Taylor,ES
16626,6702,Olivia Garcia,ES
16627,6703,Olivia Brown,FR
16628,6704,Amelia Rossi,US
16629,6705,Alex Thomas,AE
16630,6706,Maria Anderson,GB
16631,6706,Olivia Lewis,GB
16632,6707,Sofia Moore,DE
16633,6707,Mia Smith,DE
16634,6707,Mia Taylor,FR
16635,6707,Leo Taylor,DE
16636,6708,Olivia Clark,NL
16637,6709,Maria Martin,US
16638,6710,Leo Lee,AL
16639,6710,Olivia Rossi,AL
16640,6711,Emma Moore,DE
16641,6711,Leo Thomas,DE
16642,6711,Leo Lewis,FR
16643,6712,Sofia Thomas,NG
16644,6712,Lucas Martin,NG
16645,6713,Amelia Wilson,GB
16646,6713,Lucas Smith,GB
16647,6714,James Garcia,AL
16648,6714,Daniel Smith,NL
16649,6714,Mia Brown,RO
16650,6714,Liam Garcia,IT
16651,6715,Noah Anderson,AL
16652,6715,Emma Rossi,IT
16653,6715,Ava Taylor,IT
16654,6715,Isabella Rossi,IT
16655,6716,Leo Rossi,NG
16656,6716,Amelia Garcia,NG
16657,6716,Ava Clark,AE
16658,6717,Amelia Miller,US
16659,6717,Alex Thomas,US
16660,6717,Lucas Wilson,US
16661,6718,Amelia Rossi,AE
16662,6719,Ethan Moore,GR
16663,6719,Olivia Rossi,GR
16664,6719,Lucas Wilson,GR
16665,6719,Noah Thomas,GR
16666,6720,Emma Miller,ES
16667,6721,Mia Lewis,GR
16668,6722,James Rossi,RO
16669,6723,Amelia Lewis,ES
16670,6723,Daniel Brown,US
16671,6724,Lucas Clark,FR
16672,6724,Daniel Miller,FR
16673,6725,Lucas Miller,AE
16674,6725,Mia Anderson,GB
16675,6725,Alex Rossi,AE
16676,6725,Noah Miller,AE
16677,6726,Emma Lewis,AL
16678,6726,Maria Moore,AL
16679,6727,Lucas Brown,ES
16680,6728,Amelia Garcia,FR
16681,6729,Noah Wilson,NG
16682,6729,James Martin,RO
16683,6729,Ethan Smith,RO
16684,6730,Sofia Miller,AE
16685,6730,Olivia Lewis,AE
16686,6731,Isabella Moore,ES
16687,6731,Leo Anderson,ES
16688,6732,Ethan Brown,DE
16689,6732,Liam Garcia,GB
16690,6732,Liam Lewis,DE
16691,6732,Ethan Moore,DE
16692,6733,Emma Clark,GB
16693,6733,Noah Clark,GB
16694,6734,Alex Clark,US
16695,6734,Leo Brown,NL
16696,6734,Daniel Lee,FR
16697,6734,Isabella Rossi,FR
16698,6735,Noah Rossi,NG
16699,6735,Mia Rossi,NL
16700,6735,Alex Rossi,ES
16701,6736,Lucas Brown,ES
16702,6736,Maria Clark,ES
16703,6737,Daniel Brown,DE
16704,6737,Maria Wilson,AE
16705,6737,Sofia Garcia,DE
16706,6738,Ava Garcia,GB
16707,6739,Olivia Lee,AL
16708,6739,Maria Clark,AL
16709,6739,Amelia Wilson,AE
16710,6739,Leo Martin,AL
16711,6740,Mia Miller,ES
16712,6741,James Garcia,IT
16713,6742,Olivia Lee,DE
16714,6743,Liam Miller,GR
16715,6743,Alex Moore,ES
16716,6744,Noah Moore,AL
16717,6744,Isabella Anderson,AL
16718,6744,Olivia Garcia,AL
16719,6745,Sofia Miller,IT
16720,6745,Mia Clark,RO
16721,6746,Leo Martin,AL
16722,6746,Olivia Rossi,AL
16723,6746,James Brown,AL
16724,6746,Isabella Smith,AL
16725,6747,Liam Miller,IT
16726,6747,Sofia Garcia,IT
16727,6747,Ava Martin,GB
16728,6747,Ethan Thomas,IT
16729,6748,Daniel Smith,DE
16730,6748,Ava Brown,DE
16731,6748,Daniel Martin,DE
16732,6748,Noah Garcia,DE
16733,6749,Alex Garcia,RO
16734,6749,Emma Wilson,NL
16735,6750,Liam Anderson,IT
16736,6750,Noah Lee,IT
16737,6750,Leo Rossi,IT
16738,6750,Ava Brown,IT
16739,6751,James Moore,NG
16740,6751,Leo Thomas,NG
16741,6751,Lucas Lee,NG
16742,6751,Noah Smith,IT
16743,6752,Amelia Martin,GR
16744,6752,Daniel Moore,GB
16745,6752,Ava Lee,GR
16746,6752,Leo Garcia,GR
16747,6753,Isabella Clark,IT
16748,6753,Ethan Miller,IT
16749,6753,Daniel Thomas,IT
16750,6753,Ava Miller,IT
16751,6754,Maria Anderson,ES
16752,6754,Mia Garcia,US
16753,6754,Ethan Lee,NG
16754,6755,Maria Brown,GR
16755,6756,Lucas Moore,IT
16756,6756,Amelia Smith,DE
16757,6756,Isabella Martin,NG
16758,6756,Isabella Thomas,DE
16759,6757,Leo Martin,DE
16760,6757,James Brown,DE
16761,6757,Maria Martin,DE
16762,6757,Emma Clark,DE
16763,6758,Ava Garcia,NG
16764,6758,Ava Rossi,NG
16765,6758,Alex Wilson,NG
16766,6758,Noah Lee,NG
16767,6759,Sofia Rossi,IT
16768,6759,James Smith,IT
16769,6760,Isabella Anderson,AE
16770,6761,Sofia Miller,NL
16771,6761,Mia Thomas,NL
16772,6762,Maria Smith,AE
16773,6762,Daniel Miller,IT
16774,6762,Ava Thomas,AE
16775,6762,Olivia Lee,AE
16776,6763,Alex Rossi,RO
16777,6763,Sofia Moore,RO
16778,6764,Leo Brown,IT
16779,6764,James Taylor,IT
16780,6764,Daniel Martin,NL
16781,6764,Isabella Wilson,IT
16782,6765,Ethan Martin,FR
16783,6765,Ava Moore,NG
16784,6765,Olivia Smith,NG
16785,6766,Emma Anderson,GB
16786,6767,Ava Martin,RO
16787,6767,Maria Miller,RO
16788,6767,Mia Lee,RO
16789,6768,Ava Miller,GR
16790,6768,Mia Moore,NG
16791,6768,Mia Miller,GR
16792,6768,Leo Rossi,GR
16793,6769,Mia Thomas,NL
16794,6769,Maria Brown,NL
16795,6769,Emma Thomas,NL
16796,6769,Ava Thomas,NL
16797,6770,James Brown,GB
16798,6770,Lucas Thomas,US
16799,6770,Isabella Brown,NL
16800,6770,Noah Taylor,US
16801,6771,Emma Lee,ES
16802,6772,Lucas Martin,AE
16803,6772,Daniel Martin,AE
16804,6772,Ava Martin,AE
16805,6773,Emma Martin,AL
16806,6773,Mia Miller,AL
16807,6773,Alex Anderson,AL
16808,6773,Ava Rossi,AL
16809,6774,Noah Lee,US
16810,6774,Maria Miller,US
16811,6775,Leo Martin,NL
16812,6775,Daniel Wilson,NL
16813,6775,Alex Miller,NL
16814,6776,Mia Moore,GR
16815,6776,Noah Lee,GR
16816,6776,Noah Miller,GR
16817,6776,Amelia Smith,NL
16818,6777,Daniel Clark,ES
16819,6777,Amelia Brown,GR
16820,6777,Daniel Anderson,ES
16821,6778,Sofia Thomas,DE
16822,6778,Sofia Smith,DE
16823,6779,Ethan Moore,ES
16824,6780,Isabella Garcia,ES
16825,6780,Noah Brown,ES
16826,6780,Mia Clark,ES
16827,6781,Lucas Taylor,IT
16828,6781,Daniel Rossi,AL
16829,6782,Ava Wilson,ES
16830,6782,Ethan Martin,ES
16831,6783,Ava Wilson,FR
16832,6784,Emma Miller,US
16833,6785,Daniel Rossi,AE
16834,6785,Sofia Martin,AE
16835,6786,Amelia Smith,FR
16836,6786,Mia Lee,FR
16837,6786,Isabella Wilson,FR
16838,6786,Ava Martin,RO
16839,6787,Liam Lee,AL
16840,6787,Emma Garcia,RO
16841,6788,Ethan Taylor,AE
16842,6788,Amelia Brown,AE
16843,6788,Olivia Clark,AE
16844,6789,Noah Clark,GB
16845,6789,Sofia Miller,NG
16846,6789,Sofia Lee,GB
16847,6790,Amelia Garcia,DE
16848,6791,Maria Wilson,GR
16849,6792,Mia Moore,GB
16850,6792,Noah Clark,ES
16851,6792,Leo Martin,GB
16852,6793,Ava Brown,AE
16853,6793,Sofia Wilson,NG
16854,6794,Ethan Wilson,AL
16855,6795,Ethan Taylor,RO
16856,6795,Mia Thomas,RO
16857,6795,Leo Martin,NL
16858,6795,Amelia Lewis,RO
16859,6796,Maria Thomas,GR
16860,6796,Alex Wilson,GR
16861,6796,James Martin,GR
16862,6796,Olivia Wilson,GR
16863,6797,Isabella Miller,DE
16864,6797,Leo Martin,AE
16865,6797,Emma Smith,DE
16866,6797,Ava Miller,DE
16867,6798,Alex Miller,ES
16868,6798,Maria Anderson,ES
16869,6798,Mia Lee,RO
16870,6799,Olivia Wilson,RO
16871,6799,Maria Moore,RO
16872,6800,Olivia Miller,NL
16873,6801,Amelia Martin,NL
16874,6802,Leo Lewis,IT
16875,6802,Ava Rossi,IT
16876,6803,James Lee,NL
16877,6804,James Taylor,AL
16878,6804,Olivia Wilson,AL
16879,6805,Amelia Lee,US
16880,6806,Sofia Thomas,NL
16881,6807,James Wilson,RO
16882,6807,Ethan Martin,RO
16883,6808,Ethan Brown,IT
16884,6808,Ava Moore,IT
16885,6808,Liam Lee,IT
16886,6809,Ethan Anderson,GR
16887,6810,Amelia Wilson,FR
16888,6810,Noah Clark,FR
16889,6810,Emma Lee,FR
16890,6811,Liam Moore,RO
16891,6811,Sofia Anderson,ES
16892,6811,James Lee,RO
16893,6812,Ava Anderson,AE
16894,6812,Daniel Brown,AE
16895,6812,Amelia Taylor,AE
16896,6813,Mia Moore,US
16897,6813,James Thomas,US
16898,6813,Amelia Smith,US
16899,6813,Ethan Clark,US
16900,6814,Alex Miller,GB
16901,6815,Sofia Thomas,ES
16902,6815,Mia Taylor,FR
16903,6816,James Lewis,FR
16904,6816,Liam Miller,FR
16905,6816,Olivia Lewis,FR
16906,6816,Maria Rossi,FR
16907,6817,Maria Rossi,IT
16908,6817,Sofia Clark,GB
16909,6817,Daniel Lee,GB
16910,6818,Lucas Lewis,FR
16911,6818,Lucas Rossi,GR
16912,6819,Mia Clark,DE
16913,6819,Leo Lewis,DE
16914,6820,Isabella Garcia,NL
16915,6820,Daniel Wilson,NL
16916,6820,Daniel Anderson,NL
16917,6820,Ava Smith,DE
16918,6821,Maria Wilson,ES
16919,6821,Lucas Brown,ES
16920,6822,Olivia Smith,GR
16921,6822,Liam Brown,GR
16922,6822,Daniel Rossi,GR
16923,6822,Mia Smith,GR
16924,6823,Ethan Anderson,GB
16925,6824,Liam Lewis,DE
16926,6824,Emma Lee,NG
16927,6824,Daniel Smith,DE
16928,6825,Maria Rossi,DE
16929,6825,Mia Wilson,DE
16930,6826,Maria Martin,RO
16931,6826,Maria Clark,RO
16932,6826,Lucas Smith,RO
16933,6827,Ethan Anderson,DE
16934,6827,Leo Rossi,DE
16935,6828,Sofia Thomas,GB
16936,6829,Sofia Thomas,NG
16937,6829,Lucas Miller,NG
16938,6830,Liam Thomas,GB
16939,6831,Leo Thomas,AL
16940,6831,Noah Clark,AL
16941,6832,Ava Smith,AE
16942,6832,Lucas Anderson,IT
16943,6832,James Garcia,FR
16944,6832,Alex Brown,IT
16945,6833,Alex Brown,US
16946,6833,Noah Rossi,US
16947,6834,Olivia Martin,DE
16948,6835,Olivia Anderson,FR
16949,6835,Mia Taylor,FR
16950,6835,Liam Moore,FR
16951,6835,Mia Lee,FR
16952,6836,Emma Smith,AE
16953,6836,Noah Anderson,NG
16954,6836,Lucas Rossi,AE
16955,6837,Mia Lee,NL
16956,6838,Sofia Miller,US
16957,6838,Liam Thomas,US
16958,6838,Maria Smith,US
16959,6839,Ethan Clark,AL
16960,6839,Maria Martin,IT
16961,6839,Isabella Taylor,AL
16962,6839,Sofia Clark,AL
16963,6840,Liam Taylor,GB
16964,6840,Emma Miller,GB
16965,6841,Daniel Miller,RO
16966,6841,Olivia Miller,FR
16967,6841,Emma Rossi,RO
16968,6841,James Rossi,AE
16969,6842,Daniel Smith,AE
16970,6843,Sofia Miller,RO
16971,6843,Isabella Wilson,FR
16972,6844,Mia Wilson,NG
16973,6844,Leo Clark,GR
16974,6844,Olivia Martin,IT
16975,6845,Lucas Smith,NG
16976,6846,Noah Brown,IT
16977,6846,Emma Martin,IT
16978,6847,James Rossi,FR
16979,6847,Sofia Brown,FR
16980,6847,James Clark,FR
16981,6848,Mia Miller,NG
16982,6849,Noah Anderson,IT
16983,6849,Olivia Garcia,US
16984,6850,Leo Lewis,AE
16985,6850,Ava Taylor,AE
16986,6850,Alex Lewis,AE
16987,6851,Emma Anderson,NG
16988,6852,Leo Brown,ES
16989,6853,James Clark,GB
16990,6854,Lucas Lewis,US
16991,6854,Olivia Brown,US
16992,6854,Amelia Smith,US
16993,6855,Isabella Moore,AL
16994,6855,Noah Clark,AL
16995,6856,Liam Brown,NG
16996,6857,James Lee,GR
16997,6857,Liam Wilson,GR
16998,6857,Liam Clark,GR
16999,6857,Alex Lewis,GR
17000,6858,James Moore,NG
17001,6859,Mia Lewis,IT
17002,6859,Amelia Taylor,IT
17003,6859,Amelia Moore,IT
17004,6859,Liam Thomas,IT
17005,6860,Noah Clark,GB
17006,6860,Alex Smith,GB
17007,6861,Amelia Lee,AE
17008,6861,Leo Rossi,NL
17009,6862,Alex Miller,GB
17010,6863,Leo Anderson,NG
17011,6863,James Taylor,NG
17012,6863,Leo Rossi,NG
17013,6864,Alex Martin,AL
17014,6865,James Thomas,GB
17015,6866,James Smith,RO
17016,6867,Lucas Moore,NL
17017,6867,Mia Clark,NL
17018,6867,Olivia Wilson,NL
17019,6867,Amelia Taylor,NL
17020,6868,James Moore,GR
17021,6869,Sofia Thomas,US
17022,6869,Olivia Smith,AL
17023,6869,Daniel Miller,AL
17024,6869,Emma Brown,AL
17025,6870,Maria Rossi,ES
17026,6870,Mia Lewis,ES
17027,6870,Ethan Thomas,ES
17028,6870,James Smith,ES
17029,6871,James Wilson,IT
17030,6871,Emma Martin,IT
17031,6871,Amelia Lewis,IT
17032,6872,Amelia Brown,RO
17033,6872,Mia Moore,RO
17034,6872,Emma Wilson,RO
17035,6873,Ava Taylor,US
17036,6873,Amelia Lee,US
17037,6873,Olivia Moore,US
17038,6874,Amelia Taylor,AL
17039,6874,Noah Rossi,AE
17040,6875,Olivia Taylor,GB
17041,6875,Noah Miller,GB
17042,6875,Ethan Smith,GB
17043,6876,Liam Miller,AE
17044,6876,Liam Wilson,AE
17045,6877,Amelia Garcia,AL
17046,6877,James Moore,GR
17047,6878,Lucas Moore,FR
17048,6878,Ava Garcia,DE
17049,6879,Olivia Brown,US
17050,6879,Noah Lee,US
17051,6880,Daniel Smith,AE
17052,6880,Alex Rossi,AL
17053,6880,Mia Rossi,FR
17054,6881,Amelia Clark,US
17055,6881,Lucas Taylor,US
17056,6882,Liam Wilson,FR
17057,6882,Noah Anderson,FR
17058,6882,Alex Moore,FR
17059,6882,Isabella Brown,FR
17060,6883,Daniel Anderson,GR
17061,6884,Alex Lewis,ES
17062,6884,Leo Rossi,ES
17063,6884,Liam Lee,ES
17064,6884,Maria Miller,ES
17065,6885,Olivia Miller,IT
17066,6885,Lucas Smith,AL
17067,6885,Emma Thomas,IT
17068,6885,Ethan Martin,IT
17069,6886,Ethan Wilson,NL
17070,6886,Ava Miller,AL
17071,6887,James Lee,US
17072,6887,Ethan Brown,US
17073,6887,Mia Clark,US
17074,6888,Isabella Lewis,NG
17075,6888,Sofia Thomas,US
17076,6889,Leo Clark,DE
17077,6889,Alex Taylor,DE
17078,6889,Lucas Wilson,DE
17079,6889,Sofia Wilson,DE
17080,6890,Ava Wilson,GB
17081,6890,Amelia Clark,GB
17082,6890,James Thomas,GB
17083,6891,Noah Martin,DE
17084,6892,Leo Clark,FR
17085,6892,Mia Lewis,FR
17086,6892,Leo Lewis,FR
17087,6893,Leo Anderson,RO
17088,6893,Mia Wilson,RO
17089,6893,Leo Lee,RO
17090,6893,Ava Taylor,NG
17091,6894,Maria Moore,NG
17092,6894,Noah Garcia,NG
17093,6895,Ethan Miller,FR
17094,6896,Amelia Rossi,ES
17095,6896,James Anderson,ES
17096,6896,Emma Lewis,ES
17097,6897,Ethan Garcia,NG
17098,6898,Sofia Lee,IT
17099,6898,Emma Brown,IT
17100,6898,Noah Martin,IT
17101,6899,James Taylor,AE
17102,6899,Maria Taylor,AE
17103,6899,James Moore,AE
17104,6899,Amelia Lewis,AE
17105,6900,Olivia Wilson,NG
17106,6900,Ethan Wilson,FR
17107,6900,Lucas Martin,NG
17108,6901,Ava Rossi,RO
17109,6901,Olivia Brown,US
17110,6901,Ava Garcia,RO
17111,6901,James Taylor,RO
17112,6902,Emma Thomas,NG
17113,6903,Noah Lee,NG
17114,6903,Emma Taylor,NG
17115,6903,Liam Lee,NG
17116,6904,Emma Clark,RO
17117,6904,Maria Martin,US
17118,6905,Sofia Thomas,US
17119,6906,Ethan Taylor,AE
17120,6907,Maria Rossi,GR
17121,6907,Olivia Garcia,GR
17122,6907,Noah Anderson,US
17123,6908,Daniel Garcia,RO
17124,6908,Isabella Clark,GR
17125,6908,Mia Garcia,GR
17126,6908,Mia Lee,GR
17127,6909,Sofia Clark,RO
17128,6909,Maria Rossi,AE
17129,6910,Mia Lewis,ES
17130,6910,Noah Thomas,ES
17131,6910,Liam Smith,ES
17132,6911,Isabella Moore,IT
17133,6911,Daniel Clark,FR
17134,6911,Emma Wilson,GB
17135,6912,Ava Wilson,NL
17136,6912,Maria Smith,NG
17137,6912,James Clark,NG
17138,6912,Olivia Lewis,NG
17139,6913,Ava Rossi,AL
17140,6914,Leo Smith,AL
17141,6914,Ethan Wilson,AL
17142,6914,Isabella Martin,AL
17143,6915,Amelia Smith,NG
17144,6915,Lucas Taylor,NG
17145,6916,Isabella Thomas,US
17146,6916,James Smith,US
17147,6916,Noah Miller,US
17148,6917,Noah Lee,AE
17149,6917,Daniel Anderson,AE
17150,6917,James Moore,AE
17151,6917,Emma Thomas,AE
17152,6918,Sofia Taylor,US
17153,6918,Maria Anderson,ES
17154,6918,Sofia Moore,NG
17155,6919,Liam Moore,RO
17156,6919,Emma Anderson,GR
17157,6919,Daniel Miller,GR
17158,6919,Olivia Wilson,GR
17159,6920,Mia Brown,GB
17160,6920,Ava Thomas,US
17161,6920,Amelia Martin,AE
17162,6920,Amelia Thomas,US
17163,6921,Mia Lee,AL
17164,6922,Alex Garcia,AL
17165,6922,James Taylor,AL
17166,6922,Alex Martin,AL
17167,6922,Emma Clark,AL
17168,6923,Noah Garcia,AL
17169,6924,Isabella Brown,NL
17170,6924,Noah Martin,NL
17171,6924,James Lewis,NL
17172,6924,Olivia Martin,NL
17173,6925,Isabella Rossi,US
17174,6925,Noah Lewis,US
17175,6926,Leo Brown,ES
17176,6926,Isabella Lee,ES
17177,6927,Lucas Miller,AL
17178,6927,Alex Wilson,NG
17179,6927,Lucas Wilson,NG
17180,6928,Maria Anderson,AE
17181,6928,Lucas Thomas,AE
17182,6928,Emma Thomas,RO
17183,6929,Amelia Thomas,IT
17184,6929,Mia Garcia,IT
17185,6929,Sofia Moore,IT
17186,6929,Ethan Garcia,US
17187,6930,Leo Moore,GR
17188,6930,Ethan Brown,GR
17189,6931,Alex Garcia,IT
17190,6931,Daniel Martin,IT
17191,6932,Ava Brown,IT
17192,6932,Olivia Wilson,RO
17193,6932,Sofia Thomas,NG
17194,6932,James Garcia,IT
17195,6933,James Wilson,AE
17196,6933,Ava Brown,AE
17197,6933,Emma Martin,AE
17198,6933,Ava Moore,AE
17199,6934,Mia Smith,GR
17200,6934,Daniel Clark,FR
17201,6934,Emma Brown,RO
17202,6934,Maria Miller,RO
17203,6935,Daniel Garcia,AE
17204,6935,Olivia Anderson,AE
17205,6935,Isabella Lewis,AE
17206,6935,James Martin,NL
17207,6936,James Brown,ES
17208,6936,Maria Lewis,ES
17209,6936,Daniel Lewis,ES
17210,6937,Amelia Taylor,NG
17211,6937,Alex Taylor,NG
17212,6938,Sofia Martin,IT
17213,6938,Leo Garcia,IT
17214,6939,Amelia Clark,RO
17215,6939,Ethan Rossi,RO
17216,6939,Olivia Martin,RO
17217,6939,Liam Thomas,AE
17218,6940,Maria Anderson,DE
17219,6940,Ethan Anderson,DE
17220,6941,Maria Miller,US
17221,6942,Sofia Lewis,GB
17222,6942,Amelia Thomas,GR
17223,6943,James Taylor,GB
17224,6943,Isabella Brown,GB
17225,6943,Alex Thomas,GB
17226,6944,Daniel Anderson,US
17227,6944,Liam Lewis,US
17228,6944,Liam Rossi,US
17229,6945,Amelia Smith,US
17230,6945,Ava Lewis,US
17231,6945,Emma Martin,US
17232,6945,James Lewis,US
17233,6946,Daniel Anderson,NL
17234,6946,Daniel Anderson,NL
17235,6946,Ava Rossi,NL
17236,6946,Daniel Rossi,NL
17237,6947,James Martin,ES
17238,6947,Emma Taylor,ES
17239,6948,Ethan Clark,DE
17240,6948,Olivia Wilson,DE
17241,6948,Ethan Clark,DE
17242,6949,Mia Anderson,NL
17243,6949,Liam Clark,NL
17244,6949,Emma Miller,NL
17245,6950,Liam Lewis,ES
17246,6950,Emma Wilson,ES
17247,6950,Emma Smith,ES
17248,6950,Mia Anderson,ES
17249,6951,Olivia Martin,NG
17250,6951,Olivia Wilson,NG
17251,6951,Olivia Wilson,NG
17252,6952,Liam Anderson,NL
17253,6952,James Rossi,NL
17254,6952,Liam Miller,NL
17255,6952,Ethan Taylor,NG
17256,6953,Olivia Anderson,US
17257,6953,Mia Garcia,US
17258,6953,Ethan Smith,US
17259,6954,James Smith,AL
17260,6954,Ava Garcia,AL
17261,6955,Emma Martin,GR
17262,6955,Liam Clark,GR
17263,6955,Noah Thomas,GR
17264,6955,Maria Thomas,GR
17265,6956,Ava Wilson,NG
17266,6957,Liam Clark,NG
17267,6957,Ava Miller,AL
17268,6957,Lucas Smith,AL
17269,6958,Liam Thomas,RO
17270,6958,Amelia Miller,AE
17271,6959,Lucas Garcia,IT
17272,6959,Alex Clark,NG
17273,6959,Ava Garcia,NG
17274,6960,Maria Martin,ES
17275,6960,Ethan Smith,ES
17276,6960,Isabella Taylor,ES
17277,6960,James Thomas,ES
17278,6961,Ethan Taylor,US
17279,6961,Lucas Brown,GR
17280,6962,Alex Brown,NL
17281,6962,James Clark,NL
17282,6962,Daniel Miller,NL
17283,6962,Amelia Lee,NL
17284,6963,Ava Martin,GB
17285,6964,Ava Miller,GB
17286,6964,James Lewis,GB
17287,6964,Ethan Anderson,GB
17288,6964,Amelia Lewis,GB
17289,6965,Isabella Moore,IT
17290,6965,Olivia Lee,IT
17291,6965,Ava Taylor,IT
17292,6966,Olivia Miller,US
17293,6967,Olivia Smith,AE
17294,6967,Olivia Lewis,ES
17295,6967,Noah Clark,AE
17296,6967,Emma Garcia,ES
17297,6968,Amelia Miller,US
17298,6968,Ethan Taylor,NL
17299,6968,Mia Clark,US
17300,6968,Leo Brown,US
17301,6969,Lucas Wilson,IT
17302,6969,Amelia Martin,IT
17303,6969,Liam Rossi,IT
17304,6969,Lucas Lewis,IT
17305,6970,Isabella Garcia,GB
17306,6970,Alex Taylor,GB
17307,6970,Isabella Lee,GB
17308,6971,Isabella Garcia,RO
17309,6971,Daniel Smith,RO
17310,6971,Maria Lewis,ES
17311,6972,Noah Clark,IT
17312,6972,Liam Lewis,DE
17313,6972,Emma Lewis,DE
17314,6973,Maria Thomas,GR
17315,6974,Maria Martin,RO
17316,6974,Lucas Wilson,RO
17317,6974,Daniel Garcia,RO
17318,6975,Olivia Smith,ES
17319,6976,Sofia Smith,ES
17320,6976,Olivia Taylor,ES
17321,6977,Leo Smith,AE
17322,6977,Alex Brown,AE
17323,6977,Alex Wilson,NL
17324,6977,Noah Lewis,AE
17325,6978,Olivia Wilson,DE
17326,6978,Amelia Garcia,GR
17327,6978,Sofia Martin,AL
17328,6978,Olivia Clark,DE
17329,6979,Ethan Brown,NG
17330,6979,Isabella Miller,US
17331,6979,Isabella Smith,ES
17332,6979,Liam Anderson,US
17333,6980,Daniel Clark,RO
17334,6980,Isabella Clark,ES
17335,6981,Alex Thomas,NG
17336,6982,Liam Taylor,DE
17337,6982,Ava Anderson,FR
17338,6983,Ava Smith,IT
17339,6983,Mia Miller,IT
17340,6984,James Miller,DE
17341,6984,Sofia Thomas,ES
17342,6985,Olivia Taylor,GR
17343,6986,Leo Taylor,AL
17344,6986,Sofia Martin,NL
17345,6987,Leo Brown,AE
17346,6988,Maria Moore,NG
17347,6988,Ava Miller,NG
17348,6989,Leo Anderson,DE
17349,6989,Daniel Wilson,DE
17350,6989,Lucas Lee,ES
17351,6989,James Lee,DE
17352,6990,Noah Anderson,FR
17353,6990,Daniel Miller,FR
17354,6990,Emma Brown,DE
17355,6990,Mia Lee,FR
17356,6991,Emma Lewis,GB
17357,6991,Olivia Anderson,GB
17358,6991,Noah Anderson,GB
17359,6992,Maria Martin,DE
17360,6992,Mia Anderson,DE
17361,6992,Ethan Clark,DE
17362,6993,Noah Thomas,ES
17363,6993,Ethan Taylor,AE
17364,6994,Sofia Smith,GB
17365,6995,Mia Brown,NL
17366,6995,Mia Anderson,NL
17367,6995,Daniel Smith,NL
17368,6996,Noah Taylor,ES
17369,6996,Daniel Smith,ES
17370,6996,Daniel Rossi,ES
17371,6996,Sofia Lee,AL
17372,6997,Ava Anderson,FR
17373,6997,Lucas Clark,DE
17374,6997,Olivia Miller,FR
17375,6998,Mia Lewis,ES
17376,6998,Daniel Miller,ES
17377,6998,Olivia Anderson,ES
17378,6998,James Brown,DE
17379,6999,Lucas Anderson,RO
17380,7000,Mia Thomas,AE
17381,7000,Daniel Lee,DE
17382,7001,Mia Lee,DE
17383,7001,Ava Anderson,DE
17384,7001,Lucas Garcia,FR
17385,7001,Isabella Garcia,DE
17386,7002,Leo Wilson,AE
17387,7002,Leo Thomas,AE
17388,7002,Ethan Smith,AE
17389,7003,Noah Anderson,DE
17390,7004,Noah Taylor,ES
17391,7005,James Lee,FR
17392,7005,James Clark,FR
17393,7005,Leo Brown,FR
17394,7005,Daniel Garcia,FR
17395,7006,Mia Miller,GR
17396,7007,James Martin,ES
17397,7008,Isabella Moore,GR
17398,7008,Ethan Moore,AL
17399,7008,Leo Brown,FR
17400,7008,Maria Thomas,AE
17401,7009,Ava Clark,AL
17402,7009,Daniel Taylor,AL
17403,7009,Isabella Wilson,AL
17404,7010,Isabella Smith,FR
17405,7010,Daniel Garcia,FR
17406,7010,Emma Taylor,FR
17407,7011,Lucas Smith,RO
17408,7012,Leo Miller,IT
17409,7012,Noah Rossi,IT
17410,7012,James Lee,AL
17411,7012,Isabella Anderson,IT
17412,7013,Ethan Lee,IT
17413,7013,Olivia Miller,RO
17414,7013,Lucas Garcia,IT
17415,7014,Noah Garcia,GB
17416,7015,Ethan Miller,RO
17417,7015,Isabella Brown,RO
17418,7015,Amelia Moore,RO
17419,7016,Emma Lee,US
17420,7016,Lucas Miller,IT
17421,7016,Leo Lee,US
17422,7017,Daniel Lewis,ES
17423,7017,Alex Rossi,ES
17424,7017,Amelia Lewis,ES
17425,7017,Maria Wilson,ES
17426,7018,Ava Thomas,GB
17427,7018,Lucas Anderson,GB
17428,7018,Emma Clark,GB
17429,7018,Amelia Garcia,GB
17430,7019,Lucas Martin,US
17431,7020,Lucas Lewis,NG
17432,7020,Leo Rossi,AL
17433,7021,Lucas Garcia,AE
17434,7021,Sofia Miller,IT
17435,7021,James Taylor,IT
17436,7022,Noah Anderson,NL
17437,7022,Isabella Martin,NL
17438,7022,Noah Lewis,NL
17439,7023,Amelia Moore,GB
17440,7024,Daniel Rossi,AL
17441,7024,Isabella Thomas,AL
17442,7025,Lucas Moore,IT
17443,7025,Isabella Thomas,IT
17444,7025,Emma Brown,IT
17445,7025,Ethan Anderson,IT
17446,7026,Noah Rossi,NG
17447,7026,Liam Rossi,NG
17448,7026,Sofia Brown,NG
17449,7027,Ethan Rossi,AL
17450,7027,James Martin,AL
17451,7027,James Rossi,AL
17452,7028,Alex Rossi,GR
17453,7028,Ethan Martin,NL
17454,7029,Ava Thomas,RO
17455,7030,Mia Miller,ES
17456,7030,James Martin,AL
17457,7030,Isabella Miller,GB
17458,7030,Lucas Wilson,AL
17459,7031,Leo Thomas,AL
17460,7031,Leo Moore,NL
17461,7032,Daniel Rossi,GB
17462,7032,Liam Anderson,RO
17463,7033,Alex Moore,GB
17464,7034,Lucas Miller,GR
17465,7035,Liam Martin,GR
17466,7035,Maria Taylor,GR
17467,7036,Liam Smith,NL
17468,7036,Sofia Anderson,NL
17469,7037,Noah Thomas,DE
17470,7037,Amelia Moore,AL
17471,7038,Leo Miller,ES
17472,7039,Olivia Clark,NG
17473,7039,Daniel Lee,NG
17474,7039,Daniel Moore,GB
17475,7040,Isabella Martin,AE
17476,7041,Leo Miller,FR
17477,7041,Emma Lewis,FR
17478,7042,Lucas Wilson,AE
17479,7043,Amelia Smith,NG
17480,7043,Ethan Wilson,NG
17481,7044,Isabella Wilson,NL
17482,7044,Alex Smith,NL
17483,7045,Mia Thomas,RO
17484,7045,Maria Thomas,RO
17485,7045,Ethan Rossi,RO
17486,7045,Daniel Miller,RO
17487,7046,Amelia Brown,GB
17488,7046,Emma Brown,US
17489,7046,Liam Brown,US
17490,7046,Mia Garcia,US
17491,7047,Mia Martin,FR
17492,7047,Maria Anderson,FR
17493,7047,Noah Brown,FR
17494,7048,Noah Moore,DE
17495,7049,Olivia Anderson,AL
17496,7049,Liam Lee,AL
17497,7049,Mia Miller,FR
17498,7049,Ethan Thomas,NG
17499,7050,Ava Wilson,AE
17500,7050,Ava Wilson,FR
17501,7051,Sofia Lee,ES
17502,7052,Emma Moore,AE
17503,7052,Isabella Thomas,IT
17504,7053,James Smith,RO
17505,7054,Olivia Thomas,GR
17506,7054,Amelia Taylor,ES
17507,7054,Olivia Martin,IT
17508,7054,Isabella Smith,IT
17509,7055,Lucas Martin,GR
17510,7055,Sofia Lewis,GR
17511,7055,Lucas Martin,GR
17512,7055,Alex Martin,GR
17513,7056,Liam Smith,ES
17514,7056,Isabella Brown,ES
17515,7056,Leo Miller,ES
17516,7056,Leo Clark,ES
17517,7057,Leo Taylor,NL
17518,7057,Olivia Garcia,RO
17519,7057,Alex Miller,RO
17520,7057,Mia Clark,RO
17521,7058,Leo Miller,RO
17522,7058,Emma Taylor,RO
17523,7059,Maria Smith,RO
17524,7059,Ava Lee,NL
17525,7059,Maria Smith,RO
17526,7060,Leo Martin,DE
17527,7061,Noah Moore,NG
17528,7061,Ethan Lee,NG
17529,7061,Alex Lewis,NG
17530,7062,Daniel Smith,FR
17531,7063,Maria Thomas,IT
17532,7063,Ava Brown,IT
17533,7063,Sofia Lewis,IT
17534,7063,Mia Clark,IT
17535,7064,Isabella Clark,GB
17536,7064,Leo Rossi,GB
17537,7064,Sofia Martin,GB
17538,7064,Alex Wilson,GB
17539,7065,Alex Lee,NG
17540,7065,Ethan Rossi,NG
17541,7065,Mia Rossi,RO
17542,7066,Liam Moore,GB
17543,7066,Daniel Taylor,GB
17544,7066,Maria Thomas,GB
17545,7066,Ethan Wilson,GB
17546,7067,Leo Miller,NG
17547,7068,Ethan Lee,GR
17548,7068,Liam Wilson,GR
17549,7068,Lucas Brown,GR
17550,7069,Liam Anderson,AE
17551,7069,Alex Clark,AE
17552,7070,Sofia Moore,RO
17553,7070,Liam Thomas,RO
17554,7070,Isabella Brown,RO
17555,7071,Ava Brown,DE
17556,7071,Amelia Garcia,DE
17557,7072,Noah Wilson,IT
17558,7072,Alex Brown,US
17559,7072,Mia Miller,GR
17560,7072,Isabella Thomas,NG
17561,7073,Emma Anderson,AE
17562,7073,Maria Rossi,AE
17563,7074,Olivia Clark,IT
17564,7074,Mia Lewis,IT
17565,7075,Daniel Taylor,AL
17566,7076,Maria Lewis,US
17567,7076,Daniel Wilson,GB
17568,7076,Amelia Lewis,US
17569,7076,Olivia Smith,US
17570,7077,Ava Lee,AE
17571,7077,Ethan Clark,AE
17572,7078,Alex Garcia,RO
17573,7078,Liam Rossi,AL
17574,7078,Olivia Martin,AL
17575,7079,Maria Rossi,GR
17576,7079,Amelia Miller,GR
17577,7079,Ava Anderson,GR
17578,7079,James Miller,GR
17579,7080,Noah Thomas,RO
17580,7081,Alex Rossi,NG
17581,7081,Maria Lee,ES
17582,7082,Mia Clark,RO
17583,7082,Isabella Anderson,RO
17584,7082,Sofia Moore,RO
17585,7082,Noah Thomas,RO
17586,7083,Alex Moore,AL
17587,7084,Leo Clark,GB
17588,7085,Daniel Moore,NG
17589,7086,Noah Lewis,FR
17590,7086,James Taylor,FR
17591,7087,Ethan Smith,NG
17592,7087,Ethan Thomas,NG
17593,7088,James Martin,FR
17594,7088,Ava Moore,NL
17595,7088,Leo Wilson,FR
17596,7088,Olivia Thomas,FR
17597,7089,Lucas Wilson,AE
17598,7089,Leo Thomas,AE
17599,7089,Mia Miller,AE
17600,7090,Olivia Lee,DE
17601,7091,Ethan Clark,DE
17602,7091,Daniel Clark,NG
17603,7092,Emma Taylor,GR
17604,7093,Maria Rossi,US
17605,7093,Ava Anderson,AE
17606,7093,Maria Lee,US
17607,7093,Amelia Lewis,US
17608,7094,Amelia Rossi,AL
17609,7094,James Garcia,AL
17610,7095,Maria Garcia,US
17611,7095,Maria Lee,US
17612,7095,Olivia Moore,RO
17613,7095,Ethan Clark,US
17614,7096,Sofia Taylor,US
17615,7096,Lucas Wilson,GB
17616,7096,Olivia Moore,US
17617,7097,Mia Rossi,NL
17618,7098,Emma Taylor,GR
17619,7098,James Wilson,GR
17620,7099,Leo Martin,ES
17621,7099,Emma Lee,AL
17622,7100,Olivia Anderson,FR
17623,7101,Olivia Rossi,IT
17624,7101,Amelia Moore,IT
17625,7101,Lucas Wilson,FR
17626,7102,Amelia Lee,NG
17627,7103,Mia Smith,AE
17628,7103,James Taylor,AE
17629,7104,Lucas Miller,GR
17630,7104,Ava Anderson,GR
17631,7105,Leo Clark,IT
17632,7105,Leo Thomas,IT
17633,7105,Ethan Taylor,IT
17634,7105,Amelia Thomas,IT
17635,7106,Isabella Lee,NG
17636,7106,Emma Lewis,NG
17637,7106,Isabella Smith,NG
17638,7106,Maria Thomas,NG
17639,7107,Ava Smith,ES
17640,7107,Olivia Brown,ES
17641,7107,Maria Lee,ES
17642,7107,Noah Miller,ES
17643,7108,Ethan Brown,AE
17644,7108,Ava Rossi,AE
17645,7109,Leo Wilson,NL
17646,7110,Lucas Clark,GB
17647,7111,Sofia Smith,RO
17648,7111,Isabella Smith,RO
17649,7112,Alex Miller,DE
17650,7112,Lucas Brown,NG
17651,7112,Sofia Taylor,FR
17652,7112,Leo Garcia,ES
17653,7113,Lucas Wilson,DE
17654,7113,Sofia Smith,DE
17655,7113,Emma Lewis,DE
17656,7113,Emma Lewis,DE
17657,7114,Lucas Garcia,AE
17658,7114,Isabella Lee,DE
17659,7115,James Taylor,AL
17660,7116,Maria Martin,AE
17661,7116,Lucas Thomas,AE
17662,7117,Mia Martin,GR
17663,7117,Olivia Wilson,RO
17664,7117,Amelia Thomas,RO
17665,7118,Alex Miller,GB
17666,7118,Amelia Miller,GB
17667,7118,Mia Anderson,GB
17668,7118,James Martin,GB
17669,7119,Sofia Rossi,AE
17670,7119,Maria Taylor,AE
17671,7119,Noah Brown,AE
17672,7119,Noah Smith,AE
17673,7120,Maria Miller,FR
17674,7120,Emma Miller,ES
17675,7120,Leo Lewis,FR
17676,7121,Leo Brown,NG
17677,7121,Lucas Rossi,RO
17678,7121,Emma Taylor,NG
17679,7121,Alex Brown,NG
17680,7122,Daniel Lewis,DE
17681,7122,Daniel Martin,ES
17682,7122,Daniel Rossi,ES
17683,7123,Alex Rossi,DE
17684,7124,Leo Lewis,US
17685,7124,Isabella Wilson,US
17686,7124,Olivia Rossi,IT
17687,7125,Ethan Taylor,NG
17688,7125,Ethan Rossi,IT
17689,7125,Ethan Rossi,IT
17690,7125,Olivia Garcia,IT
17691,7126,Daniel Thomas,GR
17692,7126,Mia Lewis,GR
17693,7127,Liam Anderson,GB
17694,7128,Mia Clark,FR
17695,7129,Sofia Rossi,RO
17696,7129,Sofia Wilson,RO
17697,7130,Alex Brown,DE
17698,7130,Emma Brown,AE
17699,7130,Leo Miller,AE
17700,7130,Lucas Wilson,IT
17701,7131,Liam Rossi,NG
17702,7131,Maria Thomas,NG
17703,7131,Ethan Rossi,NG
17704,7132,Ava Taylor,FR
17705,7132,Mia Lee,FR
17706,7132,Lucas Lewis,FR
17707,7133,Lucas Martin,NG
17708,7133,Amelia Garcia,NG
17709,7133,Liam Rossi,NG
17710,7134,Noah Miller,AL
17711,7135,Mia Smith,AE
17712,7136,James Miller,NL
17713,7136,Maria Rossi,NL
17714,7136,Amelia Anderson,NL
17715,7136,Noah Thomas,NL
17716,7137,Sofia Moore,AE
17717,7137,Daniel Lewis,AE
17718,7137,Maria Smith,AE
17719,7138,Ava Garcia,RO
17720,7139,Liam Brown,GB
17721,7139,Ava Brown,GB
17722,7139,Leo Wilson,GB
17723,7139,Emma Lee,GB
17724,7140,Emma Anderson,AE
17725,7140,Noah Martin,AE
17726,7140,Isabella Thomas,NG
17727,7140,Lucas Taylor,AE
17728,7141,James Anderson,IT
17729,7142,Liam Brown,US
17730,7142,Amelia Lee,US
17731,7143,Ava Martin,NL
17732,7143,Maria Lewis,NL
17733,7144,Emma Lee,RO
17734,7144,Maria Taylor,RO
17735,7144,Emma Thomas,RO
17736,7145,Ava Taylor,IT
17737,7146,Maria Brown,NL
17738,7146,Leo Anderson,NL
17739,7147,Daniel Clark,GR
17740,7147,Leo Lewis,FR
17741,7147,Leo Garcia,GR
17742,7147,Lucas Martin,NG
17743,7148,Alex Garcia,FR
17744,7148,Liam Anderson,FR
17745,7148,Noah Martin,FR
17746,7149,Alex Clark,GR
17747,7150,Ava Smith,GR
17748,7150,Alex Clark,GR
17749,7150,Ethan Wilson,AE
17750,7150,Liam Garcia,GR
17751,7151,Ethan Smith,AE
17752,7151,Isabella Moore,DE
17753,7151,Alex Moore,NG
17754,7151,Mia Smith,AE
17755,7152,Emma Garcia,AL
17756,7153,Alex Brown,GR
17757,7154,Olivia Moore,AE
17758,7154,Lucas Clark,AE
17759,7154,Alex Lewis,AE
17760,7155,Maria Brown,NG
17761,7155,Noah Thomas,AL
17762,7156,Ava Anderson,GB
17763,7157,Noah Wilson,ES
17764,7158,Amelia Lee,GB
17765,7158,Emma Moore,GB
17766,7158,Emma Moore,GB
17767,7158,Isabella Garcia,GB
17768,7159,Isabella Brown,FR
17769,7160,James Rossi,GR
17770,7160,Noah Anderson,GR
17771,7160,Ava Garcia,GR
17772,7161,Maria Taylor,NL
17773,7161,Leo Anderson,NL
17774,7161,James Lee,NL
17775,7162,Maria Garcia,GR
17776,7163,James Martin,DE
17777,7164,Amelia Garcia,DE
17778,7164,Isabella Clark,DE
17779,7164,Olivia Rossi,DE
17780,7165,Ethan Clark,US
17781,7165,Liam Moore,US
17782,7166,Alex Garcia,GB
17783,7166,Lucas Garcia,US
17784,7166,Leo Miller,GR
17785,7167,Alex Garcia,AE
17786,7167,Liam Thomas,AE
17787,7167,Mia Martin,GB
17788,7167,James Martin,AE
17789,7168,Isabella Anderson,NL
17790,7168,Isabella Rossi,NL
17791,7169,Emma Brown,GB
17792,7170,Maria Rossi,FR
17793,7171,Liam Miller,DE
17794,7171,Lucas Rossi,DE
17795,7171,Daniel Garcia,DE
17796,7171,Mia Garcia,DE
17797,7172,Noah Thomas,US
17798,7172,Emma Miller,US
17799,7173,Alex Anderson,AE
17800,7173,Alex Anderson,ES
17801,7173,Sofia Taylor,ES
17802,7174,Liam Miller,GR
17803,7174,Ethan Moore,NG
17804,7174,Ava Garcia,NG
17805,7175,Alex Moore,ES
17806,7175,James Wilson,AE
17807,7176,Amelia Moore,US
17808,7176,Leo Martin,GB
17809,7176,Ava Garcia,GB
17810,7176,Alex Lee,GB
17811,7177,Amelia Wilson,GR
17812,7177,James Smith,GR
17813,7178,Daniel Clark,IT
17814,7178,Noah Thomas,GB
17815,7178,Isabella Thomas,IT
17816,7179,Sofia Taylor,ES
17817,7179,Leo Martin,NG
17818,7180,Noah Anderson,NL
17819,7180,James Anderson,AL
17820,7180,Olivia Taylor,ES
17821,7181,Noah Taylor,IT
17822,7181,Sofia Wilson,IT
17823,7181,Isabella Taylor,FR
17824,7181,Olivia Miller,IT
17825,7182,James Anderson,US
17826,7182,Sofia Rossi,AL
17827,7182,Alex Thomas,AL
17828,7183,Noah Clark,RO
17829,7183,Amelia Moore,RO
17830,7183,James Moore,RO
17831,7184,Mia Taylor,RO
17832,7184,Olivia Taylor,GB
17833,7184,Maria Garcia,RO
17834,7184,Ava Moore,RO
17835,7185,Alex Brown,FR
17836,7185,Noah Lee,FR
17837,7185,Ava Taylor,GB
17838,7185,Ethan Wilson,FR
17839,7186,James Wilson,NL
17840,7187,Liam Thomas,AE
17841,7188,Daniel Smith,NL
17842,7188,Isabella Wilson,NL
17843,7188,Emma Wilson,NL
17844,7188,James Brown,NL
17845,7189,Alex Wilson,ES
17846,7190,Ava Lewis,IT
17847,7190,Sofia Anderson,IT
17848,7190,Daniel Lee,GB
17849,7190,Ava Garcia,IT
17850,7191,Mia Thomas,US
17851,7191,Liam Brown,US
17852,7192,James Lee,FR
17853,7192,Sofia Clark,NL
17854,7192,Olivia Taylor,FR
17855,7192,Leo Clark,FR
17856,7193,Isabella Anderson,US
17857,7194,Daniel Clark,IT
17858,7194,Maria Smith,DE
17859,7194,Noah Miller,DE
17860,7195,Leo Clark,IT
17861,7195,Sofia Wilson,IT
17862,7195,Alex Clark,IT
17863,7195,Isabella Anderson,IT
17864,7196,Maria Smith,US
17865,7196,Sofia Taylor,US
17866,7196,Isabella Moore,US
17867,7197,Lucas Thomas,FR
17868,7198,Ava Smith,RO
17869,7198,Noah Lee,GB
17870,7198,Olivia Martin,DE
17871,7199,Sofia Brown,ES
17872,7199,Liam Lee,ES
17873,7199,Lucas Garcia,ES
17874,7200,Liam Martin,NG
17875,7200,Mia Wilson,AL
17876,7200,James Moore,NG
17877,7201,Emma Moore,DE
17878,7201,Daniel Anderson,DE
17879,7201,Isabella Martin,DE
17880,7202,Olivia Clark,IT
17881,7202,Leo Smith,IT
17882,7202,Mia Smith,IT
17883,7202,Leo Wilson,IT
17884,7203,Liam Lee,AL
17885,7203,Maria Miller,AL
17886,7204,Alex Taylor,AE
17887,7204,Daniel Martin,AE
17888,7204,Emma Thomas,AE
17889,7205,Daniel Moore,NL
17890,7205,Daniel Thomas,NL
17891,7206,James Smith,NG
17892,7206,Lucas Moore,NG
17893,7207,Lucas Rossi,US
17894,7207,Isabella Martin,US
17895,7207,Isabella Miller,US
17896,7208,Isabella Anderson,GR
17897,7208,Mia Smith,IT
17898,7209,Noah Rossi,DE
17899,7209,Ethan Brown,RO
17900,7209,Emma Garcia,DE
17901,7209,James Clark,DE
17902,7210,Daniel Lewis,RO
17903,7210,Sofia Martin,RO
17904,7211,Lucas Lewis,US
17905,7211,Mia Miller,GR
17906,7211,Liam Anderson,US
17907,7211,Ethan Brown,US
17908,7212,Noah Anderson,ES
17909,7212,Amelia Brown,ES
17910,7212,Emma Wilson,NL
17911,7213,Lucas Taylor,AE
17912,7213,Sofia Wilson,AE
17913,7213,Lucas Brown,AE
17914,7213,Leo Wilson,AE
17915,7214,Sofia Anderson,DE
17916,7214,Amelia Brown,DE
17917,7214,Ethan Garcia,DE
17918,7214,Leo Martin,DE
17919,7215,Ethan Rossi,FR
17920,7215,Lucas Lewis,FR
17921,7215,Ethan Martin,FR
17922,7215,Amelia Garcia,FR
17923,7216,Isabella Lewis,GB
17924,7216,Daniel Anderson,GB
17925,7217,Sofia Wilson,GB
17926,7218,Liam Lee,RO
17927,7218,Noah Anderson,ES
17928,7218,Leo Wilson,RO
17929,7218,Sofia Anderson,RO
17930,7219,Isabella Moore,DE
17931,7220,Ava Moore,ES
17932,7220,Leo Anderson,ES
17933,7221,Olivia Taylor,FR
17934,7221,Emma Smith,ES
17935,7221,Maria Martin,AL
17936,7222,Alex Lee,IT
17937,7222,Isabella Rossi,AL
17938,7222,Liam Clark,DE
17939,7223,Leo Garcia,AE
17940,7223,James Clark,AE
17941,7223,Alex Lee,AE
17942,7223,Mia Smith,AE
17943,7224,Emma Rossi,US
17944,7224,Noah Anderson,IT
17945,7224,Isabella Rossi,GB
17946,7224,Liam Lewis,GB
17947,7225,Leo Brown,AL
17948,7226,Alex Taylor,NG
17949,7226,Daniel Brown,AL
17950,7226,Leo Thomas,NG
17951,7227,Leo Lewis,NL
17952,7227,James Smith,NL
17953,7227,James Garcia,RO
17954,7227,Mia Brown,NG
17955,7228,Daniel Lewis,RO
17956,7228,Ava Moore,FR
17957,7229,Emma Brown,GR
17958,7229,Sofia Garcia,GR
17959,7229,Maria Moore,GR
17960,7229,Mia Brown,GR
17961,7230,Ethan Moore,US
17962,7230,Lucas Lewis,GB
17963,7231,Olivia Brown,NG
17964,7231,Alex Anderson,NG
17965,7232,Noah Lee,FR
17966,7232,Ava Wilson,FR
17967,7232,Maria Wilson,FR
17968,7232,Amelia Miller,FR
17969,7233,Maria Martin,FR
17970,7233,Mia Martin,FR
17971,7233,Leo Garcia,US
17972,7234,Amelia Lewis,NL
17973,7234,Sofia Taylor,NL
17974,7234,Olivia Wilson,ES
17975,7235,Daniel Smith,IT
17976,7235,Sofia Taylor,DE
17977,7235,Sofia Lee,DE
17978,7236,Mia Rossi,IT
17979,7236,Liam Lewis,US
17980,7237,Olivia Wilson,US
17981,7237,Sofia Lewis,GB
17982,7237,Alex Brown,GB
17983,7237,Ava Clark,GB
17984,7238,Olivia Clark,IT
17985,7239,Daniel Thomas,NL
17986,7240,Leo Clark,ES
17987,7240,Daniel Martin,ES
17988,7241,Daniel Clark,US
17989,7241,Isabella Wilson,US
17990,7241,Amelia Garcia,US
17991,7242,Leo Brown,NG
17992,7242,Noah Taylor,IT
17993,7243,Leo Taylor,US
17994,7244,Maria Anderson,GR
17995,7244,Olivia Clark,GR
17996,7244,Ava Taylor,GR
17997,7245,Lucas Thomas,AL
17998,7245,James Anderson,AL
17999,7245,Noah Moore,FR
18000,7245,Noah Garcia,AL
18001,7246,Olivia Miller,GB
18002,7246,Daniel Smith,GB
18003,7246,James Moore,GB
18004,7247,Leo Brown,RO
18005,7247,Leo Lee,RO
18006,7247,Leo Wilson,RO
18007,7248,Maria Wilson,US
18008,7248,Sofia Miller,US
18009,7248,Emma Clark,US
18010,7249,James Moore,RO
18011,7249,Lucas Lewis,RO
18012,7249,Lucas Moore,RO
18013,7250,Amelia Anderson,DE
18014,7250,Emma Thomas,DE
18015,7250,Olivia Clark,DE
18016,7251,Noah Smith,DE
18017,7251,Sofia Thomas,DE
18018,7251,Ava Lee,DE
18019,7251,Ethan Anderson,DE
18020,7252,Ethan Wilson,GB
18021,7252,Olivia Wilson,DE
18022,7252,Isabella Martin,NG
18023,7253,Sofia Moore,DE
18024,7253,Noah Clark,DE
18025,7253,Daniel Garcia,IT
18026,7253,Leo Taylor,DE
18027,7254,Leo Martin,RO
18028,7254,Mia Miller,US
18029,7254,Amelia Anderson,IT
18030,7255,Sofia Lee,IT
18031,7255,Sofia Garcia,IT
18032,7256,Daniel Rossi,GB
18033,7256,Daniel Taylor,GB
18034,7257,Mia Martin,RO
18035,7258,Ethan Anderson,ES
18036,7258,Ethan Thomas,ES
18037,7258,James Miller,ES
18038,7259,Lucas Clark,DE
18039,7260,Lucas Thomas,AL
18040,7260,Noah Taylor,AL
18041,7261,Ava Wilson,GB
18042,7261,Leo Rossi,RO
18043,7261,James Miller,GB
18044,7262,Mia Moore,GR
18045,7263,Ava Anderson,GB
18046,7264,Isabella Martin,AE
18047,7264,James Moore,IT
18048,7264,Ethan Garcia,IT
18049,7264,Ethan Lee,IT
18050,7265,Liam Taylor,NL
18051,7266,Noah Martin,US
18052,7266,Sofia Rossi,US
18053,7266,Lucas Lee,AE
18054,7267,Daniel Wilson,US
18055,7267,Isabella Moore,US
18056,7267,Ava Clark,NL
18057,7267,Mia Smith,US
18058,7268,Sofia Wilson,FR
18059,7268,Alex Thomas,NL
18060,7268,Amelia Clark,FR
18061,7269,James Taylor,RO
18062,7269,Alex Taylor,ES
18063,7269,Olivia Brown,RO
18064,7269,Amelia Martin,RO
18065,7270,Isabella Lee,US
18066,7270,Liam Clark,IT
18067,7270,Amelia Thomas,IT
18068,7270,Leo Brown,IT
18069,7271,Emma Anderson,FR
18070,7271,Isabella Lewis,FR
18071,7272,Amelia Miller,NL
18072,7272,Alex Smith,FR
18073,7272,Sofia Moore,FR
18074,7272,Mia Taylor,US
18075,7273,Ava Clark,AL
18076,7273,Maria Wilson,FR
18077,7274,Mia Lee,AE
18078,7275,Amelia Anderson,AL
18079,7275,Ethan Wilson,IT
18080,7275,Sofia Lewis,AL
18081,7276,Mia Moore,FR
18082,7276,Leo Brown,FR
18083,7276,Olivia Clark,FR
18084,7276,Ava Rossi,FR
18085,7277,Ava Thomas,RO
18086,7277,Mia Thomas,RO
18087,7278,Lucas Rossi,DE
18088,7278,Ethan Clark,DE
18089,7278,Ava Rossi,DE
18090,7279,Emma Brown,NG
18091,7279,Ethan Clark,NG
18092,7280,Alex Clark,US
18093,7280,Emma Moore,ES
18094,7281,Lucas Taylor,RO
18095,7281,James Anderson,FR
18096,7281,Isabella Brown,FR
18097,7281,Amelia Martin,FR
18098,7282,Leo Rossi,AL
18099,7283,Amelia Moore,NL
18100,7284,Mia Smith,GB
18101,7284,James Anderson,GB
18102,7284,Leo Rossi,GB
18103,7285,Noah Miller,DE
18104,7286,Amelia Lewis,IT
18105,7287,Sofia Miller,RO
18106,7287,Ava Wilson,RO
18107,7287,Amelia Miller,RO
18108,7288,Noah Lee,GR
18109,7288,Olivia Thomas,GB
18110,7289,Noah Garcia,GB
18111,7289,Alex Martin,GB
18112,7289,Ethan Wilson,GB
18113,7289,Olivia Taylor,GB
18114,7290,Leo Brown,GB
18115,7290,Olivia Lee,US
18116,7290,Leo Taylor,US
18117,7291,Lucas Taylor,NG
18118,7291,Leo Lewis,NG
18119,7292,Alex Miller,AL
18120,7293,Maria Taylor,ES
18121,7293,Daniel Miller,ES
18122,7293,Sofia Rossi,ES
18123,7294,Emma Lewis,NL
18124,7294,Sofia Rossi,NL
18125,7294,Lucas Wilson,NL
18126,7294,Amelia Martin,GR
18127,7295,Ethan Anderson,AE
18128,7296,Ava Lewis,AL
18129,7296,Liam Anderson,GB
18130,7296,Mia Rossi,AL
18131,7296,Daniel Miller,AL
18132,7297,Maria Smith,NL
18133,7297,Emma Taylor,NL
18134,7297,Isabella Garcia,NL
18135,7298,Olivia Garcia,NL
18136,7298,Emma Taylor,NL
18137,7298,Emma Martin,NL
18138,7298,Amelia Lee,NL
18139,7299,Isabella Lee,ES
18140,7300,Ava Taylor,IT
18141,7300,Lucas Clark,FR
18142,7301,James Lee,GB
18143,7302,Noah Lee,GR
18144,7302,Sofia Miller,GR
18145,7303,Olivia Rossi,NG
18146,7303,James Taylor,NG
18147,7303,Ava Moore,NG
18148,7304,Ava Brown,US
18149,7304,Ava Anderson,US
18150,7304,Daniel Brown,DE
18151,7305,Daniel Brown,GB
18152,7306,Leo Smith,DE
18153,7307,Olivia Martin,IT
18154,7307,Isabella Rossi,IT
18155,7307,Noah Brown,IT
18156,7307,Isabella Clark,IT
18157,7308,Sofia Anderson,IT
18158,7308,Mia Miller,IT
18159,7309,Mia Miller,NG
18160,7309,Maria Moore,NG
18161,7309,Daniel Wilson,NG
18162,7309,Daniel Lewis,NG
18163,7310,Alex Wilson,US
18164,7310,Ethan Garcia,US
18165,7310,James Rossi,US
18166,7311,Daniel Taylor,AE
18167,7311,Amelia Rossi,AE
18168,7311,Mia Moore,AE
18169,7312,Alex Garcia,FR
18170,7313,Noah Anderson,IT
18171,7313,Maria Moore,IT
18172,7313,James Brown,IT
18173,7313,Ava Wilson,IT
18174,7314,Alex Wilson,DE
18175,7315,Liam Miller,US
18176,7315,Leo Garcia,DE
18177,7315,Sofia Miller,DE
18178,7316,Ava Thomas,IT
18179,7316,Sofia Garcia,IT
18180,7316,Amelia Garcia,NL
18181,7316,Amelia Lewis,IT
18182,7317,Sofia Brown,ES
18183,7317,Ethan Wilson,ES
18184,7318,Alex Taylor,NG
18185,7318,Isabella Garcia,NG
18186,7319,Sofia Anderson,ES
18187,7320,Leo Martin,GR
18188,7320,Ava Lee,NG
18189,7320,Amelia Brown,DE
18190,7320,Ava Martin,GR
18191,7321,Ethan Lee,NL
18192,7321,Noah Clark,NL
18193,7322,Sofia Anderson,AE
18194,7322,James Smith,AE
18195,7322,Sofia Lewis,RO
18196,7322,Mia Lewis,IT
18197,7323,Olivia Anderson,AE
18198,7324,Maria Lewis,AE
18199,7324,Isabella Thomas,AE
18200,7325,Ethan Moore,ES
18201,7325,Maria Lee,ES
18202,7326,Sofia Brown,NL
18203,7326,Emma Martin,NL
18204,7327,Ava Clark,GR
18205,7327,Noah Moore,ES
18206,7327,Amelia Thomas,ES
18207,7327,James Garcia,ES
18208,7328,Maria Brown,RO
18209,7328,Olivia Garcia,RO
18210,7328,Amelia Smith,RO
18211,7329,Isabella Miller,AE
18212,7329,Liam Brown,AE
18213,7330,Daniel Rossi,FR
18214,7331,Isabella Lewis,AE
18215,7331,Emma Clark,AE
18216,7331,Daniel Lewis,GB
18217,7332,Alex Miller,AL
18218,7332,Maria Thomas,AL
18219,7333,Isabella Taylor,GR
18220,7333,Leo Anderson,GR
18221,7333,Noah Anderson,GR
18222,7333,Lucas Martin,AL
18223,7334,Maria Moore,NL
18224,7334,Alex Clark,GR
18225,7334,James Anderson,GR
18226,7335,Mia Lewis,GB
18227,7335,Lucas Brown,GB
18228,7335,Sofia Clark,AL
18229,7336,Olivia Wilson,RO
18230,7336,Maria Clark,GR
18231,7337,Leo Smith,AL
18232,7338,Alex Moore,AL
18233,7338,Sofia Thomas,AL
18234,7338,Sofia Taylor,FR
18235,7338,James Lewis,GB
18236,7339,Emma Martin,GB
18237,7339,Liam Moore,GB
18238,7339,Ava Wilson,GB
18239,7339,Sofia Garcia,RO
18240,7340,Leo Clark,NL
18241,7340,Amelia Taylor,DE
18242,7340,Leo Brown,NL
18243,7341,Emma Moore,NL
18244,7341,Sofia Moore,NL
18245,7342,Noah Miller,ES
18246,7342,Olivia Lee,ES
18247,7343,Olivia Miller,ES
18248,7344,Sofia Brown,ES
18249,7344,Sofia Lee,ES
18250,7344,Mia Rossi,ES
18251,7344,Daniel Clark,ES
18252,7345,Emma Moore,RO
18253,7346,Isabella Smith,AE
18254,7346,Isabella Smith,AE
18255,7347,Mia Lee,ES
18256,7347,Mia Lee,ES
18257,7348,Sofia Rossi,GR
18258,7349,Alex Moore,US
18259,7350,James Lewis,AL
18260,7350,Maria Anderson,AL
18261,7350,Noah Brown,AL
18262,7350,Daniel Taylor,AL
18263,7351,Daniel Brown,AE
18264,7351,Ethan Wilson,AE
18265,7351,Isabella Anderson,AE
18266,7351,Emma Rossi,AE
18267,7352,Ethan Clark,DE
18268,7352,James Thomas,IT
18269,7352,Lucas Anderson,IT
18270,7353,Maria Thomas,GB
18271,7354,Leo Brown,GR
18272,7354,Liam Taylor,IT
18273,7354,Noah Lee,GR
18274,7355,Ethan Miller,GR
18275,7355,Ethan Lewis,GR
18276,7355,Olivia Martin,GR
18277,7355,Mia Brown,GR
18278,7356,Sofia Garcia,GB
18279,7356,Alex Thomas,GR
18280,7356,Lucas Lewis,GR
18281,7356,Noah Clark,GR
18282,7357,Daniel Garcia,AE
18283,7357,Emma Martin,AE
18284,7357,Amelia Thomas,AE
18285,7358,Lucas Thomas,GR
18286,7359,Leo Thomas,GR
18287,7360,Liam Smith,ES
18288,7360,Ava Anderson,ES
18289,7361,Olivia Thomas,FR
18290,7361,Lucas Martin,FR
18291,7361,Maria Taylor,FR
18292,7361,Isabella Smith,FR
18293,7362,Lucas Anderson,AE
18294,7362,Noah Wilson,AE
18295,7362,Maria Martin,AE
18296,7363,Emma Moore,NG
18297,7363,Mia Taylor,GR
18298,7364,Sofia Anderson,NL
18299,7364,James Clark,NL
18300,7364,Leo Martin,NL
18301,7364,Amelia Anderson,NL
18302,7365,Olivia Anderson,RO
18303,7366,Ethan Lewis,AE
18304,7366,Liam Moore,AE
18305,7367,Noah Moore,IT
18306,7367,Daniel Moore,IT
18307,7368,Ethan Taylor,IT
18308,7369,Olivia Garcia,ES
18309,7369,Amelia Wilson,NG
18310,7369,Leo Lee,ES
18311,7370,Sofia Brown,IT
18312,7371,James Martin,IT
18313,7372,Lucas Lewis,AE
18314,7372,Sofia Moore,AE
18315,7373,Ava Thomas,GR
18316,7373,Amelia Martin,RO
18317,7374,Alex Martin,GB
18318,7374,Noah Lee,GB
18319,7375,Emma Wilson,FR
18320,7375,Olivia Lee,GB
18321,7375,Olivia Brown,ES
18322,7376,Ethan Moore,IT
18323,7377,Ethan Martin,IT
18324,7377,Daniel Clark,IT
18325,7377,Liam Moore,NL
18326,7377,James Anderson,IT
18327,7378,Sofia Rossi,NL
18328,7379,Noah Rossi,RO
18329,7379,Maria Taylor,US
18330,7379,Sofia Brown,US
18331,7379,Maria Miller,US
18332,7380,Alex Wilson,US
18333,7380,Emma Thomas,GB
18334,7380,Ava Lee,US
18335,7380,Alex Miller,US
18336,7381,Noah Garcia,GR
18337,7382,Alex Taylor,GR
18338,7382,Daniel Moore,ES
18339,7383,Amelia Clark,IT
18340,7383,Daniel Taylor,IT
18341,7383,Liam Smith,AL
18342,7384,Sofia Rossi,FR
18343,7384,Ava Garcia,FR
18344,7384,James Martin,AL
18345,7384,Liam Brown,RO
18346,7385,Emma Thomas,DE
18347,7386,Sofia Lewis,DE
18348,7386,Daniel Smith,DE
18349,7386,Alex Smith,DE
18350,7387,Sofia Anderson,AL
18351,7387,Mia Rossi,AL
18352,7388,Sofia Lewis,NL
18353,7388,Emma Garcia,NL
18354,7389,Alex Thomas,RO
18355,7390,Daniel Moore,ES
18356,7390,Daniel Wilson,GR
18357,7391,Alex Clark,IT
18358,7391,Ethan Clark,IT
18359,7392,Leo Clark,DE
18360,7392,Olivia Taylor,DE
18361,7393,James Miller,FR
18362,7393,Lucas Clark,AL
18363,7394,Lucas Lewis,RO
18364,7394,Alex Brown,DE
18365,7395,Alex Thomas,FR
18366,7396,Ethan Martin,AE
18367,7396,Olivia Wilson,AE
18368,7396,James Garcia,AE
18369,7396,Emma Moore,FR
18370,7397,Alex Miller,DE
18371,7397,Amelia Anderson,DE
18372,7398,James Rossi,GB
18373,7398,Liam Anderson,GB
18374,7399,Daniel Miller,AL
18375,7399,Maria Miller,AL
18376,7399,Mia Martin,AL
18377,7400,James Lee,FR
18378,7400,Isabella Rossi,FR
18379,7400,Lucas Martin,FR
18380,7401,Maria Anderson,ES
18381,7401,Lucas Wilson,ES
18382,7401,Liam Miller,ES
18383,7401,James Brown,AL
18384,7402,Liam Moore,GB
18385,7402,Mia Garcia,GB
18386,7402,Lucas Brown,GB
18387,7402,Isabella Garcia,GB
18388,7403,Amelia Wilson,FR
18389,7403,James Rossi,FR
18390,7403,Olivia Clark,FR
18391,7404,Maria Miller,NL
18392,7404,Lucas Lee,US
18393,7404,Olivia Thomas,US
18394,7405,Ethan Martin,ES
18395,7405,James Taylor,GR
18396,7405,Mia Anderson,ES
18397,7406,Daniel Martin,RO
18398,7406,Ethan Brown,ES
18399,7407,Isabella Anderson,NG
18400,7408,Isabella Wilson,ES
18401,7408,Maria Garcia,GB
18402,7408,Lucas Wilson,NL
18403,7409,Emma Thomas,NG
18404,7410,Noah Garcia,US
18405,7411,Olivia Lewis,NG
18406,7411,Amelia Lee,AL
18407,7412,Amelia Garcia,AL
18408,7412,Ava Martin,AL
18409,7412,Daniel Martin,AL
18410,7413,Lucas Moore,NG
18411,7413,Ethan Moore,NG
18412,7413,Amelia Martin,NG
18413,7413,Mia Anderson,NG
18414,7414,Sofia Brown,GR
18415,7414,Isabella Martin,GR
18416,7414,Noah Miller,FR
18417,7415,Noah Brown,US
18418,7415,James Lee,US
18419,7416,Lucas Anderson,NL
18420,7416,Emma Taylor,NL
18421,7417,Lucas Anderson,AE
18422,7417,Ava Clark,US
18423,7418,Olivia Lewis,FR
18424,7418,Liam Rossi,FR
18425,7419,Daniel Moore,NL
18426,7419,Noah Anderson,NL
18427,7420,James Rossi,NG
18428,7420,Amelia Anderson,AL
18429,7420,Ava Rossi,AL
18430,7420,Lucas Wilson,AL
18431,7421,Noah Miller,ES
18432,7421,Maria Brown,ES
18433,7422,Sofia Moore,AE
18434,7422,Liam Anderson,FR
18435,7423,Isabella Moore,US
18436,7423,Isabella Taylor,US
18437,7423,Mia Rossi,US
18438,7423,Amelia Anderson,IT
18439,7424,Daniel Lee,DE
18440,7425,Maria Lee,IT
18441,7426,Emma Thomas,NG
18442,7426,Isabella Rossi,NG
18443,7426,James Clark,NG
18444,7427,Maria Brown,FR
18445,7427,Emma Miller,FR
18446,7428,Ava Brown,IT
18447,7428,Noah Martin,IT
18448,7428,Emma Garcia,IT
18449,7429,Ava Taylor,NL
18450,7429,Emma Martin,US
18451,7430,Ethan Martin,US
18452,7430,Lucas Moore,US
18453,7430,Leo Miller,US
18454,7431,James Wilson,ES
18455,7431,James Rossi,ES
18456,7431,Maria Anderson,ES
18457,7432,Olivia Martin,DE
18458,7433,Alex Martin,FR
18459,7434,James Wilson,DE
18460,7434,Isabella Anderson,NG
18461,7434,Leo Martin,NG
18462,7434,Amelia Wilson,NG
18463,7435,Ava Garcia,FR
18464,7436,Liam Lewis,NL
18465,7436,Lucas Moore,NL
18466,7436,Amelia Smith,NL
18467,7437,Noah Wilson,ES
18468,7437,Alex Anderson,ES
18469,7438,Olivia Brown,DE
18470,7438,Noah Moore,DE
18471,7438,Emma Clark,DE
18472,7439,Sofia Clark,AE
18473,7439,Sofia Lee,AE
18474,7439,Liam Brown,ES
18475,7440,Liam Brown,AL
18476,7440,Maria Moore,AL
18477,7440,Isabella Moore,AL
18478,7440,Olivia Lee,AL
18479,7441,Ava Thomas,RO
18480,7441,Maria Lewis,AE
18481,7442,Olivia Thomas,DE
18482,7443,Emma Rossi,GR
18483,7444,Liam Thomas,DE
18484,7444,Alex Brown,DE
18485,7444,Amelia Taylor,DE
18486,7444,Alex Clark,DE
18487,7445,Daniel Thomas,ES
18488,7445,Liam Miller,GR
18489,7445,Liam Rossi,GR
18490,7446,Isabella Anderson,ES
18491,7446,Lucas Lee,ES
18492,7446,James Martin,ES
18493,7446,Liam Anderson,ES
18494,7447,Sofia Wilson,GR
18495,7447,James Lee,AL
18496,7447,Emma Rossi,AL
18497,7447,Lucas Thomas,AL
18498,7448,Alex Wilson,RO
18499,7448,James Smith,RO
18500,7448,Amelia Clark,RO
18501,7448,Noah Miller,GB
18502,7449,James Taylor,US
18503,7449,Noah Thomas,US
18504,7449,Amelia Rossi,US
18505,7450,Sofia Taylor,GB
18506,7451,Amelia Wilson,ES
18507,7451,Ava Smith,ES
18508,7451,Leo Lee,ES
18509,7451,Emma Brown,US
18510,7452,Maria Garcia,FR
18511,7453,Maria Rossi,FR
18512,7453,Noah Miller,FR
18513,7453,Noah Clark,FR
18514,7453,Alex Clark,FR
18515,7454,Ethan Taylor,DE
18516,7454,Noah Lee,RO
18517,7455,Liam Martin,US
18518,7455,James Brown,US
18519,7455,Leo Thomas,US
18520,7456,Mia Miller,IT
18521,7456,Mia Lee,RO
18522,7457,Amelia Wilson,AL
18523,7457,Alex Thomas,AL
18524,7457,Olivia Smith,AL
18525,7457,Isabella Thomas,AL
18526,7458,Isabella Smith,FR
18527,7458,Maria Miller,AE
18528,7458,Liam Smith,AE
18529,7458,Ethan Wilson,AE
18530,7459,Mia Smith,ES
18531,7459,Alex Smith,ES
18532,7459,Amelia Wilson,ES
18533,7459,Sofia Clark,ES
18534,7460,Maria Miller,DE
18535,7460,Mia Miller,DE
18536,7460,Amelia Lee,DE
18537,7460,Alex Smith,DE
18538,7461,Noah Smith,AL
18539,7461,James Garcia,AL
18540,7461,Amelia Lewis,AL
18541,7461,Emma Garcia,AL
18542,7462,Noah Taylor,GB
18543,7462,Leo Thomas,GR
18544,7462,James Garcia,GR
18545,7462,Leo Anderson,GR
18546,7463,Olivia Wilson,GR
18547,7463,Maria Miller,GR
18548,7464,Daniel Clark,NG
18549,7464,Maria Thomas,AL
18550,7464,Daniel Clark,IT
18551,7464,Daniel Smith,IT
18552,7465,Daniel Lewis,ES
18553,7465,Amelia Garcia,ES
18554,7465,James Garcia,ES
18555,7466,Daniel Martin,GR
18556,7466,Sofia Lewis,GR
18557,7467,Amelia Martin,GB
18558,7467,Emma Martin,GB
18559,7468,Mia Lewis,AE
18560,7469,Lucas Rossi,AE
18561,7469,Amelia Taylor,AE
18562,7469,Daniel Thomas,AE
18563,7470,Isabella Lewis,AL
18564,7470,Alex Thomas,DE
18565,7470,Isabella Smith,DE
18566,7471,Lucas Wilson,GB
18567,7471,Ethan Garcia,GB
18568,7471,Mia Rossi,DE
18569,7471,Isabella Rossi,GB
18570,7472,Mia Miller,RO
18571,7473,Isabella Moore,NG
18572,7473,Daniel Smith,NG
18573,7473,Noah Martin,NG
18574,7473,Leo Miller,NG
18575,7474,Maria Lewis,US
18576,7474,Lucas Anderson,US
18577,7474,James Rossi,US
18578,7475,Olivia Anderson,NL
18579,7475,Lucas Wilson,NL
18580,7475,Isabella Lee,NL
18581,7475,Liam Lee,NL
18582,7476,Isabella Brown,ES
18583,7476,Amelia Lewis,RO
18584,7477,Mia Garcia,NG
18585,7477,James Rossi,NG
18586,7477,Amelia Wilson,NG
18587,7478,Maria Miller,FR
18588,7478,Leo Miller,GB
18589,7478,James Miller,GB
18590,7478,James Brown,GB
18591,7479,Alex Wilson,GR
18592,7480,Noah Clark,RO
18593,7481,Olivia Moore,AL
18594,7481,Sofia Brown,AL
18595,7482,Sofia Miller,GR
18596,7482,Maria Garcia,IT
18597,7482,Ava Lee,DE
18598,7483,Liam Garcia,NL
18599,7484,Ethan Smith,AL
18600,7484,James Rossi,NG
18601,7484,Olivia Miller,ES
18602,7484,Olivia Garcia,ES
18603,7485,Sofia Lewis,ES
18604,7486,Liam Lee,IT
18605,7486,Leo Lewis,IT
18606,7487,Ethan Smith,NG
18607,7487,Alex Thomas,NG
18608,7488,Amelia Lee,NG
18609,7489,James Lee,NL
18610,7489,Isabella Taylor,NL
18611,7489,Ethan Lee,NL
18612,7490,Emma Clark,GR
18613,7490,Leo Anderson,GR
18614,7490,Daniel Martin,GR
18615,7490,Olivia Miller,GR
18616,7491,Emma Clark,DE
18617,7492,Isabella Anderson,NG
18618,7492,Mia Lewis,NG
18619,7493,Maria Brown,NG
18620,7494,Maria Garcia,GR
18621,7495,Noah Smith,GB
18622,7495,Ethan Lee,GB
18623,7495,Isabella Clark,GB
18624,7495,Alex Anderson,GB
18625,7496,Alex Taylor,NG
18626,7496,Ethan Brown,NG
18627,7497,Maria Rossi,NG
18628,7497,Maria Moore,GR
18629,7498,Ethan Martin,NL
18630,7498,Ava Anderson,FR
18631,7499,Olivia Garcia,ES
18632,7499,Lucas Smith,ES
18633,7499,Sofia Anderson,ES
18634,7499,Mia Miller,ES
18635,7500,Daniel Clark,ES
18636,7500,Noah Wilson,NG
18637,7500,Leo Anderson,ES
18638,7501,Sofia Brown,DE
18639,7501,Isabella Clark,ES
18640,7501,Mia Wilson,ES
18641,7501,Alex Moore,ES
18642,7502,Liam Wilson,ES
18643,7502,Ava Lewis,ES
18644,7503,Ava Smith,GB
18645,7503,Lucas Garcia,GB
18646,7503,Lucas Lewis,GB
18647,7504,Amelia Brown,US
18648,7504,Isabella Thomas,US
18649,7504,Mia Lee,US
18650,7505,Maria Clark,RO
18651,7505,Olivia Moore,IT
18652,7505,Isabella Garcia,RO
18653,7505,Liam Lewis,RO
18654,7506,Noah Clark,US
18655,7506,Emma Lee,US
18656,7506,Daniel Miller,US
18657,7507,Alex Miller,GR
18658,7507,Maria Smith,GR
18659,7507,Ethan Taylor,GR
18660,7507,Emma Lewis,GR
18661,7508,Ethan Martin,GB
18662,7509,Liam Anderson,DE
18663,7510,Lucas Taylor,IT
18664,7511,Alex Lewis,GR
18665,7511,James Brown,GR
18666,7511,Isabella Moore,GR
18667,7511,Lucas Thomas,GR
18668,7512,Ethan Lee,GR
18669,7512,Noah Smith,GR
18670,7513,Leo Smith,AL
18671,7513,Amelia Smith,AL
18672,7513,Ethan Lee,AL
18673,7514,Ava Lewis,AL
18674,7515,Maria Lewis,DE
18675,7515,Daniel Smith,DE
18676,7515,Lucas Wilson,DE
18677,7515,Emma Clark,DE
18678,7516,Noah Miller,GR
18679,7516,Mia Moore,GR
18680,7516,Ava Taylor,GR
18681,7517,Ethan Moore,GR
18682,7517,Lucas Rossi,GR
18683,7517,James Wilson,GR
18684,7517,Mia Clark,GR
18685,7518,Sofia Anderson,AE
18686,7518,Isabella Smith,DE
18687,7518,Amelia Brown,AE
18688,7519,Liam Martin,RO
18689,7520,Sofia Lee,AE
18690,7520,Noah Martin,DE
18691,7520,Leo Moore,DE
18692,7520,Ava Smith,ES
18693,7521,Daniel Smith,DE
18694,7522,Olivia Brown,IT
18695,7522,Liam Martin,IT
18696,7522,Isabella Garcia,IT
18697,7523,Sofia Martin,GR
18698,7523,Olivia Taylor,GR
18699,7523,Lucas Smith,AE
18700,7524,Olivia Garcia,US
18701,7524,Lucas Miller,US
18702,7524,Maria Miller,US
18703,7524,Mia Lee,US
18704,7525,James Moore,ES
18705,7525,Lucas Anderson,US
18706,7525,Olivia Anderson,US
18707,7525,Isabella Clark,US
18708,7526,Olivia Thomas,NL
18709,7527,Olivia Clark,FR
18710,7527,Amelia Taylor,FR
18711,7528,Isabella Smith,GR
18712,7529,Olivia Wilson,IT
18713,7529,Lucas Taylor,IT
18714,7530,Ava Martin,AL
18715,7531,Amelia Miller,AL
18716,7531,Mia Thomas,AL
18717,7531,Liam Lewis,AL
18718,7532,James Smith,IT
18719,7532,Daniel Wilson,IT
18720,7532,Noah Lee,IT
18721,7533,Ava Anderson,ES
18722,7533,Ava Thomas,ES
18723,7534,Olivia Garcia,GB
18724,7534,Alex Wilson,GB
18725,7534,Lucas Miller,GB
18726,7535,Ava Brown,GR
18727,7535,James Rossi,GR
18728,7535,Ethan Thomas,GR
18729,7535,Leo Martin,GR
18730,7536,Daniel Anderson,NG
18731,7536,Emma Anderson,US
18732,7536,Mia Martin,NG
18733,7537,Mia Brown,US
18734,7538,Lucas Moore,NG
18735,7538,Ethan Taylor,NG
18736,7538,Amelia Moore,NG
18737,7538,Daniel Rossi,NG
18738,7539,Daniel Anderson,GR
18739,7539,Emma Brown,GB
18740,7540,Emma Taylor,AL
18741,7540,Maria Smith,AL
18742,7540,Daniel Rossi,ES
18743,7541,Daniel Anderson,GR
18744,7541,Isabella Brown,GR
18745,7541,Daniel Rossi,NL
18746,7542,Olivia Wilson,FR
18747,7542,Alex Lewis,FR
18748,7542,Alex Garcia,FR
18749,7543,Maria Wilson,IT
18750,7544,Lucas Smith,DE
18751,7544,Ethan Smith,DE
18752,7544,Emma Brown,DE
18753,7544,Maria Brown,DE
18754,7545,Liam Lewis,NL
18755,7546,Leo Garcia,DE
18756,7546,Noah Thomas,DE
18757,7546,Leo Thomas,DE
18758,7546,Noah Garcia,DE
18759,7547,Maria Wilson,RO
18760,7547,James Moore,RO
18761,7547,Leo Rossi,RO
18762,7547,Olivia Taylor,FR
18763,7548,Alex Smith,RO
18764,7548,Mia Miller,RO
18765,7549,Maria Garcia,GB
18766,7549,Liam Rossi,NG
18767,7550,Isabella Wilson,GR
18768,7550,Ethan Martin,AE
18769,7550,Alex Martin,AE
18770,7551,Ava Lee,FR
18771,7551,Leo Miller,FR
18772,7551,Leo Clark,FR
18773,7552,Sofia Taylor,AL
18774,7552,Mia Martin,AL
18775,7553,Isabella Anderson,AE
18776,7553,Liam Anderson,RO
18777,7553,Daniel Brown,AE
18778,7554,Emma Garcia,DE
18779,7554,Ethan Moore,DE
18780,7555,Lucas Anderson,AE
18781,7556,James Garcia,DE
18782,7556,Emma Brown,US
18783,7557,Isabella Moore,ES
18784,7557,Leo Anderson,ES
18785,7557,Liam Anderson,ES
18786,7558,Amelia Anderson,US
18787,7559,Sofia Martin,ES
18788,7560,Alex Thomas,ES
18789,7561,Amelia Miller,RO
18790,7561,Maria Thomas,RO
18791,7562,Sofia Thomas,GR
18792,7562,Sofia Lee,GR
18793,7563,Isabella Anderson,US
18794,7563,Maria Thomas,US
18795,7564,Mia Lee,FR
18796,7564,Noah Garcia,AL
18797,7564,James Miller,FR
18798,7564,Lucas Anderson,FR
18799,7565,Liam Martin,FR
18800,7565,Emma Rossi,FR
18801,7565,Noah Clark,FR
18802,7565,Liam Wilson,NG
18803,7566,Lucas Smith,NG
18804,7566,Maria Rossi,NG
18805,7566,Alex Lee,NG
18806,7567,Leo Lee,FR
18807,7567,Ethan Lewis,GB
18808,7567,Noah Garcia,GB
18809,7568,Leo Garcia,IT
18810,7569,Olivia Clark,AE
18811,7569,Sofia Anderson,DE
18812,7570,Maria Thomas,NL
18813,7570,Olivia Anderson,NL
18814,7571,Noah Thomas,US
18815,7571,Olivia Rossi,IT
18816,7571,Alex Lewis,IT
18817,7571,Alex Taylor,IT
18818,7572,Noah Lee,GR
18819,7572,James Smith,GR
18820,7572,Ethan Thomas,GR
18821,7573,Sofia Smith,NG
18822,7574,James Anderson,NG
18823,7574,Emma Taylor,US
18824,7574,Daniel Smith,NG
18825,7574,Mia Martin,NG
18826,7575,Sofia Clark,AL
18827,7575,James Brown,FR
18828,7575,Ethan Moore,NG
18829,7575,Lucas Thomas,NL
18830,7576,Emma Taylor,RO
18831,7576,Liam Brown,RO
18832,7576,Alex Brown,RO
18833,7577,Leo Anderson,RO
18834,7577,Ava Garcia,RO
18835,7577,James Lee,RO
18836,7578,Ethan Thomas,IT
18837,7578,Mia Wilson,IT
18838,7579,Alex Garcia,GB
18839,7579,Olivia Brown,FR
18840,7579,Mia Garcia,GB
18841,7579,Lucas Moore,GB
18842,7580,Sofia Thomas,DE
18843,7580,Isabella Garcia,DE
18844,7581,Lucas Lewis,AE
18845,7581,Emma Thomas,NL
18846,7581,Leo Martin,US
18847,7581,Leo Martin,NL
18848,7582,Olivia Wilson,NG
18849,7582,Alex Taylor,NG
18850,7582,Leo Brown,NG
18851,7582,Maria Wilson,NG
18852,7583,Noah Rossi,GB
18853,7583,Ava Lewis,GB
18854,7583,Liam Martin,GB
18855,7583,Daniel Taylor,GB
18856,7584,Amelia Wilson,AE
18857,7584,Alex Smith,AE
18858,7584,Sofia Taylor,AE
18859,7585,Ava Martin,IT
18860,7586,Maria Garcia,ES
18861,7586,Sofia Smith,ES
18862,7587,Isabella Garcia,AE
18863,7588,Maria Anderson,NL
18864,7588,Alex Smith,NL
18865,7589,Ava Miller,DE
18866,7590,Daniel Taylor,AE
18867,7590,Daniel Lewis,AE
18868,7590,Alex Rossi,FR
18869,7590,Sofia Miller,AE
18870,7591,Daniel Lee,AL
18871,7592,Emma Miller,US
18872,7592,Sofia Martin,US
18873,7592,Mia Brown,US
18874,7592,Liam Taylor,US
18875,7593,Maria Clark,AE
18876,7593,Ethan Lee,AE
18877,7593,Maria Wilson,AE
18878,7594,Alex Brown,GR
18879,7595,Isabella Lee,NL
18880,7596,Noah Miller,ES
18881,7596,Leo Smith,ES
18882,7597,Isabella Taylor,IT
18883,7597,Noah Anderson,IT
18884,7597,James Miller,IT
18885,7598,Emma Taylor,AL
18886,7598,Leo Rossi,AL
18887,7598,Leo Rossi,AL
18888,7598,Emma Lewis,AL
18889,7599,Liam Miller,NG
18890,7600,Mia Martin,FR
18891,7600,Ethan Taylor,FR
18892,7600,Mia Martin,FR
18893,7601,Emma Brown,US
18894,7601,Maria Brown,FR
18895,7601,James Clark,FR
18896,7602,Olivia Garcia,US
18897,7603,Emma Wilson,NL
18898,7603,Liam Clark,NL
18899,7604,Olivia Lewis,NL
18900,7604,Isabella Garcia,NL
18901,7604,Leo Thomas,NL
18902,7604,Ava Martin,NL
18903,7605,Alex Wilson,ES
18904,7605,Olivia Martin,ES
18905,7605,Olivia Smith,ES
18906,7606,Ethan Miller,ES
18907,7606,Noah Garcia,RO
18908,7606,Isabella Taylor,ES
18909,7606,Liam Lewis,ES
18910,7607,Daniel Smith,GR
18911,7607,Isabella Garcia,AE
18912,7607,Alex Rossi,GR
18913,7607,Maria Wilson,GR
18914,7608,Ethan Moore,IT
18915,7608,Daniel Brown,IT
18916,7609,Alex Thomas,DE
18917,7609,James Wilson,NG
18918,7609,Maria Smith,NG
18919,7609,Daniel Rossi,NG
18920,7610,Amelia Wilson,US
18921,7611,Daniel Miller,NL
18922,7611,Mia Martin,NL
18923,7612,Ava Brown,ES
18924,7612,Amelia Garcia,ES
18925,7612,Daniel Lewis,ES
18926,7613,Sofia Miller,NG
18927,7613,Alex Taylor,NG
18928,7614,Isabella Rossi,DE
18929,7614,Amelia Taylor,DE
18930,7615,Liam Wilson,AE
18931,7615,Emma Garcia,AE
18932,7616,Lucas Rossi,US
18933,7616,Noah Brown,US
18934,7616,Sofia Rossi,DE
18935,7616,Ethan Lee,US
18936,7617,Noah Anderson,DE
18937,7617,Emma Clark,DE
18938,7618,Ava Wilson,GB
18939,7618,Ethan Smith,GB
18940,7618,Liam Anderson,GB
18941,7618,Sofia Lewis,GB
18942,7619,Liam Clark,NL
18943,7619,Maria Smith,NL
18944,7619,James Miller,NL
18945,7620,Liam Miller,DE
18946,7620,Noah Martin,DE
18947,7620,Alex Martin,DE
18948,7621,Alex Clark,NL
18949,7621,Sofia Clark,US
18950,7621,Maria Martin,US
18951,7622,Liam Clark,GB
18952,7622,Ava Clark,RO
18953,7622,Emma Anderson,RO
18954,7623,Olivia Miller,AE
18955,7624,Isabella Clark,IT
18956,7624,Isabella Lee,IT
18957,7624,Alex Brown,IT
18958,7624,Maria Brown,IT
18959,7625,Daniel Smith,NL
18960,7625,Ava Taylor,NL
18961,7625,Maria Thomas,NL
18962,7626,Isabella Anderson,GR
18963,7626,Amelia Brown,GR
18964,7627,Ava Taylor,AE
18965,7627,Noah Clark,GR
18966,7628,Sofia Garcia,US
18967,7628,Liam Brown,US
18968,7629,Amelia Garcia,US
18969,7629,Mia Brown,IT
18970,7630,Leo Lewis,FR
18971,7630,Maria Rossi,FR
18972,7630,Leo Moore,FR
18973,7631,Amelia Garcia,NL
18974,7631,Emma Anderson,NL
18975,7631,Liam Brown,NL
18976,7632,Emma Rossi,AL
18977,7633,Ava Rossi,RO
18978,7633,Leo Thomas,RO
18979,7633,Lucas Anderson,RO
18980,7634,Noah Lewis,IT
18981,7634,Noah Brown,IT
18982,7634,Daniel Miller,IT
18983,7634,Noah Anderson,RO
18984,7635,Alex Brown,AE
18985,7636,Leo Clark,GB
18986,7637,Noah Clark,US
18987,7637,Isabella Lee,US
18988,7637,Isabella Garcia,AL
18989,7637,Maria Lee,US
18990,7638,Leo Moore,RO
18991,7638,Isabella Martin,RO
18992,7638,Ava Miller,RO
18993,7639,Sofia Taylor,RO
18994,7639,Emma Clark,DE
18995,7640,James Lewis,ES
18996,7641,Sofia Clark,AL
18997,7641,Maria Brown,AL
18998,7642,James Taylor,FR
18999,7642,Alex Clark,RO
19000,7642,Emma Smith,RO
19001,7643,Noah Miller,AL
19002,7643,Amelia Lewis,AL
19003,7643,Ava Wilson,AL
19004,7643,Isabella Garcia,AL
19005,7644,Noah Garcia,RO
19006,7645,Ethan Rossi,US
19007,7645,Olivia Rossi,US
19008,7645,Isabella Wilson,RO
19009,7645,Ethan Thomas,US
19010,7646,Noah Brown,GR
19011,7646,Olivia Thomas,GR
19012,7646,Daniel Brown,GR
19013,7646,Ava Taylor,ES
19014,7647,Leo Moore,GR
19015,7647,Maria Thomas,GR
19016,7648,Isabella Garcia,IT
19017,7649,Leo Rossi,RO
19018,7650,Noah Wilson,US
19019,7651,Daniel Thomas,GB
19020,7652,Mia Brown,NG
19021,7652,Olivia Lee,NG
19022,7653,Alex Thomas,GR
19023,7653,Isabella Martin,GR
19024,7653,Maria Moore,GB
19025,7653,Emma Lewis,GR
19026,7654,Ethan Miller,RO
19027,7655,Ethan Martin,DE
19028,7655,Leo Moore,DE
19029,7655,Noah Anderson,DE
19030,7655,Liam Lee,DE
19031,7656,Isabella Anderson,AE
19032,7656,Maria Miller,US
19033,7657,Amelia Taylor,RO
19034,7658,Isabella Brown,US
19035,7658,Emma Anderson,US
19036,7658,Noah Rossi,US
19037,7659,Alex Thomas,IT
19038,7659,Leo Martin,FR
19039,7659,Alex Garcia,IT
19040,7660,Leo Brown,NG
19041,7660,Maria Miller,NG
19042,7660,James Smith,RO
19043,7660,Daniel Martin,NG
19044,7661,Alex Rossi,AE
19045,7661,Ava Anderson,AE
19046,7662,Sofia Thomas,DE
19047,7663,Noah Miller,US
19048,7663,Isabella Garcia,GR
19049,7664,Leo Garcia,IT
19050,7664,James Moore,GR
19051,7664,Leo Lee,GR
19052,7664,James Anderson,GR
19053,7665,Sofia Lewis,NL
19054,7665,Alex Taylor,ES
19055,7666,Liam Rossi,DE
19056,7666,Isabella Brown,DE
19057,7666,Noah Brown,DE
19058,7667,Lucas Rossi,DE
19059,7667,Emma Thomas,DE
19060,7667,Leo Martin,DE
19061,7668,Leo Taylor,NG
19062,7669,Leo Smith,IT
19063,7670,Emma Smith,IT
19064,7670,Lucas Wilson,IT
19065,7671,Ava Lee,RO
19066,7671,Mia Rossi,IT
19067,7671,Maria Miller,IT
19068,7672,Alex Garcia,AE
19069,7672,Sofia Rossi,AE
19070,7672,Olivia Clark,AE
19071,7672,Olivia Lewis,AE
19072,7673,Alex Martin,GB
19073,7673,Ava Garcia,GB
19074,7673,Ava Taylor,GB
19075,7674,Sofia Lee,AE
19076,7674,Daniel Rossi,AE
19077,7674,Emma Garcia,RO
19078,7674,Liam Brown,AE
19079,7675,James Clark,NG
19080,7675,Noah Lee,NG
19081,7675,Alex Thomas,NG
19082,7675,Maria Wilson,NG
19083,7676,Ethan Lee,DE
19084,7676,Amelia Taylor,DE
19085,7676,Alex Lee,DE
19086,7676,Olivia Wilson,DE
19087,7677,Lucas Rossi,RO
19088,7677,Mia Smith,AL
19089,7677,Liam Thomas,RO
19090,7677,Mia Thomas,RO
19091,7678,Ava Thomas,AE
19092,7678,Olivia Miller,AE
19093,7678,James Lewis,AE
19094,7678,Noah Lee,NG
19095,7679,Ava Miller,GB
19096,7679,Ethan Garcia,GB
19097,7679,Leo Lee,GB
19098,7679,Alex Thomas,GB
19099,7680,Amelia Thomas,GR
19100,7680,Alex Taylor,FR
19101,7680,Daniel Rossi,NG
19102,7681,Maria Martin,NG
19103,7681,Lucas Lewis,IT
19104,7681,Amelia Anderson,NG
19105,7681,Emma Thomas,NG
19106,7682,Ethan Smith,US
19107,7683,Leo Lee,ES
19108,7683,Alex Moore,ES
19109,7684,Leo Lee,NG
19110,7685,James Lewis,GR
19111,7685,James Wilson,DE
19112,7686,Noah Anderson,GB
19113,7686,Alex Wilson,GB
19114,7686,Emma Lee,AE
19115,7687,James Rossi,IT
19116,7687,Daniel Moore,IT
19117,7687,Maria Lewis,IT
19118,7688,Olivia Lee,IT
19119,7688,Amelia Smith,AE
19120,7688,Lucas Lee,AE
19121,7688,Daniel Martin,AE
19122,7689,Ethan Martin,AE
19123,7689,James Moore,AE
19124,7689,Sofia Martin,AE
19125,7690,Ethan Brown,RO
19126,7690,Ava Rossi,RO
19127,7690,Amelia Clark,RO
19128,7691,Lucas Brown,NL
19129,7691,Sofia Garcia,NL
19130,7691,Emma Anderson,NL
19131,7692,James Taylor,AE
19132,7693,Liam Rossi,GR
19133,7693,Leo Garcia,GR
19134,7693,Mia Anderson,GR
19135,7693,Ava Lewis,GR
19136,7694,Ethan Garcia,IT
19137,7694,Liam Garcia,IT
19138,7694,Leo Miller,IT
19139,7694,Olivia Garcia,IT
19140,7695,Amelia Wilson,NL
19141,7696,Ava Taylor,NL
19142,7697,Lucas Anderson,ES
19143,7698,Lucas Miller,RO
19144,7698,Amelia Wilson,AL
19145,7698,Amelia Anderson,AL
19146,7699,James Thomas,RO
19147,7699,Alex Garcia,DE
19148,7699,Lucas Brown,DE
19149,7699,Leo Wilson,DE
19150,7700,Maria Martin,NG
19151,7700,Liam Lewis,GR
19152,7701,Lucas Smith,AL
19153,7701,Amelia Lee,NL
19154,7702,Lucas Miller,FR
19155,7703,Liam Wilson,FR
19156,7704,Liam Brown,NL
19157,7704,Emma Brown,NL
19158,7704,Maria Wilson,NL
19159,7704,Alex Smith,FR
19160,7705,Alex Garcia,DE
19161,7705,Leo Lee,IT
19162,7705,Leo Wilson,IT
19163,7706,Lucas Clark,FR
19164,7706,Liam Taylor,FR
19165,7706,Daniel Martin,NG
19166,7706,Sofia Moore,FR
19167,7707,Ethan Lee,NL
19168,7707,Emma Rossi,NL
19169,7707,Isabella Taylor,NL
19170,7707,Olivia Clark,GR
19171,7708,Alex Wilson,ES
19172,7708,Emma Rossi,ES
19173,7708,Amelia Rossi,ES
19174,7709,Emma Smith,IT
19175,7709,Alex Martin,IT
19176,7709,Liam Wilson,IT
19177,7710,Ethan Wilson,RO
19178,7710,Emma Anderson,FR
19179,7711,Noah Brown,NG
19180,7711,Liam Martin,NG
19181,7712,Olivia Moore,DE
19182,7713,Emma Miller,GR
19183,7713,Emma Lewis,GR
19184,7713,Leo Clark,FR
19185,7713,Amelia Clark,GR
19186,7714,Leo Rossi,GB
19187,7715,Ethan Brown,GB
19188,7715,Lucas Thomas,GB
19189,7715,Noah Rossi,GB
19190,7716,Amelia Wilson,IT
19191,7716,Liam Lewis,NL
19192,7717,Alex Wilson,GB
19193,7717,Daniel Martin,GB
19194,7717,James Lewis,GB
19195,7718,Sofia Moore,NL
19196,7719,Sofia Rossi,US
19197,7719,Ava Brown,US
19198,7719,Lucas Garcia,US
19199,7720,Isabella Martin,AL
19200,7720,Ethan Lee,AL
19201,7721,Ethan Miller,IT
19202,7721,Lucas Rossi,AL
19203,7721,Daniel Smith,IT
19204,7722,Lucas Garcia,GR
19205,7722,James Rossi,GR
19206,7722,Olivia Miller,GR
19207,7723,Ava Anderson,IT
19208,7723,Maria Garcia,NG
19209,7723,Emma Moore,IT
19210,7724,Amelia Moore,GR
19211,7725,Ava Lewis,GB
19212,7725,Maria Martin,GB
19213,7726,Ethan Brown,NG
19214,7726,Lucas Thomas,NG
19215,7727,Amelia Smith,DE
19216,7727,Daniel Garcia,DE
19217,7727,Liam Lee,DE
19218,7727,James Lewis,DE
19219,7728,Ava Martin,NG
19220,7728,Emma Thomas,NG
19221,7728,Mia Moore,NG
19222,7728,Noah Wilson,NG
19223,7729,Ava Taylor,US
19224,7730,Ethan Anderson,AL
19225,7731,Alex Moore,DE
19226,7731,Olivia Anderson,RO
19227,7732,Ethan Smith,NG
19228,7732,Lucas Thomas,NG
19229,7732,James Moore,NG
19230,7733,Isabella Taylor,AL
19231,7733,James Wilson,AL
19232,7733,Olivia Martin,AL
19233,7734,Noah Clark,AL
19234,7735,Olivia Garcia,GB
19235,7735,Olivia Clark,AE
19236,7736,Amelia Smith,US
19237,7736,Alex Martin,US
19238,7737,Maria Brown,ES
19239,7737,Daniel Garcia,ES
19240,7738,Maria Lewis,FR
19241,7738,Mia Taylor,AE
19242,7739,Isabella Rossi,FR
19243,7739,Mia Lewis,FR
19244,7739,Leo Taylor,FR
19245,7739,Liam Lewis,FR
19246,7740,Mia Moore,NL
19247,7740,Daniel Taylor,NL
19248,7740,Amelia Miller,NL
19249,7741,Sofia Lewis,AE
19250,7741,Maria Anderson,GR
19251,7742,James Wilson,AL
19252,7742,Liam Miller,AL
19253,7742,Noah Clark,AL
19254,7742,Isabella Garcia,AL
19255,7743,Ava Brown,AE
19256,7743,Noah Garcia,AE
19257,7743,Emma Anderson,FR
19258,7744,Ava Lee,DE
19259,7744,Leo Martin,DE
19260,7744,Noah Anderson,DE
19261,7745,Daniel Smith,IT
19262,7745,Liam Miller,ES
19263,7745,Isabella Anderson,IT
19264,7746,Emma Anderson,DE
19265,7746,Alex Moore,DE
19266,7747,Emma Anderson,NL
19267,7747,Emma Smith,NL
19268,7747,Olivia Taylor,NL
19269,7747,Olivia Lee,NL
19270,7748,Alex Wilson,IT
19271,7748,Liam Smith,IT
19272,7748,Sofia Clark,IT
19273,7749,Lucas Thomas,NL
19274,7749,Lucas Rossi,NL
19275,7750,Emma Clark,GR
19276,7751,Lucas Taylor,IT
19277,7752,Isabella Rossi,GB
19278,7752,Noah Anderson,IT
19279,7752,Ethan Lee,GB
19280,7753,Maria Brown,NL
19281,7753,Ava Rossi,NL
19282,7753,James Moore,NL
19283,7753,James Moore,RO
19284,7754,Alex Garcia,ES
19285,7755,Liam Clark,ES
19286,7755,Olivia Lee,ES
19287,7755,Amelia Anderson,ES
19288,7755,Lucas Clark,ES
19289,7756,Ava Wilson,GR
19290,7756,Alex Taylor,GR
19291,7756,Mia Moore,NL
19292,7757,Amelia Martin,GR
19293,7757,Ethan Thomas,GR
19294,7757,Liam Thomas,GR
19295,7757,Ava Martin,GR
19296,7758,Olivia Anderson,GB
19297,7758,Mia Rossi,GB
19298,7759,Emma Lee,DE
19299,7759,Ethan Wilson,DE
19300,7759,Maria Wilson,DE
19301,7760,Liam Smith,DE
19302,7761,Emma Smith,GB
19303,7762,Maria Moore,US
19304,7762,Noah Lewis,NL
19305,7762,Mia Garcia,AE
19306,7762,Mia Anderson,US
19307,7763,Ethan Garcia,AE
19308,7763,Isabella Lewis,AE
19309,7763,Noah Brown,AE
19310,7764,Noah Moore,DE
19311,7764,Liam Taylor,NL
19312,7764,Lucas Miller,AL
19313,7765,Noah Anderson,ES
19314,7765,James Lewis,ES
19315,7765,Amelia Garcia,ES
19316,7765,Olivia Moore,DE
19317,7766,Leo Martin,RO
19318,7766,Amelia Thomas,RO
19319,7767,Emma Clark,DE
19320,7767,Ethan Clark,ES
19321,7768,Noah Brown,ES
19322,7768,Ava Anderson,ES
19323,7769,Alex Garcia,GR
19324,7770,Isabella Wilson,NL
19325,7770,Daniel Rossi,NL
19326,7770,Maria Brown,NL
19327,7771,Sofia Martin,FR
19328,7771,Ava Smith,FR
19329,7772,Ava Smith,IT
19330,7772,Sofia Thomas,IT
19331,7772,Ethan Anderson,IT
19332,7772,Liam Brown,IT
19333,7773,Noah Miller,US
19334,7774,Ethan Martin,NL
19335,7774,James Anderson,NL
19336,7775,Ethan Clark,GB
19337,7776,Olivia Smith,NG
19338,7776,Maria Moore,NG
19339,7776,Ava Lee,NG
19340,7777,Leo Wilson,ES
19341,7777,Amelia Rossi,ES
19342,7777,Noah Lee,DE
19343,7777,Noah Moore,ES
19344,7778,Ava Martin,GB
19345,7779,Leo Garcia,GR
19346,7779,Lucas Lee,NL
19347,7780,James Moore,DE
19348,7780,Sofia Garcia,DE
19349,7781,James Lee,US
19350,7781,Noah Lewis,US
19351,7782,Leo Clark,NG
19352,7783,James Clark,IT
19353,7783,Maria Martin,IT
19354,7783,Maria Wilson,IT
19355,7783,Emma Anderson,IT
19356,7784,Alex Anderson,NL
19357,7785,Mia Wilson,ES
19358,7785,James Moore,ES
19359,7785,Lucas Smith,ES
19360,7785,Alex Lee,GB
19361,7786,Maria Garcia,GB
19362,7786,Mia Moore,GB
19363,7786,Ethan Moore,GB
19364,7787,Ethan Moore,FR
19365,7788,Mia Lewis,AL
19366,7789,Lucas Miller,RO
19367,7789,Daniel Garcia,AE
19368,7790,Ethan Brown,FR
19369,7790,Lucas Lee,FR
19370,7790,Olivia Martin,GR
19371,7791,Ava Wilson,AE
19372,7791,James Thomas,AE
19373,7792,Lucas Wilson,IT
19374,7793,Ava Wilson,AE
19375,7793,Amelia Anderson,US
19376,7793,James Martin,US
19377,7793,James Thomas,US
19378,7794,Leo Brown,NL
19379,7795,Sofia Anderson,US
19380,7795,Lucas Lee,US
19381,7796,Leo Wilson,US
19382,7796,Sofia Smith,US
19383,7796,Olivia Lee,US
19384,7797,Olivia Brown,US
19385,7797,Daniel Brown,US
19386,7797,Maria Wilson,US
19387,7798,Olivia Moore,RO
19388,7798,Isabella Moore,RO
19389,7799,Maria Martin,FR
19390,7799,Isabella Garcia,FR
19391,7799,Noah Rossi,FR
19392,7800,Maria Anderson,AL
19393,7801,Lucas Clark,AE
19394,7801,Mia Clark,ES
19395,7801,Ava Lee,IT
19396,7801,Liam Smith,NL
19397,7802,Ava Moore,ES
19398,7802,Sofia Taylor,US
19399,7802,Alex Moore,ES
19400,7802,Daniel Lee,GB
19401,7803,Daniel Wilson,RO
19402,7804,Olivia Moore,ES
19403,7804,Noah Lewis,ES
19404,7805,Leo Thomas,DE
19405,7805,Amelia Clark,GB
19406,7805,Liam Anderson,GB
19407,7806,Sofia Brown,US
19408,7807,Ethan Smith,AL
19409,7807,Alex Garcia,AL
19410,7807,Maria Taylor,AL
19411,7808,Liam Smith,IT
19412,7809,Mia Wilson,NG
19413,7810,Ethan Lee,AE
19414,7810,Daniel Garcia,AE
19415,7810,Sofia Lee,AE
19416,7810,Mia Thomas,AE
19417,7811,Amelia Clark,AE
19418,7811,Sofia Lewis,NL
19419,7811,Noah Garcia,AE
19420,7812,Daniel Garcia,IT
19421,7812,Isabella Miller,GR
19422,7812,Sofia Taylor,IT
19423,7813,Emma Lee,GB
19424,7813,Ava Rossi,GB
19425,7814,Isabella Clark,ES
19426,7814,Isabella Smith,ES
19427,7814,Amelia Moore,IT
19428,7814,Liam Brown,ES
19429,7815,Mia Lee,GB
19430,7815,Amelia Lee,GB
19431,7815,Leo Wilson,GB
19432,7815,Maria Rossi,GB
19433,7816,Noah Lewis,ES
19434,7816,Ava Garcia,ES
19435,7816,Olivia Rossi,AE
19436,7816,Ava Miller,ES
19437,7817,Alex Miller,NL
19438,7817,Olivia Wilson,NL
19439,7818,Ethan Taylor,GB
19440,7818,Sofia Lewis,GB
19441,7818,Sofia Garcia,IT
19442,7818,Ethan Clark,GB
19443,7819,Sofia Martin,US
19444,7820,Alex Brown,RO
19445,7820,Sofia Anderson,RO
19446,7820,Emma Martin,RO
19447,7820,Mia Rossi,RO
19448,7821,Ethan Brown,ES
19449,7821,Noah Clark,ES
19450,7821,James Lewis,ES
19451,7821,Olivia Lewis,ES
19452,7822,Liam Miller,GB
19453,7822,Noah Clark,GB
19454,7822,Mia Clark,GB
19455,7823,Olivia Lewis,US
19456,7823,Maria Wilson,GB
19457,7823,Maria Wilson,US
19458,7823,Olivia Anderson,US
19459,7824,Daniel Moore,DE
19460,7824,Ethan Lewis,RO
19461,7825,Mia Taylor,ES
19462,7825,Noah Brown,ES
19463,7825,Alex Taylor,ES
19464,7825,Alex Garcia,ES
19465,7826,Isabella Smith,DE
19466,7826,Ethan Smith,DE
19467,7826,Ethan Clark,DE
19468,7826,James Thomas,DE
19469,7827,Lucas Rossi,DE
19470,7827,Ethan Wilson,DE
19471,7827,Maria Smith,DE
19472,7827,Isabella Thomas,DE
19473,7828,Leo Thomas,NL
19474,7828,Isabella Rossi,NL
19475,7829,Emma Lee,GR
19476,7829,Amelia Martin,GR
19477,7829,Leo Miller,RO
19478,7830,Ava Lewis,US
19479,7830,Isabella Wilson,US
19480,7831,Maria Brown,NG
19481,7832,Alex Lee,ES
19482,7833,Amelia Lee,ES
19483,7834,Isabella Thomas,IT
19484,7834,Alex Rossi,IT
19485,7834,Noah Anderson,IT
19486,7834,Isabella Moore,IT
19487,7835,Ethan Lewis,FR
19488,7835,Amelia Lewis,FR
19489,7835,James Brown,FR
19490,7836,James Garcia,GR
19491,7836,Lucas Wilson,GR
19492,7836,Maria Brown,GR
19493,7836,Amelia Moore,GR
19494,7837,Ethan Moore,AE
19495,7837,Sofia Wilson,AE
19496,7837,Noah Lee,AE
19497,7838,Mia Brown,IT
19498,7839,Noah Miller,AL
19499,7839,Leo Miller,FR
19500,7839,Maria Taylor,FR
19501,7839,Mia Anderson,FR
19502,7840,Alex Martin,DE
19503,7840,Leo Miller,DE
19504,7840,Isabella Thomas,DE
19505,7840,Noah Wilson,DE
19506,7841,Daniel Wilson,ES
19507,7841,Alex Miller,ES
19508,7842,Amelia Martin,GB
19509,7842,Amelia Smith,RO
19510,7843,Liam Martin,US
19511,7843,Daniel Rossi,US
19512,7843,Leo Wilson,US
19513,7844,Noah Taylor,RO
19514,7844,Olivia Taylor,AE
19515,7844,Olivia Lewis,IT
19516,7845,James Smith,DE
19517,7845,Daniel Martin,DE
19518,7845,James Lee,DE
19519,7845,Leo Rossi,DE
19520,7846,Amelia Clark,GR
19521,7846,Liam Lewis,GR
19522,7846,Ethan Lewis,GR
19523,7846,Emma Rossi,GR
19524,7847,Lucas Martin,IT
19525,7847,Sofia Thomas,IT
19526,7848,James Martin,RO
19527,7848,James Lewis,RO
19528,7848,Emma Rossi,ES
19529,7848,Leo Anderson,RO
19530,7849,Isabella Smith,AE
19531,7849,Noah Thomas,NG
19532,7850,Mia Thomas,NL
19533,7851,Alex Lewis,GB
19534,7851,Isabella Moore,GB
19535,7851,James Wilson,GB
19536,7852,Leo Wilson,GR
19537,7853,Sofia Wilson,GR
19538,7853,Alex Thomas,ES
19539,7854,Isabella Moore,IT
19540,7854,Olivia Garcia,IT
19541,7855,Alex Moore,US
19542,7855,Liam Taylor,US
19543,7855,James Lee,US
19544,7856,Amelia Rossi,AE
19545,7857,Olivia Martin,NL
19546,7858,Ava Clark,AE
19547,7859,Ava Taylor,ES
19548,7859,Isabella Thomas,NG
19549,7860,Sofia Lee,AE
19550,7860,Alex Lee,AE
19551,7860,Ava Brown,ES
19552,7860,Olivia Moore,AE
19553,7861,Ava Thomas,NG
19554,7862,Emma Thomas,GR
19555,7863,Ava Moore,ES
19556,7863,Daniel Miller,GR
19557,7863,Lucas Rossi,GR
19558,7863,Ava Smith,ES
19559,7864,Maria Garcia,AE
19560,7864,Mia Taylor,US
19561,7864,Liam Anderson,AE
19562,7864,Noah Taylor,AE
19563,7865,Daniel Lewis,RO
19564,7865,Maria Anderson,NL
19565,7865,James Martin,FR
19566,7866,Sofia Clark,AL
19567,7866,Ethan Smith,ES
19568,7866,Ethan Taylor,RO
19569,7867,Olivia Wilson,US
19570,7867,Amelia Moore,US
19571,7868,Olivia Lewis,DE
19572,7868,Alex Moore,FR
19573,7868,Liam Taylor,AE
19574,7868,Liam Anderson,AE
19575,7869,Liam Smith,ES
19576,7870,Ethan Wilson,GB
19577,7870,Daniel Brown,IT
19578,7871,Lucas Lewis,US
19579,7872,Isabella Wilson,GR
19580,7872,Emma Rossi,GR
19581,7872,Alex Clark,GR
19582,7872,Ethan Brown,GR
19583,7873,Ava Lewis,GB
19584,7873,Sofia Lewis,GB
19585,7874,Leo Lee,RO
19586,7874,Amelia Lewis,RO
19587,7875,Mia Anderson,FR
19588,7875,Daniel Lewis,FR
19589,7875,Mia Wilson,FR
19590,7875,Alex Smith,FR
19591,7876,Ava Lewis,RO
19592,7876,Emma Miller,RO
19593,7876,Sofia Martin,RO
19594,7877,Alex Martin,NL
19595,7878,Maria Thomas,NL
19596,7879,Ethan Anderson,AL
19597,7879,Lucas Anderson,AL
19598,7880,Ethan Lewis,NL
19599,7880,James Lewis,DE
19600,7880,Daniel Brown,DE
19601,7881,Sofia Miller,GB
19602,7881,Alex Lewis,NL
19603,7882,Emma Anderson,NG
19604,7883,Daniel Miller,ES
19605,7883,Ava Rossi,ES
19606,7883,Mia Anderson,ES
19607,7884,Lucas Smith,NL
19608,7885,Amelia Smith,ES
19609,7885,Ava Taylor,ES
19610,7885,Liam Garcia,AE
19611,7885,Ethan Rossi,ES
19612,7886,Liam Anderson,RO
19613,7887,Isabella Rossi,IT
19614,7887,Maria Rossi,IT
19615,7887,Lucas Garcia,IT
19616,7888,Olivia Clark,AE
19617,7888,Emma Rossi,US
19618,7888,Ava Rossi,US
19619,7889,Noah Clark,AL
19620,7889,Alex Taylor,AL
19621,7889,Mia Moore,AL
19622,7890,Daniel Rossi,NL
19623,7891,Maria Moore,GB
19624,7891,Isabella Lewis,GB
19625,7892,Alex Clark,GR
19626,7892,Leo Anderson,GR
19627,7893,Ethan Lee,FR
19628,7893,Olivia Smith,AL
19629,7893,Amelia Lee,FR
19630,7893,Isabella Smith,FR
19631,7894,Noah Moore,GR
19632,7894,Alex Taylor,GR
19633,7894,Noah Rossi,GR
19634,7895,Ethan Anderson,RO
19635,7895,Olivia Thomas,RO
19636,7895,Amelia Lee,NL
19637,7895,Amelia Moore,RO
19638,7896,Olivia Martin,FR
19639,7896,Liam Moore,FR
19640,7896,Ethan Brown,FR
19641,7896,Leo Lewis,FR
19642,7897,Sofia Anderson,NL
19643,7897,Ethan Lee,NL
19644,7897,Emma Garcia,NL
19645,7898,Isabella Garcia,FR
19646,7898,Leo Wilson,US
19647,7898,Liam Brown,FR
19648,7898,Isabella Lewis,FR
19649,7899,Amelia Lewis,US
19650,7899,Alex Taylor,US
19651,7899,Noah Garcia,US
19652,7899,Leo Lewis,US
19653,7900,Lucas Smith,IT
19654,7901,Isabella Martin,GB
19655,7901,Emma Smith,GB
19656,7902,Mia Anderson,RO
19657,7902,Amelia Miller,GB
19658,7902,Olivia Anderson,IT
19659,7903,Sofia Anderson,US
19660,7904,Amelia Clark,GR
19661,7905,Leo Lewis,GB
19662,7905,Alex Moore,GB
19663,7905,Ava Moore,GB
19664,7906,Sofia Lee,NL
19665,7906,Mia Lewis,NL
19666,7907,Amelia Thomas,AL
19667,7907,Lucas Rossi,AL
19668,7907,James Moore,AL
19669,7907,Leo Miller,GB
19670,7908,James Miller,IT
19671,7908,Leo Smith,IT
19672,7909,Olivia Miller,NL
19673,7909,Ethan Rossi,NL
19674,7909,Maria Taylor,NL
19675,7910,Amelia Martin,GR
19676,7910,Amelia Martin,GR
19677,7910,Sofia Lewis,GR
19678,7910,Emma Smith,NG
19679,7911,Mia Wilson,AE
19680,7911,Noah Lee,ES
19681,7912,Liam Miller,FR
19682,7913,Isabella Martin,GB
19683,7913,Amelia Brown,GB
19684,7913,Leo Rossi,GB
19685,7914,Leo Garcia,AL
19686,7914,Olivia Clark,IT
19687,7914,Daniel Thomas,AL
19688,7914,Leo Brown,AL
19689,7915,Ava Wilson,RO
19690,7915,Emma Lee,GB
19691,7915,Mia Brown,GB
19692,7915,Maria Moore,GB
19693,7916,James Clark,NL
19694,7916,Isabella Rossi,AE
19695,7916,Noah Miller,AE
19696,7916,Emma Garcia,AE
19697,7917,Amelia Lee,US
19698,7918,Amelia Taylor,IT
19699,7918,Amelia Wilson,IT
19700,7918,Noah Clark,IT
19701,7918,Ava Martin,IT
19702,7919,Leo Lee,NG
19703,7919,Noah Smith,NG
19704,7919,Olivia Thomas,NG
19705,7919,Amelia Garcia,ES
19706,7920,Amelia Rossi,ES
19707,7920,Alex Garcia,US
19708,7920,Isabella Miller,ES
19709,7920,Noah Smith,ES
19710,7921,Liam Thomas,ES
19711,7921,Ethan Smith,ES
19712,7921,Isabella Smith,ES
19713,7922,Mia Brown,GR
19714,7922,Daniel Miller,GR
19715,7923,Isabella Clark,US
19716,7923,Daniel Brown,US
19717,7923,Ava Garcia,US
19718,7923,James Garcia,US
19719,7924,Maria Brown,NG
19720,7925,Leo Rossi,ES
19721,7925,Leo Anderson,ES
19722,7925,Ethan Garcia,ES
19723,7925,Mia Wilson,ES
19724,7926,Leo Brown,GB
19725,7926,Leo Lewis,GB
19726,7926,Sofia Lee,GB
19727,7926,Lucas Garcia,DE
19728,7927,Emma Taylor,ES
19729,7928,Olivia Moore,AE
19730,7928,Ethan Lee,ES
19731,7928,Emma Clark,ES
19732,7929,Ava Rossi,NG
19733,7929,Leo Wilson,NG
19734,7930,Liam Garcia,RO
19735,7930,Leo Thomas,AL
19736,7931,Ethan Martin,GB
19737,7931,Amelia Smith,GB
19738,7931,Olivia Smith,GB
19739,7932,Sofia Rossi,GR
19740,7932,Mia Clark,US
19741,7932,Leo Taylor,US
19742,7932,Ava Garcia,US
19743,7933,Mia Wilson,NG
19744,7934,Liam Lee,IT
19745,7935,James Taylor,US
19746,7935,Lucas Wilson,US
19747,7935,Isabella Miller,US
19748,7935,Alex Moore,US
19749,7936,Noah Smith,GR
19750,7937,Emma Miller,NL
19751,7937,Daniel Anderson,NL
19752,7938,Lucas Lewis,NL
19753,7939,Leo Moore,FR
19754,7940,Mia Garcia,RO
19755,7940,Alex Garcia,RO
19756,7941,Emma Lee,GR
19757,7942,Daniel Miller,US
19758,7943,Olivia Moore,RO
19759,7944,Ethan Moore,NL
19760,7944,Amelia Smith,IT
19761,7944,Isabella Martin,IT
19762,7945,Ethan Brown,IT
19763,7945,Ethan Rossi,FR
19764,7946,James Thomas,AL
19765,7947,Daniel Anderson,NG
19766,7948,Ethan Lewis,ES
19767,7948,Mia Taylor,ES
19768,7948,Alex Thomas,ES
19769,7948,Noah Wilson,ES
19770,7949,Amelia Brown,US
19771,7949,Noah Moore,FR
19772,7950,Alex Anderson,NL
19773,7950,Liam Taylor,GR
19774,7951,Amelia Lewis,US
19775,7951,Daniel Garcia,US
19776,7951,Alex Brown,AL
19777,7951,Mia Lewis,AE
19778,7952,Emma Thomas,DE
19779,7952,Amelia Taylor,GB
19780,7952,Ava Miller,GB
19781,7953,Leo Wilson,NG
19782,7953,Mia Smith,NG
19783,7954,Amelia Lewis,AL
19784,7954,Lucas Smith,AL
19785,7954,Alex Clark,AL
19786,7955,Noah Lee,US
19787,7956,James Brown,NG
19788,7956,Leo Taylor,NG
19789,7956,Lucas Rossi,NG
19790,7956,Alex Miller,NG
19791,7957,Maria Miller,ES
19792,7957,Ethan Moore,ES
19793,7957,Noah Taylor,ES
19794,7957,James Smith,ES
19795,7958,Isabella Taylor,GB
19796,7958,Mia Smith,GB
19797,7958,Ethan Thomas,GB
19798,7958,Maria Thomas,GB
19799,7959,Olivia Wilson,AL
19800,7959,Isabella Garcia,AL
19801,7959,Olivia Lee,AL
19802,7960,Alex Lee,AL
19803,7961,Lucas Rossi,DE
19804,7962,Liam Martin,AL
19805,7962,Emma Lewis,AL
19806,7962,Noah Lee,AL
19807,7963,Liam Brown,RO
19808,7963,Sofia Lee,NG
19809,7964,Sofia Moore,NL
19810,7964,Isabella Rossi,NL
19811,7964,Alex Rossi,NL
19812,7964,Ava Thomas,NL
19813,7965,Noah Miller,RO
19814,7965,Ava Martin,NL
19815,7965,Sofia Moore,US
19816,7966,Liam Thomas,US
19817,7966,Olivia Thomas,US
19818,7966,Maria Thomas,US
19819,7966,Maria Miller,US
19820,7967,Sofia Brown,US
19821,7967,Lucas Smith,US
19822,7967,Leo Lee,FR
19823,7967,Isabella Wilson,US
19824,7968,Alex Clark,DE
19825,7968,Noah Miller,GB
19826,7968,Amelia Smith,DE
19827,7968,Mia Wilson,DE
19828,7969,Ava Brown,RO
19829,7970,Maria Brown,IT
19830,7970,Mia Rossi,IT
19831,7970,James Rossi,NL
19832,7970,Leo Garcia,RO
19833,7971,Ava Smith,ES
19834,7971,Sofia Smith,ES
19835,7971,Lucas Garcia,ES
19836,7971,Olivia Lewis,ES
19837,7972,Alex Garcia,FR
19838,7972,Olivia Moore,FR
19839,7973,Daniel Miller,US
19840,7973,Liam Anderson,NL
19841,7973,Amelia Brown,NL
19842,7973,Ava Rossi,NL
19843,7974,Ava Thomas,AE
19844,7975,Mia Lee,GR
19845,7975,Maria Smith,GR
19846,7975,Liam Clark,GR
19847,7976,Daniel Clark,NL
19848,7976,Ethan Wilson,NL
19849,7976,Emma Smith,NL
19850,7976,Leo Miller,NL
19851,7977,Daniel Thomas,GR
19852,7978,Ava Anderson,GB
19853,7978,Emma Garcia,GB
19854,7978,Maria Rossi,GB
19855,7978,Leo Lewis,GB
19856,7979,Ethan Anderson,GR
19857,7980,Liam Brown,NG
19858,7980,Alex Smith,GB
19859,7981,Noah Rossi,AL
19860,7982,Ethan Martin,ES
19861,7982,Sofia Rossi,ES
19862,7982,Ava Clark,ES
19863,7982,Mia Smith,FR
19864,7983,Ethan Wilson,FR
19865,7983,Mia Martin,RO
19866,7984,Isabella Wilson,DE
19867,7984,Lucas Thomas,DE
19868,7984,Maria Brown,DE
19869,7985,Sofia Lee,IT
19870,7985,Mia Wilson,IT
19871,7985,Emma Rossi,IT
19872,7985,Emma Smith,IT
19873,7986,Sofia Garcia,ES
19874,7987,Liam Moore,US
19875,7987,Daniel Martin,AE
19876,7988,James Miller,DE
19877,7988,Emma Miller,DE
19878,7988,Sofia Lee,DE
19879,7988,Maria Wilson,FR
19880,7989,Liam Miller,DE
19881,7989,James Lee,DE
19882,7990,Emma Garcia,AL
19883,7991,Ethan Wilson,NL
19884,7992,Ethan Martin,DE
19885,7992,Olivia Lewis,DE
19886,7992,Ethan Lee,RO
19887,7992,Lucas Taylor,DE
19888,7993,Sofia Miller,ES
19889,7994,Maria Lewis,NL
19890,7994,Liam Brown,NL
19891,7994,Maria Lee,DE
19892,7994,Liam Martin,NL
19893,7995,Maria Anderson,DE
19894,7995,Olivia Taylor,DE
19895,7995,Liam Taylor,DE
19896,7995,Sofia Garcia,DE
19897,7996,Ethan Lewis,GR
19898,7997,Mia Taylor,FR
19899,7997,Amelia Thomas,RO
19900,7997,Lucas Rossi,ES
19901,7998,Maria Anderson,NL
19902,7998,Emma Clark,NL
19903,7998,Mia Clark,NL
19904,7999,Emma Brown,AL
19905,7999,Noah Lee,AL
19906,7999,Liam Moore,AL
19907,7999,Ethan Wilson,AL
19908,8000,Lucas Smith,NG
19909,8000,James Lewis,NG
19910,8000,James Rossi,FR
