payment_id,booking_id,payment_date,payment_amount,payment_method,card_id,card_country_code,payment_status,failed_attempts
1,1,2025-01-17 13:02:04,910.60,Amex,CARD-000234-1,DE,Successful,2
2,2,2026-04-28 18:11:07,1396.92,Amex,CARD-001699-2,GB,Successful,0
3,3,2026-05-28 01:06:12,938.83,Amex,CARD-000551-2,GB,Successful,0
4,4,2026-04-25 23:32:35,1542.35,Visa,CARD-001785-2,DE,Successful,1
5,5,2026-05-16 18:42:33,274.46,Amex,CARD-001395-2,NL,Successful,0
6,6,2026-03-16 03:57:51,1118.82,Visa,CARD-000460-2,US,Successful,0
7,7,2026-05-23 11:01:09,668.54,Mastercard,CARD-000742-1,AE,Successful,0
8,8,2025-12-31 22:55:48,1261.58,PayPal,CARD-001457-2,NL,Successful,3
9,9,2025-08-04 13:19:44,1408.43,PayPal,CARD-000978-2,AL,Successful,3
10,10,2026-01-25 01:33:09,566.36,Mastercard,CARD-001064-2,IT,Successful,0
11,11,2025-04-04 03:52:16,194.13,PayPal,CARD-001883-1,FR,Successful,0
12,12,2026-01-19 13:53:35,473.83,PayPal,CARD-SHARED-009,US,Successful,1
13,13,2026-05-05 08:41:49,492.15,PayPal,CARD-001632-1,US,Successful,2
14,14,2026-06-12 20:22:38,523.88,Visa,CARD-001604-2,NL,Successful,0
15,15,2026-02-20 22:00:02,635.21,Mastercard,CARD-000742-1,AE,Successful,0
16,16,2025-03-16 05:27:19,935.53,Mastercard,CARD-SHARED-084,DE,Successful,0
17,17,2025-11-22 16:08:32,751.36,Amex,CARD-SHARED-022,FR,Failed,4
18,18,2026-02-06 16:08:53,77.96,Mastercard,CARD-000075-2,NG,Successful,0
19,19,2026-02-01 15:04:31,1140.31,Amex,CARD-000869-2,AL,Successful,0
20,20,2026-01-01 10:48:00,338.19,PayPal,CARD-SHARED-082,NL,Successful,0
21,21,2025-07-24 05:31:44,909.28,Amex,CARD-000366-2,GR,Successful,0
22,22,2025-09-12 01:25:15,631.95,PayPal,CARD-SHARED-078,FR,Failed,0
23,23,2026-04-25 05:18:57,325.80,Amex,CARD-000438-2,RO,Successful,0
24,24,2026-05-11 17:09:51,288.91,Amex,CARD-000213-1,DE,Successful,1
25,25,2026-02-18 22:21:49,1793.30,Mastercard,CARD-000134-1,AL,Successful,0
26,26,2025-04-14 02:31:22,324.37,PayPal,CARD-001531-2,IT,Successful,0
27,27,2026-03-12 10:55:48,738.33,Amex,CARD-001522-2,ES,Successful,3
28,28,2026-06-11 22:22:00,430.93,Mastercard,CARD-001180-1,DE,Successful,0
29,29,2025-07-08 21:05:23,728.18,PayPal,CARD-000634-1,FR,Successful,0
30,30,2026-07-07 22:33:42,406.04,Amex,CARD-001517-1,NG,Successful,0
31,31,2026-06-16 11:58:01,188.09,PayPal,CARD-000816-2,AL,Successful,0
32,32,2026-04-10 16:49:29,243.70,Visa,CARD-001259-2,NL,Successful,0
33,33,2025-12-08 06:33:00,1382.93,Visa,CARD-000563-1,US,Successful,1
34,34,2025-07-09 07:57:26,745.80,PayPal,CARD-001105-2,DE,Successful,0
35,35,2025-12-12 04:04:02,1067.05,Mastercard,CARD-000710-2,GR,Successful,0
36,36,2025-04-06 22:12:42,228.09,PayPal,CARD-001944-2,IT,Successful,1
37,37,2026-03-27 14:58:32,979.44,PayPal,CARD-000786-1,US,Successful,0
38,38,2025-12-25 09:15:07,1267.32,Amex,CARD-001993-2,GB,Successful,1
39,39,2026-02-02 08:17:50,247.28,Mastercard,CARD-001900-2,RO,Successful,0
40,40,2025-06-21 16:09:24,486.15,Amex,CARD-000054-1,DE,Successful,0
41,41,2026-07-07 15:46:11,1393.37,PayPal,CARD-001203-1,GB,Successful,1
42,42,2026-03-06 18:01:12,1456.75,Amex,CARD-000556-1,US,Successful,5
43,43,2026-01-05 18:05:02,2517.10,Amex,CARD-FRAUD-026,NL,Successful,3
44,44,2025-12-11 05:51:56,331.01,Mastercard,CARD-000194-2,GB,Successful,0
45,45,2025-09-02 22:36:15,1159.89,Amex,CARD-000725-2,GR,Successful,4
46,46,2025-02-05 17:35:04,1368.80,Mastercard,CARD-001950-2,ES,Successful,0
47,47,2026-06-01 09:19:48,270.73,Visa,CARD-000534-2,DE,Successful,1
48,48,2026-02-22 22:39:29,115.85,PayPal,CARD-001870-1,NG,Refunded,0
49,49,2025-10-23 22:40:44,1425.41,Mastercard,CARD-SHARED-042,AL,Successful,0
50,50,2025-06-28 17:29:48,676.30,Visa,CARD-SHARED-096,NL,Successful,1
51,51,2025-12-21 22:18:07,642.04,Mastercard,CARD-001936-2,ES,Successful,0
52,52,2026-02-05 09:50:57,1326.20,PayPal,CARD-001918-2,NG,Successful,3
53,53,2026-07-13 19:28:07,663.14,Mastercard,CARD-000860-2,AL,Successful,0
54,54,2026-04-23 16:43:08,1113.21,Mastercard,CARD-000579-2,GR,Successful,0
55,55,2026-03-09 02:56:37,1488.57,Amex,CARD-001757-2,GR,Successful,0
56,56,2025-09-02 05:20:38,1241.82,Mastercard,CARD-001925-1,ES,Successful,0
57,57,2025-09-08 01:08:51,1776.46,Visa,CARD-SHARED-053,FR,Successful,0
58,58,2025-07-22 16:54:48,1013.74,Mastercard,CARD-001074-2,DE,Failed,0
59,59,2025-08-06 15:32:22,984.94,Visa,CARD-001577-1,FR,Successful,0
60,60,2025-12-08 22:51:47,123.27,Amex,CARD-001615-1,GB,Failed,0
61,61,2026-07-12 04:16:51,950.84,Mastercard,CARD-001671-2,IT,Successful,0
62,62,2026-05-31 02:53:39,1874.18,Mastercard,CARD-001225-2,IT,Refunded,0
63,63,2026-04-10 01:43:01,966.35,Mastercard,CARD-000394-2,NL,Successful,2
64,64,2025-12-28 09:44:04,695.72,PayPal,CARD-SHARED-045,AL,Successful,0
65,65,2025-10-15 00:43:57,1302.85,Visa,CARD-SHARED-009,RO,Successful,0
66,66,2025-05-23 03:11:24,684.99,Visa,CARD-000704-1,ES,Successful,0
67,67,2025-10-19 03:31:59,957.23,Amex,CARD-001154-1,FR,Successful,0
68,68,2025-09-20 01:37:48,625.66,PayPal,CARD-001885-2,IT,Successful,0
69,69,2025-08-12 01:46:58,129.49,Visa,CARD-001020-1,RO,Successful,0
70,70,2025-04-22 02:45:09,1055.14,PayPal,CARD-001170-2,US,Successful,0
71,71,2025-02-02 11:13:46,2258.45,PayPal,CARD-000810-2,RO,Successful,3
72,72,2025-03-06 22:34:59,949.29,PayPal,CARD-000378-1,RO,Successful,0
73,73,2026-05-09 06:24:50,151.04,Visa,CARD-000590-2,DE,Successful,0
74,74,2026-01-06 01:18:57,1049.74,Amex,CARD-001329-2,GB,Successful,1
75,75,2025-11-24 02:39:50,2254.62,PayPal,CARD-000832-1,RO,Successful,5
76,76,2026-07-14 15:52:57,891.77,Amex,CARD-000560-2,AE,Failed,0
77,77,2025-11-13 10:53:43,1369.31,Visa,CARD-SHARED-072,FR,Successful,0
78,78,2025-10-22 16:01:53,1481.53,Amex,CARD-000969-2,NG,Refunded,0
79,79,2025-10-11 16:17:09,1473.33,Visa,CARD-000347-2,AE,Successful,0
80,80,2025-05-30 20:00:50,1994.86,Visa,CARD-SHARED-017,ES,Successful,0
81,81,2026-05-09 11:16:53,1096.39,Visa,CARD-000116-1,US,Successful,4
82,82,2026-01-27 15:26:54,977.84,PayPal,CARD-001738-1,RO,Successful,0
83,83,2025-09-05 19:48:01,2129.75,Mastercard,CARD-FRAUD-015,ES,Successful,6
84,84,2025-11-01 15:51:57,341.43,Visa,CARD-001019-2,GB,Successful,0
85,85,2026-06-19 19:00:25,746.66,Mastercard,CARD-001653-2,GB,Successful,4
86,86,2026-04-23 00:42:13,1928.53,Visa,CARD-000948-1,NL,Successful,0
87,87,2025-01-09 11:37:07,1527.81,Mastercard,CARD-001435-2,NG,Successful,0
88,88,2025-09-09 13:40:22,1156.80,PayPal,CARD-001324-2,RO,Successful,0
89,89,2026-06-14 13:37:48,234.69,Amex,CARD-001123-1,NG,Successful,0
90,90,2026-03-29 15:07:44,901.08,PayPal,CARD-000471-2,GB,Successful,1
91,91,2025-10-19 18:28:46,2986.20,Mastercard,CARD-FRAUD-002,AE,Successful,7
92,92,2026-06-03 02:20:03,1617.99,Visa,CARD-001629-2,GB,Successful,3
93,93,2026-07-15 08:00:25,1338.04,Mastercard,CARD-SHARED-061,ES,Successful,0
94,94,2026-05-30 04:31:53,1799.16,Mastercard,CARD-000577-2,AE,Successful,0
95,95,2025-08-16 03:42:16,776.66,Mastercard,CARD-001572-2,AE,Successful,0
96,96,2025-07-17 20:24:19,1127.05,Mastercard,CARD-000009-2,GB,Successful,0
97,97,2025-06-25 08:45:14,365.93,Visa,CARD-000198-2,AL,Successful,0
98,98,2026-06-16 22:36:42,1445.80,Visa,CARD-001990-1,DE,Successful,0
99,99,2026-06-27 07:52:00,489.25,PayPal,CARD-SHARED-062,ES,Successful,0
100,100,2026-03-14 02:57:26,1068.76,Mastercard,CARD-001240-1,NL,Successful,5
101,101,2026-05-05 11:59:46,445.84,Amex,CARD-000403-1,GB,Successful,5
102,102,2026-06-07 23:10:49,975.12,Visa,CARD-SHARED-066,RO,Successful,0
103,103,2025-02-28 07:10:03,872.65,PayPal,CARD-001019-2,US,Successful,0
104,104,2026-01-16 23:27:00,658.09,Mastercard,CARD-001992-2,IT,Successful,0
105,105,2025-04-24 16:05:25,1451.15,Amex,CARD-000700-2,AL,Successful,2
106,106,2025-09-20 05:35:47,413.93,Amex,CARD-000229-1,NG,Successful,0
107,107,2025-10-28 08:44:18,1590.20,Amex,CARD-001740-2,AL,Successful,0
108,108,2026-02-10 08:45:29,1051.00,PayPal,CARD-000473-2,AL,Successful,0
109,109,2025-12-28 04:19:13,1979.48,Visa,CARD-SHARED-007,ES,Successful,0
110,110,2026-03-15 09:50:24,99.61,Visa,CARD-000018-2,IT,Successful,0
111,111,2025-11-10 17:19:46,1417.95,PayPal,CARD-001488-2,GR,Successful,0
112,112,2026-02-07 11:35:51,501.52,PayPal,CARD-000302-2,GB,Successful,0
113,113,2026-01-08 09:53:16,1387.52,PayPal,CARD-001779-2,FR,Successful,2
114,114,2025-06-02 12:04:08,384.72,Mastercard,CARD-001874-1,NG,Successful,3
115,115,2026-07-20 09:33:51,438.80,Visa,CARD-001264-2,NG,Successful,1
116,116,2025-06-20 01:41:17,289.01,PayPal,CARD-001730-2,GB,Successful,5
117,117,2025-11-04 20:32:00,405.97,Mastercard,CARD-001008-1,GB,Successful,0
118,118,2026-04-23 04:40:46,1351.89,Amex,CARD-SHARED-079,DE,Successful,0
119,119,2026-01-19 07:40:28,370.87,Amex,CARD-000857-1,NG,Successful,0
120,120,2026-05-29 23:21:11,1451.20,Mastercard,CARD-001748-2,IT,Successful,1
121,121,2025-07-19 02:28:49,1510.15,Amex,CARD-001859-1,US,Successful,0
122,122,2026-01-16 09:50:10,499.10,Amex,CARD-000473-1,AL,Successful,0
123,123,2025-04-01 00:03:15,2058.60,Amex,CARD-FRAUD-005,AE,Successful,4
124,124,2026-07-03 08:18:28,785.16,Amex,CARD-000554-2,AL,Successful,0
125,125,2025-11-09 14:33:12,760.81,Amex,CARD-001050-2,IT,Successful,0
126,126,2025-04-01 11:42:12,1493.48,PayPal,CARD-001570-2,AE,Successful,0
127,127,2025-05-24 12:37:37,931.55,Amex,CARD-000672-1,FR,Successful,0
128,128,2026-06-17 03:07:45,914.33,Mastercard,CARD-SHARED-003,NG,Successful,0
129,129,2025-11-16 15:44:04,950.81,Visa,CARD-001210-1,AL,Successful,0
130,130,2025-06-13 06:35:16,557.80,PayPal,CARD-001335-2,US,Successful,0
131,131,2026-01-23 21:13:22,323.02,PayPal,CARD-000847-2,NL,Successful,0
132,132,2025-11-10 13:55:17,223.07,Mastercard,CARD-000636-1,AE,Refunded,0
133,133,2025-07-15 02:15:19,968.62,Visa,CARD-000871-1,ES,Successful,2
134,134,2025-02-26 09:31:09,263.95,Mastercard,CARD-001513-2,NG,Successful,0
135,135,2026-06-08 02:42:22,1391.56,Mastercard,CARD-001818-1,DE,Refunded,0
136,136,2025-07-27 14:02:07,687.07,Amex,CARD-001869-2,GR,Successful,0
137,137,2025-09-03 05:41:15,1210.77,Mastercard,CARD-SHARED-075,FR,Successful,0
138,138,2026-03-03 21:29:49,838.18,Amex,CARD-000152-1,NL,Successful,0
139,139,2026-07-20 07:28:37,2193.93,Amex,CARD-001605-2,AL,Successful,0
140,140,2025-09-26 05:56:51,807.21,Mastercard,CARD-000774-2,ES,Successful,0
141,141,2026-06-12 00:47:36,2111.37,Mastercard,CARD-000251-2,US,Failed,0
142,142,2026-02-15 08:40:05,1182.18,Amex,CARD-001486-2,NL,Successful,3
143,143,2026-07-16 10:42:34,1381.90,Mastercard,CARD-000596-2,NG,Refunded,0
144,144,2026-07-12 00:29:10,387.06,Amex,CARD-000528-1,FR,Successful,0
145,145,2026-04-21 06:17:47,537.91,Amex,CARD-000172-1,GB,Successful,0
146,146,2025-04-03 23:31:14,1330.78,Amex,CARD-SHARED-078,IT,Successful,0
147,147,2025-08-02 14:47:17,1780.66,PayPal,CARD-000925-1,FR,Successful,5
148,148,2025-06-15 07:57:33,433.00,Visa,CARD-SHARED-081,AL,Successful,0
149,149,2026-06-09 05:56:36,2544.66,PayPal,CARD-FRAUD-019,GB,Successful,3
150,150,2026-06-06 07:09:54,542.08,Visa,CARD-001187-1,NL,Successful,3
151,151,2025-10-01 20:31:12,512.28,PayPal,CARD-001992-2,IT,Successful,0
152,152,2025-10-06 15:07:58,450.17,Amex,CARD-001210-2,AL,Successful,0
153,153,2025-05-08 13:47:26,2234.49,PayPal,CARD-SHARED-098,RO,Successful,0
154,154,2025-11-13 17:53:33,1315.86,PayPal,CARD-000929-1,US,Successful,0
155,155,2025-08-12 02:00:31,401.69,Visa,CARD-000539-2,DE,Successful,2
156,156,2025-09-04 19:29:00,1465.32,Amex,CARD-001372-1,AE,Successful,0
157,157,2026-05-06 08:19:49,1128.77,Mastercard,CARD-000816-1,ES,Successful,0
158,158,2025-12-09 21:40:03,979.77,Mastercard,CARD-001966-1,RO,Successful,1
159,159,2025-07-25 18:18:15,817.13,Mastercard,CARD-001407-1,NG,Successful,0
160,160,2025-07-14 18:49:57,496.04,PayPal,CARD-001417-2,AE,Successful,1
161,161,2026-06-14 07:18:13,1278.24,PayPal,CARD-001756-1,GB,Successful,0
162,162,2026-02-11 16:25:46,270.57,Mastercard,CARD-000374-2,ES,Successful,0
163,163,2026-03-23 23:07:51,1062.58,Amex,CARD-001984-2,NL,Successful,0
164,164,2025-07-03 07:51:40,1900.65,Amex,CARD-001192-1,GR,Successful,0
165,165,2025-03-09 16:24:07,617.21,Amex,CARD-001623-1,ES,Successful,2
166,166,2025-04-18 08:41:24,1474.93,Visa,CARD-000344-2,NL,Successful,0
167,167,2026-04-03 01:46:56,2465.11,PayPal,CARD-001799-2,ES,Successful,0
168,168,2026-05-19 20:05:57,255.39,Mastercard,CARD-001945-1,FR,Successful,2
169,169,2026-04-29 10:47:09,298.86,PayPal,CARD-000017-2,RO,Successful,0
170,170,2025-04-04 22:27:39,2256.23,Visa,CARD-001967-1,IT,Successful,0
171,171,2026-03-25 15:28:25,864.44,PayPal,CARD-001617-1,ES,Successful,0
172,172,2026-07-04 20:41:36,2546.36,PayPal,CARD-SHARED-047,FR,Successful,0
173,173,2025-02-17 06:55:15,467.45,Visa,CARD-000808-1,GR,Successful,1
174,174,2025-08-23 00:25:35,893.89,Visa,CARD-SHARED-051,ES,Successful,0
175,175,2025-08-21 22:52:52,1103.17,Visa,CARD-000086-1,ES,Successful,1
176,176,2026-06-01 11:12:19,1987.41,Visa,CARD-001181-1,AL,Successful,7
177,177,2026-02-11 16:52:41,587.04,Amex,CARD-000053-1,RO,Successful,0
178,178,2025-04-07 20:30:38,649.52,Mastercard,CARD-000121-1,AE,Successful,1
179,179,2025-06-28 12:51:55,1417.85,Visa,CARD-001135-2,US,Successful,0
180,180,2026-01-04 04:10:40,2121.64,Amex,CARD-001641-2,RO,Successful,0
181,181,2026-05-30 19:54:06,2561.59,Visa,CARD-000118-2,NG,Successful,0
182,182,2026-03-18 09:45:07,982.96,Mastercard,CARD-001018-2,ES,Successful,0
183,183,2025-08-13 13:20:27,707.43,Amex,CARD-001219-1,ES,Successful,5
184,184,2026-04-08 12:28:19,279.50,PayPal,CARD-001051-2,AE,Successful,4
185,185,2026-06-27 22:49:40,724.93,Amex,CARD-FRAUD-019,ES,Successful,7
186,186,2025-09-16 21:25:28,2524.11,Amex,CARD-000460-2,US,Successful,1
187,187,2025-06-22 10:29:41,787.08,Amex,CARD-001176-2,US,Successful,1
188,188,2026-06-03 18:07:44,1471.87,Mastercard,CARD-000974-1,FR,Successful,4
189,189,2025-02-02 11:57:04,729.81,PayPal,CARD-SHARED-029,ES,Successful,0
190,190,2026-06-18 23:10:44,1397.18,Visa,CARD-001731-2,AE,Successful,0
191,191,2025-10-22 19:50:54,461.51,PayPal,CARD-000097-2,NL,Successful,1
192,192,2026-05-16 19:08:06,147.44,Mastercard,CARD-001298-2,AE,Successful,0
193,193,2025-07-15 02:50:36,1489.53,Amex,CARD-001960-2,AE,Successful,5
194,194,2025-09-26 12:47:24,830.64,Amex,CARD-000881-1,US,Successful,0
195,195,2026-05-10 21:18:55,1122.43,Visa,CARD-001461-2,GR,Successful,0
196,196,2025-02-02 09:30:30,622.47,PayPal,CARD-001694-1,NL,Successful,2
197,197,2025-05-14 19:06:20,1435.43,Amex,CARD-000708-1,AL,Successful,0
198,198,2026-02-27 14:54:04,507.38,Mastercard,CARD-001081-1,RO,Successful,0
199,199,2025-02-08 08:31:14,459.56,Mastercard,CARD-FRAUD-013,GB,Successful,3
200,200,2026-05-29 17:29:39,653.99,Amex,CARD-001754-1,GB,Successful,0
201,201,2026-02-23 12:51:40,72.27,PayPal,CARD-001452-2,IT,Successful,0
202,202,2026-05-09 10:33:36,1044.76,PayPal,CARD-001839-2,GR,Successful,0
203,203,2025-04-19 02:57:47,799.50,Mastercard,CARD-001914-2,GR,Successful,0
204,204,2025-07-25 07:39:21,258.47,Mastercard,CARD-001806-1,AE,Successful,0
205,205,2025-01-04 22:18:00,1420.86,Amex,CARD-000574-2,NG,Failed,0
206,206,2025-05-28 19:54:17,1704.52,Amex,CARD-001654-1,US,Successful,3
207,207,2025-11-23 01:48:57,1164.60,PayPal,CARD-000706-2,FR,Successful,0
208,208,2025-07-07 22:28:51,156.42,PayPal,CARD-001805-1,GB,Refunded,2
209,209,2026-03-14 14:54:42,184.41,Visa,CARD-000103-2,IT,Successful,0
210,210,2025-10-11 14:23:14,957.38,Visa,CARD-000111-1,IT,Successful,0
211,211,2025-02-04 00:59:25,1987.24,Mastercard,CARD-000579-2,US,Failed,0
212,212,2026-03-30 15:48:10,1459.42,PayPal,CARD-001799-2,ES,Successful,0
213,213,2026-03-01 16:00:06,133.00,Mastercard,CARD-000151-1,GR,Successful,0
214,214,2025-03-24 03:44:21,157.38,Mastercard,CARD-000586-1,FR,Successful,1
215,215,2026-06-07 07:33:47,1123.10,Visa,CARD-001756-1,NG,Successful,0
216,216,2026-04-18 05:58:14,3041.74,PayPal,CARD-FRAUD-025,GB,Successful,3
217,217,2026-06-28 05:06:37,2577.00,Mastercard,CARD-001096-2,GB,Successful,0
218,218,2025-04-16 01:38:14,1597.55,Mastercard,CARD-000469-1,AE,Refunded,2
219,219,2025-10-06 23:36:43,217.52,PayPal,CARD-001020-1,RO,Successful,0
220,220,2026-07-04 06:49:49,2250.90,PayPal,CARD-000047-1,RO,Failed,2
221,221,2025-04-03 01:22:16,594.29,Amex,CARD-000416-1,NL,Successful,0
222,222,2025-04-11 13:46:11,2470.27,Visa,CARD-000389-2,AL,Successful,4
223,223,2025-07-24 19:11:35,412.13,Amex,CARD-000779-2,NL,Successful,2
224,224,2026-01-05 14:26:37,1087.60,Amex,CARD-001155-1,FR,Successful,2
225,225,2025-04-21 18:15:13,637.42,Mastercard,CARD-001221-1,IT,Successful,0
226,226,2025-12-22 15:52:58,112.85,PayPal,CARD-001578-1,GB,Successful,0
227,227,2025-11-16 04:14:37,705.49,Amex,CARD-001084-1,NL,Successful,0
228,228,2025-06-01 08:38:40,393.97,PayPal,CARD-001937-1,GB,Successful,0
229,229,2026-03-29 05:14:09,1910.88,Amex,CARD-001293-1,GB,Successful,0
230,230,2025-03-22 00:44:09,1818.64,Mastercard,CARD-FRAUD-002,US,Successful,3
231,231,2025-07-20 14:33:50,702.50,Mastercard,CARD-001761-1,NL,Failed,0
232,232,2026-05-14 23:40:51,1007.55,Amex,CARD-001820-1,GB,Successful,0
233,233,2026-02-07 01:49:46,621.76,Amex,CARD-SHARED-023,ES,Successful,0
234,234,2025-05-12 01:21:15,171.63,PayPal,CARD-000520-2,US,Successful,0
235,235,2026-03-25 09:24:22,1378.74,Visa,CARD-001917-1,AL,Successful,0
236,236,2025-02-08 19:04:48,733.44,Visa,CARD-001457-2,RO,Successful,0
237,237,2026-06-04 16:30:47,227.06,Mastercard,CARD-000558-2,GR,Successful,0
238,238,2025-07-12 15:28:36,1319.89,Amex,CARD-000891-1,DE,Failed,0
239,239,2025-11-23 07:53:29,382.27,Visa,CARD-001026-1,AL,Successful,0
240,240,2026-06-22 03:47:26,161.58,PayPal,CARD-SHARED-094,US,Successful,0
241,241,2025-11-30 01:59:45,332.32,Visa,CARD-001128-1,DE,Successful,0
242,242,2025-08-11 04:21:27,1563.82,Mastercard,CARD-FRAUD-018,US,Successful,5
243,243,2025-12-30 20:31:00,2490.99,Mastercard,CARD-000837-2,GR,Successful,0
244,244,2026-04-19 19:00:39,1212.56,Amex,CARD-000261-1,NL,Successful,0
245,245,2025-09-17 09:51:53,905.87,Visa,CARD-000369-1,NL,Successful,0
246,246,2025-12-02 04:22:56,3151.76,Amex,CARD-FRAUD-016,IT,Successful,8
247,247,2025-05-30 09:54:22,1236.71,PayPal,CARD-001741-2,IT,Successful,0
248,248,2025-06-12 11:52:40,661.77,Mastercard,CARD-001348-1,US,Successful,0
249,249,2025-12-26 20:35:42,521.28,Visa,CARD-001575-2,FR,Successful,0
250,250,2026-03-22 18:13:30,294.40,Visa,CARD-000559-2,FR,Failed,0
251,251,2026-06-08 07:05:19,1396.21,Visa,CARD-000274-2,FR,Successful,0
252,252,2025-01-14 06:58:41,1679.40,Visa,CARD-000375-1,FR,Successful,0
253,253,2025-05-27 10:58:54,136.32,Mastercard,CARD-SHARED-046,IT,Successful,0
254,254,2026-04-19 08:26:46,1441.47,Mastercard,CARD-001028-2,GR,Successful,0
255,255,2026-02-15 09:24:02,1349.89,Visa,CARD-000130-1,AL,Successful,0
256,256,2026-06-09 17:22:38,285.31,PayPal,CARD-001505-2,NG,Successful,0
257,257,2026-05-05 00:27:36,1981.66,PayPal,CARD-000293-2,US,Successful,0
258,258,2025-09-03 11:23:30,984.57,Mastercard,CARD-000594-2,GB,Successful,1
259,259,2025-02-01 23:10:23,842.88,PayPal,CARD-SHARED-045,RO,Successful,0
260,260,2025-08-17 12:10:37,2337.29,Amex,CARD-001362-1,NL,Successful,1
261,261,2025-05-09 00:45:28,1195.19,Amex,CARD-000767-2,FR,Successful,0
262,262,2025-12-26 23:10:15,536.22,Mastercard,CARD-SHARED-018,NL,Successful,3
263,263,2026-06-22 23:27:53,422.08,Visa,CARD-000872-2,GB,Successful,0
264,264,2025-02-06 15:16:36,1993.06,Amex,CARD-001305-2,FR,Successful,0
265,265,2025-08-19 15:35:27,2985.54,Mastercard,CARD-FRAUD-002,NG,Successful,4
266,266,2026-05-29 07:59:14,759.68,Amex,CARD-000670-1,IT,Successful,0
267,267,2026-03-07 14:13:48,404.32,Amex,CARD-000697-2,GR,Successful,0
268,268,2026-03-30 11:01:03,1352.09,PayPal,CARD-001527-2,AL,Successful,0
269,269,2026-02-21 14:49:28,941.34,PayPal,CARD-SHARED-080,ES,Successful,0
270,270,2026-06-20 19:17:06,1140.32,Mastercard,CARD-001103-1,NG,Successful,0
271,271,2025-02-03 04:23:35,497.75,Mastercard,CARD-000252-1,FR,Successful,0
272,272,2026-06-25 06:12:47,621.36,Mastercard,CARD-SHARED-049,US,Successful,0
273,273,2026-03-23 06:47:51,1933.31,Visa,CARD-000511-2,IT,Successful,8
274,274,2026-05-23 18:53:27,1204.98,Amex,CARD-000238-1,NL,Successful,0
275,275,2026-07-14 21:33:34,1423.42,Visa,CARD-000555-2,FR,Successful,0
276,276,2025-07-23 11:28:05,402.45,Visa,CARD-SHARED-098,NL,Successful,3
277,277,2026-07-18 01:05:47,1306.87,Amex,CARD-001496-1,ES,Successful,0
278,278,2026-06-24 09:39:45,286.42,Visa,CARD-000919-1,RO,Successful,5
279,279,2025-02-02 04:41:59,197.86,Amex,CARD-000026-1,IT,Successful,0
280,280,2025-08-23 05:03:29,1745.18,PayPal,CARD-FRAUD-024,NG,Successful,3
281,281,2025-11-25 00:26:44,583.14,PayPal,CARD-001387-1,AE,Successful,0
282,282,2026-03-17 14:30:36,141.95,Visa,CARD-001734-2,DE,Successful,0
283,283,2026-01-17 21:23:19,583.41,PayPal,CARD-001489-2,GB,Refunded,1
284,284,2025-10-26 15:22:03,405.95,PayPal,CARD-000190-2,IT,Successful,0
285,285,2026-02-11 12:50:20,2164.54,Visa,CARD-000197-1,NG,Successful,0
286,286,2026-03-28 03:48:49,1093.33,Mastercard,CARD-000581-1,NG,Successful,5
287,287,2025-10-06 11:13:46,298.31,Amex,CARD-SHARED-099,IT,Successful,0
288,288,2025-02-17 06:04:43,447.97,Amex,CARD-SHARED-093,AE,Successful,0
289,289,2026-05-08 10:57:38,1596.92,Visa,CARD-000449-2,US,Successful,0
290,290,2025-03-01 11:52:40,1353.96,PayPal,CARD-000566-1,DE,Successful,7
291,291,2025-03-09 11:43:21,431.22,Visa,CARD-000309-2,NL,Successful,0
292,292,2025-10-22 12:29:20,2350.75,Amex,CARD-FRAUD-013,DE,Successful,0
293,293,2025-03-20 01:13:06,620.24,Visa,CARD-000292-1,NL,Successful,0
294,294,2025-05-01 20:31:19,2548.63,Mastercard,CARD-001811-2,NG,Successful,0
295,295,2025-01-03 16:39:25,150.36,Mastercard,CARD-001526-2,DE,Successful,0
296,296,2026-05-21 21:49:20,1167.52,Visa,CARD-000348-2,RO,Successful,0
297,297,2026-01-26 00:21:09,438.72,Amex,CARD-000746-2,GR,Successful,0
298,298,2026-04-15 19:55:27,1067.85,PayPal,CARD-001474-1,NG,Successful,0
299,299,2026-03-14 03:07:51,440.96,Amex,CARD-000763-2,FR,Successful,1
300,300,2025-06-28 13:23:35,765.46,PayPal,CARD-SHARED-039,AE,Successful,0
301,301,2026-06-11 23:16:33,753.40,Amex,CARD-000913-2,GB,Successful,5
302,302,2025-09-27 09:49:39,1262.13,PayPal,CARD-000013-2,FR,Successful,0
303,303,2025-12-29 16:33:13,1277.62,PayPal,CARD-000057-1,DE,Successful,1
304,304,2026-02-26 21:58:41,859.50,Mastercard,CARD-001809-1,ES,Successful,0
305,305,2025-02-25 12:00:40,1222.09,PayPal,CARD-000052-1,AL,Successful,3
306,306,2026-03-04 05:38:13,934.13,PayPal,CARD-SHARED-074,AL,Successful,0
307,307,2026-05-16 14:46:50,1950.12,Mastercard,CARD-FRAUD-001,RO,Successful,2
308,308,2025-10-09 07:52:52,423.34,Amex,CARD-000462-2,US,Successful,2
309,309,2026-03-15 07:57:08,399.37,Visa,CARD-000711-2,NL,Successful,2
310,310,2026-06-26 00:59:18,710.39,Mastercard,CARD-SHARED-048,NL,Successful,0
311,311,2025-02-18 18:39:34,576.76,Mastercard,CARD-000217-1,NG,Successful,0
312,312,2025-05-21 01:46:41,845.56,Amex,CARD-001210-1,AL,Successful,0
313,313,2026-07-03 22:03:33,752.81,Amex,CARD-000352-1,GR,Failed,0
314,314,2025-05-27 13:47:40,993.30,PayPal,CARD-000843-1,IT,Successful,3
315,315,2025-03-07 13:27:15,356.93,PayPal,CARD-001558-1,RO,Successful,0
316,316,2026-05-19 02:05:24,2129.69,Mastercard,CARD-001452-1,AL,Successful,0
317,317,2026-06-25 13:14:15,1348.61,PayPal,CARD-001875-2,GB,Successful,0
318,318,2025-06-20 03:03:31,1207.67,PayPal,CARD-000345-2,US,Successful,0
319,319,2025-12-16 13:04:36,628.47,Amex,CARD-001814-1,GB,Successful,0
320,320,2025-02-22 03:42:48,194.51,Amex,CARD-001134-1,GB,Successful,0
321,321,2026-05-17 21:32:30,743.06,Amex,CARD-000990-2,ES,Successful,1
322,322,2026-04-16 20:28:33,1281.53,Visa,CARD-000624-2,RO,Successful,2
323,323,2025-05-07 12:02:02,91.19,Amex,CARD-000824-1,AL,Successful,0
324,324,2026-06-01 10:07:49,409.25,Mastercard,CARD-001954-2,GB,Refunded,0
325,325,2025-08-04 21:11:13,1066.55,Mastercard,CARD-001589-1,RO,Successful,0
326,326,2026-06-06 02:45:01,138.48,Amex,CARD-000320-1,NL,Successful,5
327,327,2026-04-11 22:00:34,315.06,PayPal,CARD-001473-1,IT,Successful,0
328,328,2026-07-09 03:12:23,1009.75,Amex,CARD-001660-2,US,Successful,0
329,329,2025-07-08 19:18:56,1354.47,PayPal,CARD-001989-2,AE,Successful,0
330,330,2026-05-23 22:02:04,335.79,Mastercard,CARD-001854-1,IT,Failed,0
331,331,2025-10-25 02:54:18,1231.92,Visa,CARD-001076-1,IT,Successful,3
332,332,2026-06-01 01:05:31,1724.54,Amex,CARD-SHARED-079,GR,Successful,0
333,333,2025-07-22 17:51:33,1378.07,PayPal,CARD-SHARED-048,FR,Successful,2
334,334,2025-05-23 08:21:31,521.20,PayPal,CARD-SHARED-045,DE,Successful,0
335,335,2025-12-15 09:40:06,1798.03,Amex,CARD-000564-1,RO,Successful,0
336,336,2025-01-02 03:12:05,1111.63,Visa,CARD-001043-2,NG,Successful,0
337,337,2025-01-31 23:57:38,847.36,Mastercard,CARD-001572-1,AE,Successful,1
338,338,2025-12-30 20:04:58,794.83,PayPal,CARD-001239-1,DE,Successful,4
339,339,2025-02-20 13:07:43,1010.48,Visa,CARD-001149-1,FR,Successful,5
340,340,2025-02-27 00:57:39,418.51,Amex,CARD-000800-1,RO,Successful,1
341,341,2025-06-17 20:07:25,542.49,Visa,CARD-000013-1,FR,Successful,0
342,342,2026-04-28 13:24:51,1690.59,Amex,CARD-FRAUD-015,NG,Successful,4
343,343,2026-03-31 21:40:33,294.21,Amex,CARD-000581-2,RO,Successful,0
344,344,2025-12-09 17:01:11,674.70,Mastercard,CARD-000139-2,IT,Successful,0
345,345,2025-12-21 15:58:10,648.20,PayPal,CARD-000815-2,NG,Successful,0
346,346,2026-05-14 23:02:58,932.36,PayPal,CARD-000013-1,FR,Refunded,0
347,347,2025-09-20 15:39:51,2254.61,Amex,CARD-001096-1,GB,Successful,3
348,348,2026-06-23 04:41:59,291.10,Visa,CARD-001468-2,GR,Successful,0
349,349,2026-04-07 15:15:37,263.30,Visa,CARD-SHARED-064,US,Successful,0
350,350,2025-02-25 03:07:49,2511.52,Mastercard,CARD-000844-2,GB,Successful,4
351,351,2025-03-23 00:58:27,555.05,PayPal,CARD-001353-1,GR,Successful,0
352,352,2026-02-10 13:51:12,2304.42,Mastercard,CARD-000795-2,NG,Successful,0
353,353,2026-05-01 18:14:17,1429.10,PayPal,CARD-000730-2,GR,Refunded,0
354,354,2025-08-23 23:45:26,744.93,Visa,CARD-001765-2,RO,Successful,0
355,355,2025-02-17 04:47:25,139.32,Amex,CARD-SHARED-035,IT,Successful,0
356,356,2026-07-11 18:53:56,733.11,Visa,CARD-000554-1,AL,Successful,0
357,357,2026-05-06 10:37:12,1276.62,Mastercard,CARD-001067-2,GR,Successful,0
358,358,2026-03-23 16:26:21,2207.11,Visa,CARD-000451-2,RO,Successful,0
359,359,2026-06-24 18:05:46,2204.34,Amex,CARD-000782-1,NL,Successful,3
360,360,2025-12-28 23:19:27,440.81,Visa,CARD-SHARED-070,GB,Successful,0
361,361,2026-06-17 05:57:44,918.37,PayPal,CARD-000035-2,NG,Successful,0
362,362,2026-06-24 03:01:29,936.97,Amex,CARD-000986-2,AE,Successful,0
363,363,2025-12-01 05:31:17,989.86,Visa,CARD-001729-2,AE,Successful,0
364,364,2025-09-09 21:30:40,1179.54,Amex,CARD-000234-1,DE,Successful,0
365,365,2025-06-19 19:39:16,1311.24,Amex,CARD-000983-1,GB,Successful,1
366,366,2025-12-01 11:57:36,903.22,Visa,CARD-001127-2,NL,Successful,0
367,367,2025-03-18 19:18:30,1024.07,Mastercard,CARD-000588-2,AE,Successful,1
368,368,2025-04-01 13:16:59,716.51,Visa,CARD-SHARED-041,IT,Failed,0
369,369,2025-06-21 10:23:49,2758.63,Amex,CARD-FRAUD-010,DE,Successful,6
370,370,2025-02-21 15:24:30,988.63,Amex,CARD-000447-2,US,Successful,0
371,371,2026-02-13 06:44:22,854.99,Visa,CARD-001602-1,ES,Failed,0
372,372,2026-05-07 23:52:14,2462.33,Mastercard,CARD-000956-2,AE,Successful,3
373,373,2025-12-21 06:31:43,971.50,Visa,CARD-001124-1,AE,Successful,0
374,374,2025-09-18 07:28:37,1378.27,Mastercard,CARD-001416-1,DE,Successful,0
375,375,2026-06-01 16:13:03,1915.56,PayPal,CARD-SHARED-027,GB,Successful,0
376,376,2025-11-16 19:09:30,2017.27,PayPal,CARD-FRAUD-019,NL,Successful,5
377,377,2026-05-07 00:22:06,164.79,Amex,CARD-001966-1,RO,Successful,1
378,378,2026-05-27 20:57:01,1328.51,Mastercard,CARD-001412-2,DE,Successful,1
379,379,2026-02-19 03:20:39,407.76,Mastercard,CARD-000806-1,IT,Successful,1
380,380,2026-01-10 08:43:17,269.97,Amex,CARD-000868-2,RO,Successful,0
381,381,2026-06-01 11:34:01,2206.23,Visa,CARD-001734-1,DE,Successful,0
382,382,2025-06-29 21:50:50,1381.31,Visa,CARD-000464-2,GR,Successful,0
383,383,2026-07-08 21:14:44,1527.41,Visa,CARD-001341-2,AE,Failed,0
384,384,2026-03-06 22:22:32,369.42,Mastercard,CARD-000620-1,NG,Successful,0
385,385,2025-04-03 14:45:43,973.13,Amex,CARD-000189-2,NG,Successful,1
386,386,2025-07-13 19:07:02,1323.20,Visa,CARD-000347-1,ES,Successful,3
387,387,2025-08-08 07:03:53,153.39,PayPal,CARD-001239-2,DE,Successful,0
388,388,2025-12-31 15:24:11,228.95,Visa,CARD-001359-2,IT,Successful,2
389,389,2025-11-13 15:06:54,243.93,Visa,CARD-000967-2,FR,Successful,0
390,390,2026-04-01 19:44:23,1421.39,PayPal,CARD-001917-1,AL,Successful,0
391,391,2025-08-22 02:20:20,1087.87,Mastercard,CARD-000049-1,US,Successful,0
392,392,2026-07-13 06:00:50,645.17,Amex,CARD-001486-2,NL,Successful,0
393,393,2025-08-01 08:07:24,1850.18,PayPal,CARD-001549-1,FR,Successful,0
394,394,2025-07-14 14:23:34,1165.75,PayPal,CARD-001846-2,RO,Successful,0
395,395,2025-07-26 03:18:30,269.06,Mastercard,CARD-001738-1,RO,Successful,0
396,396,2025-11-08 22:20:37,1143.93,Mastercard,CARD-001709-2,AL,Successful,0
397,397,2026-07-05 11:49:38,608.42,Amex,CARD-SHARED-095,DE,Failed,0
398,398,2026-07-06 10:18:20,574.07,Mastercard,CARD-000027-2,NL,Successful,0
399,399,2026-05-12 05:40:42,2192.12,Amex,CARD-001283-2,DE,Successful,0
400,400,2025-05-21 08:27:24,441.04,Visa,CARD-001428-2,RO,Successful,0
401,401,2025-09-05 03:20:47,1658.95,Mastercard,CARD-001774-2,IT,Successful,0
402,402,2025-09-17 06:42:09,147.50,Visa,CARD-001094-1,GR,Successful,0
403,403,2026-03-04 06:45:45,1069.21,PayPal,CARD-000946-1,AL,Successful,0
404,404,2026-01-18 18:54:33,1095.69,Amex,CARD-000320-1,FR,Successful,0
405,405,2025-01-18 19:43:01,1466.58,Mastercard,CARD-000781-2,GR,Successful,0
406,406,2025-04-14 17:03:45,226.80,Amex,CARD-001823-1,IT,Successful,1
407,407,2026-06-18 16:40:20,976.42,PayPal,CARD-000156-1,AL,Successful,5
408,408,2026-04-28 14:14:36,231.22,Mastercard,CARD-001057-1,DE,Successful,0
409,409,2026-07-13 11:45:40,422.84,PayPal,CARD-000713-1,AE,Successful,2
410,410,2026-05-18 19:31:35,1908.07,Mastercard,CARD-001662-1,NL,Successful,0
411,411,2026-01-09 09:37:02,1184.95,Visa,CARD-001501-2,GB,Successful,4
412,412,2025-11-06 17:34:34,128.15,Mastercard,CARD-001581-1,GB,Successful,0
413,413,2026-06-01 06:05:51,1159.27,Mastercard,CARD-SHARED-009,GR,Successful,0
414,414,2025-06-07 22:00:15,1089.92,Visa,CARD-001140-2,NG,Refunded,1
415,415,2026-06-05 06:12:25,1537.82,PayPal,CARD-001021-2,NL,Successful,0
416,416,2025-09-01 00:03:46,1541.49,Mastercard,CARD-001663-2,NL,Successful,5
417,417,2025-11-21 06:30:08,105.34,Visa,CARD-SHARED-098,GB,Successful,0
418,418,2026-06-03 06:51:21,653.31,Mastercard,CARD-000287-1,AL,Successful,0
419,419,2025-01-09 16:42:13,989.68,PayPal,CARD-001055-1,AL,Successful,4
420,420,2026-03-09 16:04:49,1532.26,PayPal,CARD-SHARED-100,ES,Successful,5
421,421,2025-02-13 13:29:10,76.23,Visa,CARD-000081-2,DE,Successful,0
422,422,2025-01-18 20:02:46,1753.70,Mastercard,CARD-FRAUD-001,DE,Successful,4
423,423,2025-12-17 11:42:47,1120.00,Mastercard,CARD-SHARED-083,US,Successful,0
424,424,2026-05-30 16:58:40,804.67,Mastercard,CARD-001099-2,GR,Failed,1
425,425,2026-05-19 23:09:43,1111.46,Mastercard,CARD-001699-2,IT,Successful,0
426,426,2026-04-04 11:52:44,563.52,Amex,CARD-000291-1,ES,Successful,0
427,427,2025-10-26 14:54:59,1259.55,Amex,CARD-001401-1,NG,Successful,0
428,428,2025-08-16 05:44:54,2786.22,Mastercard,CARD-FRAUD-022,NG,Successful,2
429,429,2025-09-04 13:57:34,1097.65,Visa,CARD-001368-2,NL,Successful,0
430,430,2026-04-04 09:40:19,1075.87,Visa,CARD-001683-1,DE,Successful,0
431,431,2026-06-12 19:19:22,409.45,Amex,CARD-000095-1,GR,Successful,0
432,432,2026-03-31 00:54:16,934.48,Mastercard,CARD-001400-1,NL,Successful,0
433,433,2026-01-25 23:53:26,582.99,Mastercard,CARD-000944-1,DE,Successful,0
434,434,2025-02-06 16:28:51,933.95,Visa,CARD-000813-1,GR,Successful,0
435,435,2025-08-30 04:23:16,2088.96,Visa,CARD-001118-1,AE,Successful,0
436,436,2026-07-12 02:59:27,1375.14,Amex,CARD-001432-2,AE,Successful,0
437,437,2026-05-09 22:42:57,1053.29,Mastercard,CARD-000161-1,ES,Successful,0
438,438,2025-08-13 05:41:02,1195.28,PayPal,CARD-SHARED-059,NG,Successful,0
439,439,2025-10-27 21:50:47,799.52,Mastercard,CARD-SHARED-036,DE,Successful,0
440,440,2026-05-17 07:31:56,277.42,PayPal,CARD-001860-1,ES,Successful,5
441,441,2025-03-15 17:30:08,1491.71,PayPal,CARD-001511-2,NL,Successful,0
442,442,2026-07-08 09:31:42,1344.15,Visa,CARD-001872-1,GB,Successful,0
443,443,2025-03-01 17:20:46,2483.27,Visa,CARD-FRAUD-024,NL,Successful,0
444,444,2026-03-10 03:32:36,1274.71,Amex,CARD-000661-1,ES,Refunded,0
445,445,2025-09-20 06:44:59,2145.86,PayPal,CARD-001355-1,AL,Successful,0
446,446,2026-06-13 08:36:32,753.38,PayPal,CARD-001274-1,US,Successful,0
447,447,2026-05-17 04:49:22,1459.02,PayPal,CARD-001620-2,ES,Successful,0
448,448,2025-01-31 05:54:02,2422.65,Mastercard,CARD-000958-1,DE,Successful,0
449,449,2026-04-11 23:57:54,404.00,PayPal,CARD-000868-1,RO,Successful,0
450,450,2026-02-14 04:36:10,123.28,Amex,CARD-001961-1,FR,Successful,0
451,451,2025-09-27 02:41:18,1269.66,PayPal,CARD-SHARED-098,RO,Successful,0
452,452,2025-12-09 00:05:41,2334.59,PayPal,CARD-SHARED-051,RO,Successful,0
453,453,2025-06-08 18:33:55,595.78,Visa,CARD-000371-2,NG,Successful,2
454,454,2025-10-21 15:15:02,923.11,Mastercard,CARD-FRAUD-026,FR,Successful,1
455,455,2025-09-17 00:17:38,72.19,Amex,CARD-001232-2,NL,Successful,1
456,456,2026-06-08 17:16:53,698.39,PayPal,CARD-000148-1,US,Successful,0
457,457,2025-04-18 10:51:40,726.91,Amex,CARD-000685-2,AE,Successful,0
458,458,2026-04-14 08:11:32,485.13,Visa,CARD-000816-1,AL,Successful,0
459,459,2026-06-19 21:43:48,1489.88,Amex,CARD-001229-2,ES,Successful,3
460,460,2026-05-14 13:59:19,1072.28,Mastercard,CARD-001079-2,AE,Successful,0
461,461,2026-03-22 13:42:36,73.81,Mastercard,CARD-000535-1,FR,Refunded,0
462,462,2025-06-13 03:30:50,591.13,Amex,CARD-000716-1,IT,Successful,0
463,463,2025-08-30 14:26:23,2480.68,Visa,CARD-000452-1,DE,Successful,0
464,464,2026-01-06 05:28:52,986.15,PayPal,CARD-000823-2,AE,Successful,1
465,465,2026-01-21 11:39:32,996.45,Visa,CARD-FRAUD-014,NL,Successful,6
466,466,2025-04-06 22:16:03,2355.88,Mastercard,CARD-000275-2,AE,Successful,8
467,467,2025-04-24 05:26:55,1374.49,PayPal,CARD-000324-1,FR,Successful,0
468,468,2025-08-14 07:25:59,1280.65,PayPal,CARD-001621-1,GB,Successful,0
469,469,2026-06-21 05:47:11,1011.71,Mastercard,CARD-001257-1,ES,Successful,5
470,470,2026-03-14 13:54:00,699.47,PayPal,CARD-000942-1,US,Successful,0
471,471,2026-03-06 09:35:33,694.17,Amex,CARD-001080-2,GB,Successful,0
472,472,2025-05-04 05:21:38,838.01,PayPal,CARD-001288-1,AE,Successful,0
473,473,2025-08-30 07:35:15,826.50,Mastercard,CARD-000893-1,DE,Successful,1
474,474,2026-05-30 19:53:57,860.66,Amex,CARD-000626-1,IT,Successful,0
475,475,2025-11-20 18:25:11,1762.21,Visa,CARD-000559-2,US,Successful,7
476,476,2026-05-12 18:02:38,289.44,PayPal,CARD-000715-1,AE,Successful,0
477,477,2026-05-31 08:18:56,1410.63,Mastercard,CARD-001701-2,DE,Successful,0
478,478,2025-09-11 07:47:29,1204.33,Amex,CARD-SHARED-053,ES,Successful,0
479,479,2025-08-12 11:51:43,172.54,Amex,CARD-001570-2,GR,Successful,0
480,480,2026-02-17 08:49:00,237.99,Amex,CARD-000319-2,DE,Successful,0
481,481,2025-03-20 06:35:38,1038.58,Visa,CARD-000796-2,GB,Successful,0
482,482,2026-06-09 04:43:28,1032.87,Visa,CARD-001620-1,ES,Successful,0
483,483,2025-11-13 07:10:37,101.93,Mastercard,CARD-000905-1,GB,Successful,1
484,484,2026-03-30 01:05:53,1437.43,Amex,CARD-001924-2,DE,Successful,0
485,485,2026-05-13 11:15:43,1920.25,Amex,CARD-000200-1,DE,Successful,0
486,486,2025-05-24 08:56:48,626.12,Amex,CARD-000228-1,RO,Successful,0
487,487,2026-03-23 01:56:52,1088.44,Visa,CARD-FRAUD-003,GR,Successful,5
488,488,2026-06-28 13:36:20,2449.71,Mastercard,CARD-000923-1,US,Successful,0
489,489,2026-07-19 08:55:40,594.21,Visa,CARD-001506-2,FR,Successful,0
490,490,2026-06-21 03:39:19,1679.22,Visa,CARD-001581-1,GB,Successful,3
491,491,2026-02-25 02:37:33,913.96,Visa,CARD-000519-2,RO,Successful,0
492,492,2025-05-29 08:20:58,1351.68,Amex,CARD-000697-1,GR,Refunded,0
493,493,2026-06-08 05:08:03,284.15,PayPal,CARD-000594-1,US,Successful,0
494,494,2026-03-16 03:44:21,739.33,PayPal,CARD-000907-1,US,Successful,0
495,495,2026-05-23 07:50:54,401.28,Mastercard,CARD-001846-2,RO,Successful,0
496,496,2026-03-16 13:42:56,829.81,Amex,CARD-000543-1,DE,Successful,0
497,497,2026-03-16 16:58:59,109.17,PayPal,CARD-SHARED-062,IT,Successful,0
498,498,2026-07-07 04:56:34,793.87,Visa,CARD-000875-1,NL,Successful,0
499,499,2025-08-21 11:21:40,258.07,Mastercard,CARD-001426-2,AE,Successful,0
500,500,2026-04-27 16:56:05,177.86,Mastercard,CARD-SHARED-006,AE,Successful,0
501,501,2026-01-28 15:38:31,1448.51,Amex,CARD-000698-2,AL,Successful,0
502,502,2026-03-23 16:45:47,406.72,Amex,CARD-001338-1,GB,Successful,0
503,503,2026-01-01 18:20:04,965.25,Mastercard,CARD-000601-2,ES,Successful,0
504,504,2025-12-29 13:08:19,333.43,Mastercard,CARD-000304-1,FR,Successful,0
505,505,2025-03-06 00:33:10,98.41,PayPal,CARD-000977-2,AE,Successful,0
506,506,2025-07-13 17:32:02,1011.22,Amex,CARD-001002-1,RO,Successful,4
507,507,2025-11-27 09:23:02,1210.55,Amex,CARD-001422-1,AL,Refunded,1
508,508,2025-09-27 09:39:48,1713.37,Visa,CARD-FRAUD-016,IT,Successful,1
509,509,2025-06-30 15:33:23,1171.32,Amex,CARD-000657-1,DE,Successful,3
510,510,2025-11-15 20:42:51,1316.96,PayPal,CARD-000247-2,RO,Successful,1
511,511,2026-03-20 06:00:43,1983.70,PayPal,CARD-001568-1,IT,Successful,2
512,512,2026-01-07 18:22:53,2544.17,Mastercard,CARD-000779-2,NL,Successful,0
513,513,2026-05-24 15:05:22,1978.26,Mastercard,CARD-000533-1,RO,Successful,0
514,514,2026-04-01 10:08:00,741.24,Mastercard,CARD-000709-1,NL,Successful,0
515,515,2026-01-21 05:43:10,2367.00,Visa,CARD-001164-1,DE,Successful,6
516,516,2026-05-16 01:42:14,623.72,Amex,CARD-001160-2,RO,Successful,0
517,517,2025-03-21 07:08:36,811.16,Amex,CARD-001999-1,US,Successful,0
518,518,2025-06-06 10:58:50,1930.00,Mastercard,CARD-001638-1,AE,Refunded,0
519,519,2025-08-29 10:57:53,1230.60,Mastercard,CARD-SHARED-011,ES,Successful,0
520,520,2025-08-13 20:10:16,182.17,Visa,CARD-000433-2,RO,Successful,3
521,521,2025-06-15 04:46:42,2390.26,Amex,CARD-001079-2,AE,Successful,1
522,522,2026-03-29 08:16:33,1684.61,Mastercard,CARD-000829-2,AE,Successful,0
523,523,2026-06-14 14:22:03,926.61,PayPal,CARD-000576-2,AE,Successful,0
524,524,2025-02-10 10:43:13,313.25,Mastercard,CARD-000867-2,ES,Successful,4
525,525,2026-02-26 23:32:03,376.44,Amex,CARD-001196-2,US,Successful,0
526,526,2026-03-06 20:22:30,181.81,PayPal,CARD-000795-2,NG,Successful,0
527,527,2026-02-20 15:18:44,2532.54,Visa,CARD-001214-1,ES,Successful,0
528,528,2025-12-24 00:58:40,3145.50,Mastercard,CARD-FRAUD-022,RO,Successful,2
529,529,2025-10-09 19:07:36,1652.35,PayPal,CARD-001923-2,FR,Successful,0
530,530,2025-08-17 00:28:18,2128.72,Amex,CARD-000302-2,GB,Failed,0
531,531,2025-07-12 20:58:54,1075.27,Visa,CARD-001970-1,AL,Successful,0
532,532,2025-02-10 11:55:57,1053.29,Visa,CARD-001249-2,GR,Successful,5
533,533,2026-07-09 21:20:27,1456.37,PayPal,CARD-001949-2,AE,Failed,0
534,534,2025-06-09 10:51:50,586.57,PayPal,CARD-000329-2,GR,Successful,0
535,535,2025-02-19 18:08:31,266.81,Visa,CARD-000014-1,GR,Successful,0
536,536,2025-04-15 13:59:42,2320.40,PayPal,CARD-000926-2,GR,Successful,0
537,537,2026-07-08 04:24:00,425.43,PayPal,CARD-000790-2,NL,Successful,0
538,538,2025-02-24 02:35:51,1467.88,Amex,CARD-000651-1,ES,Successful,0
539,539,2025-09-14 00:33:50,1050.04,PayPal,CARD-SHARED-011,FR,Successful,0
540,540,2025-09-13 03:20:03,590.82,Amex,CARD-001439-2,IT,Refunded,0
541,541,2026-05-07 16:56:10,885.16,Visa,CARD-000002-1,RO,Successful,0
542,542,2026-05-02 04:26:16,1615.65,PayPal,CARD-001309-2,FR,Successful,0
543,543,2025-10-09 05:55:28,1284.65,Mastercard,CARD-001351-2,GB,Successful,4
544,544,2026-05-02 08:52:34,1150.79,PayPal,CARD-000947-2,GR,Successful,0
545,545,2025-12-20 00:25:52,904.35,Mastercard,CARD-000053-2,NG,Successful,0
546,546,2026-05-26 23:02:16,421.06,Mastercard,CARD-001217-2,US,Successful,0
547,547,2025-10-17 08:55:19,1016.96,Amex,CARD-001569-2,AL,Successful,5
548,548,2025-09-22 04:12:53,1948.68,Visa,CARD-001662-2,NL,Successful,0
549,549,2025-01-19 03:33:56,123.05,PayPal,CARD-001386-1,ES,Successful,1
550,550,2026-06-18 00:50:14,1292.04,PayPal,CARD-SHARED-044,NG,Successful,5
551,551,2025-04-28 01:54:03,2679.29,PayPal,CARD-FRAUD-023,NG,Successful,0
552,552,2025-11-27 15:50:46,442.78,Mastercard,CARD-001424-1,AE,Successful,0
553,553,2026-07-12 02:20:08,1721.39,Mastercard,CARD-001493-2,NL,Successful,2
554,554,2026-03-09 03:30:50,2247.99,Visa,CARD-001264-1,NG,Successful,0
555,555,2025-01-28 04:16:08,143.22,PayPal,CARD-SHARED-007,IT,Successful,0
556,556,2026-03-11 16:12:43,1309.04,Amex,CARD-001311-2,AL,Successful,0
557,557,2025-01-04 17:32:01,2803.60,Visa,CARD-FRAUD-003,US,Successful,1
558,558,2025-06-12 10:04:05,523.48,PayPal,CARD-000895-1,GB,Successful,0
559,559,2026-02-23 09:38:54,2088.48,PayPal,CARD-000320-2,US,Successful,1
560,560,2025-05-20 23:58:30,1701.48,Amex,CARD-001627-2,DE,Failed,0
561,561,2025-05-22 08:44:01,161.46,PayPal,CARD-SHARED-036,DE,Successful,0
562,562,2026-02-18 16:25:47,1308.07,Amex,CARD-001347-1,NG,Successful,0
563,563,2025-09-15 02:11:43,643.51,Amex,CARD-SHARED-081,RO,Successful,0
564,564,2026-02-18 16:47:31,539.20,Amex,CARD-001722-2,FR,Successful,3
565,565,2026-01-16 11:27:46,1125.72,Amex,CARD-001593-2,GB,Successful,0
566,566,2026-03-30 14:55:31,1178.83,Mastercard,CARD-001446-1,GR,Successful,0
567,567,2025-02-23 17:06:32,1190.82,Visa,CARD-001955-2,NL,Successful,1
568,568,2026-06-11 03:37:07,917.15,PayPal,CARD-000490-1,GR,Successful,2
569,569,2026-03-02 17:42:36,2241.02,Amex,CARD-001825-2,NG,Successful,0
570,570,2026-07-07 20:40:11,996.76,Mastercard,CARD-000760-2,AE,Failed,0
571,571,2025-03-21 02:57:17,2415.45,Mastercard,CARD-000198-2,FR,Successful,0
572,572,2026-07-11 14:20:03,1193.18,Mastercard,CARD-001583-1,RO,Successful,0
573,573,2025-03-09 13:07:33,502.42,Amex,CARD-SHARED-028,RO,Successful,2
574,574,2026-04-18 00:56:16,2099.54,Mastercard,CARD-000334-1,NL,Successful,0
575,575,2026-04-13 10:05:28,1086.77,Visa,CARD-001283-1,AE,Successful,0
576,576,2025-07-01 12:19:22,628.51,Visa,CARD-001010-2,ES,Successful,5
577,577,2026-06-20 23:09:38,1155.60,Visa,CARD-SHARED-045,GR,Successful,0
578,578,2025-01-24 18:54:47,833.82,Amex,CARD-000442-1,NG,Successful,0
579,579,2026-03-12 14:04:09,349.30,Mastercard,CARD-001112-2,AL,Successful,1
580,580,2026-05-21 19:04:59,1688.54,PayPal,CARD-000533-2,FR,Successful,1
581,581,2025-07-11 16:46:32,1427.91,Visa,CARD-FRAUD-026,AL,Successful,0
582,582,2026-04-01 23:28:39,1056.68,Visa,CARD-000771-1,US,Successful,0
583,583,2026-06-01 11:59:04,118.48,Visa,CARD-000516-1,AE,Successful,0
584,584,2026-07-13 00:53:37,362.51,Visa,CARD-001981-2,NG,Successful,0
585,585,2026-01-29 04:06:29,412.11,PayPal,CARD-000692-2,IT,Successful,1
586,586,2026-01-02 21:25:00,870.77,Amex,CARD-001457-2,RO,Successful,0
587,587,2026-05-12 01:34:29,1213.55,Visa,CARD-001754-2,ES,Successful,0
588,588,2025-11-12 06:01:44,1973.42,Visa,CARD-001364-2,NL,Successful,1
589,589,2026-07-09 06:24:41,1412.15,PayPal,CARD-000854-1,RO,Successful,0
590,590,2026-02-10 23:44:00,2310.27,Amex,CARD-FRAUD-014,FR,Successful,3
591,591,2025-09-18 05:07:54,994.99,Mastercard,CARD-000466-1,US,Successful,0
592,592,2025-11-04 14:48:30,1248.28,Mastercard,CARD-000426-2,GB,Successful,0
593,593,2026-01-14 03:53:06,454.95,Visa,CARD-001323-1,AE,Successful,0
594,594,2026-04-17 16:57:46,1726.88,Visa,CARD-001272-2,RO,Successful,0
595,595,2026-03-28 16:44:44,1043.06,PayPal,CARD-001552-2,AE,Successful,0
596,596,2025-11-08 00:53:40,364.23,Visa,CARD-001556-1,US,Successful,0
597,597,2026-01-28 05:29:16,1112.76,PayPal,CARD-001346-2,US,Successful,0
598,598,2026-07-02 10:18:26,1034.31,Amex,CARD-001548-1,US,Successful,6
599,599,2026-01-15 15:44:06,1382.38,PayPal,CARD-001027-1,AL,Failed,3
600,600,2025-10-21 12:10:53,1254.21,Mastercard,CARD-000491-1,AE,Successful,0
601,601,2026-01-21 21:34:51,153.74,PayPal,CARD-000782-1,NL,Successful,0
602,602,2025-08-24 02:50:53,377.03,Visa,CARD-SHARED-029,ES,Successful,1
603,603,2025-10-19 02:36:05,1004.67,PayPal,CARD-000190-2,IT,Successful,4
604,604,2025-04-25 15:34:19,1143.48,Visa,CARD-001250-1,US,Failed,1
605,605,2026-06-27 06:23:12,1093.66,Visa,CARD-001016-1,ES,Successful,0
606,606,2025-02-16 01:20:42,1135.38,Visa,CARD-000401-2,ES,Successful,0
607,607,2025-02-08 00:43:12,1634.69,Amex,CARD-001546-2,RO,Successful,0
608,608,2025-06-21 05:23:22,1260.49,PayPal,CARD-001142-1,ES,Successful,0
609,609,2025-12-17 22:05:30,191.18,PayPal,CARD-001603-2,IT,Successful,0
610,610,2025-10-31 03:20:54,1134.78,Amex,CARD-SHARED-008,AL,Successful,0
611,611,2026-07-07 08:04:38,1661.57,PayPal,CARD-001471-2,AE,Successful,0
612,612,2025-04-26 10:01:18,828.66,PayPal,CARD-001549-1,FR,Successful,0
613,613,2026-05-09 16:47:54,2002.23,Mastercard,CARD-FRAUD-025,NL,Successful,8
614,614,2026-03-29 19:05:07,2188.35,Visa,CARD-000658-1,RO,Successful,0
615,615,2025-07-31 20:38:13,208.16,Amex,CARD-000420-1,AL,Successful,1
616,616,2026-06-12 12:47:16,201.93,Mastercard,CARD-001130-2,RO,Successful,0
617,617,2025-12-16 21:21:59,1115.79,Visa,CARD-000594-2,US,Successful,1
618,618,2025-05-01 02:59:48,991.73,Amex,CARD-001746-1,ES,Successful,0
619,619,2025-07-16 00:38:07,555.93,PayPal,CARD-000415-2,AL,Successful,0
620,620,2026-05-02 04:05:37,1951.85,Amex,CARD-000517-2,GB,Successful,0
621,621,2026-06-23 02:21:07,510.99,Visa,CARD-000740-2,GR,Successful,2
622,622,2025-06-04 10:05:49,293.33,PayPal,CARD-SHARED-050,RO,Successful,5
623,623,2025-05-21 23:38:24,238.87,Amex,CARD-000926-2,GR,Successful,0
624,624,2026-04-26 11:16:05,363.81,Amex,CARD-001389-2,RO,Successful,0
625,625,2025-09-30 08:38:34,810.57,Amex,CARD-001791-1,US,Successful,0
626,626,2025-10-17 22:39:06,2868.04,PayPal,CARD-FRAUD-007,AL,Successful,7
627,627,2025-10-28 01:42:53,519.03,PayPal,CARD-001479-2,AL,Successful,5
628,628,2025-02-24 05:28:39,2568.09,PayPal,CARD-FRAUD-017,NG,Successful,6
629,629,2025-05-25 06:19:54,1299.97,Amex,CARD-000065-1,AE,Successful,0
630,630,2026-02-05 11:59:04,2068.59,Amex,CARD-000509-2,IT,Successful,3
631,631,2025-08-15 01:43:23,1703.17,Amex,CARD-001778-2,GB,Successful,3
632,632,2026-04-27 00:54:44,1897.76,Visa,CARD-000867-2,ES,Successful,1
633,633,2025-05-23 21:10:34,967.35,Visa,CARD-001894-1,FR,Successful,0
634,634,2026-05-29 15:02:09,1414.93,Amex,CARD-001229-2,ES,Successful,0
635,635,2025-03-03 13:39:17,418.22,Amex,CARD-001483-2,IT,Successful,0
636,636,2025-10-08 11:46:47,1213.09,Mastercard,CARD-001906-1,AE,Successful,0
637,637,2026-07-07 00:28:43,927.18,Mastercard,CARD-000128-1,NG,Successful,0
638,638,2026-06-26 07:28:57,352.01,Amex,CARD-000314-1,ES,Failed,4
639,639,2025-11-19 01:06:00,1187.93,PayPal,CARD-001566-1,FR,Successful,0
640,640,2026-07-14 00:56:42,1040.60,PayPal,CARD-SHARED-014,DE,Successful,0
641,641,2025-12-16 08:49:50,2234.87,PayPal,CARD-FRAUD-010,GR,Successful,5
642,642,2026-03-24 19:02:18,202.79,Amex,CARD-000491-2,AE,Successful,0
643,643,2026-04-12 20:06:48,898.68,PayPal,CARD-FRAUD-025,ES,Successful,0
644,644,2026-03-30 16:54:00,712.13,Amex,CARD-000672-2,FR,Successful,0
645,645,2025-07-18 08:16:22,429.12,Amex,CARD-000220-2,NG,Successful,0
646,646,2025-09-27 19:59:16,785.51,Amex,CARD-000539-1,DE,Successful,1
647,647,2026-06-19 16:35:59,925.40,Visa,CARD-SHARED-015,FR,Successful,0
648,648,2025-04-19 16:40:09,480.84,PayPal,CARD-001838-1,AE,Successful,0
649,649,2025-04-18 20:25:30,968.92,Visa,CARD-000936-2,NL,Successful,0
650,650,2025-10-15 20:10:35,1071.53,Amex,CARD-001772-1,RO,Successful,1
651,651,2026-03-28 08:52:34,531.56,Visa,CARD-000624-2,NG,Successful,0
652,652,2025-04-24 23:08:14,2563.32,PayPal,CARD-001325-1,ES,Failed,0
653,653,2026-04-04 00:08:42,853.37,Amex,CARD-001828-2,RO,Successful,0
654,654,2026-05-13 10:27:21,630.11,Visa,CARD-001927-1,RO,Successful,0
655,655,2026-03-21 02:40:25,2014.09,PayPal,CARD-001730-1,GB,Successful,3
656,656,2026-07-14 05:54:22,283.34,PayPal,CARD-001425-2,ES,Successful,0
657,657,2026-06-15 13:57:57,1418.79,Mastercard,CARD-000232-2,NL,Successful,0
658,658,2025-07-05 14:58:33,420.56,PayPal,CARD-000757-2,ES,Successful,0
659,659,2026-02-23 20:17:59,686.62,Visa,CARD-001186-2,GR,Successful,0
660,660,2025-09-14 15:41:36,271.09,PayPal,CARD-001413-2,GB,Successful,0
661,661,2025-07-19 22:50:42,1748.04,Mastercard,CARD-FRAUD-001,US,Successful,8
662,662,2025-08-11 08:54:34,337.76,PayPal,CARD-000844-1,GB,Successful,0
663,663,2025-07-21 07:39:55,142.36,Mastercard,CARD-SHARED-074,ES,Successful,3
664,664,2025-09-18 19:22:10,351.60,Visa,CARD-001955-1,NL,Successful,0
665,665,2026-03-31 07:18:28,999.44,Visa,CARD-000176-1,DE,Successful,0
666,666,2026-01-29 02:17:42,1469.98,Amex,CARD-001269-1,GR,Failed,0
667,667,2025-10-15 21:12:04,809.34,PayPal,CARD-001341-1,AE,Successful,0
668,668,2025-07-16 14:53:03,1212.97,Visa,CARD-001805-2,GB,Successful,0
669,669,2026-04-10 18:08:23,276.69,Amex,CARD-SHARED-096,GR,Refunded,0
670,670,2025-05-29 21:47:11,1262.07,Mastercard,CARD-001328-2,AE,Successful,0
671,671,2026-07-16 17:47:27,1011.17,Amex,CARD-000013-2,FR,Successful,0
672,672,2025-03-16 18:34:17,576.42,Amex,CARD-000603-1,AL,Successful,0
673,673,2026-06-11 22:56:47,230.10,PayPal,CARD-001692-1,RO,Successful,0
674,674,2025-07-06 23:42:41,547.76,Amex,CARD-000332-1,FR,Successful,1
675,675,2026-03-03 03:30:45,831.60,Amex,CARD-001992-1,IT,Successful,0
676,676,2026-02-02 17:55:05,1634.15,PayPal,CARD-000004-1,FR,Successful,0
677,677,2026-01-25 15:18:56,722.30,Visa,CARD-SHARED-033,GR,Successful,0
678,678,2025-07-12 14:45:24,762.29,Amex,CARD-000083-2,RO,Successful,0
679,679,2026-05-08 17:02:52,351.83,Visa,CARD-000112-1,IT,Successful,0
680,680,2026-02-22 10:10:20,2476.50,Visa,CARD-001008-2,GB,Successful,2
681,681,2026-05-28 04:24:16,946.78,Mastercard,CARD-000771-1,US,Failed,1
682,682,2025-10-05 12:10:12,2365.86,Mastercard,CARD-000542-2,DE,Successful,0
683,683,2026-07-09 05:25:16,1190.42,PayPal,CARD-000508-2,RO,Failed,0
684,684,2025-03-08 05:40:08,696.74,Amex,CARD-001438-1,RO,Successful,1
685,685,2026-05-26 13:39:20,796.62,Amex,CARD-001897-2,FR,Successful,1
686,686,2026-04-06 22:59:33,1235.46,Visa,CARD-000426-1,GB,Successful,1
687,687,2026-01-06 10:34:35,1175.83,PayPal,CARD-001448-2,DE,Successful,0
688,688,2026-04-30 00:58:08,1321.58,PayPal,CARD-001457-1,RO,Successful,0
689,689,2025-08-05 01:28:13,593.85,Mastercard,CARD-000083-2,AL,Successful,5
690,690,2025-06-28 01:21:58,1195.39,PayPal,CARD-SHARED-045,IT,Successful,0
691,691,2025-12-18 23:51:47,1482.06,PayPal,CARD-001139-1,ES,Successful,5
692,692,2025-11-16 23:47:06,1564.67,Mastercard,CARD-000306-1,FR,Successful,0
693,693,2025-06-03 13:30:33,857.09,PayPal,CARD-SHARED-044,RO,Failed,0
694,694,2025-09-21 03:22:29,131.58,Amex,CARD-001204-1,US,Successful,1
695,695,2025-03-24 08:51:55,346.34,Visa,CARD-000300-2,ES,Failed,1
696,696,2026-05-02 19:09:11,374.04,Mastercard,CARD-000931-2,US,Refunded,0
697,697,2026-04-16 11:41:49,687.48,Mastercard,CARD-000916-1,RO,Failed,0
698,698,2026-07-20 23:05:46,1835.43,PayPal,CARD-SHARED-043,AE,Successful,0
699,699,2026-02-21 09:53:52,1297.68,Visa,CARD-001500-1,AL,Failed,0
700,700,2026-03-22 04:38:05,1320.36,Mastercard,CARD-001736-2,FR,Successful,1
701,701,2026-07-18 17:50:43,317.39,Amex,CARD-000223-1,ES,Successful,0
702,702,2025-06-29 04:09:39,1240.05,Mastercard,CARD-001716-2,GB,Successful,0
703,703,2026-02-08 10:28:27,786.33,PayPal,CARD-001101-2,IT,Successful,0
704,704,2026-03-28 10:12:31,225.04,Mastercard,CARD-001681-2,GR,Successful,5
705,705,2026-05-21 00:06:23,1070.26,Visa,CARD-FRAUD-007,NG,Successful,6
706,706,2025-04-21 17:15:04,763.42,PayPal,CARD-000582-1,NL,Successful,0
707,707,2025-02-28 10:34:01,572.78,Mastercard,CARD-001305-1,FR,Successful,0
708,708,2026-02-24 06:34:21,1419.55,Visa,CARD-SHARED-037,IT,Successful,0
709,709,2025-04-11 08:55:36,988.95,Visa,CARD-001902-2,NL,Successful,0
710,710,2025-04-10 01:31:34,142.89,Visa,CARD-001526-1,US,Successful,0
711,711,2025-10-09 16:03:33,1426.03,Amex,CARD-001613-1,AL,Successful,0
712,712,2026-03-08 10:45:42,306.00,Visa,CARD-001891-2,IT,Successful,0
713,713,2026-05-16 10:26:46,1334.25,Amex,CARD-000701-2,IT,Successful,0
714,714,2025-02-22 19:29:58,1195.49,PayPal,CARD-001993-2,IT,Successful,0
715,715,2025-07-26 06:31:40,975.84,Mastercard,CARD-SHARED-009,IT,Failed,0
716,716,2026-03-19 03:23:20,1152.05,Visa,CARD-SHARED-087,AE,Failed,2
717,717,2026-03-24 16:10:05,514.00,Amex,CARD-001278-1,FR,Successful,2
718,718,2026-03-08 16:35:43,746.74,Visa,CARD-001807-2,AE,Refunded,5
719,719,2026-03-03 08:13:26,1435.74,Mastercard,CARD-001667-1,AE,Successful,0
720,720,2026-06-24 06:05:53,1219.63,Visa,CARD-001518-1,NL,Successful,0
721,721,2025-06-01 08:17:07,1049.91,Visa,CARD-001901-1,ES,Failed,0
722,722,2025-02-12 16:11:18,1007.65,Amex,CARD-001179-1,AL,Successful,0
723,723,2026-03-06 02:31:22,831.71,Visa,CARD-001414-1,FR,Successful,0
724,724,2026-07-05 15:57:08,131.35,PayPal,CARD-000924-1,NL,Successful,0
725,725,2025-09-16 17:23:56,1147.48,Visa,CARD-000197-2,NG,Successful,0
726,726,2026-03-02 10:47:21,402.51,Visa,CARD-000336-1,GB,Successful,0
727,727,2026-05-05 16:01:17,1673.42,PayPal,CARD-SHARED-080,GR,Successful,0
728,728,2026-05-12 06:51:42,1373.76,Amex,CARD-001108-1,US,Successful,2
729,729,2025-11-09 23:55:21,882.02,PayPal,CARD-001157-1,NL,Successful,0
730,730,2026-06-06 20:45:49,1055.61,Visa,CARD-000122-1,US,Failed,0
731,731,2025-10-26 08:41:40,1037.90,Mastercard,CARD-000632-1,NG,Successful,0
732,732,2025-10-18 19:20:15,1054.63,Amex,CARD-000189-2,NL,Successful,2
733,733,2025-09-21 17:30:18,1487.03,Mastercard,CARD-000957-2,RO,Successful,0
734,734,2026-04-28 22:48:01,991.92,Mastercard,CARD-001335-1,US,Successful,0
735,735,2025-07-05 08:10:57,1250.20,Amex,CARD-000615-2,FR,Successful,0
736,736,2025-10-18 17:49:47,2299.86,Amex,CARD-000210-1,GR,Successful,0
737,737,2025-12-18 14:16:05,1401.02,Amex,CARD-SHARED-061,NL,Successful,0
738,738,2026-02-20 06:30:07,690.97,Amex,CARD-001314-1,AE,Successful,0
739,739,2026-04-25 18:37:00,738.78,Mastercard,CARD-SHARED-012,NL,Successful,0
740,740,2025-09-19 06:22:09,742.53,Mastercard,CARD-000493-2,NL,Successful,0
741,741,2025-05-03 13:35:34,1367.22,PayPal,CARD-001746-2,ES,Successful,0
742,742,2025-03-05 19:24:08,2120.66,Visa,CARD-001464-2,RO,Successful,1
743,743,2025-12-15 14:46:39,1358.86,Amex,CARD-000387-1,DE,Successful,1
744,744,2026-06-10 20:01:17,194.55,PayPal,CARD-000371-2,NG,Refunded,0
745,745,2025-03-25 19:01:15,361.97,PayPal,CARD-000228-1,RO,Failed,0
746,746,2026-03-31 07:58:33,294.62,Amex,CARD-000253-2,US,Successful,1
747,747,2026-02-23 02:27:38,850.52,Amex,CARD-001039-2,GB,Successful,0
748,748,2026-02-13 19:23:41,435.32,Visa,CARD-001795-1,NG,Successful,0
749,749,2025-03-01 14:13:24,777.77,Amex,CARD-001365-2,ES,Successful,1
750,750,2026-06-02 08:43:42,1131.34,Amex,CARD-000802-2,ES,Successful,4
751,751,2025-05-26 12:54:49,799.88,PayPal,CARD-000385-2,FR,Successful,0
752,752,2026-01-10 21:47:55,1164.83,Mastercard,CARD-000275-2,ES,Refunded,4
753,753,2026-06-05 04:28:53,1213.75,Mastercard,CARD-001498-1,ES,Successful,4
754,754,2025-07-08 14:54:08,2933.22,Visa,CARD-001978-1,AE,Successful,2
755,755,2026-01-08 22:55:24,296.30,Visa,CARD-000623-2,DE,Successful,0
756,756,2025-07-13 19:30:48,863.74,Amex,CARD-000098-2,GR,Successful,0
757,757,2025-11-14 01:39:43,564.98,Amex,CARD-000174-2,ES,Successful,2
758,758,2026-02-26 05:49:07,555.77,Visa,CARD-SHARED-048,NG,Successful,2
759,759,2025-11-15 06:32:42,129.43,Mastercard,CARD-000471-1,DE,Successful,0
760,760,2025-05-31 12:35:45,523.92,PayPal,CARD-SHARED-096,DE,Successful,0
761,761,2026-02-05 13:02:59,1184.02,Amex,CARD-SHARED-010,FR,Successful,0
762,762,2025-03-23 06:37:43,1422.28,Amex,CARD-000566-2,DE,Successful,0
763,763,2025-05-21 22:22:39,1125.07,Amex,CARD-001692-2,RO,Successful,0
764,764,2026-06-21 09:23:46,960.96,Visa,CARD-000330-1,RO,Successful,0
765,765,2025-12-18 07:51:53,2274.78,Mastercard,CARD-SHARED-020,GB,Refunded,0
766,766,2026-05-07 05:30:01,1272.54,Amex,CARD-000954-2,DE,Successful,0
767,767,2025-11-29 07:22:07,122.98,Amex,CARD-000942-1,US,Successful,0
768,768,2026-06-21 16:56:04,418.98,Amex,CARD-000494-2,AE,Successful,1
769,769,2026-05-07 08:34:53,562.35,Visa,CARD-000442-1,NG,Successful,0
770,770,2025-10-13 21:14:46,524.85,Visa,CARD-000700-1,GB,Successful,1
771,771,2026-07-09 10:08:48,1662.54,PayPal,CARD-001197-2,NL,Successful,0
772,772,2025-12-31 08:29:41,287.56,Visa,CARD-000212-2,RO,Successful,0
773,773,2026-05-18 18:43:14,832.26,Visa,CARD-000744-2,US,Successful,0
774,774,2026-05-08 14:27:34,261.63,Mastercard,CARD-001699-2,GB,Successful,0
775,775,2026-06-22 01:12:33,689.79,Mastercard,CARD-000709-2,US,Successful,5
776,776,2026-04-07 13:32:27,852.44,Mastercard,CARD-SHARED-042,AE,Successful,0
777,777,2025-09-26 08:43:55,758.54,Mastercard,CARD-000606-2,ES,Successful,0
778,778,2026-06-15 08:38:24,313.50,Amex,CARD-000242-1,NL,Successful,3
779,779,2025-08-05 00:53:25,77.02,Amex,CARD-000602-2,GB,Successful,0
780,780,2025-01-15 03:37:37,539.58,Visa,CARD-000824-1,AL,Successful,0
781,781,2025-11-05 11:12:07,564.04,PayPal,CARD-001430-1,DE,Successful,0
782,782,2025-09-19 06:54:05,620.09,PayPal,CARD-001762-2,ES,Successful,0
783,783,2025-03-22 20:11:16,793.43,PayPal,CARD-001649-2,AE,Successful,0
784,784,2025-04-22 12:27:02,307.57,Mastercard,CARD-001134-2,AL,Successful,0
785,785,2025-07-18 10:04:21,506.45,Mastercard,CARD-SHARED-031,NL,Refunded,5
786,786,2026-01-13 00:57:51,2450.17,Amex,CARD-001457-2,RO,Successful,5
787,787,2026-03-12 05:11:17,1446.15,Visa,CARD-SHARED-088,IT,Successful,0
788,788,2026-07-13 16:36:49,2451.07,PayPal,CARD-000998-1,IT,Successful,0
789,789,2026-04-19 06:52:19,1609.93,Amex,CARD-001440-2,ES,Successful,8
790,790,2026-02-08 08:26:21,336.92,Amex,CARD-001999-2,US,Successful,0
791,791,2026-07-17 22:13:20,2237.83,Visa,CARD-FRAUD-013,GR,Successful,5
792,792,2025-01-16 10:59:59,674.62,Visa,CARD-001324-1,DE,Failed,0
793,793,2026-03-10 16:55:19,863.89,Visa,CARD-001261-1,AL,Successful,0
794,794,2025-02-07 11:03:23,986.81,PayPal,CARD-001479-1,AL,Successful,0
795,795,2025-12-21 23:54:24,1246.90,Amex,CARD-000106-2,FR,Successful,0
796,796,2025-01-18 15:17:03,1283.74,Mastercard,CARD-SHARED-035,IT,Successful,1
797,797,2025-10-09 23:34:56,239.44,Visa,CARD-001720-1,IT,Successful,0
798,798,2025-12-23 02:53:39,1955.75,PayPal,CARD-000291-2,DE,Successful,0
799,799,2025-01-14 18:37:48,886.52,PayPal,CARD-001777-2,ES,Successful,0
800,800,2025-03-17 19:19:46,857.81,Mastercard,CARD-001460-2,AE,Successful,0
801,801,2025-12-13 08:13:08,222.40,Amex,CARD-000742-1,DE,Successful,0
802,802,2025-05-18 23:51:22,2202.87,Amex,CARD-001208-2,NL,Successful,2
803,803,2026-02-27 07:03:37,351.09,Visa,CARD-001013-2,IT,Successful,0
804,804,2025-09-09 04:00:25,902.67,PayPal,CARD-001001-1,ES,Successful,0
805,805,2026-04-05 21:28:53,1370.51,Visa,CARD-001522-2,ES,Successful,1
806,806,2026-04-17 20:14:08,631.65,Amex,CARD-001926-1,NG,Successful,0
807,807,2026-01-16 07:20:58,870.58,Mastercard,CARD-000778-2,FR,Successful,3
808,808,2025-12-09 20:16:35,898.95,PayPal,CARD-001763-1,NL,Successful,0
809,809,2026-05-06 17:30:24,663.92,PayPal,CARD-001534-2,NG,Successful,0
810,810,2025-04-10 23:08:10,1235.16,Amex,CARD-000435-2,AL,Successful,0
811,811,2025-09-09 00:16:15,2587.15,Amex,CARD-001120-1,GR,Successful,0
812,812,2025-08-04 03:23:27,2252.89,Visa,CARD-000845-1,RO,Successful,0
813,813,2025-03-03 15:51:17,1173.11,Mastercard,CARD-000892-1,IT,Successful,0
814,814,2026-02-22 09:30:18,975.12,Amex,CARD-000338-2,RO,Successful,0
815,815,2026-01-25 00:36:46,419.73,Mastercard,CARD-001399-2,FR,Successful,0
816,816,2025-02-26 11:28:22,2103.11,Visa,CARD-001849-1,DE,Successful,0
817,817,2026-03-17 14:54:25,1392.62,Amex,CARD-000661-1,ES,Successful,0
818,818,2026-05-04 17:20:55,1298.32,Amex,CARD-001002-2,GR,Successful,0
819,819,2025-03-05 10:54:39,1085.55,Mastercard,CARD-001406-1,GB,Successful,0
820,820,2026-01-20 08:43:49,1056.99,PayPal,CARD-000015-1,NG,Failed,0
821,821,2025-09-04 16:02:20,1186.60,Visa,CARD-000219-1,NL,Refunded,0
822,822,2026-04-27 19:21:43,1160.27,Amex,CARD-000535-2,NG,Successful,0
823,823,2026-02-14 19:32:22,487.21,Visa,CARD-SHARED-037,DE,Successful,0
824,824,2026-05-31 09:51:57,2458.85,Amex,CARD-000903-2,FR,Successful,0
825,825,2026-02-11 23:48:02,1187.97,PayPal,CARD-000079-2,DE,Successful,1
826,826,2026-03-23 21:23:58,2137.50,Mastercard,CARD-SHARED-051,NG,Failed,0
827,827,2026-01-02 13:56:59,2093.61,PayPal,CARD-000315-2,AL,Successful,4
828,828,2026-02-13 01:21:37,1282.03,Visa,CARD-001709-1,AL,Successful,0
829,829,2025-05-15 20:38:51,1077.49,Mastercard,CARD-000640-1,GR,Successful,0
830,830,2026-07-05 02:05:41,968.03,Mastercard,CARD-001179-1,AL,Successful,1
831,831,2026-02-16 06:38:23,741.43,Mastercard,CARD-001001-2,NL,Successful,0
832,832,2026-01-15 19:21:05,1307.99,PayPal,CARD-000855-1,NL,Successful,1
833,833,2025-09-05 16:45:23,1110.44,PayPal,CARD-001340-1,US,Successful,0
834,834,2026-04-29 23:09:06,124.12,Mastercard,CARD-000483-1,NG,Failed,1
835,835,2026-01-21 14:00:41,1083.30,Visa,CARD-001192-2,DE,Successful,0
836,836,2025-06-03 13:08:52,931.36,Mastercard,CARD-SHARED-001,RO,Refunded,0
837,837,2026-03-29 21:57:45,230.24,Visa,CARD-001391-2,AL,Successful,1
838,838,2025-01-14 06:14:19,841.18,Mastercard,CARD-001328-1,AE,Successful,0
839,839,2025-08-20 20:57:04,199.52,PayPal,CARD-000038-2,GR,Successful,0
840,840,2026-04-06 14:45:52,2373.35,Mastercard,CARD-000131-2,IT,Successful,0
841,841,2025-08-17 08:32:27,2217.38,PayPal,CARD-000886-1,DE,Successful,5
842,842,2026-07-20 07:35:32,953.32,Visa,CARD-000264-2,AE,Successful,0
843,843,2026-01-24 22:46:38,1450.63,PayPal,CARD-001438-2,ES,Successful,0
844,844,2026-05-16 18:13:08,1019.81,PayPal,CARD-000258-2,FR,Successful,0
845,845,2025-09-19 12:29:05,1159.33,Amex,CARD-000154-2,IT,Successful,2
846,846,2026-07-18 01:01:20,552.92,Amex,CARD-001945-2,FR,Successful,0
847,847,2026-01-21 13:04:21,2031.88,Mastercard,CARD-SHARED-099,IT,Refunded,0
848,848,2025-10-07 19:34:47,179.32,Amex,CARD-SHARED-073,GB,Successful,0
849,849,2025-11-06 07:31:01,1128.90,Mastercard,CARD-SHARED-045,RO,Successful,0
850,850,2026-05-18 02:20:30,1082.37,Amex,CARD-000996-1,AL,Successful,1
851,851,2026-03-30 02:51:19,1350.93,Mastercard,CARD-000025-2,NG,Successful,0
852,852,2025-09-28 11:36:10,965.75,Mastercard,CARD-SHARED-085,ES,Successful,0
853,853,2026-05-28 23:56:32,1737.04,Amex,CARD-FRAUD-011,AE,Successful,0
854,854,2026-04-25 10:49:51,166.61,PayPal,CARD-000014-1,GR,Successful,3
855,855,2026-05-20 21:13:53,1724.91,Amex,CARD-000660-1,NG,Successful,0
856,856,2025-11-20 04:33:51,3013.28,Mastercard,CARD-000842-1,IT,Successful,4
857,857,2026-03-06 20:22:54,1326.26,Amex,CARD-000057-2,GB,Successful,0
858,858,2025-10-26 17:25:37,240.98,Visa,CARD-SHARED-045,US,Successful,4
859,859,2026-04-25 10:21:45,1493.36,Amex,CARD-001524-2,FR,Successful,4
860,860,2025-01-15 20:17:25,458.36,PayPal,CARD-000981-1,ES,Successful,0
861,861,2026-01-01 11:01:28,2057.86,PayPal,CARD-001427-1,AL,Successful,1
862,862,2026-01-12 02:07:33,339.64,Amex,CARD-001647-1,NL,Successful,0
863,863,2026-01-30 00:21:17,2535.90,Amex,CARD-001754-2,ES,Successful,0
864,864,2026-03-14 02:48:58,2175.41,Mastercard,CARD-FRAUD-002,GR,Successful,6
865,865,2026-04-20 06:47:41,1347.71,PayPal,CARD-SHARED-056,NG,Successful,0
866,866,2025-07-31 00:46:04,738.87,PayPal,CARD-000228-2,RO,Successful,0
867,867,2025-07-30 21:02:08,1474.48,Amex,CARD-001413-1,GB,Successful,5
868,868,2025-01-25 04:06:58,691.87,Amex,CARD-001107-2,IT,Failed,0
869,869,2025-04-23 04:55:59,1042.23,Mastercard,CARD-001156-2,ES,Successful,0
870,870,2026-05-05 00:15:14,468.27,PayPal,CARD-000886-1,DE,Successful,0
871,871,2026-03-27 05:47:37,3076.21,Visa,CARD-001324-1,AE,Successful,2
872,872,2025-08-04 20:58:06,1035.39,PayPal,CARD-000299-2,NG,Successful,0
873,873,2025-10-31 22:44:11,1263.00,PayPal,CARD-001223-2,RO,Successful,0
874,874,2026-06-20 05:37:33,182.82,Mastercard,CARD-000597-2,IT,Successful,0
875,875,2026-05-08 03:37:02,1320.02,Amex,CARD-001662-1,NL,Successful,4
876,876,2026-07-15 16:44:45,189.26,Mastercard,CARD-SHARED-041,AL,Failed,0
877,877,2026-02-12 21:47:15,512.44,Visa,CARD-000968-2,AE,Successful,0
878,878,2026-05-01 04:10:26,1124.63,Visa,CARD-SHARED-039,AE,Successful,2
879,879,2026-07-18 14:38:14,1664.85,Visa,CARD-SHARED-055,FR,Successful,0
880,880,2025-12-22 02:06:34,837.21,Mastercard,CARD-001784-2,FR,Successful,4
881,881,2026-01-12 22:15:51,1254.29,Mastercard,CARD-SHARED-088,AL,Successful,0
882,882,2026-05-27 05:28:55,1342.87,Mastercard,CARD-001688-2,FR,Successful,3
883,883,2026-01-10 00:55:43,1858.85,Visa,CARD-001897-2,FR,Failed,0
884,884,2026-05-02 11:07:22,71.87,PayPal,CARD-000462-1,AL,Successful,0
885,885,2026-06-10 21:27:22,849.40,Amex,CARD-001887-1,FR,Successful,1
886,886,2026-04-18 00:56:21,1897.59,Amex,CARD-SHARED-004,RO,Successful,1
887,887,2025-10-25 05:35:45,393.13,Mastercard,CARD-001607-1,NL,Successful,0
888,888,2026-05-12 00:31:46,1009.98,PayPal,CARD-001983-2,GR,Successful,2
889,889,2025-12-15 21:14:20,1168.21,PayPal,CARD-SHARED-040,GB,Successful,0
890,890,2026-06-14 07:12:47,112.22,Mastercard,CARD-001587-2,GR,Successful,2
891,891,2026-07-04 23:02:04,2497.57,PayPal,CARD-001749-2,FR,Successful,0
892,892,2026-03-22 11:11:48,833.06,PayPal,CARD-001129-1,IT,Successful,0
893,893,2026-01-30 04:44:45,988.01,Visa,CARD-SHARED-011,RO,Failed,1
894,894,2026-07-10 15:58:46,430.15,PayPal,CARD-SHARED-084,FR,Successful,0
895,895,2026-06-08 11:56:58,764.18,PayPal,CARD-001988-2,GR,Successful,1
896,896,2025-07-02 02:35:11,1028.74,PayPal,CARD-001059-2,US,Successful,2
897,897,2025-11-06 18:07:36,2404.11,Amex,CARD-001327-2,ES,Successful,0
898,898,2026-01-04 14:41:59,256.19,Mastercard,CARD-000197-1,RO,Successful,0
899,899,2025-04-04 01:19:22,2235.84,Amex,CARD-001859-2,US,Successful,0
900,900,2026-07-13 01:52:33,1268.20,Mastercard,CARD-000766-2,NL,Successful,0
901,901,2026-07-08 12:38:50,261.34,PayPal,CARD-000042-1,GR,Successful,0
902,902,2025-11-18 12:11:49,486.65,Visa,CARD-000045-1,ES,Successful,0
903,903,2026-03-11 17:09:58,1383.43,PayPal,CARD-001969-1,GB,Successful,0
904,904,2026-05-28 15:32:18,1167.71,Mastercard,CARD-000194-2,GB,Successful,0
905,905,2025-11-28 23:42:51,2345.89,Visa,CARD-000267-1,NL,Failed,0
906,906,2026-07-12 08:35:13,572.87,Amex,CARD-001521-2,ES,Successful,0
907,907,2025-04-21 16:23:14,1193.05,Visa,CARD-000104-2,NG,Successful,0
908,908,2026-07-18 00:33:36,1274.00,Mastercard,CARD-001179-1,AL,Successful,0
909,909,2026-07-12 01:31:35,1946.59,Visa,CARD-001992-2,IT,Successful,5
910,910,2025-05-29 17:45:21,256.60,Visa,CARD-001921-2,AE,Successful,4
911,911,2025-11-03 15:50:05,1106.19,Visa,CARD-001716-2,IT,Successful,0
912,912,2025-12-26 12:16:45,1178.95,PayPal,CARD-SHARED-054,IT,Successful,0
913,913,2025-09-11 10:36:59,958.74,PayPal,CARD-001179-1,AL,Successful,0
914,914,2025-01-10 11:45:51,699.15,Visa,CARD-SHARED-025,ES,Successful,0
915,915,2026-05-31 16:19:03,604.02,Visa,CARD-SHARED-084,NL,Successful,0
916,916,2025-09-27 14:50:26,1608.07,Visa,CARD-SHARED-091,FR,Successful,0
917,917,2025-01-24 03:38:45,562.49,PayPal,CARD-001141-2,GR,Successful,2
918,918,2026-01-29 16:52:35,941.72,PayPal,CARD-001905-1,ES,Successful,1
919,919,2026-04-21 22:22:05,435.92,Mastercard,CARD-000739-2,IT,Successful,0
920,920,2025-06-21 04:00:11,276.84,Visa,CARD-001470-2,NG,Successful,0
921,921,2025-05-20 13:57:46,1970.55,PayPal,CARD-000903-1,FR,Successful,0
922,922,2025-06-17 00:27:04,1319.53,Visa,CARD-001589-2,FR,Successful,0
923,923,2025-08-12 19:37:09,1394.34,PayPal,CARD-001652-2,ES,Successful,0
924,924,2026-03-29 05:21:00,2263.42,Visa,CARD-000299-1,NG,Successful,0
925,925,2025-06-08 17:14:42,1460.70,Mastercard,CARD-001873-2,ES,Successful,0
926,926,2026-03-18 08:38:12,1475.24,Mastercard,CARD-001827-1,US,Successful,0
927,927,2025-05-19 01:17:51,519.73,Mastercard,CARD-000632-1,NG,Successful,0
928,928,2025-06-01 09:14:49,322.40,PayPal,CARD-000037-1,IT,Successful,0
929,929,2025-06-10 15:15:15,1084.96,Visa,CARD-001968-1,NG,Successful,0
930,930,2025-04-27 09:07:40,203.42,Visa,CARD-001710-1,AE,Successful,0
931,931,2025-04-05 04:48:04,2413.40,Visa,CARD-001328-2,AE,Successful,5
932,932,2025-04-04 04:43:11,627.14,Visa,CARD-000704-1,AL,Successful,0
933,933,2026-05-02 11:28:51,1820.62,Visa,CARD-000583-2,GR,Successful,2
934,934,2026-07-14 08:30:21,2072.78,Amex,CARD-000846-1,AL,Successful,0
935,935,2025-05-27 04:30:35,336.47,Mastercard,CARD-000165-1,GB,Successful,0
936,936,2025-01-21 10:22:17,906.03,Visa,CARD-000212-2,GB,Successful,2
937,937,2025-05-13 12:54:24,2073.06,Mastercard,CARD-001811-2,ES,Successful,0
938,938,2025-03-23 06:01:59,2845.97,Visa,CARD-FRAUD-016,AE,Successful,8
939,939,2026-06-03 11:55:04,2261.01,PayPal,CARD-000425-2,US,Successful,0
940,940,2025-09-07 10:35:16,449.48,Mastercard,CARD-001567-2,US,Successful,0
941,941,2025-11-09 08:55:03,240.51,Amex,CARD-000154-1,US,Successful,0
942,942,2026-04-24 22:00:21,453.74,PayPal,CARD-000029-1,AE,Successful,0
943,943,2026-01-06 20:54:22,1229.67,Visa,CARD-000421-1,AL,Successful,0
944,944,2026-01-06 17:14:34,863.07,Mastercard,CARD-001486-2,NL,Successful,3
945,945,2026-05-22 03:55:19,1375.92,PayPal,CARD-000106-2,NL,Failed,0
946,946,2025-09-24 00:25:52,996.16,Mastercard,CARD-001371-1,IT,Successful,0
947,947,2025-07-14 17:32:57,2160.96,Mastercard,CARD-FRAUD-003,GB,Successful,3
948,948,2025-06-21 22:41:50,726.19,Amex,CARD-001898-1,AE,Successful,0
949,949,2026-07-12 22:27:40,465.23,Visa,CARD-001016-2,GR,Successful,0
950,950,2026-05-27 07:48:06,1374.66,Visa,CARD-001266-1,RO,Successful,0
951,951,2026-07-18 10:09:55,365.27,PayPal,CARD-001737-2,AE,Successful,3
952,952,2026-05-06 23:37:45,1267.66,Amex,CARD-000645-1,US,Refunded,5
953,953,2026-02-11 15:27:17,545.00,Visa,CARD-001836-1,AL,Successful,0
954,954,2025-08-26 12:42:41,267.36,Amex,CARD-SHARED-022,NG,Successful,0
955,955,2026-05-02 07:23:47,1287.43,PayPal,CARD-000084-2,NG,Refunded,0
956,956,2025-03-03 19:22:06,1183.85,PayPal,CARD-SHARED-021,FR,Successful,0
957,957,2026-03-19 18:59:04,754.39,PayPal,CARD-SHARED-093,FR,Successful,0
958,958,2026-01-05 03:23:12,1470.62,PayPal,CARD-001126-1,GB,Successful,0
959,959,2026-04-12 12:42:40,1425.52,PayPal,CARD-000442-2,NG,Successful,1
960,960,2026-04-21 10:37:54,273.51,Amex,CARD-SHARED-033,GB,Successful,0
961,961,2025-07-17 19:19:00,1380.57,Mastercard,CARD-000512-2,IT,Successful,0
962,962,2026-05-16 01:16:42,1233.45,Visa,CARD-001732-2,FR,Successful,1
963,963,2025-10-25 17:28:16,89.85,Mastercard,CARD-001723-1,ES,Successful,4
964,964,2026-02-03 11:18:59,233.65,Amex,CARD-001684-1,DE,Successful,0
965,965,2026-05-07 03:43:08,520.52,Mastercard,CARD-000284-1,NG,Failed,0
966,966,2026-07-01 09:20:29,1890.41,Amex,CARD-000338-1,RO,Successful,2
967,967,2026-01-30 16:18:38,2252.37,Amex,CARD-FRAUD-012,DE,Successful,4
968,968,2026-05-04 22:41:41,95.33,Visa,CARD-001756-2,US,Successful,0
969,969,2025-11-10 19:12:14,1337.05,PayPal,CARD-000094-2,US,Successful,0
970,970,2026-07-04 00:13:59,970.55,Visa,CARD-001988-2,DE,Refunded,1
971,971,2025-03-04 04:26:45,199.44,Mastercard,CARD-000792-2,ES,Successful,0
972,972,2026-04-14 05:29:04,1629.67,PayPal,CARD-001814-1,AE,Successful,3
973,973,2026-01-25 13:14:37,1261.01,Mastercard,CARD-001887-2,FR,Successful,5
974,974,2025-12-30 23:41:19,359.12,Mastercard,CARD-000805-1,ES,Successful,0
975,975,2026-05-10 23:36:40,1057.97,Visa,CARD-001134-1,AL,Refunded,1
976,976,2025-07-26 11:10:05,833.27,PayPal,CARD-000235-1,ES,Successful,0
977,977,2025-05-07 09:56:44,1000.01,Amex,CARD-000791-1,US,Successful,0
978,978,2025-03-13 01:11:42,1077.65,Visa,CARD-001438-1,ES,Successful,0
979,979,2026-04-28 20:21:07,1152.06,Mastercard,CARD-001911-2,AL,Successful,0
980,980,2026-06-30 08:47:55,2024.45,PayPal,CARD-000543-2,DE,Successful,0
981,981,2025-02-21 16:20:38,423.73,Amex,CARD-SHARED-081,IT,Successful,0
982,982,2025-05-04 01:41:50,2408.72,Amex,CARD-001790-2,AE,Successful,0
983,983,2025-02-27 02:01:38,1066.45,Mastercard,CARD-000973-1,GR,Successful,0
984,984,2026-04-26 14:25:21,1243.82,Visa,CARD-001158-2,DE,Successful,0
985,985,2026-02-22 22:38:41,1169.47,Mastercard,CARD-FRAUD-018,DE,Successful,8
986,986,2026-03-20 15:26:35,308.16,Amex,CARD-001391-2,AL,Successful,0
987,987,2026-07-14 03:14:13,445.18,Visa,CARD-SHARED-042,AL,Successful,0
988,988,2026-05-22 11:52:09,1379.59,Amex,CARD-SHARED-010,NG,Successful,0
989,989,2025-10-14 05:05:36,774.85,Amex,CARD-000815-1,NG,Successful,0
990,990,2025-06-13 22:40:58,337.56,Amex,CARD-001599-2,GR,Successful,2
991,991,2026-04-14 12:54:37,2362.84,PayPal,CARD-001099-1,GR,Successful,5
992,992,2025-09-27 13:29:55,532.67,Amex,CARD-000732-2,NG,Successful,0
993,993,2025-08-30 20:29:28,621.08,Visa,CARD-001432-1,AE,Successful,0
994,994,2025-12-24 21:46:51,1255.82,Mastercard,CARD-001606-2,AE,Successful,2
995,995,2026-02-24 04:10:11,661.98,Amex,CARD-SHARED-004,DE,Successful,0
996,996,2025-03-26 19:35:14,568.08,PayPal,CARD-000430-1,GR,Successful,0
997,997,2026-02-01 19:27:16,357.46,Amex,CARD-SHARED-068,IT,Successful,0
998,998,2025-09-14 22:11:37,1321.59,Visa,CARD-SHARED-017,NL,Successful,0
999,999,2025-04-30 10:26:23,1851.51,Mastercard,CARD-000964-1,DE,Successful,0
1000,1000,2025-10-15 21:14:50,289.84,Visa,CARD-001043-1,NG,Successful,0
1001,1001,2026-06-12 17:08:37,807.11,Visa,CARD-000845-2,RO,Successful,0
1002,1002,2025-03-20 05:45:42,416.07,Mastercard,CARD-001717-1,US,Successful,0
1003,1003,2025-06-29 18:28:04,1546.29,PayPal,CARD-FRAUD-011,AE,Successful,6
1004,1004,2026-04-08 23:53:28,588.59,Mastercard,CARD-001840-1,NL,Successful,1
1005,1005,2025-05-22 14:27:28,293.21,PayPal,CARD-001519-1,NG,Successful,0
1006,1006,2025-05-25 02:30:07,2128.46,Amex,CARD-FRAUD-014,NG,Successful,3
1007,1007,2025-01-17 19:21:39,1134.01,Amex,CARD-001249-1,ES,Successful,0
1008,1008,2026-05-21 23:01:45,2102.48,Visa,CARD-001543-1,US,Successful,2
1009,1009,2026-02-15 00:41:57,1193.13,Amex,CARD-001352-1,NG,Successful,0
1010,1010,2026-01-20 19:39:36,548.93,Visa,CARD-000546-1,GB,Successful,0
1011,1011,2025-01-29 11:26:48,1456.03,PayPal,CARD-SHARED-095,AE,Successful,0
1012,1012,2026-03-19 17:57:37,928.76,PayPal,CARD-SHARED-006,ES,Successful,4
1013,1013,2025-10-05 20:28:56,2074.63,Visa,CARD-001980-2,GR,Successful,0
1014,1014,2025-06-14 18:44:26,1446.82,Visa,CARD-000230-1,RO,Successful,4
1015,1015,2025-03-24 14:26:54,946.12,PayPal,CARD-001377-2,US,Successful,0
1016,1016,2026-07-14 10:51:55,343.97,PayPal,CARD-000527-2,AE,Successful,0
1017,1017,2026-03-11 13:36:00,720.93,Mastercard,CARD-000965-2,AE,Successful,0
1018,1018,2025-03-05 23:11:40,1452.07,Mastercard,CARD-000034-2,FR,Successful,0
1019,1019,2026-02-03 02:42:13,903.41,Visa,CARD-001083-1,NG,Successful,0
1020,1020,2026-01-28 06:02:10,1446.66,Visa,CARD-001210-1,NG,Successful,1
1021,1021,2026-03-14 16:20:36,1165.79,Visa,CARD-000572-2,FR,Successful,0
1022,1022,2025-09-10 10:20:00,1015.13,Mastercard,CARD-001628-2,GB,Successful,0
1023,1023,2025-12-27 10:20:54,1208.67,Mastercard,CARD-001182-2,IT,Successful,4
1024,1024,2025-08-16 12:18:39,501.95,Visa,CARD-000782-2,IT,Successful,0
1025,1025,2026-07-11 05:09:09,700.43,Amex,CARD-000459-2,RO,Successful,0
1026,1026,2026-05-22 17:36:12,3025.73,PayPal,CARD-FRAUD-003,GB,Successful,6
1027,1027,2026-03-23 01:04:22,1363.48,Visa,CARD-001805-2,GB,Successful,0
1028,1028,2025-10-19 10:42:58,170.66,Amex,CARD-000463-1,ES,Successful,0
1029,1029,2026-04-30 16:44:16,2355.03,PayPal,CARD-000916-2,RO,Successful,0
1030,1030,2025-11-19 22:05:59,1328.91,PayPal,CARD-000895-2,IT,Successful,0
1031,1031,2025-12-01 02:21:40,928.13,Mastercard,CARD-001047-2,ES,Successful,0
1032,1032,2026-05-16 21:20:10,388.31,Amex,CARD-001634-2,GB,Successful,0
1033,1033,2025-11-05 22:07:50,1468.18,Mastercard,CARD-001773-1,DE,Successful,2
1034,1034,2026-01-01 15:21:49,1351.81,Amex,CARD-001736-1,AL,Successful,0
1035,1035,2026-06-13 19:57:19,405.17,Mastercard,CARD-000134-1,AL,Successful,0
1036,1036,2025-12-15 04:30:03,885.65,Amex,CARD-001725-1,IT,Successful,0
1037,1037,2025-11-02 09:09:39,2122.37,Mastercard,CARD-SHARED-059,GR,Successful,3
1038,1038,2025-07-07 19:15:35,1676.55,Mastercard,CARD-001881-2,AE,Successful,0
1039,1039,2026-02-23 01:08:27,3054.54,Mastercard,CARD-FRAUD-014,RO,Successful,6
1040,1040,2026-04-24 10:56:32,198.01,Visa,CARD-000301-1,FR,Successful,0
1041,1041,2026-04-08 18:46:37,2477.65,Visa,CARD-001204-2,US,Successful,2
1042,1042,2025-03-21 12:10:33,3175.78,Amex,CARD-FRAUD-004,ES,Successful,5
1043,1043,2026-03-19 18:00:55,812.86,Visa,CARD-000052-2,AL,Successful,3
1044,1044,2025-10-26 05:08:18,871.09,Mastercard,CARD-000885-2,FR,Successful,0
1045,1045,2026-03-17 06:12:17,990.20,Visa,CARD-SHARED-087,FR,Successful,0
1046,1046,2025-07-08 02:54:30,1199.07,Visa,CARD-001540-2,AL,Successful,0
1047,1047,2026-07-04 21:51:46,1803.76,PayPal,CARD-000154-1,IT,Successful,0
1048,1048,2025-04-11 08:40:40,224.15,Amex,CARD-001355-1,AL,Successful,0
1049,1049,2026-05-21 06:58:59,853.60,Visa,CARD-000800-2,RO,Successful,2
1050,1050,2025-05-24 17:12:56,1259.90,Mastercard,CARD-001005-1,FR,Successful,0
1051,1051,2025-01-18 11:25:57,2522.10,Mastercard,CARD-000332-1,GR,Successful,0
1052,1052,2025-03-11 03:59:31,472.54,Amex,CARD-000450-1,DE,Successful,0
1053,1053,2025-10-05 09:28:03,995.94,Visa,CARD-001426-2,AE,Successful,0
1054,1054,2026-02-22 14:50:30,273.47,PayPal,CARD-001812-1,AE,Successful,0
1055,1055,2026-06-28 17:25:57,1201.49,Mastercard,CARD-SHARED-026,GB,Successful,4
1056,1056,2025-09-20 23:01:02,163.57,PayPal,CARD-SHARED-020,NG,Successful,0
1057,1057,2026-01-16 10:14:28,1246.97,Visa,CARD-001516-2,NL,Successful,0
1058,1058,2026-06-18 16:58:13,1223.43,PayPal,CARD-SHARED-040,NL,Successful,0
1059,1059,2026-05-13 14:59:36,439.16,Amex,CARD-001283-2,GB,Successful,0
1060,1060,2026-05-10 10:37:27,158.17,Mastercard,CARD-000086-2,ES,Successful,0
1061,1061,2026-03-24 08:00:22,391.78,Visa,CARD-FRAUD-009,US,Successful,1
1062,1062,2025-12-29 03:32:32,913.45,Mastercard,CARD-001427-1,AL,Successful,0
1063,1063,2026-03-19 12:57:26,3085.08,Mastercard,CARD-001869-2,AL,Successful,8
1064,1064,2025-12-24 04:23:32,638.07,Mastercard,CARD-000687-1,US,Successful,0
1065,1065,2025-02-26 14:20:00,1015.99,Mastercard,CARD-000779-2,GB,Successful,2
1066,1066,2026-04-02 04:31:39,335.99,Mastercard,CARD-SHARED-045,AL,Successful,0
1067,1067,2026-06-18 21:41:14,1945.74,Mastercard,CARD-001620-1,ES,Successful,0
1068,1068,2025-01-19 07:54:23,597.62,Visa,CARD-001061-2,IT,Successful,0
1069,1069,2026-05-07 15:06:29,1319.00,Visa,CARD-001404-1,GB,Successful,0
1070,1070,2025-01-24 22:30:40,445.50,Mastercard,CARD-001678-2,NL,Successful,0
1071,1071,2026-03-17 04:02:15,208.05,Amex,CARD-000381-2,NL,Failed,0
1072,1072,2025-08-25 18:31:56,2248.22,Amex,CARD-000810-1,AL,Successful,0
1073,1073,2025-02-17 17:25:46,462.60,Visa,CARD-000832-1,DE,Successful,0
1074,1074,2025-06-01 21:37:11,1204.57,Amex,CARD-000618-1,ES,Successful,0
1075,1075,2025-10-27 22:42:00,1446.18,PayPal,CARD-001377-1,US,Successful,2
1076,1076,2026-07-14 09:05:48,1400.67,Amex,CARD-SHARED-073,GB,Successful,0
1077,1077,2026-05-26 22:57:46,1610.51,Mastercard,CARD-000849-1,US,Successful,0
1078,1078,2025-05-12 19:31:54,1467.18,PayPal,CARD-000881-2,GB,Successful,1
1079,1079,2026-01-02 02:33:18,1359.78,PayPal,CARD-000230-2,GR,Successful,0
1080,1080,2026-04-25 19:37:52,378.93,Mastercard,CARD-000305-1,NL,Successful,0
1081,1081,2026-03-13 14:28:14,559.42,Amex,CARD-000238-2,DE,Successful,0
1082,1082,2026-05-31 15:59:14,273.78,PayPal,CARD-000823-2,AE,Successful,0
1083,1083,2025-06-27 10:55:22,2299.03,Amex,CARD-000348-1,RO,Successful,0
1084,1084,2025-02-12 13:57:29,413.87,Amex,CARD-001172-2,GR,Failed,0
1085,1085,2025-02-11 05:20:18,1545.26,Mastercard,CARD-001622-1,AE,Successful,0
1086,1086,2025-12-21 10:01:00,883.07,Visa,CARD-001641-1,RO,Successful,0
1087,1087,2026-07-15 00:14:09,1044.01,Amex,CARD-000554-2,GR,Successful,1
1088,1088,2026-01-08 06:01:24,948.65,Mastercard,CARD-000748-2,NG,Successful,2
1089,1089,2026-06-22 23:01:09,513.14,Visa,CARD-SHARED-014,GB,Successful,0
1090,1090,2026-02-16 15:21:13,368.38,Mastercard,CARD-001085-1,RO,Successful,4
1091,1091,2025-05-21 08:20:22,683.64,Mastercard,CARD-SHARED-027,US,Successful,0
1092,1092,2025-06-13 14:10:28,1193.35,Amex,CARD-001882-2,AL,Successful,2
1093,1093,2026-01-27 11:21:59,610.02,PayPal,CARD-001031-1,US,Successful,0
1094,1094,2025-06-24 03:40:05,1030.26,Mastercard,CARD-000378-2,US,Failed,0
1095,1095,2026-05-06 00:25:45,566.50,PayPal,CARD-001398-2,ES,Successful,1
1096,1096,2025-07-05 12:00:46,941.92,Mastercard,CARD-000867-2,AE,Successful,3
1097,1097,2026-02-03 23:41:53,651.70,Visa,CARD-SHARED-048,DE,Successful,0
1098,1098,2026-04-23 04:33:09,463.82,Mastercard,CARD-001757-2,GR,Successful,0
1099,1099,2026-06-29 12:10:27,991.71,Amex,CARD-SHARED-080,AE,Successful,0
1100,1100,2025-12-11 14:35:10,842.53,Amex,CARD-001424-1,NL,Successful,0
1101,1101,2025-12-09 21:33:41,1423.99,Amex,CARD-000994-1,GB,Successful,0
1102,1102,2026-03-07 09:12:57,2341.35,Amex,CARD-001441-1,GB,Successful,0
1103,1103,2025-05-02 03:21:38,667.97,Mastercard,CARD-001755-2,GB,Successful,0
1104,1104,2026-06-19 22:09:21,912.97,Visa,CARD-001883-2,FR,Successful,0
1105,1105,2025-03-20 08:45:55,671.10,Amex,CARD-000667-1,GR,Successful,0
1106,1106,2026-05-30 20:35:45,1493.98,PayPal,CARD-000994-1,DE,Successful,2
1107,1107,2026-04-08 17:53:04,966.00,Visa,CARD-000481-1,GB,Successful,1
1108,1108,2025-07-29 22:11:28,1340.10,Amex,CARD-001271-2,DE,Successful,0
1109,1109,2025-04-05 23:15:16,1450.11,Amex,CARD-001774-2,IT,Successful,0
1110,1110,2026-01-26 18:58:18,1163.52,PayPal,CARD-001166-1,GB,Successful,0
1111,1111,2025-10-17 06:45:58,737.02,Mastercard,CARD-000108-2,IT,Successful,0
1112,1112,2026-04-18 02:11:36,137.82,Visa,CARD-001864-2,NL,Successful,0
1113,1113,2026-07-16 08:13:47,1304.33,Mastercard,CARD-001141-2,GR,Successful,0
1114,1114,2026-05-30 10:13:32,249.60,PayPal,CARD-000524-2,IT,Refunded,0
1115,1115,2025-03-06 13:19:07,127.16,Amex,CARD-000988-1,RO,Successful,0
1116,1116,2026-05-21 03:50:55,1096.41,Visa,CARD-000055-2,DE,Successful,0
1117,1117,2025-09-04 13:32:45,2082.93,Mastercard,CARD-000372-2,RO,Successful,0
1118,1118,2026-07-20 10:25:05,1215.50,PayPal,CARD-SHARED-092,NG,Successful,0
1119,1119,2025-02-14 13:04:48,1431.78,Visa,CARD-SHARED-012,US,Successful,0
1120,1120,2026-02-09 11:20:57,742.56,Visa,CARD-001986-2,RO,Successful,5
1121,1121,2025-01-28 18:42:19,1346.37,Mastercard,CARD-SHARED-049,RO,Successful,0
1122,1122,2025-07-19 20:18:16,794.32,Visa,CARD-000781-1,GR,Successful,0
1123,1123,2025-12-15 14:35:27,234.86,Amex,CARD-000858-1,DE,Successful,0
1124,1124,2026-07-19 22:14:50,1553.19,Amex,CARD-FRAUD-006,DE,Successful,6
1125,1125,2025-11-13 03:47:15,238.68,Amex,CARD-001863-1,ES,Successful,1
1126,1126,2025-05-27 21:14:04,291.96,Mastercard,CARD-000121-2,AE,Failed,4
1127,1127,2026-01-10 07:45:38,503.37,Visa,CARD-SHARED-026,IT,Successful,0
1128,1128,2025-10-05 22:22:57,575.38,Mastercard,CARD-001083-2,NG,Successful,0
1129,1129,2026-06-08 03:24:22,1820.78,Mastercard,CARD-000814-2,DE,Successful,8
1130,1130,2025-12-02 10:47:54,1875.26,Visa,CARD-FRAUD-007,GR,Successful,2
1131,1131,2025-09-19 00:25:08,762.10,Visa,CARD-001001-1,ES,Successful,0
1132,1132,2025-05-30 08:26:33,850.80,Mastercard,CARD-001159-2,US,Failed,0
1133,1133,2026-07-06 07:48:32,2398.85,Mastercard,CARD-001685-1,ES,Successful,0
1134,1134,2026-06-22 10:23:28,1047.57,Mastercard,CARD-000144-2,GR,Successful,0
1135,1135,2025-11-08 23:07:25,1199.17,PayPal,CARD-SHARED-050,FR,Successful,5
1136,1136,2026-06-19 22:23:01,1139.63,PayPal,CARD-001449-2,DE,Successful,0
1137,1137,2025-07-30 10:49:22,2010.63,Amex,CARD-000659-2,NG,Successful,0
1138,1138,2025-10-02 08:02:14,647.12,PayPal,CARD-SHARED-050,GR,Successful,3
1139,1139,2026-05-19 22:51:53,692.97,Mastercard,CARD-SHARED-009,AE,Successful,1
1140,1140,2025-12-21 15:46:21,1535.18,Mastercard,CARD-000742-1,AE,Successful,0
1141,1141,2026-07-17 00:09:16,1213.35,PayPal,CARD-001461-1,GR,Successful,0
1142,1142,2026-06-18 12:10:18,3185.94,Mastercard,CARD-FRAUD-011,NL,Successful,8
1143,1143,2025-06-19 06:43:34,1841.38,Amex,CARD-000119-2,AL,Successful,0
1144,1144,2026-04-28 04:11:36,593.99,Amex,CARD-001485-1,IT,Successful,1
1145,1145,2025-11-16 06:48:42,2471.05,Amex,CARD-001047-2,ES,Successful,0
1146,1146,2025-09-03 15:20:25,665.52,PayPal,CARD-001227-1,IT,Successful,0
1147,1147,2026-07-20 18:01:27,1706.01,Mastercard,CARD-001171-2,GR,Successful,0
1148,1148,2026-06-26 15:24:03,2813.71,Mastercard,CARD-FRAUD-004,NG,Successful,6
1149,1149,2025-10-07 13:03:10,469.64,PayPal,CARD-000639-1,FR,Successful,0
1150,1150,2026-03-08 19:29:19,2481.58,PayPal,CARD-000202-1,IT,Successful,0
1151,1151,2025-09-30 13:22:08,1056.18,PayPal,CARD-000566-2,FR,Successful,0
1152,1152,2026-06-15 14:50:07,2252.17,PayPal,CARD-FRAUD-025,GB,Successful,1
1153,1153,2026-01-17 11:14:20,1077.69,PayPal,CARD-SHARED-065,AL,Successful,1
1154,1154,2025-11-26 07:08:00,431.88,PayPal,CARD-SHARED-009,AE,Successful,0
1155,1155,2025-11-06 13:47:01,2064.00,Mastercard,CARD-001632-2,US,Successful,0
1156,1156,2026-02-06 02:47:06,1022.99,PayPal,CARD-001930-1,IT,Successful,1
1157,1157,2025-02-22 12:24:57,893.43,Mastercard,CARD-001092-2,AE,Successful,0
1158,1158,2025-11-07 20:44:14,330.77,PayPal,CARD-000044-2,GB,Successful,1
1159,1159,2025-06-23 14:14:57,460.43,Amex,CARD-000957-2,RO,Successful,2
1160,1160,2026-02-07 19:35:05,1345.89,PayPal,CARD-SHARED-046,AE,Successful,0
1161,1161,2026-04-25 20:22:12,1334.12,Amex,CARD-001578-2,GB,Successful,0
1162,1162,2025-06-12 00:53:47,522.75,Amex,CARD-000408-2,FR,Successful,0
1163,1163,2026-06-04 20:53:56,745.26,Visa,CARD-FRAUD-012,US,Successful,4
1164,1164,2026-02-06 12:29:50,167.12,Visa,CARD-001162-2,DE,Successful,0
1165,1165,2026-07-19 11:47:26,79.69,Amex,CARD-001898-1,IT,Successful,0
1166,1166,2026-01-05 22:53:58,1394.32,PayPal,CARD-SHARED-025,RO,Successful,0
1167,1167,2025-06-20 06:26:32,2496.87,PayPal,CARD-000224-1,ES,Successful,0
1168,1168,2025-02-11 06:34:26,1048.29,Amex,CARD-SHARED-062,RO,Failed,0
1169,1169,2026-04-07 07:28:53,120.78,Amex,CARD-001348-2,US,Successful,0
1170,1170,2025-11-29 08:19:10,454.94,Visa,CARD-001710-1,AE,Successful,0
1171,1171,2025-09-28 16:39:01,956.83,PayPal,CARD-001184-2,AL,Successful,0
1172,1172,2026-01-14 08:21:51,912.78,Mastercard,CARD-000214-1,AE,Successful,0
1173,1173,2026-05-17 11:07:56,535.03,Amex,CARD-000780-1,GB,Failed,0
1174,1174,2025-10-18 18:12:45,497.40,Visa,CARD-001176-2,US,Successful,0
1175,1175,2025-01-14 14:00:35,556.41,PayPal,CARD-001901-1,GR,Successful,0
1176,1176,2025-07-08 04:56:38,134.08,PayPal,CARD-001703-2,NG,Successful,0
1177,1177,2026-03-27 09:43:32,1291.25,Amex,CARD-000235-1,ES,Failed,0
1178,1178,2026-02-22 16:52:54,499.57,Mastercard,CARD-000385-1,NL,Successful,0
1179,1179,2026-02-03 20:34:25,1192.00,Amex,CARD-001010-2,ES,Successful,0
1180,1180,2025-10-01 09:15:53,479.45,Visa,CARD-000132-1,DE,Successful,1
1181,1181,2025-07-21 11:02:08,654.87,Visa,CARD-000728-2,NL,Successful,0
1182,1182,2025-05-19 17:43:24,1365.20,PayPal,CARD-000427-1,AE,Successful,0
1183,1183,2026-03-11 08:09:50,300.99,PayPal,CARD-001924-1,DE,Successful,1
1184,1184,2026-03-13 16:54:25,537.10,Amex,CARD-000187-1,ES,Successful,1
1185,1185,2025-10-10 11:15:14,181.71,Amex,CARD-001504-1,AL,Successful,0
1186,1186,2026-03-02 19:25:52,2565.83,Amex,CARD-SHARED-074,GB,Successful,5
1187,1187,2026-01-04 19:08:41,1456.52,Mastercard,CARD-001382-2,ES,Successful,1
1188,1188,2026-05-23 16:02:54,552.17,Visa,CARD-000486-1,RO,Successful,0
1189,1189,2025-09-05 02:57:02,997.98,Mastercard,CARD-001406-1,GB,Successful,0
1190,1190,2026-03-30 15:31:13,1365.02,Visa,CARD-000912-2,AL,Successful,3
1191,1191,2026-07-06 01:53:47,1941.03,PayPal,CARD-001759-1,NL,Successful,1
1192,1192,2025-12-03 11:49:10,1058.98,Amex,CARD-000014-1,DE,Failed,0
1193,1193,2025-04-08 09:08:15,357.24,PayPal,CARD-000710-2,GR,Failed,1
1194,1194,2026-07-14 07:27:12,1255.87,Visa,CARD-001644-2,FR,Successful,5
1195,1195,2025-09-11 10:24:23,1240.53,PayPal,CARD-001943-2,RO,Successful,0
1196,1196,2025-02-25 07:07:29,1733.83,Mastercard,CARD-001676-2,GR,Successful,0
1197,1197,2026-06-27 17:37:23,1487.40,PayPal,CARD-000217-1,IT,Refunded,0
1198,1198,2025-06-03 18:08:31,103.19,Amex,CARD-000555-1,FR,Successful,0
1199,1199,2026-06-29 07:05:08,426.08,Amex,CARD-000155-2,NL,Successful,0
1200,1200,2025-08-15 12:48:15,402.45,Mastercard,CARD-001770-2,AE,Successful,0
1201,1201,2025-07-27 03:16:40,656.66,Visa,CARD-SHARED-008,NG,Successful,0
1202,1202,2025-01-12 10:55:04,838.59,Visa,CARD-001213-2,ES,Successful,0
1203,1203,2026-05-31 15:15:10,1486.67,PayPal,CARD-000026-2,IT,Successful,0
1204,1204,2026-04-15 15:55:36,584.01,Amex,CARD-SHARED-004,IT,Successful,3
1205,1205,2025-06-25 19:04:26,149.67,Amex,CARD-SHARED-029,AE,Successful,0
1206,1206,2025-03-19 13:47:55,893.05,Visa,CARD-SHARED-040,ES,Successful,0
1207,1207,2026-04-04 18:40:40,2530.92,PayPal,CARD-000939-1,US,Successful,5
1208,1208,2026-04-18 17:33:41,667.02,Visa,CARD-001052-1,FR,Successful,0
1209,1209,2026-05-25 07:17:44,1834.44,Visa,CARD-001345-1,GR,Successful,0
1210,1210,2026-01-04 22:56:56,724.04,Amex,CARD-001376-1,RO,Successful,0
1211,1211,2026-07-20 21:22:55,1443.17,Mastercard,CARD-001114-2,NG,Successful,1
1212,1212,2026-06-15 11:14:07,1017.71,PayPal,CARD-001630-2,IT,Successful,0
1213,1213,2026-06-24 21:22:45,1395.59,PayPal,CARD-000156-2,AL,Successful,0
1214,1214,2026-04-04 12:39:17,1540.75,PayPal,CARD-001763-2,GR,Successful,5
1215,1215,2026-06-01 13:18:40,379.44,Amex,CARD-001980-2,ES,Successful,0
1216,1216,2025-12-06 14:23:23,1141.49,PayPal,CARD-000586-1,RO,Successful,0
1217,1217,2026-01-12 21:15:34,1181.13,Mastercard,CARD-001363-1,NL,Successful,0
1218,1218,2026-04-03 08:07:27,192.74,Visa,CARD-001478-2,US,Successful,3
1219,1219,2025-12-26 22:27:36,604.53,Visa,CARD-000160-1,GB,Successful,0
1220,1220,2026-03-24 15:45:45,1289.87,Visa,CARD-001093-1,US,Refunded,0
1221,1221,2025-09-03 04:06:09,747.61,Mastercard,CARD-000929-2,NL,Successful,0
1222,1222,2026-05-26 09:31:38,913.47,Visa,CARD-000831-1,DE,Successful,2
1223,1223,2025-07-01 11:23:19,992.32,Visa,CARD-001540-2,AL,Successful,0
1224,1224,2025-07-07 21:51:20,480.03,PayPal,CARD-000975-1,AE,Successful,0
1225,1225,2026-03-29 13:02:11,282.23,PayPal,CARD-000569-1,NG,Successful,0
1226,1226,2025-12-07 07:06:42,604.25,Mastercard,CARD-001234-1,GB,Successful,2
1227,1227,2025-05-26 11:57:42,625.69,Visa,CARD-000071-1,ES,Successful,0
1228,1228,2026-03-12 10:21:04,1331.34,Visa,CARD-000055-1,DE,Successful,0
1229,1229,2025-01-13 01:12:58,836.72,Visa,CARD-001740-2,AL,Successful,0
1230,1230,2025-05-07 08:50:49,1063.15,Amex,CARD-000409-2,GR,Successful,1
1231,1231,2025-07-06 14:44:22,327.85,PayPal,CARD-000973-1,GR,Successful,0
1232,1232,2026-02-16 09:55:55,453.16,Visa,CARD-000252-2,FR,Successful,0
1233,1233,2026-02-22 11:48:42,1403.01,Visa,CARD-001363-2,NL,Successful,0
1234,1234,2025-12-20 04:17:43,332.71,Visa,CARD-000823-2,AE,Successful,0
1235,1235,2026-03-08 23:05:31,1595.65,Visa,CARD-001510-1,FR,Successful,4
1236,1236,2026-03-18 00:30:53,553.48,Amex,CARD-SHARED-090,NL,Successful,0
1237,1237,2025-05-08 01:30:13,369.67,Amex,CARD-001485-1,IT,Successful,5
1238,1238,2025-02-21 07:23:30,1490.98,Visa,CARD-SHARED-008,IT,Successful,5
1239,1239,2026-03-10 20:39:58,736.02,Amex,CARD-001304-2,NL,Successful,0
1240,1240,2025-04-12 23:49:19,243.32,PayPal,CARD-001819-2,DE,Successful,0
1241,1241,2026-05-31 10:41:01,829.51,Amex,CARD-FRAUD-024,GB,Successful,4
1242,1242,2026-02-28 00:39:52,645.37,PayPal,CARD-001321-1,IT,Successful,0
1243,1243,2026-05-19 15:30:57,1107.92,Amex,CARD-001487-1,US,Successful,0
1244,1244,2026-06-24 03:16:04,85.48,Mastercard,CARD-001597-2,DE,Successful,0
1245,1245,2026-03-30 08:15:54,1488.11,Visa,CARD-001913-1,US,Successful,0
1246,1246,2026-05-04 08:44:06,194.50,Visa,CARD-000154-2,IT,Successful,0
1247,1247,2026-01-13 01:29:58,367.18,Amex,CARD-000983-1,GB,Successful,4
1248,1248,2025-11-10 19:38:57,2001.34,Amex,CARD-001305-2,FR,Successful,4
1249,1249,2025-11-29 19:46:36,2263.81,PayPal,CARD-001132-1,ES,Successful,0
1250,1250,2026-03-22 03:10:45,192.01,Amex,CARD-001465-1,FR,Successful,0
1251,1251,2025-11-30 07:13:00,839.17,Mastercard,CARD-001549-2,FR,Successful,5
1252,1252,2026-02-03 00:42:09,218.66,Visa,CARD-000805-2,ES,Successful,0
1253,1253,2025-09-07 21:44:30,897.43,PayPal,CARD-001416-2,DE,Failed,0
1254,1254,2026-06-04 11:27:44,564.83,Amex,CARD-000660-2,GB,Successful,0
1255,1255,2026-05-17 10:13:04,314.43,Mastercard,CARD-001749-2,GB,Successful,3
1256,1256,2026-05-17 01:12:12,1356.47,Visa,CARD-000740-2,GR,Successful,0
1257,1257,2026-07-17 01:30:53,1919.35,Visa,CARD-000101-1,GB,Successful,1
1258,1258,2025-11-12 03:57:54,424.54,Visa,CARD-000481-2,NG,Successful,0
1259,1259,2026-01-12 15:19:53,1029.57,Visa,CARD-000664-1,ES,Successful,0
1260,1260,2025-07-31 08:10:11,606.42,Mastercard,CARD-001330-2,RO,Successful,4
1261,1261,2025-12-16 00:21:52,879.99,PayPal,CARD-000541-2,GR,Successful,3
1262,1262,2025-06-15 20:17:47,832.85,Visa,CARD-001314-1,AE,Successful,0
1263,1263,2025-12-01 11:42:22,1913.06,Amex,CARD-001939-2,IT,Successful,5
1264,1264,2025-09-25 18:43:41,804.46,Mastercard,CARD-000218-1,AE,Successful,0
1265,1265,2025-05-09 11:40:09,1331.37,Amex,CARD-000239-2,AE,Successful,0
1266,1266,2025-02-19 12:45:32,2429.56,PayPal,CARD-SHARED-039,RO,Successful,0
1267,1267,2025-04-28 20:50:43,90.16,Mastercard,CARD-001437-2,US,Successful,0
1268,1268,2026-07-13 10:07:52,1487.27,Visa,CARD-001506-2,NG,Successful,0
1269,1269,2025-06-16 02:12:38,1366.25,Mastercard,CARD-000263-2,RO,Successful,4
1270,1270,2026-01-31 16:19:18,589.93,Amex,CARD-SHARED-017,NG,Successful,0
1271,1271,2025-10-13 14:06:09,342.13,Mastercard,CARD-001544-2,NG,Successful,0
1272,1272,2025-12-12 03:34:10,1227.75,PayPal,CARD-001295-1,ES,Failed,0
1273,1273,2026-04-07 16:17:52,1068.02,Amex,CARD-000879-1,US,Successful,3
1274,1274,2025-04-16 05:09:35,889.81,Amex,CARD-000372-1,DE,Refunded,0
1275,1275,2026-03-29 00:42:38,650.47,Amex,CARD-000536-1,IT,Successful,0
1276,1276,2026-07-13 17:55:38,149.25,Amex,CARD-001522-2,DE,Successful,3
1277,1277,2025-06-19 03:08:15,728.57,Visa,CARD-001367-1,ES,Successful,5
1278,1278,2026-06-30 16:48:24,589.08,Visa,CARD-000622-2,NL,Successful,0
1279,1279,2026-07-12 07:53:05,1785.55,Mastercard,CARD-SHARED-017,NL,Successful,0
1280,1280,2025-02-23 16:00:58,1188.30,Amex,CARD-000633-1,GR,Successful,0
1281,1281,2026-05-02 16:23:02,430.80,Visa,CARD-SHARED-061,NG,Failed,0
1282,1282,2026-01-19 12:54:54,1471.40,Mastercard,CARD-001430-2,DE,Successful,0
1283,1283,2026-07-11 05:24:51,477.40,Mastercard,CARD-000820-2,IT,Successful,0
1284,1284,2026-03-12 16:51:48,1788.84,Amex,CARD-000971-1,ES,Successful,0
1285,1285,2025-04-14 22:19:45,972.96,Mastercard,CARD-000329-2,GR,Successful,0
1286,1286,2026-07-10 02:37:48,1252.23,Mastercard,CARD-SHARED-052,FR,Successful,0
1287,1287,2026-03-09 09:17:46,1794.73,Visa,CARD-001915-2,ES,Successful,0
1288,1288,2026-06-06 10:28:41,655.49,PayPal,CARD-001319-1,DE,Successful,0
1289,1289,2026-07-09 14:19:08,1721.24,Visa,CARD-000096-2,AL,Failed,2
1290,1290,2026-01-17 00:41:01,981.71,Mastercard,CARD-000481-1,NG,Successful,0
1291,1291,2025-09-21 15:05:38,99.84,Visa,CARD-000248-1,GB,Successful,0
1292,1292,2026-07-19 21:44:48,2142.07,Mastercard,CARD-001924-1,DE,Successful,0
1293,1293,2025-07-24 13:31:42,1009.75,Mastercard,CARD-001009-1,US,Successful,1
1294,1294,2026-06-05 13:02:30,1442.76,PayPal,CARD-FRAUD-016,GR,Successful,2
1295,1295,2026-04-22 16:19:14,259.82,PayPal,CARD-001634-1,GB,Successful,0
1296,1296,2026-03-05 04:03:30,442.14,Mastercard,CARD-001823-1,IT,Successful,0
1297,1297,2025-08-24 01:45:28,3155.12,Visa,CARD-FRAUD-008,FR,Successful,2
1298,1298,2025-07-14 06:59:26,1320.03,Mastercard,CARD-000468-2,GR,Successful,0
1299,1299,2025-12-13 03:43:32,241.48,Visa,CARD-001735-2,AL,Successful,0
1300,1300,2025-10-17 04:52:10,1431.41,PayPal,CARD-001416-2,DE,Successful,2
1301,1301,2025-11-03 02:04:11,699.29,PayPal,CARD-001952-2,NG,Successful,0
1302,1302,2025-04-01 19:29:54,293.61,Amex,CARD-000485-1,ES,Successful,0
1303,1303,2025-09-18 23:12:11,1375.60,PayPal,CARD-001575-2,FR,Successful,0
1304,1304,2025-07-03 14:13:06,1630.39,PayPal,CARD-FRAUD-002,RO,Successful,0
1305,1305,2026-07-17 07:01:29,1066.23,PayPal,CARD-000058-1,GB,Successful,4
1306,1306,2025-10-23 18:41:43,1456.92,Mastercard,CARD-001220-2,US,Successful,0
1307,1307,2026-07-08 23:35:36,2500.16,Mastercard,CARD-001609-2,ES,Successful,0
1308,1308,2025-03-04 12:29:50,1968.83,Amex,CARD-001831-2,NG,Successful,0
1309,1309,2026-04-20 22:14:46,2411.64,Visa,CARD-000164-1,AE,Successful,0
1310,1310,2025-11-19 17:56:13,570.32,Amex,CARD-000388-2,GR,Successful,2
1311,1311,2026-05-25 10:24:37,1086.68,PayPal,CARD-000213-2,DE,Failed,0
1312,1312,2025-11-05 05:25:08,1124.07,PayPal,CARD-000048-1,FR,Successful,0
1313,1313,2025-10-13 09:56:32,1549.60,Amex,CARD-001684-2,DE,Refunded,0
1314,1314,2026-03-06 04:46:39,1214.86,Mastercard,CARD-001047-2,ES,Successful,0
1315,1315,2025-01-25 03:49:33,1207.71,Visa,CARD-001149-2,FR,Successful,0
1316,1316,2026-07-13 16:18:23,634.64,Mastercard,CARD-000321-1,RO,Successful,0
1317,1317,2025-01-08 09:41:23,1645.23,PayPal,CARD-000663-1,DE,Successful,0
1318,1318,2025-11-17 06:09:57,718.60,Visa,CARD-001404-2,GB,Failed,0
1319,1319,2026-03-21 13:41:48,767.37,Visa,CARD-000172-1,GB,Successful,2
1320,1320,2026-05-09 15:31:22,1947.97,Amex,CARD-001880-2,GB,Successful,0
1321,1321,2025-10-23 01:48:55,272.52,Mastercard,CARD-001707-2,ES,Successful,0
1322,1322,2025-05-13 02:55:20,727.41,Visa,CARD-001798-1,US,Successful,0
1323,1323,2025-08-18 05:54:19,1063.34,Visa,CARD-000670-1,IT,Successful,5
1324,1324,2025-05-24 17:58:35,572.53,Amex,CARD-000720-1,AE,Successful,0
1325,1325,2025-05-16 16:31:22,940.38,PayPal,CARD-000728-2,NL,Successful,0
1326,1326,2026-05-06 16:00:19,999.11,Mastercard,CARD-000410-1,NG,Successful,1
1327,1327,2025-09-01 07:18:51,2522.67,PayPal,CARD-000943-1,AL,Successful,0
1328,1328,2026-05-20 12:25:49,2789.16,PayPal,CARD-FRAUD-004,AE,Successful,5
1329,1329,2025-07-16 09:43:36,1258.62,Mastercard,CARD-001601-1,GR,Successful,0
1330,1330,2025-12-24 06:37:00,1617.26,Amex,CARD-001889-2,US,Successful,0
1331,1331,2026-05-05 06:58:08,1055.94,Visa,CARD-000267-1,NG,Successful,0
1332,1332,2025-09-29 18:53:26,1108.42,Amex,CARD-000260-2,ES,Successful,0
1333,1333,2026-06-03 21:01:53,1495.16,Mastercard,CARD-001063-2,NG,Successful,0
1334,1334,2026-03-04 08:22:55,776.08,Mastercard,CARD-000450-1,IT,Successful,0
1335,1335,2026-07-19 12:32:13,116.99,PayPal,CARD-000764-2,NG,Successful,3
1336,1336,2025-10-30 19:53:37,520.49,Amex,CARD-001222-1,AE,Successful,1
1337,1337,2025-04-19 13:18:47,456.21,PayPal,CARD-000534-2,DE,Successful,0
1338,1338,2026-06-22 19:02:25,1334.90,Amex,CARD-000686-2,FR,Successful,0
1339,1339,2025-06-08 23:46:02,305.80,Amex,CARD-001191-2,FR,Successful,0
1340,1340,2025-03-17 10:38:35,233.82,Amex,CARD-SHARED-092,US,Successful,0
1341,1341,2025-03-04 01:25:23,513.41,Visa,CARD-000800-1,RO,Successful,0
1342,1342,2025-04-28 01:14:09,1005.67,Amex,CARD-001766-1,FR,Successful,0
1343,1343,2026-01-26 11:38:36,1017.18,Mastercard,CARD-001092-1,AE,Successful,0
1344,1344,2025-06-18 14:24:31,1117.19,Amex,CARD-000886-1,DE,Successful,0
1345,1345,2025-06-17 06:54:58,628.37,PayPal,CARD-SHARED-070,GB,Successful,5
1346,1346,2025-11-25 05:07:25,1776.47,Amex,CARD-001958-1,GB,Refunded,0
1347,1347,2026-03-20 07:16:28,501.90,Mastercard,CARD-001536-1,GR,Successful,0
1348,1348,2026-01-19 04:50:22,1340.26,PayPal,CARD-SHARED-011,AE,Successful,5
1349,1349,2025-07-02 16:01:41,1261.36,Amex,CARD-SHARED-037,GR,Successful,0
1350,1350,2025-07-11 07:50:05,869.59,Amex,CARD-001331-1,ES,Successful,0
1351,1351,2025-03-13 13:11:45,445.72,Mastercard,CARD-SHARED-078,FR,Successful,0
1352,1352,2025-12-25 15:40:19,1051.53,Mastercard,CARD-001742-2,RO,Successful,0
1353,1353,2025-09-25 06:20:20,137.64,Visa,CARD-000308-1,GR,Successful,0
1354,1354,2026-06-13 10:51:46,1379.68,Mastercard,CARD-001517-2,NG,Successful,0
1355,1355,2025-01-19 05:50:07,188.15,Mastercard,CARD-001648-1,NL,Refunded,0
1356,1356,2026-01-26 16:43:50,1019.31,Amex,CARD-001445-1,IT,Successful,0
1357,1357,2026-03-19 06:32:29,703.37,Amex,CARD-000130-2,AL,Successful,0
1358,1358,2026-05-21 16:59:12,1435.56,PayPal,CARD-000922-2,AL,Successful,0
1359,1359,2026-06-26 12:22:46,937.22,Visa,CARD-001750-2,IT,Successful,0
1360,1360,2026-03-12 11:06:37,2238.07,Mastercard,CARD-000298-1,RO,Successful,0
1361,1361,2025-08-10 17:22:42,337.09,Visa,CARD-001793-1,ES,Successful,0
1362,1362,2025-03-28 12:38:50,274.03,Mastercard,CARD-000423-1,NG,Successful,3
1363,1363,2026-02-04 20:15:40,824.86,Amex,CARD-SHARED-042,GB,Successful,0
1364,1364,2025-05-18 15:33:55,388.55,Mastercard,CARD-000910-2,AE,Successful,0
1365,1365,2026-04-08 02:02:49,767.46,Amex,CARD-000483-1,NG,Failed,0
1366,1366,2025-02-15 16:27:39,1148.79,PayPal,CARD-SHARED-083,FR,Refunded,0
1367,1367,2026-01-13 19:29:13,802.36,PayPal,CARD-001440-2,AL,Successful,0
1368,1368,2025-07-09 11:56:41,152.87,Amex,CARD-000808-2,GR,Successful,0
1369,1369,2026-06-17 21:10:11,946.05,PayPal,CARD-001718-2,RO,Successful,0
1370,1370,2026-03-13 11:38:22,2310.04,PayPal,CARD-SHARED-034,IT,Successful,0
1371,1371,2026-02-17 04:01:43,378.87,PayPal,CARD-001208-2,RO,Successful,0
1372,1372,2026-06-17 12:01:57,373.23,Visa,CARD-000724-2,GR,Successful,1
1373,1373,2026-07-09 23:54:12,621.14,Mastercard,CARD-SHARED-002,NL,Successful,0
1374,1374,2026-07-18 22:23:09,2068.14,PayPal,CARD-001488-1,GR,Failed,0
1375,1375,2025-11-10 08:26:54,496.85,Mastercard,CARD-001740-1,AE,Successful,0
1376,1376,2025-07-28 01:39:01,1222.46,PayPal,CARD-SHARED-078,ES,Successful,0
1377,1377,2025-07-26 09:32:31,1054.48,Visa,CARD-000367-2,GR,Refunded,0
1378,1378,2025-11-24 15:16:43,107.32,Mastercard,CARD-000452-2,DE,Failed,1
1379,1379,2026-04-29 01:19:25,903.08,Visa,CARD-001183-2,ES,Successful,0
1380,1380,2026-06-06 09:20:39,1097.34,Amex,CARD-001970-2,AL,Successful,0
1381,1381,2026-05-30 08:48:19,858.22,PayPal,CARD-001909-1,RO,Successful,0
1382,1382,2025-09-16 22:32:15,341.34,Visa,CARD-000224-2,ES,Successful,4
1383,1383,2026-03-31 17:08:39,628.75,Mastercard,CARD-000254-1,ES,Successful,0
1384,1384,2026-01-04 21:42:42,1070.48,Amex,CARD-001800-2,ES,Successful,2
1385,1385,2025-01-31 18:20:14,677.53,Amex,CARD-000778-2,NL,Successful,0
1386,1386,2026-01-02 13:41:39,703.95,Amex,CARD-000801-1,RO,Successful,4
1387,1387,2026-01-04 23:49:57,896.70,Visa,CARD-001124-2,AE,Successful,0
1388,1388,2025-10-28 21:19:11,563.95,Amex,CARD-000416-2,NL,Successful,0
1389,1389,2026-05-21 22:38:16,1145.46,Amex,CARD-000617-2,NG,Successful,5
1390,1390,2026-03-11 22:57:27,1543.70,Amex,CARD-SHARED-010,DE,Successful,1
1391,1391,2025-11-26 23:40:50,489.35,Visa,CARD-001099-1,GR,Successful,2
1392,1392,2026-07-19 07:58:12,547.07,Mastercard,CARD-000625-2,ES,Successful,5
1393,1393,2026-03-24 21:57:02,1903.05,Mastercard,CARD-000307-1,ES,Failed,0
1394,1394,2025-08-21 19:21:26,450.61,Amex,CARD-000098-1,GR,Successful,0
1395,1395,2025-05-17 21:33:49,515.70,Amex,CARD-001581-1,GB,Successful,0
1396,1396,2026-02-19 07:10:16,1447.20,Mastercard,CARD-001130-2,AE,Successful,0
1397,1397,2025-04-18 14:01:27,345.95,Mastercard,CARD-SHARED-061,GB,Successful,2
1398,1398,2026-02-12 19:01:49,125.87,Mastercard,CARD-000746-1,GR,Successful,0
1399,1399,2026-06-01 00:35:04,940.63,Mastercard,CARD-000825-2,NG,Successful,0
1400,1400,2025-06-21 05:00:55,983.61,Amex,CARD-001143-1,RO,Failed,0
1401,1401,2026-06-22 01:44:34,848.64,Visa,CARD-001011-1,GB,Successful,0
1402,1402,2026-03-04 01:45:56,850.37,Mastercard,CARD-001337-1,NL,Successful,0
1403,1403,2025-01-17 13:52:10,300.27,Visa,CARD-001329-2,GB,Successful,2
1404,1404,2026-02-21 18:00:59,474.62,PayPal,CARD-000995-1,ES,Successful,0
1405,1405,2025-04-09 02:52:57,865.00,PayPal,CARD-001545-2,IT,Successful,0
1406,1406,2026-05-07 20:42:01,356.10,Amex,CARD-000806-2,IT,Successful,4
1407,1407,2025-06-13 19:16:31,1916.42,PayPal,CARD-000006-2,NL,Successful,0
1408,1408,2026-05-23 22:32:36,932.93,Mastercard,CARD-001040-1,US,Successful,0
1409,1409,2025-08-10 03:18:28,826.89,Amex,CARD-001175-2,NG,Successful,4
1410,1410,2026-07-13 06:28:29,2340.44,Visa,CARD-001384-2,DE,Successful,0
1411,1411,2025-03-09 23:44:02,1172.96,Visa,CARD-000068-2,FR,Successful,0
1412,1412,2026-05-15 07:48:41,1060.90,Visa,CARD-001854-2,IT,Successful,1
1413,1413,2025-11-18 11:57:35,73.00,Mastercard,CARD-001132-1,ES,Successful,0
1414,1414,2025-02-25 21:26:15,274.91,PayPal,CARD-001811-1,AL,Successful,3
1415,1415,2026-01-18 11:49:37,2280.37,PayPal,CARD-001709-1,AL,Successful,0
1416,1416,2025-02-01 17:29:37,1028.26,Amex,CARD-001931-2,NL,Successful,0
1417,1417,2026-05-11 19:32:58,1002.53,PayPal,CARD-000533-1,RO,Refunded,0
1418,1418,2026-03-29 23:35:56,596.69,Visa,CARD-001121-1,AE,Successful,0
1419,1419,2026-07-17 11:38:23,1316.62,Mastercard,CARD-000238-1,DE,Successful,0
1420,1420,2026-02-15 22:14:59,1004.46,Mastercard,CARD-001578-2,GB,Refunded,0
1421,1421,2026-07-14 05:38:58,779.90,Amex,CARD-001017-1,ES,Successful,0
1422,1422,2025-03-05 08:18:41,915.41,Visa,CARD-000628-1,GR,Successful,0
1423,1423,2026-05-13 10:53:16,683.93,Visa,CARD-000253-2,US,Successful,1
1424,1424,2026-02-11 19:51:28,1249.71,Visa,CARD-000833-1,US,Successful,0
1425,1425,2026-07-16 07:47:04,963.38,Amex,CARD-001313-2,FR,Successful,0
1426,1426,2025-01-06 08:36:15,2188.54,Amex,CARD-001493-1,FR,Successful,0
1427,1427,2025-08-24 15:02:00,1000.76,PayPal,CARD-000201-1,GB,Successful,0
1428,1428,2026-03-24 01:05:59,613.88,Amex,CARD-000003-2,NL,Successful,0
1429,1429,2025-12-06 03:53:23,759.81,Amex,CARD-001807-1,ES,Successful,0
1430,1430,2025-06-11 12:05:08,2036.15,Amex,CARD-FRAUD-019,NL,Successful,4
1431,1431,2025-08-17 11:47:29,679.02,Amex,CARD-001050-1,IT,Successful,0
1432,1432,2025-01-19 05:52:03,1454.68,Visa,CARD-000712-1,FR,Successful,0
1433,1433,2026-04-05 20:50:33,681.35,Mastercard,CARD-001882-1,IT,Successful,0
1434,1434,2025-07-22 16:24:11,664.85,PayPal,CARD-000082-1,FR,Successful,0
1435,1435,2026-03-20 19:05:06,717.17,PayPal,CARD-001759-1,NL,Failed,4
1436,1436,2025-12-27 15:29:11,921.58,Amex,CARD-000222-2,IT,Successful,2
1437,1437,2026-04-18 11:58:09,1363.52,Mastercard,CARD-001476-2,AE,Successful,1
1438,1438,2025-11-02 06:39:05,2519.76,PayPal,CARD-001776-2,GR,Successful,0
1439,1439,2025-12-31 20:47:11,851.20,Amex,CARD-001018-1,ES,Successful,0
1440,1440,2026-04-12 01:57:01,745.70,Amex,CARD-000113-2,GR,Successful,1
1441,1441,2025-12-28 15:38:34,135.68,Mastercard,CARD-001210-2,DE,Successful,0
1442,1442,2026-07-09 01:14:59,842.43,Amex,CARD-000192-1,US,Successful,3
1443,1443,2026-05-27 22:07:13,1004.03,Visa,CARD-001118-1,NL,Successful,0
1444,1444,2025-02-27 03:10:41,1031.47,Visa,CARD-001154-2,FR,Successful,4
1445,1445,2025-01-11 12:49:33,297.93,PayPal,CARD-001061-2,IT,Successful,1
1446,1446,2025-04-04 12:16:18,2469.37,Visa,CARD-001396-2,ES,Successful,0
1447,1447,2026-07-06 12:14:43,2108.42,PayPal,CARD-001608-2,GR,Successful,4
1448,1448,2025-06-02 12:44:24,954.02,PayPal,CARD-001148-1,AL,Successful,2
1449,1449,2026-06-08 02:40:15,889.95,Amex,CARD-000954-1,DE,Failed,1
1450,1450,2025-12-18 06:48:02,995.28,PayPal,CARD-000886-2,DE,Successful,0
1451,1451,2025-03-07 11:57:50,1423.78,PayPal,CARD-001567-2,US,Successful,0
1452,1452,2025-04-01 12:22:31,380.28,Visa,CARD-000179-1,IT,Refunded,0
1453,1453,2025-01-20 08:24:43,2043.48,PayPal,CARD-000708-1,AL,Successful,1
1454,1454,2026-06-15 16:48:16,651.95,Visa,CARD-SHARED-013,IT,Successful,1
1455,1455,2025-05-21 16:54:56,328.08,PayPal,CARD-001503-1,DE,Successful,3
1456,1456,2026-07-16 06:30:57,511.13,Visa,CARD-001138-1,AE,Successful,0
1457,1457,2026-04-06 14:19:16,1230.93,Visa,CARD-001692-2,RO,Successful,0
1458,1458,2026-05-30 15:15:05,381.82,PayPal,CARD-000576-2,GB,Successful,0
1459,1459,2026-07-19 04:09:02,501.21,Mastercard,CARD-001197-2,RO,Successful,0
1460,1460,2026-04-26 03:09:03,177.96,Visa,CARD-000206-2,ES,Successful,0
1461,1461,2025-06-14 09:44:54,602.17,Amex,CARD-001348-1,NG,Successful,0
1462,1462,2025-06-18 07:57:03,1594.89,Amex,CARD-000661-1,DE,Successful,0
1463,1463,2026-03-06 13:23:35,238.93,Mastercard,CARD-000837-1,GR,Successful,0
1464,1464,2025-08-03 08:51:21,1922.43,Visa,CARD-001214-2,FR,Successful,4
1465,1465,2025-02-18 22:41:56,1532.33,Visa,CARD-000564-1,RO,Successful,5
1466,1466,2026-01-17 02:28:16,647.07,Mastercard,CARD-000643-2,NG,Successful,1
1467,1467,2026-02-18 16:25:05,1333.67,Mastercard,CARD-001628-2,IT,Successful,0
1468,1468,2025-06-23 03:23:03,630.20,Mastercard,CARD-001210-2,NG,Successful,0
1469,1469,2025-08-18 00:22:11,1482.04,Visa,CARD-000845-1,RO,Successful,0
1470,1470,2026-05-20 06:08:53,260.83,PayPal,CARD-000967-1,FR,Successful,0
1471,1471,2025-05-30 18:59:28,303.05,Amex,CARD-000336-1,DE,Refunded,5
1472,1472,2025-05-02 01:30:31,330.14,Mastercard,CARD-001230-2,ES,Successful,0
1473,1473,2025-10-04 13:30:34,339.97,Mastercard,CARD-SHARED-045,GR,Successful,0
1474,1474,2025-11-01 17:15:11,858.35,PayPal,CARD-001973-1,ES,Successful,0
1475,1475,2026-04-16 13:38:57,1482.42,Amex,CARD-001159-2,US,Successful,0
1476,1476,2025-02-09 08:49:31,919.56,Visa,CARD-001894-1,FR,Successful,0
1477,1477,2026-04-20 08:02:03,195.91,Amex,CARD-000123-2,DE,Successful,0
1478,1478,2025-11-05 04:14:36,379.88,Amex,CARD-FRAUD-018,DE,Successful,7
1479,1479,2026-04-18 03:44:48,2217.39,Visa,CARD-001328-1,AE,Successful,0
1480,1480,2026-02-24 04:26:15,2303.72,Amex,CARD-001230-2,AE,Successful,3
1481,1481,2025-11-12 19:39:34,689.68,Amex,CARD-000146-2,RO,Successful,1
1482,1482,2025-11-16 21:49:16,732.26,Amex,CARD-001144-1,NG,Successful,1
1483,1483,2026-06-03 05:21:39,126.20,Amex,CARD-000711-2,NL,Successful,4
1484,1484,2025-02-05 00:27:09,695.89,Visa,CARD-001578-2,GB,Successful,0
1485,1485,2026-03-10 04:31:44,1167.92,Mastercard,CARD-000369-2,NL,Successful,0
1486,1486,2025-11-19 13:13:18,662.60,Mastercard,CARD-000853-1,US,Successful,1
1487,1487,2025-09-11 04:29:22,1105.19,PayPal,CARD-SHARED-019,AE,Failed,0
1488,1488,2026-07-05 05:35:19,197.65,Amex,CARD-001070-1,IT,Successful,0
1489,1489,2026-04-24 07:36:59,422.18,Mastercard,CARD-001109-1,NG,Successful,0
1490,1490,2025-08-07 01:35:53,2423.26,Amex,CARD-000007-1,GB,Successful,5
1491,1491,2025-12-27 07:38:37,176.89,Mastercard,CARD-000466-1,AE,Successful,0
1492,1492,2026-06-26 04:50:25,930.37,Visa,CARD-000328-2,DE,Successful,0
1493,1493,2025-09-06 01:00:27,532.61,Mastercard,CARD-001500-1,RO,Successful,0
1494,1494,2025-04-19 11:56:40,1053.41,Mastercard,CARD-001009-1,FR,Successful,3
1495,1495,2025-06-29 01:16:57,1487.66,PayPal,CARD-001058-1,NG,Successful,1
1496,1496,2026-02-16 09:25:36,458.39,PayPal,CARD-001178-1,NG,Successful,0
1497,1497,2026-06-10 22:54:59,1184.94,Visa,CARD-000854-2,RO,Successful,0
1498,1498,2025-11-11 03:20:51,906.41,Amex,CARD-SHARED-015,AL,Successful,0
1499,1499,2025-07-30 18:03:02,1074.45,Visa,CARD-000039-2,NL,Failed,0
1500,1500,2025-07-14 19:12:55,879.71,Mastercard,CARD-001658-1,NL,Refunded,0
1501,1501,2025-12-03 20:52:33,1250.67,Amex,CARD-000528-1,FR,Successful,4
1502,1502,2026-01-31 14:47:07,1228.23,Mastercard,CARD-000163-1,NL,Failed,0
1503,1503,2026-06-22 20:25:48,1154.68,Visa,CARD-001635-2,RO,Refunded,0
1504,1504,2026-04-07 21:55:21,217.18,Amex,CARD-000503-2,DE,Successful,0
1505,1505,2026-07-11 13:02:23,1051.93,Mastercard,CARD-000832-1,RO,Successful,0
1506,1506,2025-11-10 15:44:14,2317.57,PayPal,CARD-000388-2,AL,Failed,4
1507,1507,2026-03-30 09:08:25,328.62,Mastercard,CARD-000024-1,ES,Successful,5
1508,1508,2025-11-22 15:55:24,1341.19,Visa,CARD-SHARED-041,FR,Successful,0
1509,1509,2026-04-22 22:59:51,399.81,Visa,CARD-001262-1,GB,Successful,0
1510,1510,2026-06-27 05:50:17,210.89,Mastercard,CARD-000004-1,US,Successful,2
1511,1511,2025-04-04 12:09:19,522.91,Amex,CARD-001831-1,IT,Successful,0
1512,1512,2026-03-10 15:56:07,1196.29,Amex,CARD-000251-1,AE,Successful,0
1513,1513,2026-07-14 18:20:35,362.34,Visa,CARD-000754-2,NG,Successful,0
1514,1514,2025-11-27 08:51:12,857.52,Amex,CARD-001139-1,ES,Successful,0
1515,1515,2025-11-22 11:49:06,234.37,Mastercard,CARD-001337-2,NL,Successful,0
1516,1516,2025-07-15 10:31:27,1001.41,PayPal,CARD-001253-1,AL,Successful,0
1517,1517,2025-09-05 16:09:44,1417.70,Mastercard,CARD-000965-1,AE,Successful,1
1518,1518,2026-06-19 13:12:47,1428.01,Mastercard,CARD-000687-2,US,Successful,1
1519,1519,2026-07-02 18:49:13,3014.64,Amex,CARD-FRAUD-019,AE,Successful,4
1520,1520,2026-06-28 18:57:49,2401.15,PayPal,CARD-000537-2,US,Successful,0
1521,1521,2025-05-14 17:06:09,1957.12,Visa,CARD-001879-1,IT,Successful,0
1522,1522,2025-04-27 00:30:59,2430.66,PayPal,CARD-001306-2,DE,Successful,0
1523,1523,2025-03-09 17:18:56,1424.45,PayPal,CARD-SHARED-063,AE,Successful,0
1524,1524,2025-11-03 18:38:47,251.74,Visa,CARD-000324-1,DE,Successful,1
1525,1525,2025-12-10 22:11:02,1712.60,Visa,CARD-000719-1,NG,Successful,2
1526,1526,2026-07-05 17:46:20,1479.22,PayPal,CARD-001909-2,RO,Successful,3
1527,1527,2025-05-12 11:17:17,727.06,Visa,CARD-000110-2,NG,Successful,0
1528,1528,2026-04-14 00:47:06,582.60,Visa,CARD-001311-1,AL,Successful,1
1529,1529,2025-04-07 03:13:49,411.96,Amex,CARD-000378-1,GR,Successful,0
1530,1530,2025-11-06 08:56:45,91.45,PayPal,CARD-000964-2,DE,Successful,0
1531,1531,2025-11-06 23:25:28,700.44,Amex,CARD-SHARED-093,ES,Failed,0
1532,1532,2025-08-31 16:25:39,856.54,Mastercard,CARD-001797-2,NL,Successful,0
1533,1533,2026-02-07 12:22:19,113.75,Amex,CARD-001075-2,NG,Successful,0
1534,1534,2026-06-10 08:43:35,585.42,Visa,CARD-000451-2,RO,Successful,0
1535,1535,2026-06-17 05:03:20,1194.90,PayPal,CARD-SHARED-058,ES,Successful,0
1536,1536,2026-04-27 01:44:44,1160.23,Amex,CARD-000533-2,AL,Successful,0
1537,1537,2025-03-30 20:18:45,228.92,Mastercard,CARD-000874-2,FR,Successful,0
1538,1538,2025-11-04 08:40:56,771.26,PayPal,CARD-000042-1,GR,Successful,0
1539,1539,2025-03-28 10:41:36,878.82,Visa,CARD-000808-1,GR,Successful,0
1540,1540,2025-05-20 04:22:07,1027.05,Mastercard,CARD-SHARED-044,NG,Successful,0
1541,1541,2026-02-09 14:42:52,941.95,PayPal,CARD-000049-2,US,Successful,3
1542,1542,2025-12-25 03:49:07,1431.17,PayPal,CARD-000449-2,US,Successful,1
1543,1543,2026-06-03 23:25:59,202.91,PayPal,CARD-000702-2,FR,Successful,5
1544,1544,2025-04-03 21:09:20,2162.23,Amex,CARD-001615-2,GB,Refunded,0
1545,1545,2026-04-18 20:57:57,346.78,Mastercard,CARD-SHARED-039,DE,Successful,0
1546,1546,2025-06-12 02:43:42,1332.07,Mastercard,CARD-000191-1,IT,Successful,0
1547,1547,2026-05-29 23:00:42,1368.23,Mastercard,CARD-001897-2,FR,Successful,0
1548,1548,2026-01-01 20:34:49,231.17,PayPal,CARD-000996-2,AL,Failed,2
1549,1549,2025-01-09 00:22:24,504.15,PayPal,CARD-000784-1,RO,Successful,0
1550,1550,2025-03-16 21:02:58,800.14,PayPal,CARD-001188-2,NL,Refunded,0
1551,1551,2026-03-20 20:57:09,849.90,Mastercard,CARD-SHARED-005,AE,Refunded,5
1552,1552,2026-04-11 10:05:04,956.12,PayPal,CARD-001579-2,AL,Successful,0
1553,1553,2026-02-08 13:04:52,1263.27,Visa,CARD-000268-2,NL,Successful,0
1554,1554,2026-06-13 15:13:27,324.23,Mastercard,CARD-001909-2,RO,Successful,0
1555,1555,2026-06-28 19:53:11,1437.64,Visa,CARD-000175-1,RO,Successful,0
1556,1556,2026-03-24 14:01:11,205.95,Visa,CARD-001552-2,AE,Successful,4
1557,1557,2025-05-23 12:37:14,1583.39,Visa,CARD-000340-1,FR,Successful,1
1558,1558,2025-03-14 10:20:43,1707.85,Mastercard,CARD-FRAUD-019,ES,Successful,7
1559,1559,2026-05-29 12:39:41,1347.13,Visa,CARD-000631-1,DE,Failed,0
1560,1560,2026-05-29 14:53:40,1181.93,PayPal,CARD-001663-2,GR,Successful,3
1561,1561,2025-08-07 00:54:15,639.97,PayPal,CARD-000537-1,RO,Failed,0
1562,1562,2026-07-20 06:00:27,166.46,Visa,CARD-001983-1,GR,Successful,0
1563,1563,2026-03-02 05:54:56,814.35,PayPal,CARD-SHARED-015,GB,Successful,0
1564,1564,2026-06-21 07:00:27,1724.57,Amex,CARD-000530-2,NL,Successful,0
1565,1565,2025-04-22 03:17:27,1354.31,Visa,CARD-000168-2,RO,Successful,0
1566,1566,2026-06-30 20:19:16,2516.60,PayPal,CARD-000245-1,FR,Successful,0
1567,1567,2025-10-04 00:35:54,561.86,Amex,CARD-001950-2,ES,Successful,0
1568,1568,2026-07-13 02:59:30,795.29,Mastercard,CARD-001004-2,DE,Successful,0
1569,1569,2025-08-30 00:20:32,1043.08,PayPal,CARD-000449-1,US,Successful,3
1570,1570,2026-05-21 20:36:33,427.51,Mastercard,CARD-001724-2,ES,Failed,0
1571,1571,2026-06-28 01:39:35,1772.84,PayPal,CARD-001824-1,NG,Successful,0
1572,1572,2026-05-26 06:11:32,271.15,PayPal,CARD-001064-2,IT,Failed,0
1573,1573,2025-09-18 15:20:01,871.66,PayPal,CARD-001209-2,GB,Failed,0
1574,1574,2026-03-17 00:41:58,2028.46,Visa,CARD-001163-2,US,Successful,0
1575,1575,2025-07-26 01:45:09,2336.64,Visa,CARD-SHARED-017,GR,Successful,0
1576,1576,2025-01-07 02:43:19,1997.93,Mastercard,CARD-001431-1,ES,Successful,5
1577,1577,2026-07-18 12:42:10,836.79,Mastercard,CARD-000114-1,AL,Successful,0
1578,1578,2026-06-07 03:53:31,1990.05,Amex,CARD-001406-2,GB,Successful,0
1579,1579,2026-01-18 08:50:05,796.33,Amex,CARD-SHARED-004,GB,Successful,0
1580,1580,2025-06-07 12:42:39,1055.52,PayPal,CARD-000437-1,FR,Successful,1
1581,1581,2026-02-24 08:38:20,393.68,Visa,CARD-001336-2,US,Successful,0
1582,1582,2026-02-23 14:50:47,988.33,Amex,CARD-000813-2,GR,Failed,0
1583,1583,2026-07-03 19:32:16,1133.62,PayPal,CARD-001266-2,RO,Successful,0
1584,1584,2026-06-04 11:08:19,934.64,Visa,CARD-001438-2,ES,Successful,0
1585,1585,2025-06-15 04:32:45,928.05,Mastercard,CARD-000748-1,DE,Successful,3
1586,1586,2025-03-17 15:11:29,1956.47,Visa,CARD-000081-1,DE,Successful,5
1587,1587,2026-06-16 18:16:53,2088.34,Mastercard,CARD-FRAUD-012,ES,Successful,6
1588,1588,2026-05-26 18:27:03,828.28,Amex,CARD-001722-1,DE,Successful,0
1589,1589,2026-05-05 05:02:15,77.69,Amex,CARD-000250-2,US,Successful,0
1590,1590,2026-06-01 10:37:26,1131.56,PayPal,CARD-000804-1,NL,Successful,0
1591,1591,2025-08-04 17:52:58,1090.21,Amex,CARD-001542-1,FR,Successful,0
1592,1592,2026-05-25 01:12:17,1227.22,Visa,CARD-000137-1,NL,Successful,0
1593,1593,2026-07-01 16:23:38,1635.78,Amex,CARD-SHARED-050,US,Successful,0
1594,1594,2025-02-20 04:57:22,406.64,Mastercard,CARD-SHARED-068,ES,Failed,1
1595,1595,2025-01-05 10:31:25,2201.75,PayPal,CARD-000317-1,ES,Successful,4
1596,1596,2025-10-10 17:17:43,696.88,Mastercard,CARD-000175-2,US,Successful,1
1597,1597,2025-10-23 16:35:16,878.46,Visa,CARD-001549-1,FR,Successful,1
1598,1598,2026-02-16 01:05:04,1953.95,Visa,CARD-001130-2,AE,Successful,0
1599,1599,2025-03-06 04:51:37,2426.15,PayPal,CARD-001603-2,IT,Successful,0
1600,1600,2025-10-16 17:08:20,969.79,Visa,CARD-000289-2,GB,Successful,1
1601,1601,2026-04-29 14:47:31,1636.82,PayPal,CARD-001665-2,AE,Refunded,2
1602,1602,2026-04-03 21:53:13,303.95,Visa,CARD-000223-1,GR,Refunded,0
1603,1603,2026-04-10 00:35:09,724.62,PayPal,CARD-SHARED-068,AL,Successful,0
1604,1604,2026-05-02 06:56:50,359.67,Amex,CARD-FRAUD-019,FR,Successful,3
1605,1605,2025-09-06 13:20:38,1575.54,Mastercard,CARD-000103-2,IT,Successful,0
1606,1606,2025-11-16 07:33:10,732.15,Mastercard,CARD-000835-2,AL,Successful,0
1607,1607,2026-05-27 21:29:56,343.42,Visa,CARD-SHARED-078,ES,Successful,0
1608,1608,2025-04-20 15:26:50,2080.45,Visa,CARD-FRAUD-011,AL,Successful,4
1609,1609,2025-07-07 19:47:33,2091.92,Amex,CARD-001910-1,US,Successful,0
1610,1610,2026-03-14 12:45:36,602.88,Mastercard,CARD-000560-2,AE,Successful,0
1611,1611,2025-04-18 09:33:44,1362.29,Visa,CARD-001666-1,AE,Refunded,0
1612,1612,2026-01-11 01:04:37,1366.65,Mastercard,CARD-SHARED-076,NL,Successful,1
1613,1613,2026-01-21 13:15:14,1377.59,Amex,CARD-000849-1,NL,Successful,0
1614,1614,2025-12-31 21:34:53,1380.18,Amex,CARD-SHARED-054,US,Successful,0
1615,1615,2025-03-07 15:03:44,961.77,PayPal,CARD-001905-2,ES,Successful,0
1616,1616,2026-06-02 16:40:06,1086.81,PayPal,CARD-000794-1,NG,Successful,0
1617,1617,2025-02-19 19:16:20,1018.90,Mastercard,CARD-000555-1,FR,Successful,0
1618,1618,2026-07-03 05:50:41,83.35,Mastercard,CARD-001506-2,GB,Successful,0
1619,1619,2026-01-29 00:17:46,179.59,PayPal,CARD-001221-1,IT,Successful,0
1620,1620,2025-12-05 09:27:11,109.62,Amex,CARD-000332-2,AE,Failed,0
1621,1621,2026-04-18 02:39:57,945.86,Mastercard,CARD-SHARED-076,GR,Successful,0
1622,1622,2025-05-03 23:58:28,1419.18,PayPal,CARD-001993-2,IT,Successful,0
1623,1623,2026-01-21 22:03:53,777.97,Visa,CARD-000652-1,RO,Successful,0
1624,1624,2026-07-20 15:32:43,2204.63,PayPal,CARD-000153-1,GB,Successful,0
1625,1625,2026-04-22 02:19:37,1281.37,Visa,CARD-000835-1,NG,Successful,0
1626,1626,2025-10-12 22:46:41,189.82,Visa,CARD-000577-2,GR,Successful,3
1627,1627,2025-03-01 22:10:31,1598.85,PayPal,CARD-001708-2,AL,Successful,4
1628,1628,2026-04-26 05:50:02,961.74,Mastercard,CARD-001944-2,IT,Successful,0
1629,1629,2025-11-25 18:02:39,595.27,Amex,CARD-000851-2,NL,Successful,0
1630,1630,2026-05-08 19:24:32,1104.59,PayPal,CARD-SHARED-099,AL,Successful,1
1631,1631,2025-05-27 08:30:06,511.11,Visa,CARD-001414-2,NL,Successful,2
1632,1632,2025-10-21 21:28:20,1231.03,Mastercard,CARD-000199-2,NG,Successful,0
1633,1633,2025-09-24 10:35:42,559.77,Amex,CARD-001360-2,ES,Refunded,0
1634,1634,2025-12-12 15:22:57,214.84,Mastercard,CARD-001654-1,US,Successful,1
1635,1635,2026-04-13 07:30:30,2031.87,Visa,CARD-000394-2,NG,Successful,0
1636,1636,2025-10-22 05:51:12,735.20,Visa,CARD-000729-2,NL,Successful,0
1637,1637,2025-05-30 05:28:53,2981.69,Visa,CARD-FRAUD-017,US,Successful,7
1638,1638,2025-10-13 12:20:14,993.57,Mastercard,CARD-SHARED-041,AL,Refunded,2
1639,1639,2025-01-27 13:24:29,1353.35,Amex,CARD-001789-1,IT,Successful,0
1640,1640,2026-03-20 22:20:30,1153.66,Mastercard,CARD-000693-2,NG,Failed,4
1641,1641,2026-05-19 08:20:09,2540.19,Amex,CARD-001559-1,GB,Successful,0
1642,1642,2025-02-11 05:31:43,542.64,Amex,CARD-001139-1,ES,Successful,0
1643,1643,2025-12-30 03:21:40,2522.03,Mastercard,CARD-FRAUD-020,NL,Successful,8
1644,1644,2026-03-14 00:50:27,1639.72,PayPal,CARD-001919-2,GB,Successful,0
1645,1645,2025-09-20 03:53:55,893.83,PayPal,CARD-000908-1,DE,Successful,0
1646,1646,2025-06-26 15:34:26,1245.06,Mastercard,CARD-001099-2,FR,Successful,0
1647,1647,2026-01-01 08:44:49,1718.81,Mastercard,CARD-000358-1,DE,Successful,0
1648,1648,2025-12-07 19:37:21,2530.25,PayPal,CARD-SHARED-066,DE,Successful,5
1649,1649,2025-12-20 23:47:45,2276.72,Amex,CARD-001840-1,US,Successful,7
1650,1650,2026-06-17 16:56:00,433.18,Mastercard,CARD-001315-1,NL,Successful,2
1651,1651,2026-06-11 08:47:13,1271.16,Mastercard,CARD-SHARED-081,FR,Successful,0
1652,1652,2025-10-16 19:28:05,1596.12,Mastercard,CARD-001381-1,RO,Successful,1
1653,1653,2025-04-24 08:42:46,191.87,PayPal,CARD-001355-2,IT,Successful,0
1654,1654,2025-03-06 00:34:24,244.36,Amex,CARD-000384-1,IT,Successful,0
1655,1655,2026-05-08 12:54:53,331.57,Mastercard,CARD-001246-1,NL,Successful,0
1656,1656,2026-01-28 08:05:18,1612.34,PayPal,CARD-000003-1,IT,Successful,5
1657,1657,2025-03-23 09:29:56,1465.85,PayPal,CARD-000399-2,NL,Successful,0
1658,1658,2026-02-24 22:52:18,926.10,Mastercard,CARD-001441-1,IT,Successful,0
1659,1659,2026-03-31 17:39:02,639.51,Visa,CARD-001141-1,AL,Successful,0
1660,1660,2025-02-17 04:58:15,1112.45,Visa,CARD-000971-2,ES,Successful,1
1661,1661,2026-02-28 03:16:06,768.88,PayPal,CARD-000504-1,ES,Successful,0
1662,1662,2025-12-03 13:14:54,86.79,Amex,CARD-001018-2,ES,Successful,2
1663,1663,2026-07-13 18:55:04,361.46,Visa,CARD-001635-1,AE,Successful,1
1664,1664,2025-04-05 21:50:39,1227.08,Amex,CARD-001953-2,RO,Failed,0
1665,1665,2025-12-25 08:33:20,536.80,PayPal,CARD-001335-2,GR,Successful,0
1666,1666,2026-02-17 09:31:34,789.90,Visa,CARD-001200-2,GB,Successful,0
1667,1667,2026-06-03 21:32:55,1654.99,Amex,CARD-000556-1,US,Failed,0
1668,1668,2026-06-08 20:49:34,3021.69,Mastercard,CARD-001158-2,ES,Successful,4
1669,1669,2026-03-24 19:34:10,1479.42,Amex,CARD-000030-2,IT,Successful,0
1670,1670,2025-11-01 18:54:50,1555.22,Mastercard,CARD-001691-1,NL,Successful,0
1671,1671,2026-01-09 12:00:37,716.72,Visa,CARD-000374-2,ES,Refunded,1
1672,1672,2025-06-08 00:31:09,593.63,PayPal,CARD-000026-2,FR,Successful,0
1673,1673,2026-03-18 20:25:48,2219.62,Amex,CARD-000699-1,ES,Successful,0
1674,1674,2026-06-20 09:43:46,1610.33,PayPal,CARD-FRAUD-019,AL,Successful,4
1675,1675,2026-06-29 07:37:23,897.12,Amex,CARD-000279-1,US,Successful,0
1676,1676,2026-05-18 23:50:48,235.40,Mastercard,CARD-000029-2,AE,Successful,3
1677,1677,2025-01-14 07:27:13,149.66,Visa,CARD-000836-2,IT,Refunded,0
1678,1678,2025-09-25 13:26:02,2371.62,Visa,CARD-000893-2,DE,Successful,2
1679,1679,2026-04-18 12:02:43,113.35,PayPal,CARD-001630-1,IT,Successful,0
1680,1680,2026-07-16 17:30:15,198.28,Amex,CARD-SHARED-084,AE,Successful,0
1681,1681,2025-01-08 14:05:56,1380.17,PayPal,CARD-001762-1,ES,Successful,0
1682,1682,2025-08-26 17:04:44,605.70,Amex,CARD-000080-1,NG,Successful,0
1683,1683,2025-07-08 09:16:31,1212.64,Visa,CARD-001236-2,RO,Successful,0
1684,1684,2025-09-19 23:32:11,85.54,Visa,CARD-000632-2,NG,Successful,0
1685,1685,2025-01-30 02:40:30,260.80,Amex,CARD-000663-2,DE,Successful,4
1686,1686,2025-10-02 13:31:38,655.95,PayPal,CARD-001964-2,RO,Failed,0
1687,1687,2026-07-04 06:06:05,2534.61,Mastercard,CARD-FRAUD-022,IT,Successful,2
1688,1688,2026-01-19 10:57:40,848.11,Visa,CARD-000789-2,RO,Successful,0
1689,1689,2025-08-13 23:29:15,721.31,Amex,CARD-000781-1,GR,Successful,0
1690,1690,2025-10-28 05:12:24,1501.03,Amex,CARD-001735-1,AL,Successful,0
1691,1691,2026-03-09 06:45:02,1346.24,PayPal,CARD-SHARED-050,ES,Successful,0
1692,1692,2026-07-08 18:51:49,250.11,PayPal,CARD-000403-1,AL,Successful,0
1693,1693,2026-06-19 12:03:08,859.51,Amex,CARD-000448-2,GR,Successful,0
1694,1694,2025-06-23 11:55:03,1107.91,Mastercard,CARD-001092-1,AE,Successful,2
1695,1695,2026-05-19 08:38:50,420.23,PayPal,CARD-000771-1,US,Successful,0
1696,1696,2025-11-26 11:40:47,1995.25,Mastercard,CARD-001217-2,US,Successful,0
1697,1697,2026-06-02 15:08:47,478.44,Amex,CARD-001296-1,IT,Successful,0
1698,1698,2026-01-26 12:03:54,1333.12,Amex,CARD-001397-1,AE,Successful,4
1699,1699,2025-07-11 18:10:15,1562.96,Amex,CARD-000128-2,NG,Successful,1
1700,1700,2026-05-26 04:09:52,1753.53,Mastercard,CARD-000080-2,NL,Successful,1
1701,1701,2025-11-12 11:45:10,582.19,Visa,CARD-000842-1,FR,Successful,0
1702,1702,2025-11-21 09:54:49,1281.59,Visa,CARD-000209-1,DE,Successful,0
1703,1703,2026-04-02 21:01:18,911.91,Mastercard,CARD-000418-2,AE,Successful,0
1704,1704,2026-02-06 07:25:17,662.25,Mastercard,CARD-001737-1,US,Failed,0
1705,1705,2025-04-19 17:00:57,1292.92,Amex,CARD-001549-1,FR,Successful,0
1706,1706,2026-02-25 18:06:52,2411.25,PayPal,CARD-001839-2,GR,Successful,0
1707,1707,2025-04-03 00:44:37,1496.15,PayPal,CARD-001815-2,GB,Successful,5
1708,1708,2026-06-18 15:11:29,896.82,PayPal,CARD-SHARED-063,FR,Successful,0
1709,1709,2026-04-20 00:01:36,689.98,PayPal,CARD-001343-2,RO,Successful,3
1710,1710,2025-02-22 01:51:09,590.82,Visa,CARD-000062-2,US,Successful,0
1711,1711,2026-01-19 15:05:39,2364.06,Mastercard,CARD-001434-2,GR,Successful,0
1712,1712,2026-03-14 23:43:25,76.47,Mastercard,CARD-001725-1,GR,Successful,0
1713,1713,2025-02-27 00:49:47,286.81,Mastercard,CARD-SHARED-059,NL,Successful,3
1714,1714,2026-07-04 07:31:03,863.42,Mastercard,CARD-000766-1,AE,Successful,0
1715,1715,2025-10-06 14:25:52,1327.96,PayPal,CARD-000937-2,US,Successful,0
1716,1716,2026-02-09 16:26:14,578.88,Mastercard,CARD-001365-1,GB,Refunded,0
1717,1717,2025-07-09 20:49:46,2529.02,Amex,CARD-001368-1,NL,Successful,0
1718,1718,2026-05-17 20:45:54,990.60,Mastercard,CARD-001599-2,GR,Successful,4
1719,1719,2025-12-02 15:27:40,213.25,PayPal,CARD-000464-1,GR,Successful,0
1720,1720,2026-05-23 19:05:24,212.23,Visa,CARD-000914-2,RO,Successful,1
1721,1721,2026-03-15 09:57:50,170.51,PayPal,CARD-000122-2,US,Successful,0
1722,1722,2025-12-12 21:20:33,1220.87,PayPal,CARD-000138-1,DE,Successful,2
1723,1723,2025-07-18 13:08:05,613.08,Visa,CARD-001033-2,NL,Successful,0
1724,1724,2026-06-10 13:51:53,280.24,Visa,CARD-001354-1,US,Successful,5
1725,1725,2026-06-14 19:12:50,383.66,Mastercard,CARD-SHARED-014,US,Refunded,0
1726,1726,2025-11-03 20:51:18,503.43,Mastercard,CARD-001321-1,IT,Successful,0
1727,1727,2026-07-09 17:44:55,2288.44,Amex,CARD-FRAUD-007,GB,Successful,1
1728,1728,2025-08-05 04:31:13,359.78,PayPal,CARD-000274-1,FR,Successful,0
1729,1729,2026-07-01 03:48:42,186.56,Visa,CARD-000690-1,ES,Successful,0
1730,1730,2025-07-16 09:08:36,2247.21,Mastercard,CARD-000283-1,IT,Successful,0
1731,1731,2026-05-28 22:53:09,1141.22,Mastercard,CARD-001928-2,FR,Successful,0
1732,1732,2025-11-25 05:01:02,1244.92,PayPal,CARD-001831-1,IT,Successful,0
1733,1733,2025-05-29 11:57:01,727.31,Amex,CARD-001333-1,US,Successful,0
1734,1734,2026-01-07 17:35:13,575.70,Mastercard,CARD-SHARED-035,GR,Successful,0
1735,1735,2025-10-31 13:53:21,1705.06,Visa,CARD-000677-2,FR,Successful,0
1736,1736,2026-04-09 05:59:09,399.13,Visa,CARD-000418-2,AE,Successful,3
1737,1737,2025-03-07 02:26:25,2276.95,PayPal,CARD-000434-1,IT,Successful,0
1738,1738,2025-03-15 11:51:47,782.98,Amex,CARD-001185-1,FR,Successful,0
1739,1739,2026-06-30 11:00:59,647.50,Visa,CARD-000312-2,RO,Failed,1
1740,1740,2025-07-18 16:17:20,1363.81,PayPal,CARD-001640-1,NG,Successful,0
1741,1741,2026-03-26 18:43:30,712.74,PayPal,CARD-000724-1,GR,Successful,0
1742,1742,2025-01-21 02:17:34,1343.02,Amex,CARD-000221-1,IT,Successful,0
1743,1743,2025-04-04 02:00:37,962.09,PayPal,CARD-001606-2,AE,Successful,0
1744,1744,2025-12-11 14:16:17,753.50,PayPal,CARD-001086-1,AL,Successful,0
1745,1745,2026-01-18 19:23:59,530.01,Amex,CARD-000987-2,DE,Successful,0
1746,1746,2026-02-25 21:21:04,2079.93,Amex,CARD-000447-1,US,Successful,1
1747,1747,2026-06-05 21:09:38,1496.06,Amex,CARD-001705-2,DE,Successful,5
1748,1748,2025-08-07 22:02:16,838.84,Visa,CARD-001742-1,US,Successful,0
1749,1749,2025-05-05 06:54:04,1239.40,Mastercard,CARD-001906-2,AE,Successful,0
1750,1750,2026-03-26 10:13:31,1543.96,Amex,CARD-000572-1,IT,Successful,0
1751,1751,2026-03-28 10:31:41,552.02,Visa,CARD-000576-2,NL,Successful,0
1752,1752,2025-12-25 12:20:10,1029.06,Mastercard,CARD-000058-1,GB,Successful,0
1753,1753,2026-06-16 14:36:48,1380.33,Amex,CARD-SHARED-030,FR,Successful,0
1754,1754,2026-06-01 17:42:33,970.03,Mastercard,CARD-000650-2,AE,Successful,0
1755,1755,2025-07-08 06:33:03,2324.22,Visa,CARD-SHARED-093,NG,Successful,1
1756,1756,2026-06-01 20:27:33,332.86,PayPal,CARD-001409-2,NG,Failed,0
1757,1757,2025-06-29 15:41:36,2241.66,Amex,CARD-001367-2,ES,Successful,0
1758,1758,2026-01-21 11:58:01,331.52,Mastercard,CARD-000742-1,AE,Successful,0
1759,1759,2026-05-12 15:40:19,2340.11,PayPal,CARD-001501-1,NG,Successful,1
1760,1760,2026-07-15 14:10:23,886.75,Mastercard,CARD-001969-2,DE,Successful,0
1761,1761,2025-01-14 02:29:02,2434.26,Amex,CARD-001188-1,ES,Successful,0
1762,1762,2026-07-14 12:26:04,1459.51,Visa,CARD-000518-1,NL,Successful,0
1763,1763,2026-06-03 10:08:40,101.60,Mastercard,CARD-SHARED-011,FR,Successful,1
1764,1764,2026-07-14 03:08:00,1192.73,Visa,CARD-000077-1,NL,Successful,1
1765,1765,2026-07-08 01:35:48,90.76,Visa,CARD-000811-2,GR,Successful,0
1766,1766,2025-11-03 18:23:16,1271.56,Visa,CARD-001678-1,NL,Successful,0
1767,1767,2025-11-17 13:04:20,1535.59,Mastercard,CARD-SHARED-017,US,Successful,0
1768,1768,2025-01-16 20:36:46,173.25,Amex,CARD-000973-2,IT,Successful,0
1769,1769,2026-05-25 01:06:50,680.96,Mastercard,CARD-SHARED-002,DE,Successful,5
1770,1770,2026-06-26 18:42:45,955.13,Visa,CARD-001639-1,GR,Refunded,0
1771,1771,2026-01-22 04:39:20,300.74,Amex,CARD-SHARED-014,GB,Successful,2
1772,1772,2026-06-20 14:24:35,936.89,Visa,CARD-000145-1,NG,Successful,0
1773,1773,2026-05-09 02:39:59,680.81,Amex,CARD-001983-1,GR,Refunded,0
1774,1774,2025-12-07 15:56:17,875.36,PayPal,CARD-001039-1,RO,Successful,4
1775,1775,2026-04-12 01:06:45,176.71,Visa,CARD-001785-2,ES,Successful,0
1776,1776,2025-06-13 22:32:18,409.87,Visa,CARD-000574-2,NG,Successful,0
1777,1777,2025-03-18 18:35:27,566.07,Amex,CARD-000888-1,ES,Successful,5
1778,1778,2026-05-11 22:14:30,1276.76,Amex,CARD-000298-2,RO,Successful,0
1779,1779,2025-08-20 19:21:09,2282.49,PayPal,CARD-000218-2,AE,Successful,0
1780,1780,2025-03-28 21:30:22,690.57,Amex,CARD-000981-2,ES,Refunded,1
1781,1781,2026-06-19 16:36:37,409.27,Amex,CARD-001011-1,NL,Successful,4
1782,1782,2025-06-10 00:18:56,812.98,Amex,CARD-000375-2,FR,Successful,1
1783,1783,2025-05-23 23:24:12,231.42,Amex,CARD-001453-2,DE,Refunded,0
1784,1784,2025-12-16 19:57:15,1455.57,Amex,CARD-000128-1,NG,Successful,0
1785,1785,2025-09-21 04:04:01,851.64,Mastercard,CARD-000501-1,DE,Successful,0
1786,1786,2026-06-03 22:46:00,1138.60,Mastercard,CARD-000484-1,NG,Successful,1
1787,1787,2026-06-05 15:01:33,670.36,Amex,CARD-SHARED-043,GR,Successful,0
1788,1788,2026-03-21 05:33:32,327.44,PayPal,CARD-001432-2,US,Successful,0
1789,1789,2026-01-31 11:24:34,1265.64,Amex,CARD-001616-2,AE,Successful,0
1790,1790,2025-12-25 13:30:34,970.25,Mastercard,CARD-001409-1,ES,Successful,0
1791,1791,2025-10-20 06:57:02,818.06,Visa,CARD-000181-2,IT,Successful,0
1792,1792,2026-05-22 17:12:31,1156.61,Visa,CARD-000995-1,ES,Successful,2
1793,1793,2026-05-08 00:24:57,162.19,PayPal,CARD-001792-2,IT,Successful,0
1794,1794,2025-06-06 21:04:21,402.97,Visa,CARD-000163-2,ES,Successful,0
1795,1795,2026-07-03 03:22:33,822.98,PayPal,CARD-SHARED-060,GR,Successful,2
1796,1796,2025-09-03 18:53:17,1444.23,Mastercard,CARD-001832-1,ES,Successful,4
1797,1797,2026-05-20 17:11:40,1269.04,Mastercard,CARD-000512-1,IT,Successful,0
1798,1798,2026-06-04 19:36:11,595.78,Mastercard,CARD-000598-1,AE,Successful,0
1799,1799,2026-07-16 12:18:18,1266.16,Amex,CARD-000343-1,ES,Successful,5
1800,1800,2026-04-23 18:55:52,1317.38,Amex,CARD-001356-2,IT,Successful,2
1801,1801,2026-07-20 11:47:18,1426.33,Visa,CARD-000754-2,NG,Successful,0
1802,1802,2025-08-23 02:27:05,2009.38,Mastercard,CARD-001717-1,GB,Successful,0
1803,1803,2026-02-22 02:42:46,390.40,Mastercard,CARD-001850-1,NL,Successful,0
1804,1804,2026-06-25 19:41:16,168.23,Mastercard,CARD-000738-1,US,Refunded,0
1805,1805,2026-02-12 18:43:06,2837.54,Visa,CARD-FRAUD-002,ES,Successful,1
1806,1806,2026-05-13 18:40:42,351.36,Mastercard,CARD-001425-2,ES,Successful,1
1807,1807,2025-12-06 10:03:16,752.83,Mastercard,CARD-000240-2,US,Successful,0
1808,1808,2025-09-29 21:40:48,388.67,Visa,CARD-001124-2,AE,Successful,3
1809,1809,2026-07-06 13:22:15,76.19,Visa,CARD-001523-2,AL,Successful,0
1810,1810,2026-01-14 21:01:51,1237.10,Visa,CARD-001304-1,NL,Successful,0
1811,1811,2026-05-29 05:03:06,1901.74,Amex,CARD-001446-1,FR,Successful,0
1812,1812,2025-10-09 10:07:49,645.70,Mastercard,CARD-001207-2,RO,Successful,0
1813,1813,2025-09-19 23:26:10,1200.29,PayPal,CARD-000317-2,ES,Successful,0
1814,1814,2026-02-12 19:43:13,84.16,Amex,CARD-000370-2,DE,Failed,0
1815,1815,2026-06-22 06:48:21,1050.47,Mastercard,CARD-001522-2,NG,Successful,0
1816,1816,2026-05-23 07:38:46,1341.06,Mastercard,CARD-001447-1,GB,Successful,0
1817,1817,2025-06-15 16:56:54,543.95,Visa,CARD-001924-1,DE,Refunded,5
1818,1818,2025-12-13 07:03:35,1005.07,Visa,CARD-000528-1,FR,Successful,2
1819,1819,2026-07-06 23:30:43,632.53,Visa,CARD-000361-2,FR,Successful,0
1820,1820,2025-07-31 23:27:09,385.29,Visa,CARD-000685-1,AE,Successful,0
1821,1821,2025-01-28 03:42:10,2196.20,Amex,CARD-002000-2,NL,Successful,0
1822,1822,2025-04-19 17:17:51,693.56,Mastercard,CARD-000046-2,IT,Successful,0
1823,1823,2025-03-05 05:46:13,1332.27,Mastercard,CARD-001332-1,ES,Failed,0
1824,1824,2026-02-22 04:46:52,381.97,Mastercard,CARD-SHARED-074,GB,Successful,0
1825,1825,2025-05-17 23:54:33,642.22,PayPal,CARD-001495-1,DE,Successful,0
1826,1826,2026-01-26 18:02:14,2516.72,Visa,CARD-000097-1,NL,Successful,0
1827,1827,2026-07-03 20:50:51,494.82,PayPal,CARD-001791-2,ES,Successful,0
1828,1828,2026-02-18 17:10:32,524.36,Mastercard,CARD-000715-1,AE,Successful,0
1829,1829,2025-11-29 22:24:16,1495.94,PayPal,CARD-000707-2,NL,Successful,0
1830,1830,2026-04-09 12:44:45,441.17,Visa,CARD-001448-2,ES,Successful,0
1831,1831,2026-06-08 03:35:16,113.07,Amex,CARD-SHARED-028,NL,Successful,0
1832,1832,2025-10-01 15:41:37,918.13,Mastercard,CARD-000965-1,AE,Successful,0
1833,1833,2026-04-09 17:48:48,624.59,PayPal,CARD-000394-2,NL,Successful,0
1834,1834,2026-01-02 16:12:27,1123.36,Amex,CARD-SHARED-026,NL,Successful,0
1835,1835,2025-11-03 23:06:22,1259.35,PayPal,CARD-SHARED-070,US,Successful,0
1836,1836,2025-04-03 11:52:56,2404.77,PayPal,CARD-000812-1,IT,Successful,3
1837,1837,2025-11-04 04:10:25,1030.74,Amex,CARD-000269-1,NL,Successful,0
1838,1838,2026-05-28 16:56:17,477.90,Amex,CARD-000518-1,NL,Successful,0
1839,1839,2025-08-13 10:29:04,496.22,Visa,CARD-000821-2,IT,Successful,0
1840,1840,2025-07-22 18:50:01,979.55,Mastercard,CARD-000274-2,GR,Successful,0
1841,1841,2026-01-18 15:54:20,289.85,Visa,CARD-001957-1,NL,Successful,0
1842,1842,2026-03-31 06:36:22,132.53,Amex,CARD-000824-2,AL,Successful,0
1843,1843,2025-11-11 01:14:36,1960.00,Mastercard,CARD-000018-1,IT,Successful,0
1844,1844,2026-03-14 13:48:04,509.56,Mastercard,CARD-001873-2,DE,Successful,0
1845,1845,2025-07-25 14:01:05,1548.05,Visa,CARD-SHARED-053,IT,Successful,0
1846,1846,2025-01-13 17:02:30,2735.36,Amex,CARD-FRAUD-008,NG,Successful,5
1847,1847,2025-11-21 06:51:58,977.02,Mastercard,CARD-000108-1,IT,Successful,0
1848,1848,2026-03-14 16:19:16,1403.63,PayPal,CARD-FRAUD-014,FR,Successful,1
1849,1849,2026-06-30 22:54:55,203.85,Visa,CARD-001654-2,ES,Failed,2
1850,1850,2025-01-15 15:21:31,250.23,Mastercard,CARD-000378-2,US,Successful,4
1851,1851,2025-12-25 14:33:37,1400.72,Mastercard,CARD-001546-1,RO,Successful,0
1852,1852,2025-05-06 16:21:59,1338.88,Amex,CARD-001221-2,IT,Successful,0
1853,1853,2025-11-24 02:27:15,1497.03,Amex,CARD-001110-1,DE,Successful,0
1854,1854,2026-07-09 02:42:33,224.41,Visa,CARD-001671-2,FR,Successful,0
1855,1855,2026-04-10 16:45:29,345.83,Amex,CARD-001117-2,ES,Refunded,1
1856,1856,2026-06-16 01:32:52,560.07,PayPal,CARD-000560-1,GB,Successful,0
1857,1857,2026-05-09 00:42:32,915.75,Mastercard,CARD-SHARED-030,GB,Successful,0
1858,1858,2026-06-28 18:21:00,1040.63,Visa,CARD-000587-1,US,Successful,0
1859,1859,2026-02-05 15:29:19,1422.10,Amex,CARD-000994-1,AL,Successful,3
1860,1860,2026-05-28 06:41:25,2591.31,Amex,CARD-001335-2,AE,Successful,0
1861,1861,2026-07-16 13:57:32,1520.70,Mastercard,CARD-FRAUD-004,ES,Successful,5
1862,1862,2026-04-29 20:47:38,295.72,Amex,CARD-000250-2,US,Successful,0
1863,1863,2026-07-09 19:27:31,1226.97,Mastercard,CARD-001671-2,GB,Successful,3
1864,1864,2026-05-08 15:09:27,741.04,Amex,CARD-000207-2,IT,Successful,5
1865,1865,2025-05-17 11:49:09,2575.55,Visa,CARD-000836-1,IT,Successful,0
1866,1866,2026-03-18 09:45:58,1152.84,Mastercard,CARD-001866-1,DE,Successful,6
1867,1867,2025-06-04 16:38:16,1012.32,Mastercard,CARD-001905-2,ES,Successful,0
1868,1868,2025-05-08 22:55:24,713.10,Amex,CARD-001342-2,DE,Successful,2
1869,1869,2026-06-30 05:06:18,1351.05,Amex,CARD-000923-2,US,Refunded,0
1870,1870,2026-05-10 06:59:47,1396.56,Visa,CARD-SHARED-007,AE,Successful,0
1871,1871,2025-08-20 12:30:34,305.18,Mastercard,CARD-000325-1,US,Successful,0
1872,1872,2026-04-02 07:18:58,972.64,PayPal,CARD-000250-1,US,Successful,0
1873,1873,2026-02-01 15:06:49,1383.74,PayPal,CARD-001260-1,GB,Successful,0
1874,1874,2025-10-30 00:44:10,349.91,Mastercard,CARD-000162-1,NL,Successful,0
1875,1875,2026-01-22 04:29:28,1318.47,Visa,CARD-000347-2,ES,Successful,0
1876,1876,2025-09-13 13:18:33,641.17,Visa,CARD-001227-1,IT,Successful,0
1877,1877,2026-02-26 00:44:23,725.60,PayPal,CARD-001392-1,NL,Successful,0
1878,1878,2025-01-25 00:31:07,400.49,Visa,CARD-000108-2,GR,Successful,0
1879,1879,2026-05-20 11:03:58,654.33,Visa,CARD-SHARED-044,DE,Successful,0
1880,1880,2026-03-22 22:30:43,717.93,Visa,CARD-SHARED-070,AL,Successful,0
1881,1881,2026-02-13 18:35:30,745.18,Visa,CARD-SHARED-038,AL,Successful,2
1882,1882,2026-07-10 17:11:03,1264.08,Amex,CARD-000887-1,DE,Successful,0
1883,1883,2026-02-21 22:24:30,461.97,Mastercard,CARD-001093-2,US,Successful,0
1884,1884,2025-09-26 12:40:23,2127.40,PayPal,CARD-001910-2,US,Successful,0
1885,1885,2025-07-13 10:48:55,220.78,Visa,CARD-000086-2,ES,Successful,4
1886,1886,2025-12-20 01:24:25,786.13,Mastercard,CARD-000076-2,NL,Successful,0
1887,1887,2025-07-10 01:44:58,937.35,Mastercard,CARD-SHARED-016,GR,Successful,0
1888,1888,2026-01-14 14:36:53,1457.84,PayPal,CARD-000783-2,RO,Successful,0
1889,1889,2025-12-06 13:12:31,643.18,Mastercard,CARD-FRAUD-005,NL,Successful,0
1890,1890,2025-01-20 07:13:43,282.59,Mastercard,CARD-000843-2,IT,Failed,2
1891,1891,2025-03-14 21:21:48,648.91,Visa,CARD-000555-2,FR,Successful,4
1892,1892,2026-07-14 01:02:17,2106.17,Amex,CARD-000887-2,DE,Successful,0
1893,1893,2025-10-19 16:43:14,2586.76,Mastercard,CARD-001919-2,GB,Successful,0
1894,1894,2026-07-02 03:28:18,276.94,PayPal,CARD-SHARED-022,AL,Successful,4
1895,1895,2025-04-22 12:30:52,82.54,Mastercard,CARD-000595-2,US,Successful,0
1896,1896,2026-07-01 02:14:17,827.13,Amex,CARD-001583-2,RO,Successful,0
1897,1897,2025-08-12 21:52:06,699.09,PayPal,CARD-001935-2,GR,Successful,4
1898,1898,2025-11-20 06:03:30,1109.36,Visa,CARD-001973-1,US,Successful,0
1899,1899,2026-05-27 04:15:48,958.37,Mastercard,CARD-000172-2,AE,Successful,0
1900,1900,2026-05-29 02:38:30,1390.28,PayPal,CARD-000312-1,RO,Successful,5
1901,1901,2025-06-29 21:02:07,3092.76,Visa,CARD-FRAUD-026,US,Successful,2
1902,1902,2025-02-28 23:44:01,1422.80,Amex,CARD-000694-1,ES,Successful,0
1903,1903,2026-02-28 20:43:48,2564.66,Visa,CARD-SHARED-007,RO,Successful,2
1904,1904,2026-04-01 01:09:22,1419.02,PayPal,CARD-SHARED-027,NG,Successful,0
1905,1905,2025-09-14 14:32:35,1058.94,Amex,CARD-000221-2,DE,Successful,0
1906,1906,2026-02-20 08:06:35,852.97,PayPal,CARD-001051-2,AE,Failed,0
1907,1907,2026-03-30 17:11:13,350.87,Visa,CARD-001112-2,AL,Successful,5
1908,1908,2026-02-18 16:40:36,770.14,PayPal,CARD-001440-1,AL,Successful,0
1909,1909,2026-04-18 11:10:16,527.15,Mastercard,CARD-001299-1,ES,Failed,0
1910,1910,2025-10-04 22:49:44,1317.14,Mastercard,CARD-001236-2,FR,Failed,2
1911,1911,2026-02-03 10:57:57,91.41,Mastercard,CARD-001780-1,US,Successful,0
1912,1912,2025-03-21 07:56:45,1096.81,Amex,CARD-SHARED-056,RO,Successful,0
1913,1913,2026-03-15 20:21:38,1069.97,Visa,CARD-000348-2,AE,Failed,0
1914,1914,2026-06-28 13:06:55,766.78,PayPal,CARD-000127-1,NG,Successful,0
1915,1915,2026-05-03 18:39:42,1452.86,PayPal,CARD-000480-2,NL,Successful,0
1916,1916,2026-06-02 11:41:40,1346.91,Amex,CARD-001108-2,GR,Successful,0
1917,1917,2025-03-26 13:36:01,1053.92,Mastercard,CARD-000275-2,ES,Successful,0
1918,1918,2026-02-24 06:31:12,255.10,PayPal,CARD-001374-1,ES,Successful,4
1919,1919,2025-09-16 10:51:07,2300.20,PayPal,CARD-000156-2,AL,Successful,0
1920,1920,2025-01-31 02:25:27,325.63,Mastercard,CARD-001502-2,DE,Successful,0
1921,1921,2025-11-30 09:17:45,502.28,PayPal,CARD-000614-2,NL,Successful,0
1922,1922,2026-05-15 15:37:07,1342.31,Visa,CARD-000793-1,FR,Refunded,0
1923,1923,2026-04-16 10:14:25,2275.24,PayPal,CARD-001589-1,FR,Successful,3
1924,1924,2025-12-01 01:26:26,1104.75,Amex,CARD-SHARED-016,IT,Successful,0
1925,1925,2025-09-13 00:40:10,1321.24,Amex,CARD-000081-1,DE,Successful,0
1926,1926,2025-11-20 15:59:32,2669.28,Visa,CARD-FRAUD-022,NL,Successful,2
1927,1927,2025-06-30 11:35:14,1253.40,Mastercard,CARD-001593-1,GB,Successful,0
1928,1928,2026-02-27 11:42:42,785.63,Visa,CARD-001716-2,GB,Successful,4
1929,1929,2025-09-15 18:42:05,371.76,Visa,CARD-001044-1,DE,Successful,0
1930,1930,2025-05-14 14:40:35,322.70,Visa,CARD-001760-1,AE,Successful,4
1931,1931,2026-01-17 11:00:18,2880.63,Amex,CARD-001634-1,GB,Successful,5
1932,1932,2026-04-15 12:16:26,1792.45,Amex,CARD-SHARED-087,US,Successful,0
1933,1933,2025-06-20 22:14:06,249.43,PayPal,CARD-SHARED-067,US,Successful,0
1934,1934,2025-06-23 20:17:53,916.53,PayPal,CARD-001134-1,AL,Successful,0
1935,1935,2025-01-14 08:26:15,1130.43,Visa,CARD-001471-2,AE,Successful,0
1936,1936,2025-07-17 17:06:13,1145.84,PayPal,CARD-001432-2,AL,Successful,0
1937,1937,2025-09-12 10:09:23,763.44,Visa,CARD-001492-2,GR,Successful,5
1938,1938,2026-06-18 01:22:32,246.73,Visa,CARD-000585-1,US,Successful,0
1939,1939,2025-10-29 15:08:35,3068.01,PayPal,CARD-000241-2,NL,Successful,0
1940,1940,2026-04-18 07:47:53,1443.11,Mastercard,CARD-001669-1,GB,Successful,0
1941,1941,2025-02-09 12:05:44,1221.45,Visa,CARD-000021-2,DE,Successful,3
1942,1942,2025-07-03 00:51:00,1010.77,Amex,CARD-000112-2,IT,Failed,0
1943,1943,2025-10-09 16:30:38,174.96,PayPal,CARD-001976-2,DE,Successful,0
1944,1944,2025-12-20 23:50:25,769.21,Amex,CARD-001215-1,AL,Successful,0
1945,1945,2025-07-01 06:23:33,1070.66,Mastercard,CARD-SHARED-008,AL,Successful,0
1946,1946,2026-06-03 11:35:01,543.70,Amex,CARD-001474-2,NG,Successful,0
1947,1947,2025-03-18 20:07:50,811.52,PayPal,CARD-000859-1,GB,Refunded,5
1948,1948,2025-12-13 06:21:04,917.49,Mastercard,CARD-001323-2,AE,Successful,0
1949,1949,2025-03-11 11:02:06,941.30,Mastercard,CARD-000454-1,DE,Successful,0
1950,1950,2026-05-19 11:10:49,563.76,Visa,CARD-001665-1,AE,Successful,1
1951,1951,2025-12-03 01:33:59,596.36,PayPal,CARD-001172-1,AL,Successful,0
1952,1952,2026-03-16 05:03:05,2037.41,Mastercard,CARD-FRAUD-014,IT,Successful,8
1953,1953,2026-04-05 03:52:26,1802.47,PayPal,CARD-SHARED-018,GR,Successful,0
1954,1954,2025-07-02 13:30:31,2229.66,Mastercard,CARD-SHARED-018,AE,Successful,0
1955,1955,2026-03-17 21:09:32,1487.56,Amex,CARD-000892-1,IT,Successful,0
1956,1956,2025-11-10 17:20:34,784.87,Amex,CARD-000379-1,AL,Failed,0
1957,1957,2026-05-06 09:37:31,427.64,Amex,CARD-001803-1,AE,Successful,3
1958,1958,2026-06-29 03:22:38,644.41,Amex,CARD-001808-1,GB,Successful,0
1959,1959,2025-02-01 04:59:55,492.83,Visa,CARD-001914-2,AE,Successful,0
1960,1960,2026-03-25 01:16:06,2285.08,Amex,CARD-001920-1,RO,Successful,0
1961,1961,2025-04-19 03:30:53,776.40,PayPal,CARD-000591-2,RO,Successful,0
1962,1962,2026-05-02 07:50:56,1272.37,PayPal,CARD-001274-2,US,Successful,0
1963,1963,2026-07-16 00:05:10,1524.34,Visa,CARD-001936-2,ES,Successful,0
1964,1964,2025-09-01 08:39:09,114.59,Visa,CARD-000331-1,NL,Successful,5
1965,1965,2025-10-15 21:03:36,2512.92,PayPal,CARD-001371-1,IT,Successful,3
1966,1966,2026-06-24 05:44:27,1028.08,Mastercard,CARD-000841-2,AE,Successful,0
1967,1967,2025-03-29 07:45:43,354.81,Visa,CARD-000545-1,IT,Successful,0
1968,1968,2025-10-27 07:10:50,1288.08,Mastercard,CARD-001322-2,IT,Successful,0
1969,1969,2026-07-04 19:08:45,86.08,Amex,CARD-001892-1,GB,Successful,1
1970,1970,2026-03-01 12:00:31,975.67,Mastercard,CARD-SHARED-048,RO,Successful,1
1971,1971,2025-12-02 10:38:19,2151.32,Mastercard,CARD-000389-1,AL,Successful,0
1972,1972,2026-07-18 14:51:00,1638.56,Mastercard,CARD-000754-1,NG,Successful,0
1973,1973,2026-06-05 22:51:30,841.58,PayPal,CARD-001366-1,NG,Successful,2
1974,1974,2026-07-09 13:53:56,1466.02,Visa,CARD-000690-1,ES,Successful,0
1975,1975,2026-02-06 22:37:14,1534.58,PayPal,CARD-001711-1,FR,Successful,0
1976,1976,2026-05-09 16:35:59,1033.96,PayPal,CARD-000907-2,US,Successful,0
1977,1977,2026-03-11 05:38:40,1879.71,Amex,CARD-000138-2,DE,Successful,5
1978,1978,2026-03-29 08:56:53,2406.06,Mastercard,CARD-001039-1,GB,Successful,6
1979,1979,2026-07-12 22:28:16,2336.34,Visa,CARD-001162-1,DE,Successful,0
1980,1980,2026-06-05 11:20:49,391.67,Mastercard,CARD-000017-2,RO,Refunded,2
1981,1981,2026-06-04 10:53:03,1376.10,Amex,CARD-001886-2,DE,Successful,0
1982,1982,2025-05-28 18:38:24,467.04,Visa,CARD-000856-1,AL,Successful,2
1983,1983,2026-06-17 17:02:01,1054.82,Amex,CARD-001973-1,ES,Successful,0
1984,1984,2026-05-25 05:21:32,834.80,Mastercard,CARD-001847-2,NG,Successful,0
1985,1985,2026-01-16 01:22:46,906.28,Amex,CARD-000223-1,GR,Successful,0
1986,1986,2026-02-22 16:56:24,534.82,Mastercard,CARD-000591-1,RO,Successful,0
1987,1987,2026-07-15 10:46:38,183.32,Visa,CARD-000054-1,AL,Successful,0
1988,1988,2025-12-20 22:50:29,809.41,PayPal,CARD-SHARED-075,RO,Successful,1
1989,1989,2025-07-31 11:17:18,1306.79,Amex,CARD-000186-2,FR,Successful,0
1990,1990,2026-04-25 14:21:54,2042.85,Amex,CARD-000720-1,AE,Successful,1
1991,1991,2025-08-29 14:52:55,763.73,Mastercard,CARD-001015-2,RO,Successful,0
1992,1992,2026-05-02 16:07:39,136.17,Visa,CARD-001971-2,GB,Failed,0
1993,1993,2025-08-05 15:16:27,1045.52,Amex,CARD-000691-1,NG,Successful,0
1994,1994,2026-05-17 09:40:13,1074.69,PayPal,CARD-001657-2,ES,Successful,0
1995,1995,2026-03-20 13:45:31,1318.65,Amex,CARD-001188-1,ES,Successful,0
1996,1996,2025-10-19 14:55:47,2410.50,Visa,CARD-000475-2,IT,Successful,0
1997,1997,2026-06-01 12:50:52,1264.96,Amex,CARD-000360-1,NL,Successful,0
1998,1998,2026-04-03 18:18:24,268.21,PayPal,CARD-000576-1,AE,Successful,4
1999,1999,2026-07-17 15:57:18,224.30,Mastercard,CARD-000279-2,IT,Successful,0
2000,2000,2025-01-05 22:35:52,349.97,Amex,CARD-SHARED-031,NG,Successful,0
2001,2001,2025-11-03 21:46:11,396.34,Visa,CARD-000445-2,DE,Successful,8
2002,2002,2026-04-06 23:16:11,370.27,Amex,CARD-SHARED-081,NL,Successful,0
2003,2003,2026-04-06 19:23:24,361.32,Mastercard,CARD-001536-2,GR,Successful,3
2004,2004,2026-07-02 23:33:47,600.10,PayPal,CARD-001847-2,AL,Successful,0
2005,2005,2025-06-07 16:00:55,1326.73,Mastercard,CARD-SHARED-093,GR,Successful,0
2006,2006,2026-06-11 21:50:14,392.96,Mastercard,CARD-001468-2,GR,Failed,0
2007,2007,2026-05-13 12:48:24,285.16,Mastercard,CARD-001062-1,NL,Successful,0
2008,2008,2025-05-19 20:21:10,841.29,Mastercard,CARD-001697-1,ES,Successful,0
2009,2009,2026-03-16 12:18:39,1135.43,PayPal,CARD-000952-2,NG,Successful,4
2010,2010,2026-06-07 22:49:37,1147.62,Amex,CARD-000644-1,IT,Successful,0
2011,2011,2025-10-31 21:41:07,1075.18,Amex,CARD-SHARED-061,IT,Successful,0
2012,2012,2026-07-18 10:56:59,1083.03,Visa,CARD-000573-1,RO,Successful,2
2013,2013,2025-06-07 06:13:44,807.21,Visa,CARD-001688-2,RO,Successful,1
2014,2014,2026-04-15 23:20:11,316.92,Amex,CARD-000782-1,NL,Successful,0
2015,2015,2026-04-16 10:43:32,457.40,Visa,CARD-000762-1,AL,Successful,0
2016,2016,2026-07-12 00:50:58,2377.93,Visa,CARD-001289-2,GR,Successful,0
2017,2017,2025-04-29 04:11:39,490.96,Visa,CARD-001156-2,FR,Successful,0
2018,2018,2025-11-18 01:40:44,747.71,Visa,CARD-000725-2,IT,Successful,0
2019,2019,2026-06-09 04:22:06,382.60,Mastercard,CARD-001391-1,DE,Successful,1
2020,2020,2025-07-05 05:33:56,87.08,PayPal,CARD-000298-2,RO,Successful,4
2021,2021,2025-05-20 15:22:08,997.25,Mastercard,CARD-001519-1,NG,Refunded,0
2022,2022,2025-03-25 19:30:08,982.82,Mastercard,CARD-001459-1,RO,Successful,0
2023,2023,2026-05-23 21:12:13,864.31,PayPal,CARD-001315-1,FR,Successful,0
2024,2024,2025-03-22 11:57:37,2134.10,PayPal,CARD-000278-2,DE,Successful,2
2025,2025,2025-02-25 12:29:06,1406.88,PayPal,CARD-001632-1,US,Successful,0
2026,2026,2025-11-21 07:43:11,1005.79,Mastercard,CARD-001847-2,AL,Successful,0
2027,2027,2025-08-29 20:28:23,1066.76,PayPal,CARD-001797-1,DE,Successful,1
2028,2028,2026-06-16 22:49:23,900.16,PayPal,CARD-001963-1,FR,Failed,3
2029,2029,2025-06-06 03:30:40,173.27,Amex,CARD-SHARED-090,NG,Successful,0
2030,2030,2026-05-21 12:50:05,166.20,Amex,CARD-000628-1,RO,Successful,0
2031,2031,2026-01-07 08:20:29,1875.83,Visa,CARD-001744-2,RO,Successful,0
2032,2032,2025-09-08 02:21:00,714.87,Amex,CARD-001918-1,NG,Successful,0
2033,2033,2025-03-01 13:10:26,1239.49,Amex,CARD-SHARED-019,AE,Successful,0
2034,2034,2026-01-23 02:02:29,1418.50,Amex,CARD-SHARED-037,NG,Successful,0
2035,2035,2026-05-24 23:26:34,508.04,Visa,CARD-000715-2,AE,Successful,0
2036,2036,2026-06-29 05:28:59,502.05,PayPal,CARD-001526-2,DE,Successful,3
2037,2037,2026-01-26 05:01:02,688.31,PayPal,CARD-001769-1,GB,Successful,0
2038,2038,2026-04-13 23:18:01,356.56,Amex,CARD-001164-1,GR,Successful,1
2039,2039,2026-07-17 07:09:30,737.68,Mastercard,CARD-000118-2,NL,Refunded,0
2040,2040,2025-02-04 18:51:53,1077.68,Visa,CARD-001236-2,IT,Successful,0
2041,2041,2025-08-15 03:21:16,135.93,Mastercard,CARD-000516-1,AE,Successful,0
2042,2042,2025-08-26 18:26:36,1036.48,Amex,CARD-000497-2,GB,Refunded,0
2043,2043,2026-04-02 02:01:22,71.30,Mastercard,CARD-000168-1,NL,Successful,0
2044,2044,2025-04-18 00:22:40,265.86,Visa,CARD-001608-1,GR,Successful,0
2045,2045,2026-06-21 07:57:40,170.65,Visa,CARD-000584-1,ES,Successful,0
2046,2046,2025-01-12 04:48:12,1007.80,Visa,CARD-000194-2,GB,Successful,5
2047,2047,2025-01-05 05:21:16,219.02,Visa,CARD-000657-2,DE,Successful,0
2048,2048,2026-04-10 11:51:16,1779.62,Mastercard,CARD-FRAUD-018,US,Successful,1
2049,2049,2026-03-02 09:21:10,2378.74,Amex,CARD-000014-1,GR,Successful,4
2050,2050,2026-01-18 06:50:33,2838.24,PayPal,CARD-FRAUD-001,AL,Successful,3
2051,2051,2026-03-30 14:50:52,1204.09,Amex,CARD-001383-1,FR,Successful,0
2052,2052,2026-01-16 05:47:54,2481.01,Amex,CARD-001902-2,FR,Successful,4
2053,2053,2025-08-04 20:06:02,1457.80,PayPal,CARD-SHARED-093,US,Successful,0
2054,2054,2025-04-17 14:36:50,1491.06,Mastercard,CARD-001125-2,IT,Successful,3
2055,2055,2026-02-07 03:12:45,611.60,Mastercard,CARD-001622-1,FR,Successful,0
2056,2056,2026-04-07 08:02:01,582.85,Mastercard,CARD-001869-1,AL,Successful,0
2057,2057,2026-04-02 08:53:27,916.52,Amex,CARD-SHARED-083,AE,Successful,0
2058,2058,2026-06-08 06:24:45,1426.02,Mastercard,CARD-001317-1,GR,Successful,0
2059,2059,2026-05-10 21:16:35,1437.20,Mastercard,CARD-001358-2,AE,Successful,0
2060,2060,2026-05-03 10:57:47,1402.26,Amex,CARD-FRAUD-009,GR,Successful,7
2061,2061,2026-04-15 07:08:55,1282.60,PayPal,CARD-000384-2,IT,Successful,2
2062,2062,2026-05-30 21:59:30,1025.04,Visa,CARD-SHARED-055,GR,Successful,0
2063,2063,2025-12-07 14:43:25,558.08,Amex,CARD-001299-1,ES,Successful,0
2064,2064,2025-11-08 00:19:06,1320.39,PayPal,CARD-000124-1,IT,Failed,0
2065,2065,2026-07-14 05:41:27,1532.63,PayPal,CARD-000880-1,DE,Successful,1
2066,2066,2025-06-10 01:58:28,1034.43,PayPal,CARD-000198-1,AL,Successful,5
2067,2067,2025-01-03 01:35:12,1028.55,Mastercard,CARD-000130-2,AL,Refunded,0
2068,2068,2026-05-05 09:56:24,991.55,Mastercard,CARD-001796-2,NL,Successful,4
2069,2069,2025-06-23 23:44:33,2297.35,Amex,CARD-FRAUD-007,FR,Successful,4
2070,2070,2026-04-11 01:08:43,957.78,PayPal,CARD-001934-2,GR,Successful,0
2071,2071,2025-06-16 09:59:12,915.63,PayPal,CARD-001951-2,GR,Successful,0
2072,2072,2025-11-13 10:37:50,1867.34,Amex,CARD-SHARED-096,IT,Successful,0
2073,2073,2026-02-02 16:22:39,256.05,Mastercard,CARD-000242-1,NG,Successful,0
2074,2074,2026-04-14 17:03:34,1005.78,Amex,CARD-001367-1,ES,Successful,0
2075,2075,2025-07-20 18:45:16,662.74,Visa,CARD-SHARED-095,ES,Failed,5
2076,2076,2026-07-04 18:02:55,1570.43,Amex,CARD-001053-2,US,Successful,0
2077,2077,2025-03-04 05:26:33,744.11,Amex,CARD-000005-2,AE,Successful,0
2078,2078,2025-08-29 17:32:02,2124.79,Amex,CARD-SHARED-013,AL,Refunded,0
2079,2079,2025-10-30 02:08:00,426.40,Visa,CARD-001605-2,AL,Successful,0
2080,2080,2025-12-20 13:40:42,1066.78,Visa,CARD-001320-2,RO,Successful,0
2081,2081,2026-04-07 22:20:12,737.90,Amex,CARD-001915-2,AL,Successful,0
2082,2082,2025-03-07 01:15:21,730.29,Visa,CARD-001433-1,GB,Successful,0
2083,2083,2026-02-05 08:40:27,1021.43,Mastercard,CARD-SHARED-033,NG,Successful,4
2084,2084,2025-06-22 23:12:37,914.42,Visa,CARD-SHARED-081,RO,Successful,5
2085,2085,2025-07-01 12:37:17,803.62,PayPal,CARD-000926-2,GR,Successful,0
2086,2086,2026-05-03 10:55:19,194.07,PayPal,CARD-000431-2,AE,Successful,0
2087,2087,2026-06-24 12:57:06,667.94,PayPal,CARD-001921-2,AE,Successful,0
2088,2088,2025-08-04 22:58:03,250.47,Mastercard,CARD-000377-2,DE,Successful,0
2089,2089,2026-03-13 04:24:16,432.13,Visa,CARD-000215-1,US,Successful,0
2090,2090,2025-04-15 08:55:30,1143.61,Visa,CARD-001616-1,AE,Failed,0
2091,2091,2026-01-09 08:53:40,537.68,Visa,CARD-001333-2,US,Successful,5
2092,2092,2026-01-02 10:52:38,148.84,Amex,CARD-001230-2,ES,Successful,0
2093,2093,2025-10-09 05:14:54,261.81,Amex,CARD-001577-2,RO,Successful,0
2094,2094,2026-01-17 08:30:12,760.68,Amex,CARD-000564-1,RO,Successful,0
2095,2095,2026-07-20 23:39:38,1047.59,Mastercard,CARD-001919-2,FR,Successful,2
2096,2096,2026-03-21 21:29:20,1620.64,Amex,CARD-000442-1,GB,Successful,0
2097,2097,2026-03-04 13:02:55,1055.76,Mastercard,CARD-001014-1,NL,Successful,0
2098,2098,2025-07-16 15:33:19,1250.33,Visa,CARD-000932-1,RO,Successful,0
2099,2099,2025-06-06 10:50:34,434.09,Visa,CARD-000658-1,RO,Successful,0
2100,2100,2025-06-04 04:09:30,379.99,Amex,CARD-001894-2,FR,Successful,0
2101,2101,2025-09-28 00:40:38,2429.21,Visa,CARD-001890-1,DE,Successful,0
2102,2102,2025-10-22 08:50:52,1212.60,Visa,CARD-001873-1,ES,Successful,0
2103,2103,2026-07-19 22:33:22,731.46,Mastercard,CARD-001523-1,AL,Successful,0
2104,2104,2026-01-30 01:08:14,639.34,Visa,CARD-000895-2,IT,Successful,0
2105,2105,2026-06-09 13:05:11,1124.63,Amex,CARD-000337-2,IT,Successful,0
2106,2106,2026-04-29 03:14:48,1000.04,Mastercard,CARD-000237-1,IT,Successful,3
2107,2107,2026-07-01 14:10:45,1454.78,Amex,CARD-000185-1,IT,Successful,0
2108,2108,2025-03-04 23:16:15,1064.26,Visa,CARD-001955-2,NL,Successful,2
2109,2109,2026-06-25 01:11:56,2430.35,Mastercard,CARD-000286-2,GB,Refunded,1
2110,2110,2025-01-04 02:03:40,734.57,PayPal,CARD-001153-1,FR,Successful,5
2111,2111,2025-04-19 05:01:43,1766.51,PayPal,CARD-SHARED-033,IT,Successful,0
2112,2112,2026-04-11 00:00:43,1274.32,Visa,CARD-000877-2,GB,Successful,0
2113,2113,2026-04-06 04:14:16,1229.66,Amex,CARD-000174-2,DE,Refunded,1
2114,2114,2025-06-11 14:03:59,1078.13,Amex,CARD-000826-1,FR,Successful,0
2115,2115,2025-09-23 19:22:31,812.28,Visa,CARD-SHARED-015,AL,Successful,0
2116,2116,2025-04-07 05:34:35,1772.58,Mastercard,CARD-001908-2,FR,Successful,0
2117,2117,2026-01-31 09:08:28,2535.95,Amex,CARD-000316-1,NL,Successful,0
2118,2118,2026-05-08 03:10:59,1065.00,PayPal,CARD-SHARED-068,NG,Successful,0
2119,2119,2026-01-25 05:00:15,1495.56,Mastercard,CARD-001197-1,RO,Successful,0
2120,2120,2025-10-15 23:11:01,413.76,Mastercard,CARD-001125-1,IT,Successful,1
2121,2121,2026-04-10 16:47:52,1427.90,PayPal,CARD-001668-1,NG,Failed,0
2122,2122,2026-07-13 16:01:52,343.63,Visa,CARD-000734-1,AE,Successful,1
2123,2123,2026-06-04 14:20:54,114.93,Visa,CARD-000283-1,IT,Successful,2
2124,2124,2026-07-04 00:29:10,2584.22,PayPal,CARD-FRAUD-020,NL,Successful,2
2125,2125,2025-07-15 15:16:52,2292.61,Mastercard,CARD-001715-1,NL,Successful,0
2126,2126,2025-08-22 03:05:32,609.84,PayPal,CARD-SHARED-066,NG,Successful,0
2127,2127,2025-12-07 06:16:48,251.95,PayPal,CARD-000462-1,AL,Successful,5
2128,2128,2026-04-14 11:14:47,1418.11,PayPal,CARD-001225-2,IT,Successful,0
2129,2129,2025-10-22 14:59:57,946.58,Visa,CARD-000648-2,GB,Successful,4
2130,2130,2026-05-25 15:07:04,209.26,Visa,CARD-001722-2,FR,Failed,5
2131,2131,2026-07-01 02:31:00,1378.21,Visa,CARD-SHARED-055,ES,Failed,1
2132,2132,2025-10-08 12:04:51,883.57,PayPal,CARD-001716-1,GB,Successful,1
2133,2133,2025-07-12 16:25:15,774.99,Visa,CARD-001104-1,NL,Successful,0
2134,2134,2025-10-24 06:13:54,606.71,Amex,CARD-000987-1,GB,Successful,0
2135,2135,2026-07-07 12:28:09,1045.55,Visa,CARD-001216-1,RO,Successful,0
2136,2136,2026-02-22 08:15:46,273.91,PayPal,CARD-SHARED-043,US,Successful,0
2137,2137,2026-06-26 04:34:39,1078.85,Amex,CARD-SHARED-074,AL,Successful,0
2138,2138,2025-07-21 15:04:51,1334.36,Visa,CARD-001890-1,IT,Successful,7
2139,2139,2025-09-26 23:18:01,234.25,PayPal,CARD-000736-1,NL,Successful,0
2140,2140,2026-01-16 04:55:59,1150.87,PayPal,CARD-001527-1,AL,Successful,0
2141,2141,2025-09-04 06:01:27,1285.69,Amex,CARD-000848-2,NG,Successful,3
2142,2142,2026-07-20 18:36:41,1113.04,Mastercard,CARD-001266-1,RO,Successful,0
2143,2143,2025-09-18 11:47:15,2386.16,Amex,CARD-001530-1,GB,Successful,0
2144,2144,2025-06-09 10:03:25,936.95,PayPal,CARD-000288-1,AE,Failed,0
2145,2145,2026-02-19 23:39:17,1202.92,Visa,CARD-000105-2,AE,Successful,4
2146,2146,2026-04-04 03:15:36,1724.45,Amex,CARD-001455-2,ES,Successful,4
2147,2147,2026-05-20 05:12:54,1052.50,Visa,CARD-001263-1,GR,Successful,0
2148,2148,2026-06-09 17:26:51,1422.12,PayPal,CARD-001861-1,IT,Failed,0
2149,2149,2026-01-04 07:39:47,1343.84,Mastercard,CARD-000799-2,NG,Successful,3
2150,2150,2025-03-07 03:00:33,525.47,PayPal,CARD-000946-2,AL,Successful,0
2151,2151,2026-06-09 10:59:26,480.09,Visa,CARD-001190-1,NL,Successful,0
2152,2152,2025-03-18 23:50:15,2013.02,Mastercard,CARD-SHARED-079,DE,Successful,0
2153,2153,2025-12-27 05:16:49,453.94,Mastercard,CARD-000391-2,DE,Successful,0
2154,2154,2026-07-01 01:03:24,762.59,Amex,CARD-000937-2,NG,Successful,1
2155,2155,2026-01-04 10:38:55,1071.47,Amex,CARD-001651-1,IT,Successful,5
2156,2156,2025-11-15 21:16:42,1148.46,Mastercard,CARD-001094-1,GR,Successful,3
2157,2157,2026-02-20 15:04:41,1416.76,PayPal,CARD-001566-2,FR,Successful,0
2158,2158,2026-02-17 01:36:53,142.32,Mastercard,CARD-000146-2,ES,Successful,0
2159,2159,2025-01-28 09:40:26,76.84,PayPal,CARD-SHARED-096,GR,Successful,0
2160,2160,2025-04-25 11:42:47,288.27,Mastercard,CARD-000435-2,AL,Successful,0
2161,2161,2026-05-09 13:17:06,937.38,Mastercard,CARD-001656-1,FR,Successful,4
2162,2162,2025-03-11 18:41:11,1739.35,PayPal,CARD-001324-2,DE,Successful,0
2163,2163,2026-03-03 03:38:38,1422.90,Mastercard,CARD-000902-2,GB,Successful,0
2164,2164,2025-04-06 10:55:09,1347.36,PayPal,CARD-001722-2,FR,Successful,5
2165,2165,2026-05-18 02:29:18,860.53,Visa,CARD-SHARED-093,GR,Successful,2
2166,2166,2025-10-28 02:34:50,982.79,Amex,CARD-001286-2,AL,Successful,1
2167,2167,2026-04-27 17:46:45,872.13,PayPal,CARD-000984-1,AE,Successful,0
2168,2168,2026-03-08 12:05:37,923.52,Amex,CARD-001459-1,DE,Refunded,0
2169,2169,2025-05-28 19:36:55,909.30,PayPal,CARD-001552-2,AE,Successful,4
2170,2170,2025-04-11 12:08:28,2508.12,Mastercard,CARD-001482-1,IT,Successful,1
2171,2171,2025-08-26 18:11:25,1266.42,PayPal,CARD-000304-1,FR,Successful,0
2172,2172,2025-12-15 08:42:39,547.29,Amex,CARD-001378-2,DE,Successful,0
2173,2173,2026-04-22 11:27:16,357.60,Amex,CARD-000846-2,NL,Successful,3
2174,2174,2026-04-29 11:53:42,591.82,Mastercard,CARD-000975-2,GR,Successful,1
2175,2175,2026-03-04 10:22:35,396.21,Amex,CARD-000776-2,AL,Successful,0
2176,2176,2025-10-07 05:53:22,1255.83,Amex,CARD-001778-2,GB,Successful,1
2177,2177,2025-06-09 11:10:19,1222.17,Visa,CARD-000819-2,GR,Successful,0
2178,2178,2025-02-21 09:31:14,1779.87,PayPal,CARD-000767-2,FR,Successful,0
2179,2179,2025-07-05 07:42:55,889.55,Amex,CARD-000838-2,DE,Successful,1
2180,2180,2025-05-25 20:57:08,2580.25,Visa,CARD-001124-1,AE,Successful,0
2181,2181,2025-06-08 11:54:20,480.08,PayPal,CARD-001500-1,NL,Successful,3
2182,2182,2025-01-05 06:08:42,2057.42,Amex,CARD-000145-1,AE,Successful,0
2183,2183,2025-09-15 06:18:51,1067.79,PayPal,CARD-000636-1,AE,Successful,0
2184,2184,2026-04-21 18:14:36,710.85,Mastercard,CARD-000770-1,DE,Successful,1
2185,2185,2026-07-19 13:15:34,1386.16,Mastercard,CARD-001986-1,AL,Successful,0
2186,2186,2026-04-15 09:26:07,1375.69,Amex,CARD-001986-2,AL,Successful,0
2187,2187,2025-10-18 18:07:08,835.83,Amex,CARD-001097-2,AE,Successful,0
2188,2188,2025-07-30 14:12:57,1346.75,PayPal,CARD-001503-2,US,Successful,2
2189,2189,2026-04-04 01:55:16,99.84,Visa,CARD-000634-1,AE,Successful,0
2190,2190,2025-09-05 16:57:49,2084.44,Amex,CARD-000359-1,AE,Successful,2
2191,2191,2025-12-05 10:27:29,1888.41,Visa,CARD-001810-1,GR,Successful,0
2192,2192,2025-03-10 20:47:52,1931.62,PayPal,CARD-FRAUD-017,IT,Successful,3
2193,2193,2026-05-06 23:24:40,626.05,Amex,CARD-001597-1,ES,Failed,0
2194,2194,2025-10-04 07:40:52,786.75,Visa,CARD-000894-2,NG,Successful,0
2195,2195,2026-07-19 22:47:15,551.06,Amex,CARD-000829-2,AE,Successful,0
2196,2196,2026-01-02 06:17:25,1063.64,Mastercard,CARD-001507-2,GR,Successful,2
2197,2197,2025-10-11 14:57:54,202.77,Amex,CARD-000553-1,DE,Successful,0
2198,2198,2025-09-03 09:37:20,2024.84,Mastercard,CARD-001394-2,IT,Successful,0
2199,2199,2025-01-25 22:05:48,899.13,PayPal,CARD-001833-1,ES,Failed,1
2200,2200,2025-07-16 07:03:56,651.21,PayPal,CARD-001777-1,AL,Failed,0
2201,2201,2026-07-17 17:51:03,904.71,Amex,CARD-001875-2,GB,Successful,0
2202,2202,2025-10-05 03:25:37,1333.27,Mastercard,CARD-000113-2,GR,Successful,0
2203,2203,2026-01-15 18:21:28,895.37,Mastercard,CARD-SHARED-100,GB,Successful,0
2204,2204,2025-03-05 05:46:08,1104.45,Amex,CARD-001624-2,AL,Successful,0
2205,2205,2026-04-30 15:57:45,899.94,PayPal,CARD-000933-2,US,Successful,0
2206,2206,2026-01-17 11:54:35,454.50,Visa,CARD-001464-2,NL,Successful,0
2207,2207,2026-02-17 16:20:46,763.56,Amex,CARD-000379-1,AL,Successful,0
2208,2208,2026-02-04 10:01:04,271.42,Mastercard,CARD-000322-2,NG,Successful,0
2209,2209,2026-06-24 03:01:03,1410.68,PayPal,CARD-000902-2,GB,Successful,0
2210,2210,2025-11-02 02:06:46,904.21,PayPal,CARD-000585-1,US,Successful,0
2211,2211,2026-04-20 16:55:53,111.63,PayPal,CARD-000354-1,FR,Successful,0
2212,2212,2026-04-04 21:43:29,700.66,PayPal,CARD-001339-1,AE,Successful,0
2213,2213,2026-03-07 22:38:26,191.10,PayPal,CARD-001838-1,AE,Successful,0
2214,2214,2026-07-08 04:49:30,1415.87,PayPal,CARD-001826-2,NG,Successful,0
2215,2215,2026-01-13 13:18:10,569.46,Visa,CARD-000509-2,IT,Successful,0
2216,2216,2025-03-02 04:58:33,759.71,PayPal,CARD-001884-1,DE,Failed,5
2217,2217,2025-10-09 04:21:30,1412.45,Mastercard,CARD-FRAUD-016,NG,Successful,3
2218,2218,2025-01-30 05:39:05,1368.64,Visa,CARD-001545-1,IT,Successful,3
2219,2219,2025-04-28 03:26:33,220.66,Amex,CARD-000515-1,US,Successful,0
2220,2220,2026-04-16 06:10:46,758.17,Mastercard,CARD-001143-2,RO,Successful,0
2221,2221,2025-06-04 01:57:38,612.02,Mastercard,CARD-000220-1,AE,Refunded,5
2222,2222,2026-07-13 22:40:46,456.06,Visa,CARD-000644-2,ES,Successful,0
2223,2223,2026-01-04 12:52:54,137.96,Mastercard,CARD-001397-2,AE,Refunded,1
2224,2224,2026-02-12 21:16:55,627.36,Visa,CARD-000944-2,DE,Successful,0
2225,2225,2025-09-29 23:47:54,571.04,Visa,CARD-001384-1,DE,Successful,0
2226,2226,2026-06-25 04:15:24,170.14,PayPal,CARD-001417-1,AE,Successful,0
2227,2227,2025-06-08 06:04:03,1313.24,PayPal,CARD-001107-2,IT,Successful,0
2228,2228,2025-01-25 12:11:52,532.25,Amex,CARD-000919-1,RO,Successful,0
2229,2229,2025-05-28 23:20:16,197.36,Mastercard,CARD-001829-1,FR,Successful,0
2230,2230,2025-10-09 01:41:34,155.94,Amex,CARD-001577-1,US,Successful,0
2231,2231,2025-08-18 01:55:48,252.68,Mastercard,CARD-001664-1,GR,Successful,0
2232,2232,2026-05-09 00:32:21,782.54,PayPal,CARD-001192-1,DE,Successful,0
2233,2233,2026-05-16 04:41:09,2124.27,PayPal,CARD-000827-2,US,Successful,1
2234,2234,2025-11-06 13:36:48,367.07,Visa,CARD-001645-1,ES,Successful,0
2235,2235,2026-01-22 15:23:20,622.48,Amex,CARD-001217-2,US,Successful,0
2236,2236,2025-07-30 13:27:20,2234.43,PayPal,CARD-000109-2,AE,Failed,0
2237,2237,2026-03-07 08:49:08,1685.44,Mastercard,CARD-000111-2,IT,Successful,0
2238,2238,2026-05-12 12:23:01,2160.72,Visa,CARD-000639-1,IT,Successful,0
2239,2239,2025-08-15 08:33:39,1440.24,Mastercard,CARD-001123-1,NG,Successful,0
2240,2240,2026-07-17 06:14:32,1360.20,Visa,CARD-000573-2,AE,Successful,0
2241,2241,2025-05-01 22:33:03,469.56,Mastercard,CARD-000276-2,AL,Successful,0
2242,2242,2026-03-15 22:12:25,1470.61,Visa,CARD-000762-1,AL,Successful,0
2243,2243,2026-04-14 14:29:15,188.63,Amex,CARD-000999-2,AE,Successful,0
2244,2244,2025-04-04 04:51:55,1325.27,Visa,CARD-000125-1,DE,Successful,0
2245,2245,2025-11-21 15:42:00,566.64,PayPal,CARD-001794-2,GR,Successful,0
2246,2246,2025-06-28 19:52:54,1704.37,PayPal,CARD-000486-2,RO,Refunded,0
2247,2247,2025-03-21 13:48:11,490.78,Mastercard,CARD-001580-1,IT,Successful,0
2248,2248,2025-09-26 07:41:28,474.93,PayPal,CARD-001519-1,NG,Successful,0
2249,2249,2025-09-05 11:31:04,237.69,PayPal,CARD-000587-2,US,Successful,0
2250,2250,2025-09-03 21:56:11,1466.13,PayPal,CARD-000608-2,ES,Successful,3
2251,2251,2026-03-18 12:08:43,1402.64,Mastercard,CARD-SHARED-085,FR,Successful,0
2252,2252,2025-03-18 02:55:43,571.95,Amex,CARD-000842-2,FR,Successful,5
2253,2253,2025-02-22 15:01:02,1313.89,Visa,CARD-SHARED-090,ES,Successful,4
2254,2254,2026-01-28 01:11:46,573.86,Amex,CARD-000090-2,ES,Successful,1
2255,2255,2025-05-17 23:11:35,630.09,Visa,CARD-001042-2,FR,Successful,0
2256,2256,2026-02-16 19:53:51,731.54,Mastercard,CARD-001041-1,GB,Successful,0
2257,2257,2026-05-22 12:31:45,355.02,Amex,CARD-001872-1,GB,Successful,0
2258,2258,2025-06-03 08:48:24,1040.48,Mastercard,CARD-000226-1,IT,Successful,5
2259,2259,2026-06-11 04:53:37,1278.04,PayPal,CARD-000867-1,ES,Successful,0
2260,2260,2025-10-03 15:12:09,1272.41,Amex,CARD-001470-2,NG,Successful,0
2261,2261,2025-02-07 23:33:30,363.63,Visa,CARD-001338-1,GB,Successful,0
2262,2262,2025-04-09 04:56:55,1000.76,Amex,CARD-000657-2,DE,Successful,0
2263,2263,2026-02-27 07:03:52,2512.90,Mastercard,CARD-001938-1,NG,Successful,0
2264,2264,2026-03-21 11:45:21,1189.00,Amex,CARD-000833-1,GB,Failed,0
2265,2265,2026-05-24 22:55:16,489.03,Amex,CARD-001173-1,AE,Successful,0
2266,2266,2026-07-05 15:55:42,1405.78,Amex,CARD-000734-2,RO,Successful,0
2267,2267,2025-01-19 12:41:01,2591.69,Amex,CARD-001456-1,GR,Successful,0
2268,2268,2025-08-15 22:33:14,1137.09,Visa,CARD-000698-1,ES,Successful,3
2269,2269,2026-04-02 06:16:09,971.16,Visa,CARD-FRAUD-011,AL,Successful,7
2270,2270,2025-06-18 00:15:13,960.94,PayPal,CARD-001223-2,NL,Successful,0
2271,2271,2025-10-22 07:09:54,1071.74,Mastercard,CARD-SHARED-001,GB,Successful,0
2272,2272,2025-11-17 23:36:55,1413.23,Mastercard,CARD-001982-1,GR,Successful,0
2273,2273,2025-06-13 21:19:34,227.56,Amex,CARD-000689-1,GB,Failed,0
2274,2274,2025-09-16 07:38:14,966.88,Amex,CARD-SHARED-022,US,Successful,0
2275,2275,2026-03-31 02:00:35,985.07,Visa,CARD-SHARED-006,FR,Successful,0
2276,2276,2025-01-19 08:01:06,922.04,Visa,CARD-001826-2,RO,Successful,0
2277,2277,2025-10-02 00:32:09,155.55,Amex,CARD-000248-2,GB,Successful,2
2278,2278,2026-05-31 15:00:32,490.68,Visa,CARD-000585-1,US,Refunded,0
2279,2279,2026-04-21 21:37:26,1222.79,Amex,CARD-000271-1,DE,Successful,0
2280,2280,2026-07-10 05:47:29,1015.79,Amex,CARD-001671-1,FR,Successful,0
2281,2281,2026-03-12 21:47:12,2928.50,PayPal,CARD-001600-1,DE,Successful,2
2282,2282,2025-11-26 13:00:16,987.38,Amex,CARD-000179-2,IT,Successful,0
2283,2283,2026-06-05 12:35:32,1327.56,PayPal,CARD-SHARED-053,NL,Successful,0
2284,2284,2026-03-11 16:33:27,2327.84,PayPal,CARD-SHARED-072,ES,Failed,0
2285,2285,2026-01-27 11:18:46,881.89,Mastercard,CARD-000833-2,NL,Failed,0
2286,2286,2026-04-30 05:13:56,1409.10,PayPal,CARD-000706-1,FR,Successful,0
2287,2287,2025-09-23 16:41:47,2213.27,Mastercard,CARD-000163-1,RO,Successful,4
2288,2288,2026-02-24 00:19:57,1333.23,Mastercard,CARD-000758-2,FR,Successful,0
2289,2289,2025-07-28 01:40:12,1388.11,Amex,CARD-000750-1,GB,Successful,0
2290,2290,2025-11-03 21:22:08,528.37,Mastercard,CARD-000526-2,GR,Failed,0
2291,2291,2026-02-22 06:53:40,275.88,Amex,CARD-001864-2,NL,Successful,0
2292,2292,2026-02-24 15:08:01,786.65,Visa,CARD-FRAUD-026,AE,Successful,7
2293,2293,2026-07-15 12:35:06,2407.67,Mastercard,CARD-001313-2,ES,Successful,0
2294,2294,2026-01-29 04:55:05,881.49,PayPal,CARD-000851-1,NL,Successful,1
2295,2295,2026-04-20 23:58:35,1277.71,PayPal,CARD-001293-1,GB,Successful,0
2296,2296,2025-07-04 22:25:41,1213.71,PayPal,CARD-001661-1,AE,Successful,2
2297,2297,2025-09-13 02:01:44,158.96,Visa,CARD-000585-2,US,Failed,0
2298,2298,2026-03-31 12:46:12,871.20,Visa,CARD-000722-2,AE,Successful,0
2299,2299,2026-01-16 03:50:16,620.92,PayPal,CARD-001384-1,DE,Successful,4
2300,2300,2025-02-03 05:44:18,316.83,Visa,CARD-SHARED-042,DE,Successful,0
2301,2301,2026-03-21 07:09:50,1998.49,PayPal,CARD-001577-2,FR,Successful,0
2302,2302,2026-03-28 23:44:49,1404.58,PayPal,CARD-001031-2,ES,Successful,0
2303,2303,2026-06-22 21:28:32,103.66,Visa,CARD-000113-1,GR,Successful,0
2304,2304,2026-01-06 12:32:54,2479.99,PayPal,CARD-000274-2,NL,Successful,1
2305,2305,2026-01-20 06:44:23,1270.96,Amex,CARD-001115-2,GB,Successful,0
2306,2306,2025-02-20 09:38:15,1873.63,Amex,CARD-000808-1,GR,Successful,0
2307,2307,2025-07-16 02:47:02,341.03,PayPal,CARD-001560-1,GR,Successful,4
2308,2308,2026-06-06 14:55:58,890.54,PayPal,CARD-000340-2,FR,Successful,0
2309,2309,2025-08-04 02:20:18,439.49,Mastercard,CARD-001300-1,RO,Successful,2
2310,2310,2026-05-01 19:34:20,607.76,PayPal,CARD-000257-1,ES,Successful,1
2311,2311,2026-03-13 11:59:34,1227.57,Amex,CARD-001836-1,GB,Successful,0
2312,2312,2025-12-17 19:23:28,337.36,PayPal,CARD-000692-1,IT,Successful,0
2313,2313,2025-09-12 14:04:04,903.98,PayPal,CARD-001941-1,IT,Successful,0
2314,2314,2026-04-02 06:13:53,407.77,Visa,CARD-000934-2,DE,Successful,0
2315,2315,2025-08-29 17:43:44,1215.07,Mastercard,CARD-001270-2,RO,Successful,0
2316,2316,2025-06-24 22:50:10,2616.65,PayPal,CARD-FRAUD-022,AE,Successful,0
2317,2317,2026-05-23 20:24:04,272.94,Amex,CARD-SHARED-060,NL,Successful,0
2318,2318,2026-07-05 02:09:53,2028.92,Amex,CARD-000017-2,RO,Successful,2
2319,2319,2026-07-18 16:47:09,76.13,PayPal,CARD-000467-2,ES,Successful,0
2320,2320,2025-07-13 15:25:36,2431.13,Visa,CARD-000076-2,NG,Successful,0
2321,2321,2025-07-08 14:05:11,1023.20,PayPal,CARD-001545-1,IT,Successful,4
2322,2322,2026-06-21 09:17:44,1846.48,PayPal,CARD-001764-2,FR,Successful,4
2323,2323,2025-04-22 16:01:58,459.81,Amex,CARD-000696-1,IT,Successful,5
2324,2324,2026-05-26 16:12:27,789.26,Amex,CARD-001166-1,AL,Successful,0
2325,2325,2025-12-07 03:27:29,1197.90,Mastercard,CARD-000189-2,NL,Successful,0
2326,2326,2025-03-09 12:55:39,1153.74,PayPal,CARD-000870-2,AE,Successful,0
2327,2327,2025-09-19 00:02:56,643.50,PayPal,CARD-001052-1,FR,Successful,0
2328,2328,2025-02-25 19:53:17,545.51,Amex,CARD-000058-2,GB,Successful,2
2329,2329,2026-01-12 18:04:37,1467.22,PayPal,CARD-000590-2,DE,Failed,3
2330,2330,2026-07-15 03:30:28,396.48,Mastercard,CARD-000019-2,NG,Successful,0
2331,2331,2026-06-27 11:25:49,2111.99,Visa,CARD-000707-1,NL,Failed,0
2332,2332,2026-02-08 06:55:51,1971.41,Amex,CARD-000623-1,DE,Successful,0
2333,2333,2025-08-22 06:34:46,147.85,PayPal,CARD-001456-2,RO,Successful,0
2334,2334,2025-08-13 02:53:33,113.30,Amex,CARD-001539-2,IT,Successful,0
2335,2335,2025-05-13 12:24:08,508.04,Amex,CARD-SHARED-008,US,Successful,0
2336,2336,2025-07-05 15:23:04,1595.67,Amex,CARD-SHARED-049,GR,Successful,0
2337,2337,2025-01-16 00:47:11,2040.44,Mastercard,CARD-000549-2,GR,Successful,0
2338,2338,2025-08-22 14:04:18,913.84,Amex,CARD-001974-1,RO,Successful,0
2339,2339,2026-02-05 07:58:45,1430.08,PayPal,CARD-001634-2,NL,Successful,0
2340,2340,2026-03-08 14:31:31,557.25,Amex,CARD-000429-1,FR,Successful,0
2341,2341,2025-04-27 08:21:48,1426.12,PayPal,CARD-000934-2,DE,Successful,0
2342,2342,2026-03-29 11:09:31,438.13,Mastercard,CARD-SHARED-022,NG,Successful,0
2343,2343,2026-07-20 11:58:02,586.02,Mastercard,CARD-000140-1,GR,Successful,0
2344,2344,2025-09-08 23:17:15,1404.78,Visa,CARD-000976-2,US,Successful,2
2345,2345,2026-07-14 14:31:02,412.66,PayPal,CARD-001940-1,GR,Successful,0
2346,2346,2026-04-20 21:00:23,1206.45,Visa,CARD-001343-2,NG,Successful,0
2347,2347,2026-05-19 02:40:14,371.61,Amex,CARD-001146-1,NL,Failed,2
2348,2348,2026-07-09 04:43:41,902.35,Amex,CARD-001171-1,GR,Successful,0
2349,2349,2026-07-10 14:35:34,2246.53,Visa,CARD-001177-2,AE,Successful,1
2350,2350,2025-08-15 00:09:40,174.98,Mastercard,CARD-000209-1,DE,Successful,0
2351,2351,2026-06-16 16:22:06,1800.97,Mastercard,CARD-000606-1,ES,Successful,0
2352,2352,2026-04-18 06:36:17,1569.48,Amex,CARD-001254-1,FR,Successful,0
2353,2353,2025-12-10 15:11:14,1619.03,Amex,CARD-001562-2,GR,Successful,0
2354,2354,2026-05-14 00:12:05,320.73,Amex,CARD-SHARED-037,RO,Successful,0
2355,2355,2026-07-10 10:56:37,1206.06,Amex,CARD-SHARED-085,IT,Successful,0
2356,2356,2025-06-05 06:52:30,1360.07,Mastercard,CARD-001695-2,US,Successful,3
2357,2357,2026-04-27 05:31:37,654.76,Mastercard,CARD-001784-1,FR,Successful,0
2358,2358,2025-07-08 03:09:14,461.80,Mastercard,CARD-001497-2,RO,Successful,0
2359,2359,2025-03-01 18:20:35,259.85,Mastercard,CARD-001999-2,NL,Successful,4
2360,2360,2026-01-09 02:48:56,2239.12,PayPal,CARD-FRAUD-015,DE,Successful,1
2361,2361,2026-05-17 05:56:23,417.98,Mastercard,CARD-SHARED-072,FR,Refunded,3
2362,2362,2026-05-06 04:49:35,345.61,Visa,CARD-001130-2,AE,Successful,0
2363,2363,2026-03-04 10:34:46,212.75,Amex,CARD-001832-2,ES,Successful,0
2364,2364,2025-09-21 01:47:20,481.32,Mastercard,CARD-001803-1,US,Successful,0
2365,2365,2026-06-07 19:59:19,1040.93,Mastercard,CARD-001655-1,IT,Successful,0
2366,2366,2026-01-14 04:01:29,1117.47,Visa,CARD-000426-1,GB,Successful,5
2367,2367,2025-06-14 20:55:28,362.15,Mastercard,CARD-000965-1,AE,Successful,0
2368,2368,2025-12-03 21:14:26,2281.63,Amex,CARD-001023-2,GR,Failed,0
2369,2369,2025-07-25 07:13:31,1017.20,Mastercard,CARD-001761-1,NL,Successful,0
2370,2370,2026-01-21 09:38:32,89.13,PayPal,CARD-SHARED-084,IT,Successful,0
2371,2371,2025-02-02 02:22:04,864.69,PayPal,CARD-001578-1,RO,Successful,0
2372,2372,2025-01-15 23:17:05,160.99,PayPal,CARD-001075-2,NG,Successful,3
2373,2373,2025-12-25 15:54:18,1153.47,PayPal,CARD-001341-2,AE,Successful,0
2374,2374,2025-06-10 00:08:36,1345.67,PayPal,CARD-001136-2,ES,Refunded,0
2375,2375,2026-05-19 00:22:13,2761.36,Visa,CARD-FRAUD-021,IT,Successful,0
2376,2376,2025-12-13 01:58:22,633.89,PayPal,CARD-001696-1,GB,Successful,0
2377,2377,2025-07-13 03:39:40,1188.48,Mastercard,CARD-000129-2,AL,Successful,0
2378,2378,2026-06-17 13:41:05,764.34,Mastercard,CARD-000675-1,DE,Successful,1
2379,2379,2026-03-12 05:02:02,1589.48,PayPal,CARD-000845-1,RO,Successful,0
2380,2380,2025-01-24 14:41:20,1114.49,PayPal,CARD-000387-2,DE,Successful,0
2381,2381,2026-06-04 04:49:10,399.65,Mastercard,CARD-000624-1,RO,Successful,0
2382,2382,2025-06-08 00:15:24,295.17,Visa,CARD-000610-2,IT,Failed,0
2383,2383,2025-07-21 04:14:24,1092.30,Mastercard,CARD-001638-2,NL,Successful,4
2384,2384,2025-12-17 10:26:49,85.78,Visa,CARD-001593-2,RO,Failed,0
2385,2385,2026-06-22 03:17:01,2317.94,PayPal,CARD-001774-2,IT,Successful,0
2386,2386,2025-11-03 15:05:47,607.96,PayPal,CARD-000483-1,NG,Successful,0
2387,2387,2026-02-19 02:41:35,247.88,Amex,CARD-001293-1,GB,Successful,0
2388,2388,2025-12-27 18:44:40,2291.46,Visa,CARD-001547-1,NG,Successful,5
2389,2389,2025-04-16 07:21:20,1301.23,PayPal,CARD-000238-2,DE,Successful,1
2390,2390,2026-06-24 12:18:49,240.52,Amex,CARD-SHARED-063,AL,Successful,2
2391,2391,2026-01-17 13:57:46,616.66,PayPal,CARD-000473-1,AL,Successful,0
2392,2392,2026-01-07 04:29:38,728.50,Visa,CARD-001708-2,AL,Successful,3
2393,2393,2025-07-18 22:40:12,2523.08,Visa,CARD-000297-2,ES,Successful,0
2394,2394,2025-01-03 15:31:15,155.64,Amex,CARD-001707-2,ES,Successful,2
2395,2395,2026-03-09 20:31:05,1380.39,Amex,CARD-SHARED-001,IT,Successful,0
2396,2396,2025-10-26 04:05:15,3009.99,Visa,CARD-FRAUD-024,AE,Successful,5
2397,2397,2026-04-22 04:06:01,518.07,Amex,CARD-001859-2,AL,Successful,0
2398,2398,2025-03-07 12:51:29,2613.39,Visa,CARD-000466-1,AL,Successful,0
2399,2399,2025-12-17 05:25:08,1118.58,Amex,CARD-001220-1,DE,Successful,4
2400,2400,2026-03-06 10:12:38,930.68,Amex,CARD-000378-2,US,Failed,0
2401,2401,2025-02-06 07:26:32,613.80,PayPal,CARD-001628-2,GB,Successful,0
2402,2402,2026-03-31 15:55:16,2210.30,PayPal,CARD-000984-2,US,Successful,0
2403,2403,2026-03-04 14:28:10,417.14,Amex,CARD-000090-2,DE,Successful,0
2404,2404,2026-04-30 14:17:00,1124.31,Amex,CARD-000501-1,DE,Successful,0
2405,2405,2025-04-29 15:15:12,121.88,Visa,CARD-000988-1,ES,Successful,0
2406,2406,2025-12-11 04:22:09,1289.98,PayPal,CARD-SHARED-062,RO,Successful,0
2407,2407,2025-01-22 16:13:10,968.33,Mastercard,CARD-001950-2,GR,Successful,0
2408,2408,2026-04-09 05:24:29,147.94,Amex,CARD-000179-2,IT,Successful,0
2409,2409,2026-06-09 00:16:40,127.21,Mastercard,CARD-000665-2,IT,Successful,0
2410,2410,2025-11-30 06:07:16,309.77,Visa,CARD-001034-2,FR,Failed,0
2411,2411,2026-05-07 03:31:48,1267.01,PayPal,CARD-000938-2,FR,Successful,0
2412,2412,2025-11-12 07:34:01,550.65,Visa,CARD-000988-1,RO,Successful,0
2413,2413,2025-08-28 01:30:52,2192.69,PayPal,CARD-001492-2,GR,Successful,4
2414,2414,2025-06-11 15:33:27,1152.80,Visa,CARD-000166-2,IT,Successful,0
2415,2415,2026-06-13 21:13:06,1954.01,Amex,CARD-SHARED-081,ES,Successful,2
2416,2416,2026-01-17 03:31:14,131.29,Visa,CARD-001962-2,FR,Successful,0
2417,2417,2026-01-04 04:51:07,1351.63,PayPal,CARD-001828-1,RO,Successful,0
2418,2418,2025-11-17 19:34:10,466.78,Visa,CARD-000956-1,AE,Successful,0
2419,2419,2026-03-30 10:25:16,1531.50,PayPal,CARD-000719-1,NG,Successful,0
2420,2420,2026-03-14 11:36:42,654.38,Mastercard,CARD-000179-1,IT,Successful,0
2421,2421,2025-09-04 11:23:20,2544.64,Visa,CARD-000943-1,AE,Successful,0
2422,2422,2025-10-30 00:14:12,286.26,Amex,CARD-000139-1,IT,Successful,0
2423,2423,2026-07-07 19:56:28,2511.20,Amex,CARD-001506-1,AE,Successful,0
2424,2424,2025-11-11 22:06:02,1634.92,Mastercard,CARD-000345-1,NG,Successful,0
2425,2425,2026-06-11 08:45:07,2053.09,Amex,CARD-000653-2,DE,Successful,0
2426,2426,2025-01-07 00:52:15,1867.92,Visa,CARD-000386-2,AL,Successful,5
2427,2427,2026-06-22 13:16:01,1566.18,PayPal,CARD-000564-1,RO,Successful,0
2428,2428,2026-03-23 04:55:17,404.53,Amex,CARD-001098-2,DE,Successful,0
2429,2429,2025-02-23 05:56:45,2474.87,Mastercard,CARD-000640-2,GR,Successful,0
2430,2430,2026-03-06 13:10:20,980.67,Mastercard,CARD-001017-2,ES,Successful,3
2431,2431,2026-04-14 02:20:17,1289.10,PayPal,CARD-001964-1,NG,Failed,3
2432,2432,2025-07-02 20:41:19,2348.21,Mastercard,CARD-000470-2,AL,Successful,2
2433,2433,2026-06-02 06:02:58,341.39,Amex,CARD-000632-2,FR,Successful,2
2434,2434,2026-06-14 04:56:31,352.33,Mastercard,CARD-SHARED-027,US,Successful,0
2435,2435,2025-12-10 11:23:45,1204.45,PayPal,CARD-001138-1,AE,Failed,0
2436,2436,2026-07-18 10:46:47,1932.32,PayPal,CARD-SHARED-021,AE,Successful,0
2437,2437,2026-07-14 12:36:21,1039.40,Amex,CARD-001484-2,GB,Successful,0
2438,2438,2026-04-04 13:35:02,774.24,Amex,CARD-000507-2,AE,Successful,0
2439,2439,2026-01-06 08:06:38,1317.49,Amex,CARD-000948-1,GB,Successful,0
2440,2440,2026-06-24 02:50:20,2009.04,Mastercard,CARD-000734-2,FR,Successful,0
2441,2441,2025-06-12 19:30:45,306.64,Mastercard,CARD-000071-2,ES,Successful,0
2442,2442,2026-01-02 04:55:11,936.92,PayPal,CARD-001084-1,NL,Successful,3
2443,2443,2026-04-08 03:20:15,895.73,Amex,CARD-SHARED-017,AL,Successful,0
2444,2444,2025-01-27 22:44:17,2264.25,Mastercard,CARD-FRAUD-010,RO,Successful,1
2445,2445,2026-07-13 00:27:07,907.75,Mastercard,CARD-001474-1,DE,Successful,0
2446,2446,2025-11-13 02:13:44,357.03,Visa,CARD-001382-2,ES,Successful,0
2447,2447,2026-01-04 21:40:01,670.40,PayPal,CARD-000247-1,RO,Successful,0
2448,2448,2025-06-28 22:40:17,1919.68,PayPal,CARD-000130-2,AL,Successful,0
2449,2449,2025-08-05 13:27:43,389.48,PayPal,CARD-001779-2,DE,Successful,0
2450,2450,2026-01-13 14:22:11,791.80,Visa,CARD-001122-1,US,Successful,4
2451,2451,2026-03-25 04:33:45,1330.27,Visa,CARD-001884-2,DE,Successful,1
2452,2452,2025-09-07 04:02:11,2183.74,Amex,CARD-000498-1,IT,Successful,0
2453,2453,2026-04-15 09:35:50,1324.78,PayPal,CARD-001380-2,NL,Successful,5
2454,2454,2025-01-24 03:35:44,1415.93,PayPal,CARD-000617-1,DE,Successful,0
2455,2455,2026-06-18 23:25:41,491.04,Mastercard,CARD-000740-1,GR,Successful,1
2456,2456,2026-04-23 09:51:57,304.59,Mastercard,CARD-000848-2,NG,Successful,0
2457,2457,2026-01-10 04:48:51,761.70,Visa,CARD-001085-1,DE,Successful,0
2458,2458,2026-04-29 22:38:02,1431.32,Amex,CARD-000271-1,DE,Successful,0
2459,2459,2026-04-24 00:23:32,232.41,PayPal,CARD-001261-2,AL,Successful,0
2460,2460,2025-09-03 08:15:25,144.02,PayPal,CARD-001176-2,US,Failed,2
2461,2461,2025-11-20 08:28:18,592.89,Amex,CARD-SHARED-078,GB,Successful,0
2462,2462,2026-05-23 08:34:46,647.34,Amex,CARD-001766-1,FR,Successful,4
2463,2463,2025-04-06 01:54:23,82.48,Mastercard,CARD-001652-2,ES,Successful,1
2464,2464,2026-07-11 03:48:02,519.01,Mastercard,CARD-000905-1,RO,Successful,0
2465,2465,2026-06-20 23:53:10,634.02,Amex,CARD-001315-2,AL,Successful,0
2466,2466,2025-11-04 07:28:06,859.85,Visa,CARD-000812-2,AL,Successful,0
2467,2467,2026-03-20 22:07:01,992.01,Visa,CARD-001099-2,GR,Successful,3
2468,2468,2025-04-05 00:18:13,395.72,PayPal,CARD-000720-2,AE,Failed,0
2469,2469,2026-06-13 11:49:22,842.68,Visa,CARD-001235-1,RO,Failed,0
2470,2470,2025-11-21 14:03:09,1992.66,Amex,CARD-SHARED-021,US,Failed,0
2471,2471,2025-10-03 22:01:47,2289.16,PayPal,CARD-000957-2,RO,Successful,0
2472,2472,2025-08-22 16:59:33,1185.03,Mastercard,CARD-000587-2,US,Successful,0
2473,2473,2025-02-28 11:54:59,815.77,Amex,CARD-000487-1,NL,Successful,0
2474,2474,2026-03-12 12:39:23,1494.84,Mastercard,CARD-SHARED-014,NG,Successful,1
2475,2475,2026-04-23 20:30:41,1192.42,Mastercard,CARD-001916-2,US,Successful,0
2476,2476,2025-03-24 13:40:53,1491.21,Amex,CARD-001879-2,IT,Successful,0
2477,2477,2025-01-20 20:36:53,169.67,Amex,CARD-000946-2,DE,Successful,0
2478,2478,2026-02-15 17:37:26,724.07,Mastercard,CARD-000385-2,ES,Successful,0
2479,2479,2025-07-09 08:11:02,589.92,Visa,CARD-001362-1,NL,Successful,0
2480,2480,2025-12-11 04:57:29,1765.63,Mastercard,CARD-FRAUD-022,IT,Successful,8
2481,2481,2026-05-15 08:49:21,840.93,PayPal,CARD-FRAUD-003,DE,Successful,6
2482,2482,2025-10-27 12:58:29,2832.35,Visa,CARD-FRAUD-020,US,Successful,4
2483,2483,2025-05-08 09:24:30,1484.17,Amex,CARD-000185-2,IT,Successful,4
2484,2484,2025-05-03 19:54:45,2497.78,Visa,CARD-000896-2,US,Successful,0
2485,2485,2026-02-26 04:46:31,183.45,Amex,CARD-000364-2,NG,Successful,0
2486,2486,2026-01-13 20:49:40,1887.48,Mastercard,CARD-001161-2,IT,Successful,7
2487,2487,2026-07-02 11:55:33,111.12,Visa,CARD-001675-2,FR,Successful,0
2488,2488,2026-06-26 01:14:26,1382.55,Visa,CARD-SHARED-016,DE,Successful,0
2489,2489,2026-04-13 18:45:58,556.65,PayPal,CARD-001544-1,NL,Successful,2
2490,2490,2026-02-03 16:49:54,2120.34,PayPal,CARD-001170-1,US,Successful,0
2491,2491,2025-11-26 02:45:33,246.34,Amex,CARD-SHARED-015,IT,Successful,0
2492,2492,2025-05-09 13:17:21,1253.10,Mastercard,CARD-001056-2,NL,Successful,4
2493,2493,2025-01-24 06:07:12,1864.29,Amex,CARD-000607-1,DE,Successful,0
2494,2494,2026-01-25 21:07:51,431.63,Amex,CARD-000170-2,DE,Successful,0
2495,2495,2026-07-20 01:58:36,2013.52,Amex,CARD-001147-1,DE,Successful,0
2496,2496,2025-04-02 23:57:29,91.27,Amex,CARD-001349-2,US,Successful,0
2497,2497,2025-10-02 05:13:41,897.00,PayPal,CARD-000237-2,US,Successful,0
2498,2498,2026-07-11 07:44:22,148.67,Amex,CARD-000821-1,IT,Successful,0
2499,2499,2026-01-29 06:20:14,3063.90,Visa,CARD-000605-1,NL,Successful,8
2500,2500,2025-11-07 12:03:00,2047.71,Mastercard,CARD-000049-2,US,Successful,0
2501,2501,2026-01-16 23:31:49,287.00,Visa,CARD-001914-1,GR,Successful,0
2502,2502,2026-04-27 13:11:59,1178.39,Mastercard,CARD-001878-1,NG,Successful,0
2503,2503,2025-07-19 10:42:31,1851.13,Visa,CARD-001633-1,NG,Successful,4
2504,2504,2025-09-14 14:57:59,1373.86,Amex,CARD-000099-1,AL,Successful,0
2505,2505,2026-05-10 09:05:20,695.22,PayPal,CARD-000149-2,GR,Failed,1
2506,2506,2025-05-06 10:06:43,1127.28,Visa,CARD-SHARED-016,IT,Successful,0
2507,2507,2025-04-27 22:10:31,317.49,Mastercard,CARD-001706-1,IT,Successful,1
2508,2508,2025-10-27 03:59:03,344.83,Mastercard,CARD-SHARED-015,NL,Successful,0
2509,2509,2025-08-11 08:33:01,466.59,Amex,CARD-001076-2,IT,Successful,0
2510,2510,2026-05-31 10:40:04,2452.53,Amex,CARD-SHARED-005,NL,Successful,0
2511,2511,2026-01-01 07:34:47,1483.37,Mastercard,CARD-001946-2,GR,Successful,2
2512,2512,2025-02-09 01:38:06,956.42,PayPal,CARD-000728-1,NL,Successful,1
2513,2513,2025-06-01 15:13:16,339.42,Mastercard,CARD-001010-2,ES,Successful,0
2514,2514,2026-02-26 08:01:54,353.05,Visa,CARD-001723-1,ES,Successful,0
2515,2515,2025-05-14 17:21:28,1341.41,Mastercard,CARD-000076-1,NL,Successful,0
2516,2516,2025-07-21 19:13:52,76.35,Mastercard,CARD-001009-2,US,Successful,0
2517,2517,2026-07-15 17:24:57,982.30,Visa,CARD-000137-2,GR,Successful,0
2518,2518,2025-11-16 10:47:49,615.69,Amex,CARD-000408-2,FR,Successful,0
2519,2519,2025-11-27 11:38:44,1942.87,Amex,CARD-001250-2,US,Successful,0
2520,2520,2025-07-12 07:31:11,125.04,Mastercard,CARD-001898-2,IT,Successful,0
2521,2521,2026-01-03 21:01:00,1039.43,PayPal,CARD-001710-2,AE,Successful,0
2522,2522,2025-11-20 10:57:42,2210.55,Mastercard,CARD-SHARED-001,RO,Successful,1
2523,2523,2025-12-03 03:19:14,494.45,Visa,CARD-SHARED-012,IT,Successful,0
2524,2524,2026-07-13 19:02:20,581.66,Visa,CARD-SHARED-074,NG,Successful,0
2525,2525,2026-07-02 06:39:51,2363.69,PayPal,CARD-000448-1,GR,Successful,0
2526,2526,2026-06-22 22:03:04,1343.13,PayPal,CARD-000491-1,AE,Successful,0
2527,2527,2026-06-21 16:38:12,1217.12,PayPal,CARD-001622-2,AE,Successful,0
2528,2528,2025-09-11 21:53:41,1131.35,PayPal,CARD-000209-1,DE,Refunded,0
2529,2529,2025-12-20 16:16:52,568.02,PayPal,CARD-001060-2,US,Refunded,0
2530,2530,2025-09-30 04:20:48,932.83,Amex,CARD-001106-1,RO,Successful,0
2531,2531,2026-04-18 08:03:21,1368.17,Mastercard,CARD-001499-1,GB,Successful,0
2532,2532,2025-09-15 14:47:12,2507.29,Amex,CARD-001670-2,NL,Refunded,0
2533,2533,2025-01-03 07:52:43,1271.55,Amex,CARD-001772-2,FR,Successful,0
2534,2534,2026-07-01 16:13:48,250.03,Mastercard,CARD-001140-1,AL,Successful,0
2535,2535,2025-08-03 11:32:18,181.10,Visa,CARD-001189-2,GB,Successful,0
2536,2536,2026-06-14 12:12:24,1375.35,Amex,CARD-001732-1,GR,Successful,0
2537,2537,2025-10-30 12:07:14,851.27,Amex,CARD-001816-1,IT,Successful,2
2538,2538,2025-08-16 14:02:50,1481.17,Mastercard,CARD-000390-2,US,Successful,0
2539,2539,2025-04-29 09:01:47,2281.24,PayPal,CARD-SHARED-063,AL,Successful,1
2540,2540,2025-06-01 00:08:32,796.49,Visa,CARD-000445-2,IT,Successful,0
2541,2541,2025-10-18 12:04:36,1759.18,Mastercard,CARD-001250-2,US,Successful,0
2542,2542,2026-02-26 18:35:40,1816.96,Visa,CARD-001351-1,GB,Successful,1
2543,2543,2026-03-21 14:29:38,1443.02,PayPal,CARD-000906-2,AE,Successful,0
2544,2544,2025-10-09 13:03:10,877.00,Amex,CARD-001651-2,IT,Successful,0
2545,2545,2025-11-30 19:43:53,2273.29,PayPal,CARD-000188-2,IT,Successful,0
2546,2546,2025-06-05 20:23:43,497.33,Mastercard,CARD-001291-1,DE,Successful,2
2547,2547,2026-03-04 13:56:58,612.43,Mastercard,CARD-001947-2,RO,Successful,0
2548,2548,2026-05-06 03:25:51,142.47,PayPal,CARD-000916-1,US,Successful,0
2549,2549,2026-03-27 08:43:13,174.99,Mastercard,CARD-001409-1,FR,Successful,0
2550,2550,2025-12-13 10:03:18,362.50,Visa,CARD-001920-2,AE,Successful,0
2551,2551,2026-07-09 16:49:19,241.36,PayPal,CARD-001645-1,ES,Successful,0
2552,2552,2026-05-04 01:24:23,1072.15,Visa,CARD-001014-2,FR,Successful,0
2553,2553,2026-02-20 06:08:09,541.10,Amex,CARD-001302-1,AL,Successful,0
2554,2554,2026-07-13 15:22:42,113.10,Visa,CARD-001583-2,GB,Successful,0
2555,2555,2026-06-30 06:14:57,2309.58,Amex,CARD-000755-2,NG,Successful,0
2556,2556,2025-08-19 19:55:32,376.32,Mastercard,CARD-SHARED-075,ES,Successful,4
2557,2557,2026-02-23 10:03:39,2528.13,Amex,CARD-001432-1,GR,Successful,0
2558,2558,2025-12-01 19:11:07,3194.06,Visa,CARD-FRAUD-014,AE,Successful,6
2559,2559,2026-06-12 21:52:39,2488.27,Amex,CARD-001576-1,GR,Successful,0
2560,2560,2026-07-04 02:14:39,1078.35,Visa,CARD-000519-1,RO,Failed,0
2561,2561,2025-01-09 04:29:26,504.76,Mastercard,CARD-000219-1,NL,Successful,0
2562,2562,2026-01-16 13:51:19,931.96,PayPal,CARD-001177-2,GB,Successful,0
2563,2563,2026-06-08 06:43:16,953.55,Mastercard,CARD-000701-1,IT,Successful,0
2564,2564,2025-03-12 05:01:42,742.85,Amex,CARD-SHARED-024,NL,Successful,0
2565,2565,2026-04-30 01:37:49,315.69,PayPal,CARD-000658-2,US,Successful,0
2566,2566,2026-03-03 05:09:13,985.57,Visa,CARD-000532-1,AL,Successful,1
2567,2567,2026-04-03 22:41:41,995.92,Amex,CARD-000007-2,GB,Successful,0
2568,2568,2026-02-05 20:27:13,328.20,Visa,CARD-001632-1,US,Successful,4
2569,2569,2025-08-03 16:39:36,238.39,PayPal,CARD-SHARED-051,AL,Successful,0
2570,2570,2026-04-07 02:57:40,1212.84,Visa,CARD-001057-1,RO,Successful,0
2571,2571,2025-11-26 18:13:58,780.45,Visa,CARD-000883-1,GR,Successful,5
2572,2572,2026-02-06 19:25:07,1150.08,Visa,CARD-000467-2,ES,Successful,0
2573,2573,2026-05-30 11:41:35,190.43,Amex,CARD-001296-2,IT,Successful,0
2574,2574,2025-03-10 00:43:03,1571.98,Visa,CARD-FRAUD-026,DE,Successful,6
2575,2575,2026-02-24 18:49:29,1317.61,Mastercard,CARD-000156-2,FR,Successful,0
2576,2576,2026-01-09 18:23:59,1022.13,PayPal,CARD-SHARED-052,ES,Refunded,0
2577,2577,2026-05-09 23:32:25,1235.27,Visa,CARD-000858-1,DE,Successful,0
2578,2578,2026-03-15 17:10:16,2039.74,Mastercard,CARD-000274-1,FR,Successful,1
2579,2579,2025-05-02 17:05:33,1280.55,Mastercard,CARD-000522-2,NL,Failed,0
2580,2580,2025-02-17 23:03:17,881.97,Visa,CARD-001317-1,NG,Successful,0
2581,2581,2026-05-25 11:59:25,478.75,Visa,CARD-001352-2,NG,Failed,0
2582,2582,2026-04-17 02:45:12,479.63,Amex,CARD-001098-1,DE,Refunded,0
2583,2583,2026-03-15 16:28:26,373.22,Visa,CARD-000496-2,NL,Successful,0
2584,2584,2025-12-12 20:26:42,333.24,Visa,CARD-SHARED-001,RO,Refunded,0
2585,2585,2025-02-07 23:21:24,312.09,Amex,CARD-001477-1,RO,Successful,0
2586,2586,2026-06-04 16:28:59,1195.81,Mastercard,CARD-000906-2,AE,Refunded,1
2587,2587,2025-06-11 17:03:38,1108.01,Visa,CARD-001459-2,RO,Successful,3
2588,2588,2025-06-06 03:13:25,1494.40,Amex,CARD-000066-1,ES,Successful,0
2589,2589,2025-11-24 20:53:03,842.48,Amex,CARD-SHARED-066,AL,Successful,0
2590,2590,2025-10-22 15:41:48,769.05,PayPal,CARD-001647-2,NL,Successful,1
2591,2591,2025-10-26 22:26:02,2361.68,Mastercard,CARD-000963-1,NG,Successful,1
2592,2592,2026-06-09 09:22:23,975.54,Amex,CARD-001677-2,FR,Failed,0
2593,2593,2025-06-02 14:09:41,284.93,Visa,CARD-SHARED-052,NL,Successful,0
2594,2594,2025-12-12 16:20:57,1123.64,Amex,CARD-001769-2,US,Successful,5
2595,2595,2026-02-19 05:10:03,1456.83,Mastercard,CARD-SHARED-036,DE,Successful,1
2596,2596,2026-01-11 04:01:45,1294.19,Visa,CARD-000406-2,AE,Successful,1
2597,2597,2026-05-06 13:58:37,2001.28,Mastercard,CARD-000272-2,FR,Failed,0
2598,2598,2026-06-01 12:38:23,435.10,Amex,CARD-001216-2,ES,Successful,0
2599,2599,2026-04-23 18:47:35,764.01,Visa,CARD-001296-2,US,Successful,4
2600,2600,2025-08-25 22:44:44,1146.07,Mastercard,CARD-SHARED-082,GR,Successful,0
2601,2601,2025-12-30 13:57:39,1057.08,Visa,CARD-001082-1,AL,Successful,0
2602,2602,2026-07-13 17:19:17,1868.23,Amex,CARD-001671-1,FR,Successful,0
2603,2603,2026-07-02 14:57:12,442.93,PayPal,CARD-SHARED-071,NL,Successful,0
2604,2604,2025-04-03 04:01:15,742.40,PayPal,CARD-001825-1,NG,Successful,0
2605,2605,2025-09-08 02:45:26,1291.15,Mastercard,CARD-000375-2,FR,Successful,0
2606,2606,2026-07-14 03:55:11,464.00,Amex,CARD-000720-1,FR,Successful,0
2607,2607,2026-06-13 12:21:12,360.32,Mastercard,CARD-SHARED-018,GR,Successful,0
2608,2608,2026-04-08 13:08:50,474.58,PayPal,CARD-001736-1,FR,Successful,0
2609,2609,2025-07-05 18:36:22,693.09,Visa,CARD-000467-2,AE,Successful,0
2610,2610,2025-07-03 14:43:37,532.37,PayPal,CARD-000548-2,AE,Successful,1
2611,2611,2026-06-06 07:30:40,691.83,Amex,CARD-001462-1,AE,Successful,0
2612,2612,2026-04-09 02:53:53,637.70,PayPal,CARD-001537-1,GR,Failed,0
2613,2613,2026-04-12 00:16:21,1867.82,Mastercard,CARD-000696-2,ES,Successful,1
2614,2614,2025-06-10 02:08:00,747.46,PayPal,CARD-SHARED-090,IT,Successful,4
2615,2615,2025-09-12 09:00:09,687.62,Visa,CARD-001376-2,RO,Successful,1
2616,2616,2025-08-09 16:31:07,586.45,Amex,CARD-SHARED-019,AE,Successful,0
2617,2617,2025-03-24 04:11:15,586.03,Visa,CARD-001777-1,ES,Successful,0
2618,2618,2026-06-29 13:37:28,2592.43,Visa,CARD-001049-1,DE,Successful,0
2619,2619,2026-06-14 19:48:44,1208.09,PayPal,CARD-000015-1,NG,Successful,0
2620,2620,2026-06-06 07:45:50,848.58,Visa,CARD-001052-1,FR,Successful,0
2621,2621,2026-05-28 03:15:20,1054.55,PayPal,CARD-000150-1,GB,Successful,0
2622,2622,2025-05-31 17:29:05,475.30,Amex,CARD-000786-2,US,Successful,4
2623,2623,2026-06-12 07:40:49,2216.18,Visa,CARD-SHARED-088,ES,Successful,4
2624,2624,2025-01-06 04:50:42,1053.67,Mastercard,CARD-001737-2,GR,Successful,0
2625,2625,2026-01-27 16:40:13,121.42,Visa,CARD-000088-1,RO,Successful,4
2626,2626,2025-10-28 02:04:39,944.82,Mastercard,CARD-000458-1,AL,Successful,0
2627,2627,2025-10-13 12:50:27,1073.81,PayPal,CARD-001463-1,FR,Successful,0
2628,2628,2025-05-04 07:56:34,1045.74,Visa,CARD-001826-1,NG,Successful,0
2629,2629,2026-02-25 04:36:15,786.31,Visa,CARD-001117-2,ES,Successful,0
2630,2630,2026-06-22 09:29:36,973.95,PayPal,CARD-001964-1,NG,Successful,3
2631,2631,2026-04-13 17:37:36,2901.06,PayPal,CARD-000417-2,FR,Successful,8
2632,2632,2025-05-12 10:16:29,991.92,PayPal,CARD-001185-1,FR,Failed,0
2633,2633,2025-12-23 00:57:58,851.31,Visa,CARD-001884-2,DE,Successful,0
2634,2634,2025-02-25 20:26:31,733.27,Amex,CARD-SHARED-058,ES,Successful,1
2635,2635,2026-07-07 00:51:21,1443.99,Mastercard,CARD-000954-1,DE,Refunded,0
2636,2636,2025-02-05 06:02:40,2085.11,Amex,CARD-001292-1,ES,Successful,0
2637,2637,2025-01-19 12:32:08,2247.63,Amex,CARD-001008-2,GB,Successful,0
2638,2638,2026-06-25 13:22:14,2016.24,Mastercard,CARD-000180-1,GB,Successful,3
2639,2639,2026-06-28 02:07:17,1985.35,Mastercard,CARD-001854-1,IT,Successful,0
2640,2640,2025-06-14 15:24:26,578.79,Amex,CARD-SHARED-056,IT,Successful,0
2641,2641,2026-05-26 03:24:42,1784.11,Mastercard,CARD-000043-1,FR,Successful,0
2642,2642,2025-11-28 22:13:20,326.11,Visa,CARD-000141-1,ES,Successful,0
2643,2643,2026-02-05 00:34:36,299.34,Amex,CARD-000774-1,ES,Successful,1
2644,2644,2026-03-28 20:01:40,1041.15,Mastercard,CARD-001356-1,RO,Successful,0
2645,2645,2025-11-06 22:20:47,393.94,Amex,CARD-SHARED-021,GB,Successful,3
2646,2646,2025-10-19 18:39:34,2053.39,Visa,CARD-SHARED-047,AE,Successful,0
2647,2647,2025-04-03 02:22:09,1183.47,Mastercard,CARD-000012-2,AE,Refunded,0
2648,2648,2026-03-17 02:35:12,861.83,Amex,CARD-000425-1,US,Successful,2
2649,2649,2025-08-07 16:18:16,1853.22,Mastercard,CARD-000355-1,GR,Successful,0
2650,2650,2025-08-17 08:34:23,1074.46,Mastercard,CARD-000729-1,GB,Successful,0
2651,2651,2026-03-09 06:27:02,1454.45,Visa,CARD-001540-2,AL,Successful,0
2652,2652,2025-11-02 19:31:20,2080.09,PayPal,CARD-FRAUD-018,FR,Successful,1
2653,2653,2026-02-08 10:01:38,1078.26,Amex,CARD-000421-2,AL,Successful,0
2654,2654,2025-01-30 03:43:00,381.40,Visa,CARD-000733-1,NL,Successful,0
2655,2655,2025-10-09 04:50:41,1614.99,Visa,CARD-000116-2,AE,Successful,8
2656,2656,2025-12-27 19:21:57,451.97,PayPal,CARD-001010-1,FR,Successful,0
2657,2657,2026-06-26 09:23:12,204.01,Amex,CARD-000713-1,NG,Successful,0
2658,2658,2025-05-02 17:55:55,1001.73,Visa,CARD-001213-2,ES,Successful,0
2659,2659,2026-06-18 21:19:09,303.86,PayPal,CARD-SHARED-034,US,Successful,0
2660,2660,2026-07-01 04:15:17,1246.39,PayPal,CARD-000611-2,AE,Successful,0
2661,2661,2026-03-09 09:44:47,73.55,Mastercard,CARD-001904-2,AL,Successful,0
2662,2662,2025-07-31 11:56:36,1250.98,PayPal,CARD-001628-2,GB,Successful,1
2663,2663,2025-03-17 05:58:24,1224.88,Mastercard,CARD-001457-1,RO,Successful,0
2664,2664,2026-03-20 05:25:49,1022.53,Mastercard,CARD-000461-2,NG,Successful,0
2665,2665,2025-07-18 21:25:37,1046.23,Amex,CARD-000324-1,DE,Successful,1
2666,2666,2026-03-25 10:06:58,682.53,Mastercard,CARD-000571-1,ES,Successful,1
2667,2667,2026-03-06 19:41:56,79.50,Mastercard,CARD-001083-2,NG,Successful,0
2668,2668,2026-03-04 07:36:49,827.57,Visa,CARD-000170-1,GB,Successful,0
2669,2669,2026-01-07 22:44:54,650.80,Visa,CARD-000541-1,AE,Successful,0
2670,2670,2026-06-24 17:27:20,1207.45,PayPal,CARD-001799-2,US,Successful,0
2671,2671,2026-03-12 08:22:00,924.67,PayPal,CARD-000461-2,NG,Successful,5
2672,2672,2025-06-13 14:25:30,489.36,Mastercard,CARD-001435-1,NG,Successful,1
2673,2673,2025-09-29 11:23:39,211.92,Mastercard,CARD-000519-2,GR,Successful,0
2674,2674,2026-03-11 16:15:08,1162.16,PayPal,CARD-SHARED-064,AE,Successful,0
2675,2675,2025-04-12 02:37:26,1924.50,Mastercard,CARD-SHARED-050,GR,Successful,0
2676,2676,2025-06-08 18:20:39,616.83,Mastercard,CARD-001213-2,ES,Failed,0
2677,2677,2026-05-12 23:36:52,672.01,PayPal,CARD-001028-2,DE,Refunded,0
2678,2678,2025-06-17 21:35:29,1533.50,Amex,CARD-001135-2,US,Successful,0
2679,2679,2026-05-05 16:33:37,1404.16,Visa,CARD-000528-1,FR,Successful,0
2680,2680,2026-06-24 15:58:36,798.28,Amex,CARD-SHARED-051,GR,Successful,4
2681,2681,2025-10-09 17:57:01,198.57,Visa,CARD-001444-2,GR,Successful,3
2682,2682,2026-01-14 08:51:22,695.71,Visa,CARD-001034-2,FR,Successful,0
2683,2683,2026-07-17 01:32:10,381.44,PayPal,CARD-001442-1,IT,Successful,1
2684,2684,2026-06-17 23:23:06,643.21,PayPal,CARD-001803-1,NG,Successful,0
2685,2685,2025-09-05 10:48:44,92.05,Amex,CARD-000757-1,ES,Successful,0
2686,2686,2025-08-02 06:37:53,975.15,Mastercard,CARD-000991-1,NG,Failed,0
2687,2687,2025-03-23 11:08:51,1377.44,PayPal,CARD-001594-1,NL,Refunded,0
2688,2688,2025-05-18 20:20:17,1449.06,Visa,CARD-001733-2,FR,Successful,0
2689,2689,2026-02-03 15:45:05,509.99,Visa,CARD-000876-1,US,Successful,3
2690,2690,2026-05-06 15:08:08,1461.50,Amex,CARD-000746-2,GR,Successful,0
2691,2691,2025-03-22 04:39:57,330.64,Mastercard,CARD-001787-1,RO,Failed,0
2692,2692,2025-03-30 06:23:46,173.29,PayPal,CARD-SHARED-092,NG,Successful,2
2693,2693,2026-06-27 00:37:06,2309.75,Visa,CARD-000760-1,AE,Successful,0
2694,2694,2025-08-26 22:59:14,1154.85,PayPal,CARD-000219-1,NL,Successful,0
2695,2695,2025-11-09 22:59:20,527.66,Visa,CARD-001123-1,NG,Successful,0
2696,2696,2026-04-24 11:15:03,1456.36,Visa,CARD-001656-2,FR,Successful,0
2697,2697,2026-03-08 00:16:16,1816.58,Visa,CARD-SHARED-087,US,Successful,1
2698,2698,2026-03-21 03:50:27,925.66,Visa,CARD-001385-2,ES,Failed,0
2699,2699,2025-07-19 04:38:13,449.70,PayPal,CARD-SHARED-026,AE,Successful,3
2700,2700,2026-04-14 04:07:19,2023.02,Amex,CARD-001822-1,AL,Successful,0
2701,2701,2026-07-09 16:48:58,2190.04,PayPal,CARD-FRAUD-024,ES,Successful,6
2702,2702,2026-02-08 19:51:55,704.76,PayPal,CARD-000421-2,AL,Successful,0
2703,2703,2026-01-28 21:38:50,1234.63,Visa,CARD-001769-1,NG,Successful,0
2704,2704,2026-02-18 23:53:16,1297.83,Visa,CARD-001405-2,GR,Failed,0
2705,2705,2026-06-20 01:36:33,99.89,Mastercard,CARD-000912-2,AL,Successful,0
2706,2706,2026-03-23 08:07:00,807.26,Visa,CARD-000866-1,GR,Successful,0
2707,2707,2025-03-15 01:36:35,347.80,Amex,CARD-001923-1,FR,Successful,0
2708,2708,2026-05-23 01:43:21,1287.66,Amex,CARD-001311-1,AL,Successful,0
2709,2709,2025-09-17 20:06:44,891.14,Amex,CARD-001361-2,NG,Successful,0
2710,2710,2026-01-25 22:21:08,638.08,Visa,CARD-001015-2,RO,Failed,0
2711,2711,2025-11-06 04:56:07,2431.31,Amex,CARD-001110-2,ES,Successful,1
2712,2712,2025-11-06 15:20:48,357.40,PayPal,CARD-001078-1,US,Successful,0
2713,2713,2025-03-30 19:17:15,878.54,PayPal,CARD-000079-1,DE,Successful,0
2714,2714,2026-01-20 14:13:41,1958.99,Visa,CARD-000252-1,FR,Successful,0
2715,2715,2026-07-17 17:58:56,2263.99,Amex,CARD-001949-2,AE,Successful,0
2716,2716,2026-04-09 13:42:59,1397.62,PayPal,CARD-001994-2,AL,Successful,0
2717,2717,2026-05-15 05:10:11,492.21,Amex,CARD-001609-2,NG,Successful,0
2718,2718,2026-02-18 05:36:09,1046.60,Visa,CARD-SHARED-025,NL,Successful,0
2719,2719,2026-04-08 11:46:11,881.90,PayPal,CARD-SHARED-037,ES,Successful,0
2720,2720,2025-05-21 15:56:49,845.79,Visa,CARD-001942-2,DE,Successful,3
2721,2721,2026-04-15 22:12:31,750.29,Amex,CARD-001778-2,GB,Successful,1
2722,2722,2025-10-11 05:16:18,1437.73,Visa,CARD-000491-1,AE,Successful,0
2723,2723,2026-03-31 11:30:58,1587.46,Amex,CARD-000983-1,GB,Successful,0
2724,2724,2026-04-04 06:20:52,696.26,Visa,CARD-000104-2,NG,Failed,0
2725,2725,2025-10-02 08:42:13,1192.53,Visa,CARD-001609-1,AE,Successful,0
2726,2726,2026-05-19 09:33:08,672.53,Visa,CARD-001014-1,GR,Successful,4
2727,2727,2026-07-14 14:38:28,752.68,PayPal,CARD-000483-1,AL,Successful,0
2728,2728,2026-06-05 16:16:18,369.96,PayPal,CARD-001871-2,IT,Successful,0
2729,2729,2026-01-07 09:47:06,720.27,PayPal,CARD-000520-1,IT,Successful,1
2730,2730,2025-11-22 21:21:01,1080.20,Mastercard,CARD-001426-2,AE,Successful,0
2731,2731,2025-11-12 04:34:31,1131.95,Amex,CARD-000223-2,NL,Successful,0
2732,2732,2025-05-01 05:11:01,245.73,Visa,CARD-SHARED-091,NL,Successful,0
2733,2733,2025-08-16 12:16:55,1009.75,Amex,CARD-000724-1,GR,Failed,2
2734,2734,2025-09-16 09:14:07,1010.85,PayPal,CARD-001297-2,NG,Successful,0
2735,2735,2025-11-23 07:52:00,751.71,Visa,CARD-001165-2,GR,Successful,0
2736,2736,2025-02-24 11:16:44,988.70,PayPal,CARD-000496-2,NL,Successful,0
2737,2737,2026-04-06 15:44:42,731.71,PayPal,CARD-001989-1,AE,Failed,5
2738,2738,2025-11-26 16:37:01,994.40,Visa,CARD-000824-1,AL,Successful,0
2739,2739,2026-04-12 03:32:48,1102.41,Visa,CARD-001547-1,NG,Successful,5
2740,2740,2025-06-02 19:59:28,762.21,PayPal,CARD-001881-1,AE,Successful,0
2741,2741,2026-04-17 07:12:36,1939.91,Mastercard,CARD-FRAUD-004,NG,Successful,3
2742,2742,2026-06-04 00:53:12,824.88,Amex,CARD-001656-2,FR,Successful,0
2743,2743,2026-05-13 08:49:37,944.55,Amex,CARD-001292-1,ES,Successful,1
2744,2744,2025-04-14 15:06:41,245.27,Visa,CARD-000071-2,ES,Successful,0
2745,2745,2026-07-11 12:37:54,1280.73,Mastercard,CARD-000621-1,NL,Successful,1
2746,2746,2026-02-24 00:30:16,661.44,PayPal,CARD-000921-1,RO,Successful,0
2747,2747,2025-08-25 10:56:12,265.44,Visa,CARD-SHARED-091,NG,Successful,4
2748,2748,2026-01-14 02:44:27,1478.43,Visa,CARD-000113-2,GR,Failed,0
2749,2749,2026-01-12 00:14:54,1359.69,Visa,CARD-000539-2,DE,Successful,1
2750,2750,2026-05-01 06:42:17,500.64,PayPal,CARD-SHARED-054,AL,Successful,0
2751,2751,2026-07-09 09:46:47,1305.25,Visa,CARD-000122-2,FR,Successful,0
2752,2752,2025-06-02 21:30:42,790.71,Mastercard,CARD-000405-1,ES,Successful,0
2753,2753,2026-01-02 09:10:23,2368.25,Mastercard,CARD-001507-1,GR,Successful,1
2754,2754,2026-05-24 01:14:03,2105.09,Mastercard,CARD-000726-2,AE,Successful,0
2755,2755,2026-07-18 03:20:13,792.66,Amex,CARD-001313-1,US,Successful,0
2756,2756,2025-05-04 16:08:48,1302.10,Mastercard,CARD-000083-2,RO,Successful,0
2757,2757,2026-04-27 23:33:18,1071.62,PayPal,CARD-001083-1,NG,Successful,0
2758,2758,2026-06-03 13:39:41,669.51,PayPal,CARD-001484-2,GB,Successful,0
2759,2759,2026-06-09 10:54:41,1019.31,Visa,CARD-000821-2,IT,Successful,0
2760,2760,2025-09-02 14:35:54,1612.79,Visa,CARD-000058-1,GB,Successful,0
2761,2761,2026-03-19 21:19:10,1265.08,Amex,CARD-000288-1,NG,Failed,0
2762,2762,2026-02-23 14:20:15,124.41,PayPal,CARD-000492-2,GB,Successful,0
2763,2763,2025-10-06 09:00:03,1306.30,Visa,CARD-000339-2,DE,Successful,0
2764,2764,2026-07-09 11:53:13,941.19,PayPal,CARD-000331-2,GB,Successful,0
2765,2765,2025-10-15 00:48:24,729.43,Amex,CARD-001853-2,IT,Successful,4
2766,2766,2025-06-20 09:32:00,552.37,Amex,CARD-SHARED-060,GR,Successful,1
2767,2767,2026-07-02 05:31:35,531.48,PayPal,CARD-001875-1,GB,Successful,1
2768,2768,2025-12-17 20:05:38,1244.39,Amex,CARD-001616-2,AE,Successful,0
2769,2769,2025-10-06 04:24:30,1255.84,Amex,CARD-001467-2,NG,Successful,0
2770,2770,2026-05-05 00:39:13,2744.55,Amex,CARD-000024-2,NL,Successful,2
2771,2771,2025-07-16 17:24:24,656.68,Visa,CARD-001613-1,AL,Successful,0
2772,2772,2025-02-23 11:00:29,1109.41,Mastercard,CARD-SHARED-027,DE,Successful,1
2773,2773,2026-06-23 01:54:01,280.86,Visa,CARD-001841-1,NG,Successful,0
2774,2774,2025-01-25 03:26:55,1339.59,Visa,CARD-000357-1,GR,Successful,0
2775,2775,2026-05-06 13:44:43,1367.46,Amex,CARD-001700-2,GB,Successful,4
2776,2776,2025-06-20 13:46:13,379.24,Visa,CARD-000901-2,GB,Successful,0
2777,2777,2026-05-09 01:50:53,310.19,Amex,CARD-000795-2,NG,Successful,1
2778,2778,2025-07-15 03:03:25,1192.85,PayPal,CARD-000620-1,NG,Successful,3
2779,2779,2026-02-18 23:26:09,1129.13,Amex,CARD-000655-1,GB,Successful,0
2780,2780,2026-03-24 05:50:57,2590.27,Mastercard,CARD-FRAUD-012,DE,Successful,7
2781,2781,2025-08-15 13:19:25,91.03,Visa,CARD-001946-2,GR,Successful,0
2782,2782,2025-08-18 18:23:01,2540.56,Amex,CARD-SHARED-021,AL,Successful,0
2783,2783,2025-10-13 17:53:00,523.58,PayPal,CARD-001096-1,GB,Successful,0
2784,2784,2025-11-02 04:58:53,944.83,Visa,CARD-000888-1,RO,Successful,0
2785,2785,2026-02-26 00:36:33,1362.40,Amex,CARD-001422-2,ES,Successful,0
2786,2786,2026-01-31 10:12:51,345.33,Mastercard,CARD-001775-1,IT,Successful,0
2787,2787,2026-02-20 20:29:39,973.09,PayPal,CARD-001402-1,FR,Failed,0
2788,2788,2026-01-04 14:15:58,301.87,PayPal,CARD-001024-1,GR,Successful,0
2789,2789,2026-05-26 03:07:26,99.50,Amex,CARD-000814-1,DE,Successful,0
2790,2790,2026-04-19 20:50:22,879.50,Mastercard,CARD-001316-2,DE,Failed,5
2791,2791,2026-06-26 02:03:20,1013.91,Visa,CARD-001718-1,RO,Failed,0
2792,2792,2026-07-17 13:47:31,2058.87,Visa,CARD-000321-2,RO,Successful,6
2793,2793,2026-06-14 07:41:51,536.25,Amex,CARD-SHARED-039,GR,Successful,0
2794,2794,2025-08-03 17:52:21,1825.97,Visa,CARD-001877-1,NG,Successful,0
2795,2795,2025-12-22 01:44:06,1100.53,Visa,CARD-001705-1,DE,Successful,0
2796,2796,2026-05-19 12:49:05,1633.20,PayPal,CARD-000477-2,NG,Successful,0
2797,2797,2026-04-06 22:55:21,1430.00,Amex,CARD-000022-1,RO,Successful,1
2798,2798,2025-11-06 23:44:39,912.80,PayPal,CARD-000307-2,IT,Successful,0
2799,2799,2025-06-10 17:37:41,689.20,Visa,CARD-000270-2,IT,Successful,0
2800,2800,2025-06-12 09:14:53,1264.74,PayPal,CARD-001561-1,NG,Successful,0
2801,2801,2025-05-28 00:28:28,1186.17,Amex,CARD-000593-1,GB,Successful,0
2802,2802,2025-03-25 08:09:47,1009.72,Mastercard,CARD-000657-1,DE,Successful,0
2803,2803,2025-04-23 10:26:14,1143.80,PayPal,CARD-001833-2,ES,Successful,0
2804,2804,2025-10-18 15:52:30,379.92,Mastercard,CARD-000701-2,IT,Successful,1
2805,2805,2026-06-11 14:59:59,643.02,Amex,CARD-001719-2,FR,Successful,0
2806,2806,2026-06-06 10:37:24,906.18,Mastercard,CARD-000193-1,GB,Successful,0
2807,2807,2025-11-16 21:10:15,1254.80,Amex,CARD-SHARED-038,AE,Successful,0
2808,2808,2025-10-27 19:44:21,1200.19,Visa,CARD-000491-2,AE,Failed,1
2809,2809,2025-05-25 20:30:01,738.24,Amex,CARD-000310-2,US,Successful,0
2810,2810,2026-06-05 14:18:41,1091.61,Visa,CARD-001642-2,GB,Failed,0
2811,2811,2026-04-22 16:02:10,3053.59,Amex,CARD-FRAUD-002,AL,Successful,7
2812,2812,2026-06-05 08:22:06,1150.16,PayPal,CARD-000518-2,NL,Successful,3
2813,2813,2026-04-11 16:00:19,210.84,PayPal,CARD-001042-2,FR,Successful,1
2814,2814,2025-12-04 09:15:24,1030.82,Visa,CARD-000930-1,RO,Successful,0
2815,2815,2025-08-20 16:52:14,968.86,Visa,CARD-000832-1,DE,Successful,0
2816,2816,2025-10-28 08:44:47,1441.05,PayPal,CARD-001738-1,RO,Successful,0
2817,2817,2025-09-01 19:59:57,1025.57,Mastercard,CARD-000080-1,NG,Refunded,0
2818,2818,2025-07-12 05:58:23,801.95,Amex,CARD-001213-2,ES,Failed,0
2819,2819,2025-02-27 05:44:01,503.85,Amex,CARD-000032-1,IT,Successful,2
2820,2820,2025-12-13 13:24:56,751.32,Mastercard,CARD-001918-1,IT,Successful,0
2821,2821,2026-04-15 09:54:58,973.18,Mastercard,CARD-001830-2,IT,Failed,0
2822,2822,2026-07-15 13:53:24,897.31,Mastercard,CARD-001313-1,US,Successful,0
2823,2823,2026-04-30 03:10:12,1360.03,Mastercard,CARD-001701-1,DE,Refunded,0
2824,2824,2025-12-28 14:01:59,216.55,PayPal,CARD-000583-1,GR,Successful,5
2825,2825,2025-05-31 08:31:52,1255.29,PayPal,CARD-000731-1,GB,Successful,0
2826,2826,2026-01-06 15:14:19,2352.08,Amex,CARD-000277-2,ES,Successful,0
2827,2827,2026-05-20 08:26:43,2553.07,Visa,CARD-001532-1,IT,Successful,1
2828,2828,2025-08-26 23:01:55,690.10,Visa,CARD-001222-1,NG,Successful,0
2829,2829,2025-12-18 06:03:33,342.24,Amex,CARD-SHARED-033,ES,Successful,0
2830,2830,2025-10-03 08:25:40,517.71,Amex,CARD-001429-2,GB,Successful,5
2831,2831,2025-09-02 10:06:58,2006.00,PayPal,CARD-SHARED-061,RO,Successful,0
2832,2832,2026-03-13 04:22:24,1481.20,Mastercard,CARD-SHARED-097,NL,Successful,1
2833,2833,2025-06-09 19:00:42,294.45,Amex,CARD-SHARED-014,FR,Successful,0
2834,2834,2025-07-29 20:42:39,1821.96,Amex,CARD-FRAUD-004,DE,Successful,7
2835,2835,2026-05-16 23:29:01,620.58,Mastercard,CARD-SHARED-086,DE,Successful,1
2836,2836,2026-06-03 14:54:50,685.69,Amex,CARD-001683-1,DE,Successful,0
2837,2837,2025-04-03 20:12:31,618.11,Amex,CARD-000890-1,ES,Successful,0
2838,2838,2026-05-26 06:06:14,164.29,PayPal,CARD-001573-2,NG,Successful,1
2839,2839,2026-06-19 18:42:35,924.59,Mastercard,CARD-000177-2,IT,Successful,0
2840,2840,2026-02-16 04:30:51,2751.42,Mastercard,CARD-FRAUD-008,ES,Successful,0
2841,2841,2025-09-27 06:20:26,1128.81,PayPal,CARD-000302-2,GB,Successful,0
2842,2842,2026-04-18 17:14:45,496.32,Visa,CARD-001770-1,AE,Successful,0
2843,2843,2026-03-01 19:49:24,862.66,PayPal,CARD-000833-1,NL,Successful,0
2844,2844,2025-07-16 04:05:01,1465.52,Amex,CARD-SHARED-064,GR,Successful,0
2845,2845,2025-06-30 13:51:28,167.98,Mastercard,CARD-000837-2,GR,Successful,4
2846,2846,2026-04-23 14:24:15,1345.96,Mastercard,CARD-001068-1,RO,Successful,0
2847,2847,2026-04-18 08:37:40,500.41,PayPal,CARD-000120-1,AL,Successful,0
2848,2848,2026-07-03 10:46:15,1881.95,Amex,CARD-000751-2,NL,Successful,0
2849,2849,2026-05-17 18:14:50,978.03,Mastercard,CARD-001897-1,FR,Successful,0
2850,2850,2026-04-23 22:14:05,318.47,PayPal,CARD-001274-2,US,Failed,0
2851,2851,2025-11-06 19:02:41,1446.44,Amex,CARD-001091-1,RO,Successful,0
2852,2852,2026-02-21 13:48:21,1768.31,Visa,CARD-FRAUD-019,FR,Successful,5
2853,2853,2025-09-08 08:01:35,1514.13,Visa,CARD-000553-1,DE,Successful,0
2854,2854,2025-03-13 23:39:56,130.59,Amex,CARD-001670-2,NL,Failed,3
2855,2855,2025-03-07 09:06:01,1400.03,Mastercard,CARD-001898-2,IT,Successful,0
2856,2856,2026-02-02 21:59:33,294.03,Mastercard,CARD-001390-2,GR,Successful,4
2857,2857,2025-03-21 01:26:10,1169.72,Amex,CARD-001647-1,NL,Successful,0
2858,2858,2026-03-03 21:17:19,2357.88,PayPal,CARD-FRAUD-004,RO,Successful,0
2859,2859,2026-07-15 11:58:24,412.58,Visa,CARD-SHARED-051,FR,Successful,0
2860,2860,2026-06-20 11:29:00,608.46,Visa,CARD-000320-1,NL,Successful,0
2861,2861,2026-04-25 17:22:38,1855.84,Mastercard,CARD-001699-1,GB,Successful,0
2862,2862,2026-03-05 11:44:50,780.17,PayPal,CARD-SHARED-077,GB,Failed,2
2863,2863,2025-10-17 14:37:46,383.18,PayPal,CARD-000983-1,AE,Successful,0
2864,2864,2026-06-10 23:49:53,1111.91,Amex,CARD-001587-2,GR,Successful,0
2865,2865,2026-04-20 10:41:59,1225.22,Amex,CARD-FRAUD-001,NL,Successful,8
2866,2866,2026-07-13 19:18:30,1009.45,Amex,CARD-000627-1,RO,Successful,0
2867,2867,2026-06-27 00:20:08,1001.72,PayPal,CARD-001730-2,GB,Successful,0
2868,2868,2025-09-03 06:49:22,2287.27,Mastercard,CARD-001163-2,US,Successful,0
2869,2869,2026-06-11 14:13:18,1686.15,Amex,CARD-000490-2,NL,Successful,0
2870,2870,2026-06-12 06:15:00,430.72,Mastercard,CARD-001638-2,NG,Successful,5
2871,2871,2025-04-16 01:12:13,361.94,PayPal,CARD-000205-1,US,Successful,0
2872,2872,2026-06-21 18:46:02,694.53,Amex,CARD-001701-1,DE,Successful,4
2873,2873,2025-09-14 18:15:42,1943.62,Visa,CARD-SHARED-059,NG,Successful,0
2874,2874,2025-08-01 06:12:30,1149.03,Amex,CARD-001088-2,AE,Successful,0
2875,2875,2025-11-01 00:03:59,735.65,Mastercard,CARD-001672-2,DE,Successful,0
2876,2876,2025-08-29 15:24:00,1337.97,Mastercard,CARD-000447-1,US,Successful,1
2877,2877,2026-06-16 01:59:37,520.12,Visa,CARD-001076-1,NG,Successful,1
2878,2878,2026-07-09 10:24:45,412.86,Visa,CARD-001799-2,NG,Successful,0
2879,2879,2025-08-03 05:55:40,1285.16,PayPal,CARD-SHARED-013,NL,Successful,0
2880,2880,2025-10-19 09:21:16,1053.29,PayPal,CARD-000693-1,NG,Successful,2
2881,2881,2025-03-20 21:25:08,1407.76,Visa,CARD-000377-1,DE,Successful,0
2882,2882,2026-05-16 09:37:09,1344.77,Mastercard,CARD-FRAUD-019,GR,Successful,4
2883,2883,2026-05-09 20:30:39,2377.20,Visa,CARD-000530-2,RO,Successful,8
2884,2884,2025-07-03 11:39:43,554.32,Visa,CARD-001942-1,DE,Successful,1
2885,2885,2025-12-02 07:55:25,2465.28,PayPal,CARD-FRAUD-022,AL,Successful,6
2886,2886,2025-03-23 21:08:21,564.96,Visa,CARD-000191-2,IT,Successful,1
2887,2887,2026-06-04 01:24:11,1022.61,PayPal,CARD-000092-2,DE,Successful,0
2888,2888,2025-10-14 00:23:18,490.37,Visa,CARD-001399-2,FR,Successful,0
2889,2889,2025-07-08 01:23:21,2189.98,Visa,CARD-000628-2,GR,Failed,0
2890,2890,2026-05-31 10:22:18,455.69,Visa,CARD-001327-2,GB,Successful,0
2891,2891,2025-12-07 11:04:25,1221.71,Amex,CARD-001415-1,NG,Successful,1
2892,2892,2025-09-02 06:57:30,714.22,Amex,CARD-001123-1,NG,Successful,0
2893,2893,2026-04-26 01:45:49,1585.98,Amex,CARD-001054-2,AL,Successful,0
2894,2894,2026-06-05 14:16:34,940.58,Visa,CARD-001942-1,DE,Successful,0
2895,2895,2026-07-10 21:45:25,1550.13,Visa,CARD-SHARED-091,US,Successful,0
2896,2896,2025-10-26 01:24:35,1405.38,Amex,CARD-001345-2,US,Successful,4
2897,2897,2025-07-19 09:34:50,134.76,Mastercard,CARD-000987-1,RO,Successful,0
2898,2898,2025-11-30 13:20:53,369.88,Visa,CARD-001794-2,GR,Successful,0
2899,2899,2025-10-18 08:03:53,622.89,Visa,CARD-000405-1,ES,Successful,0
2900,2900,2026-07-07 07:59:51,514.29,Amex,CARD-001413-1,GB,Refunded,0
2901,2901,2026-06-21 11:08:10,898.57,Visa,CARD-001759-2,NL,Successful,1
2902,2902,2026-07-01 15:34:53,827.12,Amex,CARD-001529-1,AL,Successful,0
2903,2903,2026-01-06 10:26:02,1559.99,Amex,CARD-001611-1,AE,Refunded,0
2904,2904,2026-03-09 09:42:01,397.10,Amex,CARD-001141-2,GR,Successful,0
2905,2905,2025-09-05 20:00:58,1068.43,Visa,CARD-001329-1,GB,Successful,4
2906,2906,2025-05-17 12:09:10,2989.65,Mastercard,CARD-FRAUD-015,FR,Successful,8
2907,2907,2026-07-19 10:13:09,186.08,Amex,CARD-SHARED-081,NG,Successful,0
2908,2908,2025-07-09 23:13:45,1020.19,Amex,CARD-000580-2,GR,Successful,0
2909,2909,2025-06-03 13:06:57,740.24,Visa,CARD-SHARED-028,DE,Successful,3
2910,2910,2026-06-25 05:20:43,509.71,PayPal,CARD-000726-2,AE,Refunded,0
2911,2911,2025-02-10 03:31:12,1123.58,Visa,CARD-000309-2,NL,Successful,0
2912,2912,2026-02-06 06:37:38,466.01,Mastercard,CARD-001663-1,GR,Successful,0
2913,2913,2025-07-21 21:26:47,808.29,Visa,CARD-000393-1,GB,Successful,0
2914,2914,2026-07-08 13:28:51,1919.13,Mastercard,CARD-001085-2,RO,Successful,0
2915,2915,2026-01-17 18:59:32,887.91,Amex,CARD-001883-1,FR,Successful,3
2916,2916,2025-10-18 05:59:24,250.75,Mastercard,CARD-SHARED-080,ES,Successful,0
2917,2917,2026-05-27 02:03:18,1394.96,Mastercard,CARD-001174-1,US,Successful,0
2918,2918,2025-09-20 22:27:44,977.13,Mastercard,CARD-001197-2,RO,Successful,0
2919,2919,2025-03-07 22:14:50,1433.77,Mastercard,CARD-000575-1,GB,Successful,1
2920,2920,2025-11-23 12:26:10,2575.05,Amex,CARD-001770-1,AE,Successful,0
2921,2921,2026-06-28 08:31:23,316.64,Mastercard,CARD-FRAUD-009,ES,Successful,0
2922,2922,2025-03-19 04:51:28,464.94,Mastercard,CARD-001414-1,NL,Successful,0
2923,2923,2025-08-28 06:51:50,397.91,PayPal,CARD-000200-2,FR,Successful,0
2924,2924,2025-11-02 02:05:55,369.80,Visa,CARD-000611-1,AE,Successful,0
2925,2925,2026-06-29 08:07:16,2210.69,PayPal,CARD-FRAUD-009,GR,Successful,8
2926,2926,2025-02-27 11:58:30,1285.39,Mastercard,CARD-000243-1,IT,Successful,0
2927,2927,2026-06-15 00:11:35,2452.41,Visa,CARD-SHARED-054,FR,Successful,0
2928,2928,2026-06-15 14:49:37,708.93,Visa,CARD-000727-2,AE,Successful,3
2929,2929,2025-02-05 22:36:48,706.40,Amex,CARD-000501-2,ES,Successful,0
2930,2930,2025-08-16 12:25:59,1402.08,Amex,CARD-SHARED-014,AL,Successful,5
2931,2931,2025-01-30 03:32:23,2851.89,Visa,CARD-FRAUD-009,AE,Successful,8
2932,2932,2025-07-02 20:13:38,1930.18,PayPal,CARD-FRAUD-026,NL,Successful,1
2933,2933,2025-10-04 12:00:36,1474.34,Amex,CARD-001761-2,NL,Refunded,0
2934,2934,2025-09-23 22:00:59,356.49,Mastercard,CARD-000169-2,IT,Successful,1
2935,2935,2026-01-04 14:12:50,420.55,Visa,CARD-SHARED-030,AL,Successful,4
2936,2936,2026-06-18 14:29:02,1129.47,Mastercard,CARD-000883-2,GB,Successful,0
2937,2937,2025-05-15 19:20:43,2310.97,Amex,CARD-001022-1,DE,Successful,0
2938,2938,2026-03-05 21:06:09,680.29,Mastercard,CARD-001270-1,RO,Successful,0
2939,2939,2026-06-06 20:53:50,878.41,Mastercard,CARD-000212-1,DE,Successful,4
2940,2940,2025-11-14 14:37:44,989.39,PayPal,CARD-001955-1,GR,Successful,5
2941,2941,2026-03-19 22:51:18,927.39,Amex,CARD-001598-2,GR,Successful,0
2942,2942,2025-05-18 11:39:50,662.20,Amex,CARD-SHARED-081,AL,Successful,0
2943,2943,2026-01-07 07:13:40,1386.41,Visa,CARD-000136-2,NG,Successful,0
2944,2944,2026-01-12 12:47:59,449.04,Mastercard,CARD-001285-2,RO,Successful,0
2945,2945,2026-02-24 14:23:45,1692.71,Mastercard,CARD-SHARED-008,RO,Successful,0
2946,2946,2025-07-14 18:36:16,2449.21,Amex,CARD-FRAUD-009,GR,Successful,6
2947,2947,2025-05-18 00:01:37,484.47,Amex,CARD-000758-1,GR,Successful,0
2948,2948,2025-05-03 20:58:55,790.90,Amex,CARD-001143-2,RO,Successful,0
2949,2949,2025-02-17 06:52:40,157.15,Amex,CARD-001400-2,ES,Successful,4
2950,2950,2025-01-31 19:37:17,232.08,PayPal,CARD-000514-1,ES,Successful,1
2951,2951,2026-02-07 14:12:38,819.42,Mastercard,CARD-001667-2,AE,Successful,0
2952,2952,2025-02-09 08:15:57,1357.27,Amex,CARD-001479-1,AL,Successful,0
2953,2953,2026-06-14 17:22:16,475.55,PayPal,CARD-000952-2,DE,Successful,4
2954,2954,2025-10-01 23:41:06,1605.24,Amex,CARD-001672-2,AE,Successful,0
2955,2955,2026-05-18 20:26:45,736.47,Visa,CARD-000078-1,RO,Successful,0
2956,2956,2025-06-16 18:28:09,1001.67,Visa,CARD-000732-2,NG,Successful,0
2957,2957,2026-05-15 11:05:10,2444.87,Mastercard,CARD-000961-2,FR,Successful,0
2958,2958,2025-09-23 11:28:45,327.50,PayPal,CARD-000701-1,IT,Successful,0
2959,2959,2025-11-16 01:51:47,461.03,Visa,CARD-001928-2,FR,Refunded,0
2960,2960,2026-07-15 18:40:08,180.60,PayPal,CARD-001992-1,IT,Successful,0
2961,2961,2025-10-17 19:58:22,268.16,Amex,CARD-000619-2,FR,Successful,0
2962,2962,2026-06-09 19:14:33,1921.92,Mastercard,CARD-000797-1,ES,Successful,0
2963,2963,2025-03-22 07:36:04,2357.93,Visa,CARD-000392-2,ES,Successful,0
2964,2964,2026-04-03 12:22:06,341.15,Visa,CARD-001021-2,NL,Successful,4
2965,2965,2025-09-30 18:52:14,446.70,Visa,CARD-000426-2,GB,Successful,4
2966,2966,2025-11-26 20:17:06,500.14,Visa,CARD-000467-2,ES,Successful,0
2967,2967,2025-04-16 15:05:38,531.48,Amex,CARD-001488-1,GR,Failed,0
2968,2968,2026-04-27 20:02:59,705.02,Amex,CARD-000428-2,ES,Successful,0
2969,2969,2026-04-23 11:56:40,360.63,Visa,CARD-000151-2,AL,Successful,0
2970,2970,2025-09-03 07:53:18,1109.97,Amex,CARD-000141-1,ES,Successful,0
2971,2971,2026-01-21 17:04:17,570.27,Mastercard,CARD-000779-2,NL,Successful,1
2972,2972,2026-05-31 09:31:50,883.18,Amex,CARD-SHARED-038,US,Successful,0
2973,2973,2026-02-25 17:48:07,135.88,Visa,CARD-001773-2,DE,Successful,1
2974,2974,2025-06-25 19:38:11,217.67,Mastercard,CARD-000547-1,GB,Successful,1
2975,2975,2025-09-14 22:28:46,1028.08,Mastercard,CARD-001603-2,FR,Successful,0
2976,2976,2026-07-14 23:26:36,2215.34,Visa,CARD-001947-2,FR,Successful,0
2977,2977,2026-06-02 04:27:15,759.67,Mastercard,CARD-001888-1,AL,Successful,0
2978,2978,2026-02-07 10:00:11,951.26,Mastercard,CARD-001936-2,ES,Successful,0
2979,2979,2025-03-19 23:15:35,763.45,Visa,CARD-SHARED-049,GB,Successful,3
2980,2980,2025-08-18 06:09:52,1975.83,Mastercard,CARD-001383-2,FR,Successful,0
2981,2981,2026-06-27 17:48:32,1357.77,Amex,CARD-001954-2,GB,Failed,0
2982,2982,2026-05-14 16:04:21,710.14,Mastercard,CARD-000808-1,IT,Successful,0
2983,2983,2026-04-14 22:22:27,1455.14,Amex,CARD-SHARED-060,GR,Successful,0
2984,2984,2026-03-25 09:22:41,716.51,Visa,CARD-000853-1,US,Successful,0
2985,2985,2025-11-23 09:25:44,486.64,Amex,CARD-001137-1,US,Successful,0
2986,2986,2026-06-13 22:03:00,1328.05,PayPal,CARD-000844-1,GB,Successful,0
2987,2987,2025-01-01 21:26:23,2079.13,Visa,CARD-000449-2,US,Successful,0
2988,2988,2026-02-03 19:04:11,822.28,PayPal,CARD-000571-2,ES,Successful,0
2989,2989,2026-07-04 13:07:55,957.73,Mastercard,CARD-001116-2,AL,Successful,0
2990,2990,2026-06-13 08:58:41,1002.11,Visa,CARD-000656-1,NG,Successful,0
2991,2991,2026-03-29 07:05:25,320.09,Mastercard,CARD-001406-1,GB,Successful,0
2992,2992,2025-08-24 08:03:29,243.86,Amex,CARD-000509-2,IT,Successful,2
2993,2993,2026-02-26 13:33:34,1307.21,Visa,CARD-SHARED-064,RO,Successful,0
2994,2994,2025-04-22 20:53:26,751.85,PayPal,CARD-001953-2,RO,Successful,0
2995,2995,2025-02-18 03:30:20,876.43,Visa,CARD-001009-2,IT,Successful,0
2996,2996,2025-05-25 04:56:20,163.20,Visa,CARD-SHARED-013,NL,Successful,0
2997,2997,2026-03-02 17:57:31,1114.70,Amex,CARD-001499-2,US,Successful,1
2998,2998,2025-10-29 13:59:59,138.01,PayPal,CARD-000701-1,IT,Successful,0
2999,2999,2025-03-15 22:20:43,278.89,Visa,CARD-001175-1,NG,Successful,0
3000,3000,2026-07-03 18:50:56,1702.41,Amex,CARD-000954-2,DE,Successful,0
3001,3001,2026-07-04 07:03:58,361.60,Visa,CARD-000763-2,NL,Successful,0
3002,3002,2026-06-15 19:30:47,1011.49,Visa,CARD-000451-1,RO,Failed,3
3003,3003,2026-04-15 20:34:32,1972.51,Mastercard,CARD-000569-2,NG,Successful,0
3004,3004,2026-05-22 06:06:44,609.18,Amex,CARD-000997-2,IT,Successful,0
3005,3005,2025-10-14 17:08:15,1471.31,Mastercard,CARD-000141-2,NG,Successful,0
3006,3006,2025-11-28 11:53:35,2668.20,Mastercard,CARD-000639-1,GR,Successful,5
3007,3007,2026-02-27 14:36:17,773.95,Mastercard,CARD-001045-1,NL,Successful,0
3008,3008,2026-03-20 00:18:23,371.64,Visa,CARD-001265-2,NL,Successful,0
3009,3009,2026-07-18 07:57:22,1970.14,Mastercard,CARD-000573-1,RO,Successful,0
3010,3010,2026-05-09 16:56:19,524.60,Amex,CARD-000153-1,ES,Successful,0
3011,3011,2025-06-12 04:40:10,928.87,Visa,CARD-001538-1,GB,Successful,0
3012,3012,2026-04-05 12:17:37,2596.37,Mastercard,CARD-001617-2,ES,Successful,0
3013,3013,2026-01-01 22:19:23,3046.58,PayPal,CARD-FRAUD-004,NL,Successful,6
3014,3014,2025-12-19 04:17:35,1297.92,Amex,CARD-000272-1,FR,Successful,3
3015,3015,2026-04-16 17:06:46,454.40,Mastercard,CARD-000337-2,IT,Successful,0
3016,3016,2025-06-14 10:00:52,483.52,Mastercard,CARD-000551-2,GB,Successful,1
3017,3017,2026-01-21 00:07:11,2169.22,Visa,CARD-001963-2,NG,Successful,0
3018,3018,2025-09-20 01:19:26,1297.89,Mastercard,CARD-000423-2,NG,Successful,0
3019,3019,2025-11-03 00:00:21,244.45,PayPal,CARD-000808-2,GR,Successful,5
3020,3020,2026-07-02 16:56:10,192.75,Visa,CARD-001657-1,ES,Successful,0
3021,3021,2025-11-12 08:01:59,576.44,Amex,CARD-000089-1,NL,Successful,0
3022,3022,2026-03-07 03:48:52,363.89,Visa,CARD-000792-2,ES,Failed,0
3023,3023,2025-06-03 17:13:48,1127.15,Mastercard,CARD-000457-1,NG,Successful,0
3024,3024,2026-04-09 19:15:35,748.27,Visa,CARD-001999-1,US,Successful,0
3025,3025,2026-03-03 03:29:09,1846.58,Amex,CARD-001216-2,RO,Successful,0
3026,3026,2026-07-07 08:56:40,1123.65,PayPal,CARD-001840-1,ES,Successful,0
3027,3027,2026-02-23 15:06:30,264.97,Mastercard,CARD-001992-2,IT,Successful,1
3028,3028,2026-01-08 06:00:58,1880.04,Visa,CARD-000254-2,NG,Successful,1
3029,3029,2026-07-13 15:32:15,700.72,Mastercard,CARD-000325-2,IT,Failed,0
3030,3030,2025-01-19 19:09:28,70.13,Amex,CARD-001164-2,GR,Successful,0
3031,3031,2026-02-13 03:51:27,1712.31,PayPal,CARD-000031-1,FR,Successful,0
3032,3032,2026-06-28 13:02:05,1173.14,Mastercard,CARD-001010-2,ES,Successful,1
3033,3033,2026-06-05 04:02:09,860.80,PayPal,CARD-000742-1,AE,Successful,0
3034,3034,2026-06-19 10:55:26,619.22,PayPal,CARD-SHARED-046,RO,Successful,0
3035,3035,2026-07-08 07:36:55,890.05,Visa,CARD-001277-1,AL,Successful,0
3036,3036,2026-03-10 16:50:52,739.34,Mastercard,CARD-001767-1,NL,Successful,0
3037,3037,2025-08-05 16:27:00,2467.10,PayPal,CARD-SHARED-022,AE,Successful,0
3038,3038,2026-02-13 11:21:21,824.60,PayPal,CARD-001870-1,NG,Successful,0
3039,3039,2025-04-30 18:56:13,1902.45,PayPal,CARD-001707-1,ES,Successful,0
3040,3040,2026-06-19 16:01:40,516.45,Visa,CARD-001996-2,NG,Successful,0
3041,3041,2026-04-19 22:49:17,1258.83,Mastercard,CARD-001097-2,AE,Successful,0
3042,3042,2026-04-01 01:42:49,880.02,Visa,CARD-000541-2,AE,Successful,0
3043,3043,2025-02-27 09:33:19,1777.42,Visa,CARD-SHARED-070,US,Successful,0
3044,3044,2026-05-27 06:53:07,962.96,Amex,CARD-SHARED-074,RO,Failed,5
3045,3045,2025-10-15 22:52:16,394.82,Mastercard,CARD-001526-2,DE,Successful,0
3046,3046,2026-04-19 09:31:54,1111.38,Amex,CARD-000625-1,GB,Successful,2
3047,3047,2026-07-15 22:35:45,2059.86,PayPal,CARD-000404-1,GB,Successful,0
3048,3048,2026-03-23 21:21:44,527.69,Mastercard,CARD-001780-2,GB,Successful,0
3049,3049,2025-05-12 00:16:32,1766.20,Visa,CARD-000574-1,NG,Successful,0
3050,3050,2025-08-19 17:45:04,243.33,PayPal,CARD-001156-1,ES,Successful,1
3051,3051,2026-06-04 11:19:46,3173.15,Visa,CARD-FRAUD-016,NL,Successful,8
3052,3052,2026-04-15 07:03:31,224.84,PayPal,CARD-001238-1,US,Failed,0
3053,3053,2025-06-21 04:55:31,91.76,Amex,CARD-000952-1,NG,Successful,0
3054,3054,2025-07-21 18:55:47,1487.54,PayPal,CARD-000093-1,GR,Successful,0
3055,3055,2026-03-26 06:21:07,1782.85,Visa,CARD-000709-1,IT,Successful,0
3056,3056,2026-05-19 10:32:25,1239.23,Amex,CARD-001315-1,US,Successful,5
3057,3057,2026-06-27 01:38:10,1161.55,Mastercard,CARD-000887-1,DE,Successful,5
3058,3058,2025-11-28 11:17:01,716.05,Visa,CARD-SHARED-034,ES,Successful,0
3059,3059,2025-07-26 12:04:50,142.69,Visa,CARD-000128-1,NG,Successful,0
3060,3060,2025-05-05 22:00:44,665.94,Visa,CARD-001904-1,ES,Successful,0
3061,3061,2025-11-03 13:10:47,2569.34,Amex,CARD-000967-1,FR,Successful,0
3062,3062,2026-05-02 02:06:59,854.48,Amex,CARD-001186-1,NG,Successful,0
3063,3063,2026-04-23 07:03:21,1446.87,PayPal,CARD-001815-1,GB,Successful,0
3064,3064,2026-02-19 19:58:36,1085.66,Mastercard,CARD-001177-1,AE,Successful,0
3065,3065,2026-07-15 04:22:55,430.86,Visa,CARD-SHARED-032,AL,Successful,0
3066,3066,2026-04-14 14:31:01,335.23,Mastercard,CARD-001265-1,NL,Successful,1
3067,3067,2025-06-27 00:47:35,3013.70,Mastercard,CARD-001833-2,ES,Successful,2
3068,3068,2026-07-14 09:28:14,1255.59,Visa,CARD-001647-1,NL,Successful,4
3069,3069,2025-03-18 16:28:53,1240.98,Amex,CARD-000848-2,NG,Successful,0
3070,3070,2025-11-29 21:17:26,231.01,Mastercard,CARD-001938-1,NG,Successful,0
3071,3071,2025-09-06 20:42:32,973.45,Amex,CARD-001336-1,US,Successful,1
3072,3072,2025-08-09 22:19:21,790.29,Amex,CARD-SHARED-060,GB,Successful,3
3073,3073,2026-04-16 01:19:27,142.74,Amex,CARD-000182-1,FR,Successful,1
3074,3074,2025-12-17 19:38:37,746.39,PayPal,CARD-001242-1,NL,Failed,0
3075,3075,2026-05-15 17:51:01,1487.03,Amex,CARD-000647-2,FR,Failed,0
3076,3076,2026-01-01 09:17:15,938.63,PayPal,CARD-000211-1,ES,Successful,0
3077,3077,2026-07-12 19:40:02,531.51,Mastercard,CARD-000852-2,US,Successful,0
3078,3078,2025-07-28 11:54:43,124.70,Mastercard,CARD-001904-2,ES,Successful,0
3079,3079,2026-06-03 08:16:11,775.99,Amex,CARD-000314-2,ES,Successful,0
3080,3080,2025-02-22 17:42:24,942.86,Visa,CARD-SHARED-048,GB,Successful,0
3081,3081,2026-01-17 19:44:46,723.84,Amex,CARD-SHARED-015,NL,Successful,0
3082,3082,2025-02-22 06:51:50,2194.19,Amex,CARD-FRAUD-021,FR,Successful,7
3083,3083,2026-05-26 04:16:46,1438.89,Amex,CARD-000320-2,NL,Successful,0
3084,3084,2026-01-20 13:53:15,1355.16,Amex,CARD-001195-2,AL,Successful,4
3085,3085,2025-04-25 05:29:11,632.09,PayPal,CARD-000078-1,FR,Successful,3
3086,3086,2025-05-04 14:03:55,2007.60,Amex,CARD-SHARED-091,FR,Refunded,5
3087,3087,2025-10-13 10:47:30,782.48,Mastercard,CARD-000238-1,DE,Successful,0
3088,3088,2026-06-09 03:01:43,954.60,PayPal,CARD-000282-2,ES,Successful,0
3089,3089,2026-05-05 05:53:52,2487.48,Visa,CARD-SHARED-100,US,Successful,0
3090,3090,2026-06-05 19:54:31,539.98,PayPal,CARD-000938-2,FR,Successful,0
3091,3091,2026-01-06 05:42:01,1077.17,Amex,CARD-000317-2,ES,Successful,2
3092,3092,2025-11-20 23:58:39,374.44,Amex,CARD-001946-1,GR,Successful,0
3093,3093,2026-05-09 09:59:08,343.28,Mastercard,CARD-001928-2,FR,Successful,0
3094,3094,2026-07-16 01:59:09,2403.82,Amex,CARD-001163-2,NG,Successful,4
3095,3095,2025-05-03 22:44:34,807.71,PayPal,CARD-000930-1,RO,Successful,0
3096,3096,2026-05-29 03:10:42,292.94,Amex,CARD-000470-1,AL,Successful,0
3097,3097,2025-05-28 03:56:26,301.01,Visa,CARD-000124-1,IT,Successful,0
3098,3098,2025-09-23 19:24:05,869.61,Amex,CARD-000563-1,US,Successful,0
3099,3099,2025-08-04 04:38:42,1377.68,Mastercard,CARD-001302-2,AL,Successful,3
3100,3100,2025-03-05 10:20:04,1024.64,Amex,CARD-000450-1,DE,Successful,5
3101,3101,2026-05-03 07:56:11,1322.36,Visa,CARD-SHARED-020,AE,Successful,0
3102,3102,2025-07-01 16:11:21,280.72,Mastercard,CARD-001104-2,NL,Successful,0
3103,3103,2025-01-11 15:05:58,1278.35,Visa,CARD-000115-2,DE,Successful,2
3104,3104,2026-06-15 22:10:21,243.24,PayPal,CARD-001630-1,IT,Successful,0
3105,3105,2025-12-17 01:47:47,282.80,Amex,CARD-000825-2,NL,Failed,0
3106,3106,2026-06-19 00:36:49,264.00,Visa,CARD-SHARED-099,AE,Successful,0
3107,3107,2025-07-08 20:31:49,781.87,PayPal,CARD-000233-1,GB,Successful,1
3108,3108,2025-07-14 12:09:41,1211.56,Amex,CARD-FRAUD-004,AE,Successful,5
3109,3109,2025-03-13 07:24:12,254.71,Visa,CARD-000517-1,US,Successful,0
3110,3110,2025-02-10 10:50:36,882.56,PayPal,CARD-000830-2,RO,Successful,0
3111,3111,2025-08-07 21:43:15,138.47,Visa,CARD-SHARED-049,DE,Successful,1
3112,3112,2025-09-16 01:36:32,421.46,Visa,CARD-001592-2,DE,Successful,0
3113,3113,2026-01-02 00:54:20,766.32,Mastercard,CARD-000442-2,NG,Successful,0
3114,3114,2026-05-08 02:25:04,520.48,Visa,CARD-001818-2,DE,Successful,0
3115,3115,2025-12-25 22:10:42,1402.02,PayPal,CARD-001814-1,US,Successful,1
3116,3116,2026-06-17 08:40:18,753.92,Mastercard,CARD-001747-2,RO,Successful,0
3117,3117,2025-06-14 22:57:50,559.10,PayPal,CARD-SHARED-050,NL,Successful,0
3118,3118,2026-05-18 11:56:19,1185.43,Mastercard,CARD-000881-1,GB,Failed,0
3119,3119,2025-08-02 07:04:59,487.26,Visa,CARD-000452-2,DE,Successful,2
3120,3120,2025-10-26 13:40:06,97.27,Visa,CARD-000704-2,ES,Successful,0
3121,3121,2025-03-16 18:14:57,268.96,Visa,CARD-001511-2,NL,Successful,0
3122,3122,2026-07-16 21:07:57,1117.57,PayPal,CARD-001931-1,AL,Failed,0
3123,3123,2026-03-12 01:20:33,886.90,Amex,CARD-001579-2,GB,Successful,0
3124,3124,2025-08-19 07:41:39,204.78,Visa,CARD-SHARED-059,GB,Failed,0
3125,3125,2026-03-09 07:05:49,768.26,PayPal,CARD-000363-1,NL,Successful,0
3126,3126,2025-03-12 18:32:09,636.64,Amex,CARD-000880-1,DE,Refunded,0
3127,3127,2025-07-08 23:43:21,1376.29,PayPal,CARD-000689-1,GB,Successful,0
3128,3128,2025-06-22 22:14:48,2077.53,PayPal,CARD-000929-2,NL,Successful,0
3129,3129,2025-12-28 02:00:15,1186.91,Mastercard,CARD-001503-1,US,Successful,1
3130,3130,2026-07-08 21:38:15,1202.63,PayPal,CARD-001696-1,NL,Successful,0
3131,3131,2026-03-15 02:49:37,1059.77,Amex,CARD-001825-1,NG,Successful,0
3132,3132,2026-06-14 13:46:27,1653.33,Amex,CARD-000096-1,AL,Successful,0
3133,3133,2026-05-12 15:28:34,1290.88,PayPal,CARD-001648-2,RO,Successful,0
3134,3134,2026-07-14 00:21:02,745.67,Mastercard,CARD-001817-2,AE,Refunded,0
3135,3135,2026-05-26 01:50:12,909.58,Visa,CARD-001370-2,DE,Successful,0
3136,3136,2025-10-24 08:55:15,291.46,Mastercard,CARD-001012-2,IT,Successful,1
3137,3137,2025-08-22 23:29:38,291.43,PayPal,CARD-000176-1,ES,Failed,0
3138,3138,2025-04-25 06:00:26,336.35,PayPal,CARD-001448-2,DE,Successful,0
3139,3139,2025-09-25 20:18:44,216.39,Visa,CARD-001720-1,IT,Successful,0
3140,3140,2026-01-22 13:52:55,1139.25,Visa,CARD-001453-1,DE,Successful,1
3141,3141,2025-09-06 16:59:17,638.67,Visa,CARD-000775-1,NL,Successful,5
3142,3142,2025-10-06 06:43:50,398.98,Visa,CARD-001734-2,DE,Successful,0
3143,3143,2025-05-19 11:04:53,1474.64,PayPal,CARD-000446-1,US,Successful,3
3144,3144,2025-06-15 17:46:39,1617.61,Visa,CARD-001836-1,AL,Successful,0
3145,3145,2025-02-05 07:15:00,1243.60,PayPal,CARD-SHARED-074,RO,Successful,0
3146,3146,2025-04-21 01:54:21,121.63,Amex,CARD-000184-1,DE,Successful,0
3147,3147,2026-04-02 15:51:04,713.79,PayPal,CARD-001774-2,IT,Successful,8
3148,3148,2026-05-01 10:48:34,447.88,Amex,CARD-001151-2,NL,Successful,0
3149,3149,2025-11-25 01:56:18,714.56,Amex,CARD-000159-1,US,Successful,0
3150,3150,2025-11-10 14:42:08,757.88,PayPal,CARD-000608-1,ES,Successful,0
3151,3151,2026-03-13 13:47:20,1918.08,Amex,CARD-000798-2,ES,Successful,0
3152,3152,2025-10-04 05:13:01,337.14,Visa,CARD-000522-2,NL,Successful,0
3153,3153,2025-12-23 04:21:50,1205.15,Mastercard,CARD-000541-2,AL,Successful,3
3154,3154,2025-08-24 19:33:29,603.83,Visa,CARD-000663-1,IT,Successful,0
3155,3155,2026-03-06 14:44:40,2334.80,Amex,CARD-000285-2,IT,Successful,0
3156,3156,2026-07-11 12:26:44,1434.65,PayPal,CARD-SHARED-054,GB,Successful,0
3157,3157,2025-08-09 11:31:07,1296.18,Visa,CARD-001470-2,NG,Successful,0
3158,3158,2026-01-09 20:28:48,1498.17,Amex,CARD-001976-2,DE,Successful,0
3159,3159,2025-04-06 09:59:20,588.16,Mastercard,CARD-000971-2,ES,Successful,0
3160,3160,2025-09-28 01:14:50,152.90,PayPal,CARD-000555-1,FR,Successful,0
3161,3161,2025-03-01 22:39:32,1383.53,Visa,CARD-000001-2,FR,Failed,1
3162,3162,2026-02-13 22:19:30,2583.21,Mastercard,CARD-SHARED-096,IT,Successful,0
3163,3163,2026-02-01 04:50:09,368.98,Visa,CARD-000457-2,NG,Successful,0
3164,3164,2026-06-29 22:48:31,1115.59,Amex,CARD-001844-2,FR,Successful,0
3165,3165,2025-04-17 21:33:25,927.60,Visa,CARD-001837-2,NL,Successful,0
3166,3166,2025-02-11 22:37:51,1976.59,Mastercard,CARD-001653-1,AL,Successful,0
3167,3167,2025-11-08 19:04:05,575.85,Amex,CARD-000524-1,IT,Successful,0
3168,3168,2025-03-21 04:10:48,1069.21,Mastercard,CARD-SHARED-095,GR,Successful,0
3169,3169,2026-04-26 10:58:08,1569.46,PayPal,CARD-000863-1,AE,Successful,0
3170,3170,2026-06-23 22:20:18,1440.88,Mastercard,CARD-001922-1,AE,Successful,0
3171,3171,2025-09-20 16:41:05,1363.02,Amex,CARD-000044-2,GB,Successful,2
3172,3172,2025-12-22 23:52:32,2819.53,Visa,CARD-FRAUD-017,NL,Successful,1
3173,3173,2026-05-12 07:33:31,1655.64,Amex,CARD-001818-2,DE,Failed,0
3174,3174,2026-07-13 08:50:39,1047.53,PayPal,CARD-001569-2,AL,Successful,0
3175,3175,2026-06-21 21:31:46,1422.28,PayPal,CARD-000776-1,AL,Successful,0
3176,3176,2026-01-03 22:00:11,1346.23,Visa,CARD-000804-2,NL,Successful,4
3177,3177,2025-06-18 23:02:36,2357.59,Visa,CARD-000976-2,ES,Successful,0
3178,3178,2026-05-10 09:43:59,504.64,Amex,CARD-001411-1,GR,Successful,0
3179,3179,2025-01-08 01:13:49,603.36,Visa,CARD-001788-2,NG,Successful,4
3180,3180,2025-03-31 03:58:46,1412.24,Mastercard,CARD-001531-1,IT,Successful,0
3181,3181,2025-03-21 05:56:27,79.00,PayPal,CARD-001614-2,DE,Failed,0
3182,3182,2025-10-16 19:48:47,338.29,PayPal,CARD-SHARED-055,NL,Failed,1
3183,3183,2025-01-18 18:23:46,765.61,Visa,CARD-SHARED-085,IT,Successful,0
3184,3184,2026-06-05 11:23:47,1018.08,Amex,CARD-SHARED-094,GB,Successful,1
3185,3185,2026-07-06 12:10:36,270.35,PayPal,CARD-SHARED-040,FR,Successful,1
3186,3186,2026-07-18 11:46:29,132.38,Amex,CARD-SHARED-072,GR,Successful,4
3187,3187,2025-06-21 12:01:01,1585.90,Amex,CARD-000612-1,FR,Successful,0
3188,3188,2026-04-24 06:27:23,142.02,PayPal,CARD-000585-2,US,Successful,0
3189,3189,2025-03-09 11:10:54,1650.20,Visa,CARD-SHARED-024,NL,Successful,0
3190,3190,2025-02-08 23:42:22,1997.75,Mastercard,CARD-000270-1,ES,Successful,0
3191,3191,2026-06-28 19:21:19,1764.88,Mastercard,CARD-FRAUD-013,NL,Successful,6
3192,3192,2025-09-25 12:27:37,1480.92,PayPal,CARD-000960-2,AE,Successful,0
3193,3193,2025-02-01 05:39:35,1173.58,Mastercard,CARD-000305-2,NG,Successful,0
3194,3194,2026-07-14 02:45:21,596.59,Visa,CARD-001646-1,AE,Refunded,4
3195,3195,2025-09-04 03:03:57,1435.31,Mastercard,CARD-000587-2,US,Successful,0
3196,3196,2026-01-02 06:28:30,551.13,Amex,CARD-001914-2,GR,Successful,3
3197,3197,2026-05-29 13:41:06,807.91,Amex,CARD-000488-2,DE,Successful,0
3198,3198,2026-01-02 03:02:27,931.05,Mastercard,CARD-000188-1,IT,Successful,0
3199,3199,2025-08-19 00:17:28,1691.12,Visa,CARD-000509-2,IT,Successful,6
3200,3200,2025-05-03 17:02:39,880.79,Mastercard,CARD-FRAUD-009,AL,Successful,1
3201,3201,2026-03-10 04:38:22,517.01,PayPal,CARD-001402-2,FR,Successful,0
3202,3202,2026-02-26 09:53:32,263.37,Mastercard,CARD-000422-1,RO,Successful,0
3203,3203,2026-04-22 21:56:10,1263.33,Visa,CARD-000930-2,GR,Successful,1
3204,3204,2026-07-12 03:13:12,2183.66,Amex,CARD-SHARED-014,IT,Successful,0
3205,3205,2026-04-14 13:55:22,1463.69,PayPal,CARD-001002-1,ES,Successful,1
3206,3206,2025-07-10 09:18:51,658.30,PayPal,CARD-000463-2,ES,Successful,0
3207,3207,2025-12-16 23:49:12,895.67,Mastercard,CARD-001207-2,RO,Successful,0
3208,3208,2025-11-03 01:18:17,262.20,Mastercard,CARD-001060-1,US,Successful,5
3209,3209,2026-03-12 06:06:11,288.34,Amex,CARD-000311-1,AL,Successful,0
3210,3210,2026-07-19 21:27:01,374.77,Amex,CARD-000814-2,DE,Successful,0
3211,3211,2025-02-02 23:27:32,600.93,Visa,CARD-000452-2,DE,Successful,1
3212,3212,2026-06-14 00:48:42,1043.60,Visa,CARD-001559-2,RO,Successful,0
3213,3213,2025-12-24 10:04:06,428.57,PayPal,CARD-000997-2,IT,Successful,0
3214,3214,2026-06-21 09:17:45,1335.46,Visa,CARD-000541-2,AE,Successful,0
3215,3215,2025-03-16 03:55:38,778.07,Mastercard,CARD-001563-2,NL,Failed,0
3216,3216,2026-05-14 23:56:13,469.24,Visa,CARD-001864-2,GB,Successful,1
3217,3217,2025-10-27 21:23:47,970.82,Mastercard,CARD-001258-1,AL,Successful,0
3218,3218,2026-06-30 00:19:50,680.94,Mastercard,CARD-000413-1,AE,Successful,0
3219,3219,2025-11-05 14:01:22,84.57,Mastercard,CARD-SHARED-013,NG,Successful,0
3220,3220,2026-07-20 06:41:40,359.32,Mastercard,CARD-001961-1,US,Successful,0
3221,3221,2025-10-27 03:35:37,971.68,Visa,CARD-001536-1,GR,Successful,0
3222,3222,2026-04-20 04:01:58,681.62,PayPal,CARD-SHARED-052,FR,Successful,4
3223,3223,2025-06-28 20:06:52,991.70,Mastercard,CARD-001774-2,IT,Successful,0
3224,3224,2025-06-02 23:01:14,869.21,Mastercard,CARD-SHARED-095,IT,Successful,0
3225,3225,2026-05-30 21:11:26,493.24,Visa,CARD-000967-2,FR,Successful,5
3226,3226,2026-05-29 15:35:25,564.73,Amex,CARD-000401-1,NG,Successful,0
3227,3227,2025-10-10 19:38:03,693.28,Visa,CARD-000095-1,GR,Successful,0
3228,3228,2025-02-11 13:53:39,1122.69,Mastercard,CARD-FRAUD-012,ES,Successful,1
3229,3229,2025-03-21 16:19:48,1889.97,Visa,CARD-SHARED-036,AL,Successful,0
3230,3230,2026-05-08 03:55:42,1436.45,Mastercard,CARD-001699-1,GB,Successful,0
3231,3231,2025-10-30 14:50:25,565.15,Visa,CARD-000971-1,ES,Successful,1
3232,3232,2026-01-26 07:05:18,1493.09,Mastercard,CARD-000447-2,ES,Successful,1
3233,3233,2025-09-23 19:35:43,1125.28,Mastercard,CARD-001523-1,AL,Successful,0
3234,3234,2025-10-13 01:09:00,816.40,PayPal,CARD-001036-2,NL,Successful,0
3235,3235,2025-04-27 05:58:08,700.84,PayPal,CARD-001428-2,RO,Successful,0
3236,3236,2025-10-15 20:47:07,159.30,Mastercard,CARD-000692-2,IT,Successful,0
3237,3237,2026-02-16 03:08:54,579.79,PayPal,CARD-SHARED-058,NG,Successful,2
3238,3238,2026-04-18 21:05:12,2541.56,Mastercard,CARD-001966-2,GR,Successful,0
3239,3239,2025-06-29 16:46:52,166.24,Visa,CARD-001119-1,AE,Failed,0
3240,3240,2026-07-07 02:31:20,2007.74,PayPal,CARD-000624-2,RO,Successful,0
3241,3241,2025-07-06 01:57:42,583.41,PayPal,CARD-001704-2,AE,Successful,1
3242,3242,2025-08-23 06:27:25,1255.23,Mastercard,CARD-001713-2,ES,Successful,0
3243,3243,2025-09-03 14:48:48,169.29,PayPal,CARD-000913-2,GB,Successful,0
3244,3244,2026-06-03 23:59:27,889.61,Visa,CARD-000590-2,DE,Successful,0
3245,3245,2026-07-05 01:41:00,1632.36,Amex,CARD-000728-1,AL,Successful,0
3246,3246,2025-04-03 10:09:47,384.09,Amex,CARD-001651-2,IT,Successful,0
3247,3247,2026-02-18 11:54:44,265.23,PayPal,CARD-000184-2,DE,Successful,0
3248,3248,2026-02-11 12:24:26,1455.44,PayPal,CARD-000586-1,NG,Successful,0
3249,3249,2026-02-23 02:23:39,1186.48,Amex,CARD-001814-2,US,Successful,0
3250,3250,2026-01-30 18:10:04,1291.35,Visa,CARD-000179-1,IT,Successful,0
3251,3251,2026-04-19 18:05:44,514.03,Visa,CARD-001643-2,ES,Successful,0
3252,3252,2025-04-08 11:37:46,1077.45,Mastercard,CARD-001323-2,AE,Successful,4
3253,3253,2025-03-21 04:50:54,1186.30,PayPal,CARD-000896-1,RO,Successful,3
3254,3254,2026-07-04 16:28:49,302.92,PayPal,CARD-000908-2,GB,Successful,0
3255,3255,2026-06-07 14:10:22,2371.31,Amex,CARD-SHARED-025,RO,Successful,0
3256,3256,2026-01-19 12:10:45,2123.58,PayPal,CARD-000926-1,GR,Successful,0
3257,3257,2026-04-25 07:00:31,1344.68,PayPal,CARD-001268-1,NG,Successful,1
3258,3258,2025-12-17 22:25:24,1069.41,Visa,CARD-001071-1,NL,Successful,0
3259,3259,2025-12-05 09:33:35,2351.74,Mastercard,CARD-FRAUD-016,GB,Successful,2
3260,3260,2026-06-03 20:34:04,2282.05,Mastercard,CARD-000609-2,AE,Failed,5
3261,3261,2025-02-01 12:52:03,2234.90,Amex,CARD-001188-1,ES,Successful,0
3262,3262,2026-04-30 21:47:48,545.10,Mastercard,CARD-SHARED-092,IT,Successful,0
3263,3263,2026-01-20 05:58:01,1354.71,Amex,CARD-000569-2,NG,Successful,0
3264,3264,2025-06-15 12:50:26,424.85,Amex,CARD-001646-1,AE,Successful,1
3265,3265,2025-08-13 15:02:22,238.81,PayPal,CARD-001249-1,GR,Refunded,0
3266,3266,2026-07-20 21:07:59,2169.88,PayPal,CARD-000246-2,ES,Successful,0
3267,3267,2025-01-05 00:11:48,1323.19,Mastercard,CARD-001026-1,AL,Failed,0
3268,3268,2026-03-01 04:20:06,1524.57,Mastercard,CARD-SHARED-027,GR,Successful,4
3269,3269,2026-05-21 13:06:14,1327.92,Mastercard,CARD-001136-1,ES,Successful,0
3270,3270,2026-05-16 02:49:36,1179.67,Mastercard,CARD-001394-2,GB,Refunded,0
3271,3271,2025-05-05 11:13:02,3025.67,PayPal,CARD-FRAUD-018,NL,Successful,6
3272,3272,2026-07-11 01:35:28,988.80,PayPal,CARD-SHARED-059,GB,Successful,0
3273,3273,2025-08-05 05:05:20,233.18,PayPal,CARD-001757-2,FR,Successful,0
3274,3274,2025-02-03 23:57:46,181.76,Amex,CARD-001465-2,NL,Successful,0
3275,3275,2025-07-12 15:02:51,960.31,Visa,CARD-001221-1,IT,Failed,0
3276,3276,2025-09-30 05:17:32,615.39,Visa,CARD-001771-1,AL,Successful,0
3277,3277,2025-03-14 04:12:20,317.03,PayPal,CARD-001193-2,US,Successful,0
3278,3278,2025-01-11 22:31:12,354.93,Mastercard,CARD-000368-1,RO,Successful,0
3279,3279,2025-04-10 14:26:49,1537.96,Visa,CARD-001594-1,NL,Successful,0
3280,3280,2026-07-03 21:34:03,873.09,Amex,CARD-000324-2,DE,Successful,0
3281,3281,2025-07-27 14:07:56,951.89,PayPal,CARD-000901-2,NG,Successful,0
3282,3282,2025-04-16 14:48:08,1369.78,Visa,CARD-000143-2,NL,Refunded,0
3283,3283,2025-08-22 03:04:04,130.95,Visa,CARD-000291-1,DE,Successful,0
3284,3284,2026-01-05 16:28:57,1132.52,Visa,CARD-000048-1,FR,Successful,0
3285,3285,2026-02-08 15:27:08,906.56,Mastercard,CARD-001533-1,US,Successful,0
3286,3286,2026-05-04 05:46:01,1075.05,Mastercard,CARD-001774-2,IT,Successful,0
3287,3287,2026-06-16 14:29:39,1414.50,PayPal,CARD-000791-1,US,Successful,1
3288,3288,2026-06-03 08:51:24,839.76,Visa,CARD-SHARED-016,AL,Successful,0
3289,3289,2025-06-10 15:56:42,703.00,Mastercard,CARD-SHARED-030,NL,Successful,4
3290,3290,2025-09-21 03:45:16,859.17,PayPal,CARD-000227-1,IT,Successful,0
3291,3291,2026-04-09 22:01:07,1443.93,Mastercard,CARD-000637-1,US,Successful,0
3292,3292,2025-08-28 17:06:19,1080.34,PayPal,CARD-000154-2,IT,Successful,0
3293,3293,2026-02-26 19:29:41,580.44,Visa,CARD-001754-2,ES,Successful,0
3294,3294,2025-12-23 04:58:46,1139.51,PayPal,CARD-001674-2,US,Successful,0
3295,3295,2025-05-31 02:15:03,1208.99,PayPal,CARD-000094-2,US,Successful,0
3296,3296,2026-02-21 22:10:22,1916.34,Amex,CARD-SHARED-026,GB,Successful,0
3297,3297,2025-09-30 19:35:05,2034.43,Mastercard,CARD-001497-1,RO,Successful,0
3298,3298,2026-04-28 06:11:16,768.46,Visa,CARD-001193-1,US,Successful,5
3299,3299,2025-10-07 06:39:21,300.13,Visa,CARD-000557-2,AE,Successful,0
3300,3300,2026-02-28 01:54:20,94.27,Visa,CARD-001812-2,AE,Failed,0
3301,3301,2026-07-15 06:56:32,1375.04,Amex,CARD-001344-1,RO,Successful,3
3302,3302,2026-02-26 17:32:49,1268.55,Amex,CARD-001778-2,GB,Successful,1
3303,3303,2026-04-10 06:35:13,978.18,Amex,CARD-001025-2,US,Successful,0
3304,3304,2025-10-10 01:15:08,321.72,PayPal,CARD-001812-2,NG,Successful,0
3305,3305,2026-03-28 18:12:02,411.51,Amex,CARD-000846-2,GR,Refunded,4
3306,3306,2025-09-03 16:58:48,478.57,Amex,CARD-001033-2,US,Successful,0
3307,3307,2026-04-25 14:38:04,108.85,Mastercard,CARD-000645-1,AL,Successful,4
3308,3308,2025-11-22 23:34:05,1020.67,Mastercard,CARD-001504-1,IT,Successful,4
3309,3309,2025-11-02 14:32:19,798.89,Visa,CARD-001284-2,NG,Successful,3
3310,3310,2025-07-15 15:33:29,1925.51,Visa,CARD-000909-1,GB,Successful,0
3311,3311,2025-01-19 03:56:46,1448.97,Visa,CARD-001572-2,AE,Successful,0
3312,3312,2026-01-18 00:05:54,749.54,PayPal,CARD-SHARED-074,AE,Successful,0
3313,3313,2026-02-25 13:29:10,726.04,Visa,CARD-001399-1,FR,Successful,0
3314,3314,2026-07-15 01:36:11,730.25,Visa,CARD-001723-1,ES,Successful,0
3315,3315,2025-02-19 02:48:47,1424.74,Visa,CARD-001301-1,NL,Successful,1
3316,3316,2026-06-27 11:06:08,764.52,Mastercard,CARD-000652-1,RO,Successful,0
3317,3317,2025-08-08 06:16:13,414.19,Mastercard,CARD-SHARED-054,NG,Successful,0
3318,3318,2025-07-05 10:23:29,590.14,Visa,CARD-000194-2,GB,Successful,0
3319,3319,2025-10-04 18:13:37,648.14,Visa,CARD-000292-2,IT,Successful,0
3320,3320,2025-11-14 22:22:32,407.35,Mastercard,CARD-001387-1,GR,Successful,0
3321,3321,2026-04-01 18:59:14,1198.15,Mastercard,CARD-000222-2,IT,Successful,0
3322,3322,2025-08-05 09:14:46,427.77,Visa,CARD-000146-2,ES,Failed,0
3323,3323,2025-08-20 08:29:53,875.89,Amex,CARD-000801-2,RO,Successful,3
3324,3324,2026-03-25 05:54:14,211.89,Amex,CARD-001041-1,US,Successful,0
3325,3325,2026-06-29 13:35:48,973.32,PayPal,CARD-001606-1,AE,Successful,0
3326,3326,2026-05-22 23:31:43,682.85,Visa,CARD-000471-2,IT,Successful,0
3327,3327,2025-12-02 09:55:16,221.56,Mastercard,CARD-001723-1,ES,Successful,0
3328,3328,2026-06-08 21:48:07,1057.27,Amex,CARD-001588-1,FR,Successful,0
3329,3329,2025-11-29 14:10:32,276.91,Mastercard,CARD-001597-1,ES,Successful,0
3330,3330,2025-05-13 10:16:16,128.26,PayPal,CARD-001654-1,US,Successful,3
3331,3331,2025-11-07 14:10:17,1597.45,PayPal,CARD-000922-1,AL,Successful,0
3332,3332,2025-09-28 21:18:31,1676.01,Visa,CARD-001273-2,RO,Successful,0
3333,3333,2026-02-17 05:30:39,2402.93,PayPal,CARD-000350-1,NL,Successful,0
3334,3334,2026-01-09 07:53:24,954.91,PayPal,CARD-000984-1,AE,Successful,0
3335,3335,2026-05-07 12:13:15,874.73,PayPal,CARD-000074-1,NG,Successful,0
3336,3336,2025-12-04 19:09:53,1411.86,Amex,CARD-000023-2,IT,Successful,1
3337,3337,2026-01-22 11:28:22,1118.87,Visa,CARD-001332-2,ES,Successful,2
3338,3338,2025-04-23 12:35:08,1369.07,Mastercard,CARD-001405-1,AE,Successful,1
3339,3339,2025-04-29 09:34:35,2362.41,PayPal,CARD-000535-1,NG,Successful,0
3340,3340,2026-06-16 12:30:07,462.22,Visa,CARD-000500-1,FR,Successful,0
3341,3341,2026-04-04 10:05:25,757.23,PayPal,CARD-001196-2,US,Successful,0
3342,3342,2025-01-25 04:38:08,1223.39,PayPal,CARD-000032-1,IT,Successful,0
3343,3343,2026-06-06 20:03:30,1560.77,Visa,CARD-FRAUD-002,GB,Successful,4
3344,3344,2025-10-04 11:44:35,1412.15,Visa,CARD-001661-2,ES,Successful,0
3345,3345,2026-04-04 01:33:34,375.13,PayPal,CARD-SHARED-014,GB,Successful,0
3346,3346,2026-03-08 09:07:38,1164.58,Amex,CARD-SHARED-045,AL,Successful,0
3347,3347,2026-01-22 01:12:23,464.82,Visa,CARD-001604-1,NL,Failed,0
3348,3348,2026-03-18 05:57:46,1208.02,Mastercard,CARD-SHARED-053,US,Successful,0
3349,3349,2025-07-31 12:04:33,2146.62,Mastercard,CARD-000411-2,RO,Successful,1
3350,3350,2025-11-21 14:50:21,143.08,PayPal,CARD-001345-2,NL,Successful,0
3351,3351,2025-05-15 13:36:59,1286.20,Amex,CARD-001390-1,IT,Successful,3
3352,3352,2026-05-31 09:06:33,1369.21,Mastercard,CARD-000639-1,US,Successful,0
3353,3353,2026-02-04 00:56:31,1046.66,PayPal,CARD-001724-1,RO,Successful,1
3354,3354,2026-04-25 20:27:18,223.63,Amex,CARD-000383-1,ES,Successful,0
3355,3355,2026-06-13 06:59:33,825.77,Amex,CARD-SHARED-049,RO,Failed,0
3356,3356,2025-12-09 23:58:01,788.92,Amex,CARD-000607-2,ES,Failed,0
3357,3357,2025-11-18 10:52:22,1717.76,Visa,CARD-000391-1,GR,Successful,0
3358,3358,2026-04-03 05:07:12,936.28,PayPal,CARD-001738-1,RO,Successful,0
3359,3359,2026-03-09 10:07:47,1497.99,Visa,CARD-SHARED-055,RO,Successful,0
3360,3360,2026-06-21 22:15:26,2176.81,Visa,CARD-001160-2,RO,Successful,0
3361,3361,2026-07-03 14:43:12,611.85,Visa,CARD-000127-1,DE,Successful,1
3362,3362,2025-09-15 21:46:18,1421.11,Mastercard,CARD-001471-2,AE,Successful,0
3363,3363,2025-04-13 16:52:37,547.41,Visa,CARD-SHARED-006,NG,Successful,0
3364,3364,2025-07-27 06:32:24,2599.72,Visa,CARD-000123-1,DE,Successful,0
3365,3365,2026-05-27 00:11:21,417.73,Mastercard,CARD-000314-2,GR,Successful,3
3366,3366,2026-06-04 06:40:25,3095.15,Visa,CARD-FRAUD-011,FR,Successful,1
3367,3367,2026-01-28 19:27:43,865.15,Mastercard,CARD-001426-2,AE,Successful,0
3368,3368,2026-04-21 03:18:40,1663.05,Visa,CARD-001681-1,US,Successful,0
3369,3369,2026-01-28 13:23:03,488.16,Amex,CARD-000004-2,FR,Successful,0
3370,3370,2026-03-07 14:11:22,1402.18,Mastercard,CARD-001638-1,AE,Successful,3
3371,3371,2025-06-03 02:40:22,438.13,Visa,CARD-001567-2,US,Successful,0
3372,3372,2026-06-21 14:12:28,1285.15,Visa,CARD-000455-2,AL,Successful,1
3373,3373,2025-05-27 04:28:39,2531.79,Visa,CARD-SHARED-006,RO,Successful,0
3374,3374,2025-09-19 11:48:13,138.11,Mastercard,CARD-000925-1,IT,Successful,0
3375,3375,2025-08-06 10:10:37,123.79,Visa,CARD-001574-1,GB,Successful,0
3376,3376,2026-05-17 10:56:03,1456.05,Mastercard,CARD-000709-1,US,Failed,0
3377,3377,2026-06-30 22:09:33,791.08,Amex,CARD-001032-1,DE,Successful,0
3378,3378,2025-11-24 13:51:23,432.46,PayPal,CARD-000557-1,AE,Successful,0
3379,3379,2026-07-16 15:40:05,533.40,Mastercard,CARD-000845-2,RO,Successful,0
3380,3380,2026-04-28 13:22:44,1134.71,Visa,CARD-001625-2,ES,Successful,0
3381,3381,2025-06-19 11:20:39,2508.98,Visa,CARD-001223-1,GB,Successful,0
3382,3382,2025-01-22 20:26:13,1071.87,Visa,CARD-001267-2,RO,Successful,0
3383,3383,2025-08-12 00:20:37,859.61,Amex,CARD-000975-2,AE,Successful,0
3384,3384,2026-04-22 06:16:14,1943.24,Mastercard,CARD-FRAUD-007,AL,Successful,4
3385,3385,2025-12-03 01:06:58,1314.05,Amex,CARD-001901-2,US,Successful,0
3386,3386,2025-04-07 15:26:55,1724.77,Amex,CARD-000788-1,AE,Successful,0
3387,3387,2026-02-21 09:37:44,741.42,Amex,CARD-SHARED-044,AE,Successful,1
3388,3388,2025-09-19 04:12:18,1016.21,Visa,CARD-000736-1,NL,Successful,0
3389,3389,2025-05-29 21:12:59,1193.53,Visa,CARD-001641-1,RO,Successful,0
3390,3390,2025-09-29 01:59:26,1620.06,Amex,CARD-001146-1,NL,Successful,0
3391,3391,2026-07-18 20:40:17,1170.42,Mastercard,CARD-000246-2,ES,Successful,0
3392,3392,2026-02-11 17:35:52,1416.34,Visa,CARD-001736-1,FR,Successful,0
3393,3393,2026-04-29 12:16:46,1985.73,Amex,CARD-000708-2,AL,Successful,1
3394,3394,2026-06-14 01:03:48,1249.98,Visa,CARD-001280-1,GR,Successful,0
3395,3395,2025-07-20 02:00:38,173.08,Amex,CARD-000349-2,US,Successful,0
3396,3396,2026-03-01 23:30:58,1632.34,PayPal,CARD-000990-2,GR,Successful,0
3397,3397,2025-11-27 06:19:29,2470.27,Visa,CARD-000905-2,IT,Successful,1
3398,3398,2025-05-02 04:19:35,280.41,Amex,CARD-001794-1,GR,Successful,1
3399,3399,2026-06-02 11:41:08,148.85,Amex,CARD-000794-2,NG,Refunded,0
3400,3400,2025-07-10 14:47:57,1373.35,Mastercard,CARD-000234-1,DE,Successful,0
3401,3401,2026-07-08 20:36:40,1217.25,Mastercard,CARD-SHARED-029,NL,Successful,0
3402,3402,2025-03-02 16:46:44,377.29,PayPal,CARD-001994-2,FR,Successful,0
3403,3403,2026-05-04 05:37:51,1211.39,Visa,CARD-000829-2,AE,Successful,1
3404,3404,2026-07-16 18:21:39,1391.39,Visa,CARD-000597-1,GR,Successful,2
3405,3405,2026-06-28 19:33:59,1278.88,PayPal,CARD-000010-1,GR,Successful,5
3406,3406,2026-04-04 07:26:24,799.53,Mastercard,CARD-000836-2,IT,Successful,0
3407,3407,2026-07-04 14:14:28,347.31,PayPal,CARD-000554-2,GB,Successful,0
3408,3408,2025-01-03 11:04:46,1310.33,PayPal,CARD-001153-1,RO,Successful,1
3409,3409,2026-01-04 15:01:36,1947.88,Visa,CARD-000320-1,NL,Successful,1
3410,3410,2025-12-30 19:13:59,3196.50,PayPal,CARD-FRAUD-005,GB,Successful,7
3411,3411,2026-06-25 17:32:31,761.51,Amex,CARD-001698-2,NL,Failed,0
3412,3412,2025-10-20 05:05:30,1881.62,PayPal,CARD-001273-1,RO,Successful,0
3413,3413,2025-09-04 07:25:07,285.82,PayPal,CARD-001320-2,RO,Successful,0
3414,3414,2025-10-16 07:02:14,1146.00,PayPal,CARD-001675-1,FR,Successful,0
3415,3415,2026-06-14 16:39:23,124.48,Visa,CARD-000151-2,GR,Successful,0
3416,3416,2026-04-28 04:42:39,1320.24,Visa,CARD-001233-2,GB,Successful,0
3417,3417,2026-03-31 14:17:56,917.17,Mastercard,CARD-001878-2,DE,Successful,3
3418,3418,2025-08-25 21:51:52,2395.54,Amex,CARD-000101-1,GB,Failed,0
3419,3419,2026-02-14 08:54:49,236.74,Amex,CARD-000476-2,ES,Successful,0
3420,3420,2026-07-01 04:21:25,1231.80,Visa,CARD-SHARED-083,ES,Successful,0
3421,3421,2025-08-30 10:08:15,423.80,PayPal,CARD-000392-2,ES,Failed,0
3422,3422,2026-06-28 21:58:20,617.81,Amex,CARD-SHARED-047,AL,Successful,4
3423,3423,2026-06-15 06:29:19,967.09,PayPal,CARD-000421-1,AL,Failed,5
3424,3424,2025-02-23 03:55:19,1385.74,PayPal,CARD-000148-2,US,Failed,0
3425,3425,2025-09-15 03:21:51,1079.08,Amex,CARD-001637-2,GB,Failed,0
3426,3426,2025-10-26 21:05:54,1269.32,Visa,CARD-001132-1,FR,Successful,0
3427,3427,2025-12-19 15:50:31,1176.62,Mastercard,CARD-001034-2,FR,Successful,0
3428,3428,2026-07-19 13:55:56,816.20,Mastercard,CARD-000760-2,AE,Successful,0
3429,3429,2025-07-09 09:15:16,1334.88,Amex,CARD-000080-2,NG,Successful,0
3430,3430,2025-10-28 07:01:25,1163.45,Amex,CARD-001906-2,AE,Successful,1
3431,3431,2025-04-10 13:04:05,1045.42,Visa,CARD-001570-1,ES,Successful,2
3432,3432,2026-04-05 01:17:01,833.01,PayPal,CARD-001535-1,GB,Successful,0
3433,3433,2025-08-31 18:40:11,583.05,PayPal,CARD-000145-2,NG,Successful,0
3434,3434,2025-06-01 23:38:50,186.98,Visa,CARD-000667-2,GR,Successful,0
3435,3435,2025-04-13 12:26:41,1062.17,Visa,CARD-001666-2,AE,Successful,0
3436,3436,2025-02-13 04:26:26,974.93,Visa,CARD-000763-1,FR,Successful,3
3437,3437,2026-06-29 11:52:02,1133.96,PayPal,CARD-SHARED-081,US,Successful,0
3438,3438,2025-07-30 02:50:34,709.73,Amex,CARD-001575-1,FR,Successful,0
3439,3439,2025-11-25 09:23:45,437.29,Amex,CARD-001713-2,FR,Successful,0
3440,3440,2026-06-19 03:42:47,1271.43,Visa,CARD-001474-1,NG,Successful,0
3441,3441,2025-06-28 04:23:07,2483.91,Amex,CARD-SHARED-064,AL,Successful,0
3442,3442,2026-05-25 07:29:55,1269.96,Mastercard,CARD-FRAUD-016,IT,Successful,6
3443,3443,2025-10-07 05:15:00,2434.70,Amex,CARD-001164-1,GR,Failed,0
3444,3444,2025-05-15 08:28:49,1024.23,Amex,CARD-000011-1,NL,Successful,0
3445,3445,2026-01-27 05:36:11,2044.93,PayPal,CARD-001038-2,FR,Successful,0
3446,3446,2025-07-09 10:56:38,138.62,Amex,CARD-001950-2,FR,Successful,2
3447,3447,2025-09-03 01:54:46,402.76,Amex,CARD-000071-1,ES,Successful,0
3448,3448,2026-04-30 18:18:01,212.17,Mastercard,CARD-000624-2,RO,Refunded,0
3449,3449,2025-09-21 13:15:52,1496.87,PayPal,CARD-001464-2,RO,Successful,0
3450,3450,2025-12-19 01:41:21,671.32,Amex,CARD-000104-1,NG,Successful,5
3451,3451,2025-03-16 00:52:37,892.91,PayPal,CARD-000311-1,AL,Successful,0
3452,3452,2025-07-16 19:53:43,465.07,PayPal,CARD-SHARED-094,IT,Successful,5
3453,3453,2026-03-19 22:17:11,1543.97,Mastercard,CARD-001009-2,AE,Successful,4
3454,3454,2026-07-09 19:21:42,408.13,PayPal,CARD-001028-2,DE,Successful,4
3455,3455,2025-10-30 06:02:46,1239.10,PayPal,CARD-000065-1,AE,Failed,0
3456,3456,2025-01-31 12:36:38,951.41,Mastercard,CARD-001666-1,IT,Successful,0
3457,3457,2026-07-03 04:01:13,652.63,Amex,CARD-000260-1,ES,Successful,4
3458,3458,2025-10-01 21:35:47,1617.39,PayPal,CARD-001353-1,GR,Successful,0
3459,3459,2026-01-05 01:32:50,1204.97,PayPal,CARD-001955-2,DE,Successful,0
3460,3460,2026-02-03 09:47:51,1091.61,Mastercard,CARD-001436-1,AE,Successful,0
3461,3461,2026-02-01 15:23:26,1286.31,Mastercard,CARD-001357-2,FR,Successful,0
3462,3462,2026-03-14 00:30:53,990.00,Amex,CARD-000406-2,AE,Successful,0
3463,3463,2026-05-03 21:22:43,173.17,Amex,CARD-000023-1,IT,Successful,3
3464,3464,2025-07-22 08:06:42,1467.82,Visa,CARD-001794-2,GR,Successful,0
3465,3465,2025-05-09 18:03:14,1248.95,Visa,CARD-000587-1,US,Successful,0
3466,3466,2026-03-01 03:14:49,1425.57,Mastercard,CARD-000454-2,DE,Successful,0
3467,3467,2025-06-01 07:55:48,2126.11,Visa,CARD-000666-1,GB,Successful,0
3468,3468,2025-11-05 12:04:47,612.89,Visa,CARD-000227-2,US,Successful,0
3469,3469,2025-03-24 14:59:56,390.92,Amex,CARD-000008-2,DE,Successful,0
3470,3470,2025-05-13 11:05:30,1423.78,Mastercard,CARD-000604-2,AL,Successful,0
3471,3471,2026-04-05 04:18:32,190.22,PayPal,CARD-000900-1,IT,Successful,1
3472,3472,2026-03-23 20:19:45,272.25,PayPal,CARD-000690-1,ES,Successful,0
3473,3473,2025-02-04 14:19:45,387.18,PayPal,CARD-000058-2,GB,Successful,0
3474,3474,2025-04-16 15:04:35,689.55,Amex,CARD-001733-1,FR,Successful,0
3475,3475,2026-03-21 05:30:53,162.19,Mastercard,CARD-SHARED-066,NG,Successful,0
3476,3476,2025-05-31 14:05:56,385.08,Amex,CARD-001234-1,GB,Successful,1
3477,3477,2026-06-06 22:12:42,1416.10,Mastercard,CARD-SHARED-027,RO,Successful,0
3478,3478,2026-02-25 17:49:43,1178.11,Mastercard,CARD-001968-1,NL,Successful,0
3479,3479,2025-06-15 23:15:09,2139.79,Amex,CARD-001447-1,GB,Successful,0
3480,3480,2025-01-04 02:28:50,530.52,PayPal,CARD-001348-1,US,Failed,0
3481,3481,2025-12-25 13:53:42,1221.96,PayPal,CARD-001047-2,ES,Successful,0
3482,3482,2026-04-08 19:59:05,404.66,Visa,CARD-000285-2,IT,Successful,0
3483,3483,2026-02-27 19:48:58,495.24,Mastercard,CARD-SHARED-066,NL,Successful,1
3484,3484,2026-05-21 14:53:26,2320.25,Mastercard,CARD-001074-1,AL,Successful,0
3485,3485,2025-11-10 11:21:39,418.07,PayPal,CARD-000285-2,AE,Successful,5
3486,3486,2025-05-18 12:35:41,273.67,PayPal,CARD-000888-1,ES,Failed,4
3487,3487,2025-11-08 08:21:15,213.68,Mastercard,CARD-001448-2,DE,Successful,1
3488,3488,2026-03-27 16:04:09,1013.89,PayPal,CARD-001208-1,NL,Successful,0
3489,3489,2026-01-16 08:27:11,1050.86,Visa,CARD-SHARED-009,NL,Successful,0
3490,3490,2026-06-18 10:57:17,2052.97,PayPal,CARD-000863-2,DE,Successful,0
3491,3491,2025-12-23 06:14:27,1177.54,Visa,CARD-000324-2,DE,Successful,0
3492,3492,2025-04-08 07:12:17,597.37,Mastercard,CARD-SHARED-005,GB,Successful,2
3493,3493,2026-04-18 00:18:05,603.40,Amex,CARD-001124-2,AE,Successful,0
3494,3494,2026-06-05 19:12:25,717.96,Mastercard,CARD-000127-2,DE,Successful,0
3495,3495,2026-06-16 20:43:55,888.33,Mastercard,CARD-000935-2,IT,Successful,0
3496,3496,2025-02-12 00:07:31,519.35,PayPal,CARD-000448-2,GR,Successful,0
3497,3497,2026-04-11 09:49:29,2304.26,Visa,CARD-FRAUD-001,IT,Successful,5
3498,3498,2025-12-08 00:15:37,576.58,Visa,CARD-001953-1,RO,Failed,5
3499,3499,2025-03-29 09:38:31,82.87,Mastercard,CARD-000322-1,FR,Successful,1
3500,3500,2025-08-11 09:58:30,1113.47,PayPal,CARD-001371-2,NG,Successful,0
3501,3501,2025-06-11 04:18:01,1325.55,Mastercard,CARD-000946-2,GR,Successful,0
3502,3502,2025-07-06 07:16:11,2357.68,Visa,CARD-001538-1,RO,Successful,0
3503,3503,2025-02-22 00:59:36,3047.67,PayPal,CARD-000490-2,DE,Successful,2
3504,3504,2026-06-12 23:13:05,1466.84,Mastercard,CARD-SHARED-097,ES,Failed,0
3505,3505,2025-01-13 00:34:34,949.69,Visa,CARD-001482-1,IT,Successful,0
3506,3506,2026-05-11 21:17:01,760.06,Amex,CARD-000644-1,ES,Successful,0
3507,3507,2026-06-02 15:08:41,1707.13,Amex,CARD-001871-2,NL,Successful,0
3508,3508,2026-05-06 09:26:41,1031.79,Amex,CARD-001792-2,IT,Successful,0
3509,3509,2026-06-24 18:11:16,891.44,PayPal,CARD-001261-1,AL,Successful,3
3510,3510,2026-02-03 20:48:02,511.44,Visa,CARD-000742-2,AE,Successful,2
3511,3511,2025-11-26 07:47:11,295.27,Mastercard,CARD-001887-1,FR,Successful,0
3512,3512,2026-07-06 07:41:20,749.68,Visa,CARD-001430-2,DE,Successful,0
3513,3513,2025-12-15 05:48:50,307.60,PayPal,CARD-001539-1,ES,Successful,0
3514,3514,2025-03-31 18:16:45,922.15,Amex,CARD-001741-2,IT,Successful,0
3515,3515,2026-01-23 18:30:52,710.87,PayPal,CARD-001652-2,ES,Successful,0
3516,3516,2026-06-10 22:16:13,400.20,PayPal,CARD-001443-1,AL,Successful,1
3517,3517,2025-01-20 22:57:43,124.26,Visa,CARD-000788-2,AE,Successful,0
3518,3518,2026-04-04 23:18:42,214.48,Mastercard,CARD-001913-1,DE,Failed,0
3519,3519,2025-07-30 08:27:00,376.83,Visa,CARD-001901-1,US,Successful,0
3520,3520,2025-11-07 07:36:16,899.68,Visa,CARD-001954-2,DE,Successful,0
3521,3521,2026-04-04 11:26:59,2918.49,PayPal,CARD-FRAUD-008,ES,Successful,2
3522,3522,2026-02-04 03:21:46,1989.07,Amex,CARD-000257-2,ES,Successful,0
3523,3523,2026-04-06 17:13:30,82.33,Amex,CARD-000953-1,US,Refunded,5
3524,3524,2026-05-31 22:50:29,550.30,Amex,CARD-000799-2,NG,Successful,0
3525,3525,2026-05-04 15:39:48,1115.64,Visa,CARD-000537-2,US,Successful,0
3526,3526,2026-05-11 15:56:23,2260.72,Visa,CARD-001164-2,GR,Successful,0
3527,3527,2025-11-16 15:34:44,997.60,Amex,CARD-001154-2,NL,Successful,0
3528,3528,2025-04-25 10:27:27,677.92,Visa,CARD-000043-2,FR,Successful,0
3529,3529,2025-11-21 02:35:53,2236.17,Mastercard,CARD-000971-1,NL,Successful,0
3530,3530,2026-07-13 19:51:06,1230.36,Visa,CARD-SHARED-019,GR,Successful,1
3531,3531,2026-07-12 04:43:14,1099.51,Visa,CARD-000554-2,IT,Successful,3
3532,3532,2025-05-09 10:58:57,261.16,Mastercard,CARD-001907-2,GR,Successful,3
3533,3533,2025-08-13 06:25:50,1004.20,PayPal,CARD-001863-2,ES,Successful,1
3534,3534,2025-07-03 21:04:57,1241.53,Mastercard,CARD-001489-1,AL,Successful,2
3535,3535,2026-04-15 08:00:44,2335.05,Mastercard,CARD-FRAUD-006,NL,Successful,7
3536,3536,2026-02-07 13:14:51,1189.28,PayPal,CARD-001267-1,RO,Successful,0
3537,3537,2025-12-26 20:43:55,1359.13,Visa,CARD-001967-1,IT,Successful,0
3538,3538,2025-04-23 10:39:31,769.74,Visa,CARD-001801-2,AL,Successful,0
3539,3539,2026-06-06 07:14:02,704.60,PayPal,CARD-001450-1,RO,Successful,0
3540,3540,2026-06-21 22:50:48,763.82,Amex,CARD-001688-1,RO,Successful,5
3541,3541,2026-01-29 13:23:06,395.66,Mastercard,CARD-SHARED-043,AE,Successful,0
3542,3542,2026-05-06 12:02:32,1125.25,Amex,CARD-000133-1,RO,Successful,0
3543,3543,2025-04-01 00:18:28,1379.00,Mastercard,CARD-000340-2,FR,Failed,5
3544,3544,2025-06-08 00:30:10,1779.36,Amex,CARD-001634-2,GB,Successful,0
3545,3545,2025-03-29 00:15:49,1006.38,Mastercard,CARD-001734-1,DE,Successful,5
3546,3546,2025-08-11 13:11:18,1130.24,Amex,CARD-001562-1,GR,Successful,4
3547,3547,2025-01-25 23:30:36,1358.60,PayPal,CARD-000926-2,DE,Successful,0
3548,3548,2026-03-26 07:13:06,1230.11,Visa,CARD-000715-1,AE,Successful,0
3549,3549,2026-04-03 11:01:35,1803.60,Amex,CARD-001041-2,GB,Successful,4
3550,3550,2026-04-27 03:57:59,600.84,Amex,CARD-000863-1,ES,Successful,0
3551,3551,2025-04-30 18:04:41,904.33,Mastercard,CARD-001719-1,AE,Successful,0
3552,3552,2026-01-28 16:33:36,1115.03,Mastercard,CARD-001162-2,AE,Successful,0
3553,3553,2025-09-29 02:28:43,968.18,PayPal,CARD-001323-2,AE,Successful,0
3554,3554,2025-12-22 03:47:32,545.11,PayPal,CARD-001458-1,DE,Successful,0
3555,3555,2026-02-28 21:05:36,344.45,Mastercard,CARD-SHARED-087,RO,Successful,0
3556,3556,2026-06-09 08:56:59,2247.69,PayPal,CARD-FRAUD-026,DE,Successful,7
3557,3557,2025-10-23 20:57:30,360.00,PayPal,CARD-001908-2,FR,Successful,2
3558,3558,2026-06-24 09:34:51,175.17,Visa,CARD-000669-2,AL,Successful,5
3559,3559,2026-06-24 08:30:44,360.81,Mastercard,CARD-000613-1,ES,Successful,4
3560,3560,2026-06-15 02:59:15,1189.64,Amex,CARD-001000-1,GB,Successful,0
3561,3561,2026-07-10 08:38:45,242.79,Mastercard,CARD-000927-2,NL,Successful,3
3562,3562,2025-07-01 09:36:28,654.84,PayPal,CARD-001694-2,NL,Successful,0
3563,3563,2026-05-01 12:46:40,277.56,Visa,CARD-001516-1,NL,Successful,0
3564,3564,2025-11-17 01:57:59,887.80,Mastercard,CARD-001589-1,FR,Successful,0
3565,3565,2026-05-18 11:50:13,324.37,Mastercard,CARD-SHARED-005,RO,Successful,3
3566,3566,2026-01-23 19:34:47,1134.00,Mastercard,CARD-000742-1,AE,Successful,1
3567,3567,2026-07-16 07:03:34,813.72,PayPal,CARD-000358-2,DE,Successful,2
3568,3568,2025-01-27 10:48:54,670.98,Visa,CARD-001833-1,ES,Refunded,0
3569,3569,2026-06-19 02:04:26,1087.96,Amex,CARD-SHARED-093,GR,Successful,0
3570,3570,2026-07-04 17:10:06,1374.21,Visa,CARD-001219-2,ES,Successful,1
3571,3571,2026-02-01 05:25:53,446.30,Amex,CARD-001783-1,GB,Successful,5
3572,3572,2026-05-19 20:05:01,1263.89,Visa,CARD-001275-1,DE,Successful,0
3573,3573,2026-04-06 17:38:41,371.21,Mastercard,CARD-000440-1,AE,Successful,0
3574,3574,2026-02-13 11:01:04,938.96,PayPal,CARD-000507-1,AE,Successful,0
3575,3575,2025-10-27 16:46:00,1089.42,Amex,CARD-000587-1,US,Successful,0
3576,3576,2026-05-29 10:58:03,1192.12,Mastercard,CARD-001974-1,RO,Successful,0
3577,3577,2026-07-07 02:12:07,2625.22,Mastercard,CARD-FRAUD-007,NG,Successful,4
3578,3578,2026-03-24 20:45:11,484.83,Visa,CARD-000462-1,AL,Successful,0
3579,3579,2025-07-15 11:36:48,837.24,Amex,CARD-000115-1,DE,Successful,0
3580,3580,2026-07-13 09:03:44,536.52,Mastercard,CARD-SHARED-066,US,Successful,0
3581,3581,2025-05-08 08:03:14,568.24,Mastercard,CARD-001513-1,FR,Successful,0
3582,3582,2026-07-10 20:14:24,2027.12,Amex,CARD-001775-1,ES,Successful,0
3583,3583,2026-04-13 02:57:53,979.75,Mastercard,CARD-SHARED-033,ES,Successful,0
3584,3584,2025-09-26 02:16:47,867.32,Amex,CARD-000817-2,AE,Successful,0
3585,3585,2026-06-03 08:32:08,2075.78,Amex,CARD-000406-2,AE,Successful,8
3586,3586,2025-11-09 14:08:29,1251.19,Amex,CARD-001363-1,NG,Successful,0
3587,3587,2025-05-20 05:31:53,772.69,Amex,CARD-000771-2,US,Successful,0
3588,3588,2025-01-26 20:32:43,2264.29,PayPal,CARD-FRAUD-008,AL,Successful,2
3589,3589,2025-12-09 06:28:54,676.43,Amex,CARD-000045-2,ES,Successful,0
3590,3590,2025-05-31 05:43:47,1255.16,Visa,CARD-000340-1,FR,Successful,0
3591,3591,2025-11-24 22:08:39,2090.39,PayPal,CARD-000495-1,RO,Successful,0
3592,3592,2026-07-08 08:30:25,397.15,Mastercard,CARD-001308-2,IT,Successful,1
3593,3593,2025-08-21 17:59:56,2445.97,Visa,CARD-FRAUD-001,FR,Successful,5
3594,3594,2025-07-10 03:06:36,1728.06,Amex,CARD-000367-1,ES,Failed,5
3595,3595,2026-06-29 08:05:49,1089.20,Visa,CARD-000500-2,FR,Successful,0
3596,3596,2026-06-19 01:14:55,2111.56,Visa,CARD-FRAUD-002,FR,Successful,6
3597,3597,2026-07-06 11:17:47,170.96,Mastercard,CARD-000582-1,NL,Failed,0
3598,3598,2025-05-28 19:47:24,1532.88,PayPal,CARD-000477-2,NG,Successful,0
3599,3599,2026-01-04 17:19:31,1186.41,Amex,CARD-000231-2,US,Successful,0
3600,3600,2025-05-16 18:31:42,358.22,Mastercard,CARD-001933-2,NG,Successful,0
3601,3601,2025-10-09 06:13:01,1441.11,Amex,CARD-001937-1,ES,Successful,0
3602,3602,2025-01-31 04:33:49,568.35,Mastercard,CARD-SHARED-034,AE,Successful,2
3603,3603,2025-12-27 10:55:17,732.12,Mastercard,CARD-000268-2,NL,Successful,0
3604,3604,2026-03-31 02:56:23,1413.74,PayPal,CARD-SHARED-018,FR,Successful,0
3605,3605,2025-10-26 16:20:44,937.27,Amex,CARD-001987-1,GB,Successful,0
3606,3606,2025-05-06 15:48:22,424.26,Mastercard,CARD-000758-2,GR,Successful,0
3607,3607,2025-01-22 00:07:23,2407.59,Mastercard,CARD-FRAUD-008,NL,Successful,8
3608,3608,2026-06-30 12:21:44,941.16,PayPal,CARD-001854-1,IT,Successful,0
3609,3609,2025-08-18 04:50:49,1313.09,Mastercard,CARD-001863-1,ES,Successful,1
3610,3610,2026-06-01 10:24:53,110.35,PayPal,CARD-001904-1,ES,Successful,1
3611,3611,2025-09-14 01:45:51,315.13,Visa,CARD-SHARED-094,AE,Successful,0
3612,3612,2026-02-07 01:36:52,2342.37,Mastercard,CARD-001302-1,AL,Successful,0
3613,3613,2026-04-07 07:02:14,496.38,Mastercard,CARD-001272-1,RO,Successful,1
3614,3614,2026-05-11 12:10:15,578.99,Amex,CARD-000658-1,RO,Successful,4
3615,3615,2025-10-18 20:46:52,2306.35,PayPal,CARD-001347-2,AE,Successful,0
3616,3616,2026-07-19 13:30:25,1275.22,Amex,CARD-000327-1,FR,Successful,1
3617,3617,2026-07-19 14:49:58,988.86,PayPal,CARD-001808-2,GB,Successful,0
3618,3618,2026-05-27 03:08:47,2971.61,Amex,CARD-FRAUD-024,NG,Successful,3
3619,3619,2026-06-08 11:04:54,1749.95,PayPal,CARD-000286-2,ES,Successful,0
3620,3620,2026-03-04 02:53:32,96.87,PayPal,CARD-001331-1,ES,Successful,2
3621,3621,2025-02-27 11:26:33,1807.76,PayPal,CARD-001597-1,ES,Failed,0
3622,3622,2025-10-16 20:52:04,1192.25,Mastercard,CARD-001114-2,RO,Successful,2
3623,3623,2026-03-08 09:09:16,391.05,Mastercard,CARD-000746-2,AL,Successful,2
3624,3624,2025-10-04 05:16:40,958.28,Visa,CARD-001516-1,NL,Successful,0
3625,3625,2026-01-27 00:31:23,1173.94,Amex,CARD-001412-1,FR,Successful,0
3626,3626,2025-04-02 12:42:30,293.31,Visa,CARD-000330-1,RO,Successful,0
3627,3627,2025-07-24 03:06:48,472.33,Amex,CARD-000270-1,IT,Successful,0
3628,3628,2025-12-13 17:20:52,850.19,Mastercard,CARD-001308-1,ES,Successful,0
3629,3629,2026-07-14 09:37:37,2229.56,Amex,CARD-000146-2,ES,Failed,0
3630,3630,2025-11-16 07:19:57,840.83,Visa,CARD-001504-2,AL,Successful,0
3631,3631,2026-04-10 11:01:39,1221.72,Visa,CARD-000466-2,AE,Successful,0
3632,3632,2026-03-25 02:25:52,1077.71,PayPal,CARD-001440-2,AL,Successful,5
3633,3633,2026-05-23 08:16:55,1498.47,PayPal,CARD-SHARED-064,GR,Successful,0
3634,3634,2026-05-26 22:11:12,2810.73,PayPal,CARD-000260-2,ES,Successful,4
3635,3635,2026-05-09 12:23:04,672.84,Mastercard,CARD-000600-2,AL,Successful,0
3636,3636,2025-07-19 12:25:26,474.21,Amex,CARD-000976-2,ES,Successful,5
3637,3637,2025-05-06 12:03:40,781.07,Visa,CARD-000262-2,AE,Successful,0
3638,3638,2026-04-03 07:31:40,618.42,Amex,CARD-001011-2,US,Successful,1
3639,3639,2026-04-13 22:44:43,1609.05,Visa,CARD-000785-2,GB,Successful,0
3640,3640,2025-10-01 17:57:55,1342.51,PayPal,CARD-000858-2,DE,Failed,0
3641,3641,2025-07-21 22:44:59,318.98,Amex,CARD-001932-2,GB,Successful,0
3642,3642,2025-10-27 17:49:18,2501.66,Mastercard,CARD-FRAUD-020,GR,Successful,4
3643,3643,2025-04-08 04:19:14,1977.87,Visa,CARD-001986-1,AE,Successful,0
3644,3644,2026-02-25 00:11:22,1099.74,Visa,CARD-000078-2,RO,Successful,0
3645,3645,2025-06-08 10:25:43,380.91,Visa,CARD-001702-1,GR,Successful,3
3646,3646,2025-12-12 07:27:35,1504.25,Amex,CARD-SHARED-079,ES,Successful,4
3647,3647,2026-07-20 12:08:02,1037.58,Amex,CARD-001681-2,US,Successful,1
3648,3648,2026-03-18 14:27:58,646.85,PayPal,CARD-001970-1,DE,Successful,0
3649,3649,2026-04-20 01:00:26,309.72,Visa,CARD-000025-2,RO,Successful,0
3650,3650,2026-01-10 01:29:02,112.20,Visa,CARD-001778-1,GB,Successful,1
3651,3651,2025-08-03 22:57:59,1261.65,Mastercard,CARD-001839-1,GR,Successful,2
3652,3652,2026-06-21 00:35:37,1004.95,Mastercard,CARD-SHARED-070,NG,Successful,0
3653,3653,2026-03-15 16:26:03,1275.39,Mastercard,CARD-000645-1,GB,Successful,0
3654,3654,2026-07-03 03:24:12,2106.66,Mastercard,CARD-000694-1,ES,Failed,0
3655,3655,2026-05-12 10:11:45,1241.27,Visa,CARD-001241-1,IT,Successful,0
3656,3656,2025-05-08 05:57:04,225.31,PayPal,CARD-SHARED-033,DE,Successful,0
3657,3657,2025-10-28 18:43:03,410.43,Amex,CARD-001373-1,NG,Successful,0
3658,3658,2026-04-10 03:09:58,1054.16,Mastercard,CARD-001440-2,AL,Successful,0
3659,3659,2026-02-19 04:01:04,123.05,PayPal,CARD-SHARED-057,AE,Successful,0
3660,3660,2026-03-29 08:04:09,158.76,PayPal,CARD-001043-1,NL,Successful,0
3661,3661,2026-02-02 23:30:22,195.41,Amex,CARD-001085-1,ES,Successful,0
3662,3662,2026-02-15 19:59:55,872.43,Visa,CARD-001062-2,AL,Successful,0
3663,3663,2026-06-04 21:54:20,879.61,Mastercard,CARD-000984-1,AE,Failed,2
3664,3664,2026-07-02 08:28:43,699.07,PayPal,CARD-000887-2,DE,Successful,0
3665,3665,2025-06-07 00:59:15,1476.53,Visa,CARD-000919-1,RO,Successful,0
3666,3666,2026-04-04 07:39:10,1415.84,Visa,CARD-001180-1,DE,Successful,0
3667,3667,2026-05-23 20:46:32,160.04,Visa,CARD-001373-2,NG,Successful,0
3668,3668,2026-07-15 16:33:07,809.26,Amex,CARD-000260-2,ES,Refunded,0
3669,3669,2026-07-06 11:02:25,814.53,Amex,CARD-001465-1,NL,Successful,5
3670,3670,2025-11-08 07:07:04,340.04,Mastercard,CARD-001348-2,US,Successful,1
3671,3671,2026-03-30 22:47:05,861.34,Visa,CARD-001414-2,NL,Successful,0
3672,3672,2025-06-23 04:53:05,837.85,PayPal,CARD-000390-1,US,Successful,0
3673,3673,2026-03-13 02:13:13,1550.53,PayPal,CARD-001529-1,GR,Successful,0
3674,3674,2026-06-22 07:12:51,1101.31,Mastercard,CARD-001801-1,GB,Successful,0
3675,3675,2025-07-28 14:39:11,290.79,Mastercard,CARD-SHARED-087,AE,Successful,0
3676,3676,2026-02-27 08:37:45,1423.20,PayPal,CARD-001638-1,AE,Successful,0
3677,3677,2026-03-01 01:16:39,1456.53,Visa,CARD-000845-1,RO,Successful,4
3678,3678,2026-06-26 15:01:50,1323.72,PayPal,CARD-000245-2,NG,Successful,0
3679,3679,2025-04-06 23:00:01,1313.97,PayPal,CARD-001256-2,IT,Refunded,4
3680,3680,2025-01-27 21:52:45,352.84,Amex,CARD-000180-1,GB,Successful,1
3681,3681,2025-09-22 12:02:48,1433.55,Mastercard,CARD-000521-2,DE,Successful,0
3682,3682,2025-08-18 16:15:36,1137.62,PayPal,CARD-001077-2,RO,Successful,2
3683,3683,2025-06-16 07:55:22,2768.54,Visa,CARD-FRAUD-002,DE,Successful,8
3684,3684,2025-03-14 16:50:35,1305.56,Mastercard,CARD-000809-1,RO,Successful,0
3685,3685,2025-07-07 19:08:08,1471.11,Visa,CARD-001766-2,FR,Successful,0
3686,3686,2025-10-19 09:00:00,1270.38,Visa,CARD-000567-1,AE,Successful,0
3687,3687,2025-01-21 23:27:29,243.80,Visa,CARD-SHARED-049,FR,Successful,0
3688,3688,2026-02-01 10:43:32,112.03,Visa,CARD-000799-2,NG,Successful,0
3689,3689,2026-03-04 16:50:27,1157.21,PayPal,CARD-001889-1,AE,Successful,1
3690,3690,2026-02-21 21:12:53,1407.36,PayPal,CARD-001248-1,GR,Successful,1
3691,3691,2025-02-18 18:58:52,771.83,Amex,CARD-000880-1,DE,Successful,0
3692,3692,2025-12-03 03:17:51,1705.40,Visa,CARD-000448-1,GR,Successful,0
3693,3693,2025-06-17 13:44:49,673.72,PayPal,CARD-000712-2,GR,Successful,2
3694,3694,2025-01-13 21:21:47,578.40,PayPal,CARD-001811-1,ES,Successful,0
3695,3695,2026-03-12 07:40:37,1430.97,Visa,CARD-001577-2,RO,Successful,2
3696,3696,2025-07-05 10:15:29,1442.42,PayPal,CARD-001488-2,GR,Successful,0
3697,3697,2025-03-08 16:46:23,1687.40,Amex,CARD-000476-2,ES,Successful,2
3698,3698,2025-05-12 05:54:59,1204.76,PayPal,CARD-000881-2,GB,Successful,0
3699,3699,2026-06-20 17:11:21,660.53,PayPal,CARD-001960-2,AE,Successful,0
3700,3700,2026-01-09 14:33:07,594.31,PayPal,CARD-001273-1,RO,Successful,0
3701,3701,2025-05-16 13:01:48,427.90,Visa,CARD-001637-1,GB,Successful,0
3702,3702,2025-09-30 01:14:34,360.43,Amex,CARD-001688-2,RO,Successful,5
3703,3703,2025-05-06 14:07:19,300.67,Visa,CARD-001184-1,ES,Successful,0
3704,3704,2025-04-05 08:30:47,546.80,Visa,CARD-SHARED-027,ES,Successful,5
3705,3705,2026-07-09 10:42:44,1548.15,Mastercard,CARD-001213-1,ES,Successful,0
3706,3706,2025-01-05 13:24:12,911.69,Amex,CARD-001220-2,DE,Successful,0
3707,3707,2025-03-15 10:36:27,96.96,Visa,CARD-000093-1,ES,Successful,0
3708,3708,2026-03-28 00:11:23,349.26,Amex,CARD-SHARED-039,AL,Successful,0
3709,3709,2026-04-10 11:05:21,943.38,Amex,CARD-SHARED-073,IT,Successful,0
3710,3710,2025-06-27 04:17:08,645.97,PayPal,CARD-000560-1,AE,Successful,0
3711,3711,2025-11-14 11:57:08,715.94,Visa,CARD-000677-2,FR,Successful,0
3712,3712,2025-07-23 16:11:46,1189.00,Mastercard,CARD-SHARED-076,ES,Successful,0
3713,3713,2026-07-04 04:01:18,85.25,PayPal,CARD-001159-1,US,Successful,0
3714,3714,2026-05-28 23:20:10,1308.79,Amex,CARD-001158-1,DE,Failed,0
3715,3715,2026-02-11 18:53:08,686.11,Mastercard,CARD-001809-2,ES,Successful,0
3716,3716,2025-11-01 00:25:09,1358.00,Mastercard,CARD-SHARED-044,GR,Successful,0
3717,3717,2025-07-31 06:37:32,572.38,Mastercard,CARD-SHARED-018,GB,Successful,0
3718,3718,2025-06-18 14:19:50,364.47,Amex,CARD-FRAUD-002,GB,Successful,6
3719,3719,2026-03-22 08:15:24,324.22,Visa,CARD-001833-1,ES,Successful,0
3720,3720,2026-01-14 11:04:09,395.01,Amex,CARD-000334-1,NL,Refunded,0
3721,3721,2025-03-26 03:08:55,2085.91,Mastercard,CARD-000937-2,US,Successful,0
3722,3722,2026-03-13 05:58:01,2077.27,Mastercard,CARD-000676-1,US,Successful,2
3723,3723,2026-03-14 13:59:16,133.95,Visa,CARD-001046-2,ES,Successful,0
3724,3724,2025-09-02 20:23:45,1086.31,Visa,CARD-SHARED-086,NG,Successful,0
3725,3725,2026-01-29 17:36:03,335.05,Visa,CARD-001884-2,DE,Successful,4
3726,3726,2025-03-04 07:22:46,206.91,Amex,CARD-000457-1,NG,Successful,5
3727,3727,2025-12-28 13:55:29,215.86,Amex,CARD-SHARED-031,GB,Successful,0
3728,3728,2025-10-12 21:39:00,881.82,Visa,CARD-SHARED-085,DE,Successful,0
3729,3729,2025-08-20 13:24:10,454.71,Visa,CARD-000742-1,AE,Successful,4
3730,3730,2026-06-26 12:11:13,1356.73,Amex,CARD-SHARED-033,US,Successful,0
3731,3731,2025-09-20 03:46:47,298.94,Mastercard,CARD-000896-1,RO,Successful,0
3732,3732,2026-07-11 04:20:48,1397.41,Mastercard,CARD-001522-1,GB,Refunded,0
3733,3733,2026-02-20 13:26:36,1188.53,Visa,CARD-000515-2,IT,Successful,0
3734,3734,2026-04-27 15:01:59,945.48,Amex,CARD-001073-1,NL,Successful,3
3735,3735,2025-11-02 14:55:33,752.50,Amex,CARD-001962-2,FR,Successful,0
3736,3736,2025-10-15 11:45:34,1232.65,Mastercard,CARD-000247-2,RO,Successful,0
3737,3737,2025-04-30 19:24:24,1231.66,Visa,CARD-000065-2,AE,Successful,0
3738,3738,2026-03-11 21:57:23,676.99,Amex,CARD-000575-1,GB,Successful,0
3739,3739,2026-06-17 01:42:30,455.77,Mastercard,CARD-000803-2,FR,Successful,0
3740,3740,2026-06-22 07:02:23,636.17,Amex,CARD-001082-2,AL,Successful,0
3741,3741,2026-05-08 03:13:21,1075.95,Visa,CARD-001052-1,ES,Successful,0
3742,3742,2026-02-08 03:12:09,1166.94,PayPal,CARD-SHARED-016,RO,Successful,0
3743,3743,2025-12-16 00:13:21,407.48,Mastercard,CARD-000779-2,NL,Successful,4
3744,3744,2025-07-22 02:14:56,215.69,Amex,CARD-SHARED-064,ES,Successful,0
3745,3745,2026-06-06 18:12:17,2352.62,Amex,CARD-001587-2,ES,Successful,6
3746,3746,2026-07-10 23:20:42,475.33,Amex,CARD-000808-1,NG,Failed,1
3747,3747,2025-09-18 08:40:18,1589.16,PayPal,CARD-000608-2,ES,Successful,0
3748,3748,2026-05-08 22:33:53,74.63,Amex,CARD-001371-2,IT,Successful,0
3749,3749,2025-01-01 08:33:53,261.17,Visa,CARD-000884-1,NL,Successful,0
3750,3750,2026-03-14 16:20:13,931.87,PayPal,CARD-001813-2,AE,Successful,3
3751,3751,2026-02-27 04:53:44,1229.39,Visa,CARD-SHARED-032,NL,Successful,0
3752,3752,2026-06-07 19:04:55,1273.31,Visa,CARD-000047-1,RO,Successful,0
3753,3753,2025-06-01 18:17:27,1014.97,Visa,CARD-001021-1,NL,Successful,0
3754,3754,2026-05-05 00:38:43,1452.16,Mastercard,CARD-001912-1,ES,Successful,0
3755,3755,2025-12-30 14:12:52,2271.00,Visa,CARD-FRAUD-025,NL,Successful,0
3756,3756,2026-01-05 00:04:26,950.63,PayPal,CARD-000352-2,NL,Successful,3
3757,3757,2025-10-02 20:53:18,2332.02,PayPal,CARD-SHARED-073,NL,Successful,0
3758,3758,2026-07-19 13:08:05,851.82,PayPal,CARD-000321-2,RO,Successful,0
3759,3759,2026-03-24 07:56:52,1188.78,PayPal,CARD-000690-2,ES,Successful,0
3760,3760,2026-01-03 18:01:55,718.82,Amex,CARD-SHARED-033,ES,Successful,0
3761,3761,2026-03-06 08:08:44,616.89,PayPal,CARD-001395-1,NL,Successful,0
3762,3762,2026-02-23 05:42:44,1800.09,PayPal,CARD-SHARED-065,IT,Successful,0
3763,3763,2026-03-10 01:48:21,632.19,PayPal,CARD-001679-2,NG,Successful,0
3764,3764,2025-05-09 00:48:45,450.77,Amex,CARD-001092-1,AE,Successful,0
3765,3765,2026-05-27 05:40:29,1864.08,Visa,CARD-FRAUD-002,FR,Successful,6
3766,3766,2025-07-28 06:45:12,1079.37,PayPal,CARD-001626-2,GR,Successful,0
3767,3767,2026-07-09 04:56:09,1888.81,Visa,CARD-000246-1,ES,Successful,0
3768,3768,2026-06-14 04:32:09,930.44,PayPal,CARD-000287-2,DE,Successful,5
3769,3769,2026-02-27 05:01:43,1198.87,PayPal,CARD-001917-1,AL,Successful,0
3770,3770,2025-05-22 01:03:16,1206.90,PayPal,CARD-001785-1,ES,Successful,0
3771,3771,2026-07-02 12:04:29,1260.66,Visa,CARD-001796-1,NL,Successful,5
3772,3772,2026-02-06 00:57:21,137.72,Mastercard,CARD-SHARED-038,NG,Successful,4
3773,3773,2026-06-15 07:44:31,1476.30,Mastercard,CARD-001804-1,RO,Refunded,1
3774,3774,2025-06-13 00:39:18,646.86,Amex,CARD-001689-2,IT,Successful,0
3775,3775,2026-02-23 18:48:44,694.63,Visa,CARD-001042-1,FR,Successful,0
3776,3776,2026-06-09 02:20:42,1339.76,Amex,CARD-000704-2,FR,Successful,0
3777,3777,2026-06-20 14:34:14,759.97,PayPal,CARD-000576-2,AE,Successful,0
3778,3778,2026-06-03 11:20:47,912.48,PayPal,CARD-SHARED-063,RO,Successful,0
3779,3779,2025-07-31 15:09:18,257.74,Visa,CARD-000040-1,GR,Successful,0
3780,3780,2025-03-20 20:33:12,393.56,PayPal,CARD-001845-2,GB,Successful,0
3781,3781,2025-09-25 09:51:17,873.11,Amex,CARD-SHARED-080,ES,Successful,0
3782,3782,2025-01-19 18:44:57,1853.81,Mastercard,CARD-001937-1,ES,Successful,0
3783,3783,2026-06-14 08:05:59,1104.30,PayPal,CARD-001443-1,AL,Successful,0
3784,3784,2025-08-20 22:45:54,252.59,PayPal,CARD-SHARED-064,NL,Successful,0
3785,3785,2026-05-21 19:13:10,690.84,Visa,CARD-000966-1,IT,Refunded,2
3786,3786,2025-10-26 08:24:44,1114.91,Mastercard,CARD-SHARED-048,AL,Successful,1
3787,3787,2026-01-03 17:26:12,817.91,Mastercard,CARD-000879-2,US,Successful,3
3788,3788,2025-05-01 05:57:24,833.00,Mastercard,CARD-001189-1,GB,Failed,0
3789,3789,2026-06-07 04:58:14,534.61,Amex,CARD-001012-1,IT,Successful,0
3790,3790,2026-07-07 22:34:28,1166.56,Amex,CARD-001049-2,RO,Successful,0
3791,3791,2026-05-14 00:08:09,187.99,Visa,CARD-001867-1,IT,Successful,1
3792,3792,2026-07-11 18:38:06,1459.26,PayPal,CARD-001265-2,NL,Failed,0
3793,3793,2025-06-11 02:54:36,1487.13,Visa,CARD-001703-2,NG,Successful,5
3794,3794,2026-06-20 18:19:22,452.96,Mastercard,CARD-SHARED-033,US,Successful,0
3795,3795,2025-09-23 12:50:35,797.74,Amex,CARD-000217-2,GR,Successful,0
3796,3796,2026-03-26 09:01:48,95.46,PayPal,CARD-000131-1,RO,Successful,3
3797,3797,2025-09-28 03:21:05,133.47,Amex,CARD-000386-2,AL,Successful,1
3798,3798,2025-06-13 06:38:52,1249.98,Visa,CARD-000119-2,AL,Successful,0
3799,3799,2025-11-23 22:52:08,1390.51,Amex,CARD-001048-2,IT,Successful,0
3800,3800,2026-01-18 10:55:08,1445.72,Amex,CARD-001444-1,GR,Successful,0
3801,3801,2025-07-11 10:28:16,640.65,Visa,CARD-000145-1,NG,Successful,0
3802,3802,2026-07-17 06:09:19,280.39,PayPal,CARD-001496-1,ES,Successful,0
3803,3803,2025-11-29 03:33:41,378.00,PayPal,CARD-001018-2,AL,Successful,0
3804,3804,2025-09-30 19:14:36,1311.30,Amex,CARD-000786-2,US,Successful,3
3805,3805,2025-06-30 19:35:50,1351.29,Amex,CARD-001133-2,RO,Successful,4
3806,3806,2026-02-08 19:31:50,222.19,PayPal,CARD-SHARED-019,NG,Successful,1
3807,3807,2026-03-06 18:05:00,123.98,Mastercard,CARD-000694-1,ES,Successful,0
3808,3808,2025-03-08 08:50:47,292.70,Mastercard,CARD-000067-1,FR,Successful,0
3809,3809,2025-05-15 16:56:56,813.41,Visa,CARD-SHARED-064,GR,Successful,0
3810,3810,2026-05-20 18:05:18,1409.26,Visa,CARD-001752-2,NL,Successful,0
3811,3811,2025-11-25 01:14:13,1458.52,Amex,CARD-001722-2,FR,Failed,0
3812,3812,2026-01-22 05:19:20,812.21,Amex,CARD-001940-1,GR,Successful,0
3813,3813,2026-04-16 03:51:48,1313.67,Amex,CARD-000647-2,FR,Successful,5
3814,3814,2025-11-10 05:58:03,82.32,PayPal,CARD-001594-1,NL,Successful,0
3815,3815,2026-05-28 22:40:27,1811.20,PayPal,CARD-001049-1,RO,Successful,0
3816,3816,2025-07-25 15:24:57,1466.99,Mastercard,CARD-001612-2,NG,Successful,0
3817,3817,2025-10-18 18:09:50,165.79,Mastercard,CARD-001729-1,AE,Successful,0
3818,3818,2025-07-29 13:44:46,1486.74,Mastercard,CARD-000502-2,RO,Successful,1
3819,3819,2026-02-05 20:37:11,1042.10,Visa,CARD-001474-1,NG,Successful,0
3820,3820,2026-02-28 15:43:59,105.21,PayPal,CARD-000503-2,DE,Successful,2
3821,3821,2025-12-20 22:49:05,343.29,Visa,CARD-000614-1,AL,Successful,0
3822,3822,2026-01-22 21:59:20,1328.95,Visa,CARD-000994-2,AL,Successful,0
3823,3823,2025-07-11 22:28:03,551.75,Visa,CARD-000150-2,GB,Successful,0
3824,3824,2026-01-10 10:23:37,227.79,Amex,CARD-001159-2,US,Successful,0
3825,3825,2025-03-15 21:45:01,1235.97,Visa,CARD-000778-1,NL,Successful,0
3826,3826,2025-10-19 04:33:22,177.95,PayPal,CARD-001742-1,US,Successful,0
3827,3827,2025-05-09 16:38:49,431.88,Visa,CARD-001126-1,FR,Successful,0
3828,3828,2026-06-15 17:02:54,1959.22,Mastercard,CARD-001657-1,ES,Successful,1
3829,3829,2025-11-21 19:51:26,848.34,Mastercard,CARD-000305-1,NL,Successful,0
3830,3830,2026-04-03 05:55:02,2237.45,Amex,CARD-001110-1,NG,Successful,0
3831,3831,2025-04-05 16:56:14,227.28,Amex,CARD-001589-2,FR,Failed,0
3832,3832,2025-03-04 07:47:24,1279.44,Mastercard,CARD-000675-2,DE,Successful,0
3833,3833,2026-01-31 08:25:42,1128.18,Visa,CARD-001788-1,NG,Successful,3
3834,3834,2026-05-30 04:38:33,2094.26,Amex,CARD-FRAUD-001,IT,Successful,3
3835,3835,2025-11-06 11:21:43,2220.46,Visa,CARD-000210-2,GR,Successful,2
3836,3836,2026-03-13 22:45:19,578.07,Amex,CARD-001351-1,GB,Successful,4
3837,3837,2026-07-20 19:03:51,100.26,Amex,CARD-000774-2,ES,Successful,2
3838,3838,2025-05-10 02:29:38,806.17,Visa,CARD-001392-1,FR,Failed,1
3839,3839,2026-07-18 19:44:45,2502.84,Amex,CARD-001660-2,US,Successful,1
3840,3840,2026-04-19 21:34:44,1330.01,Amex,CARD-001748-1,IT,Successful,0
3841,3841,2025-07-09 21:14:00,350.97,Visa,CARD-001424-1,FR,Successful,0
3842,3842,2026-03-13 18:38:49,2059.94,PayPal,CARD-001751-1,NL,Successful,0
3843,3843,2026-03-14 09:47:45,838.45,PayPal,CARD-000365-1,DE,Failed,0
3844,3844,2026-07-07 19:26:36,604.22,Amex,CARD-000361-2,FR,Successful,0
3845,3845,2026-07-20 14:50:25,151.70,Mastercard,CARD-SHARED-076,RO,Successful,0
3846,3846,2026-07-13 02:59:41,444.50,PayPal,CARD-001630-1,IT,Successful,0
3847,3847,2026-03-31 16:16:44,335.95,PayPal,CARD-SHARED-034,NG,Successful,2
3848,3848,2026-04-09 22:45:23,166.33,Visa,CARD-000364-1,NG,Successful,0
3849,3849,2025-05-20 04:45:01,972.38,Visa,CARD-000941-1,AE,Successful,2
3850,3850,2026-07-10 20:14:32,2450.55,Mastercard,CARD-000062-2,ES,Successful,5
3851,3851,2025-03-02 13:40:39,191.88,PayPal,CARD-SHARED-095,NG,Successful,1
3852,3852,2025-04-13 07:10:24,1329.86,Amex,CARD-001893-2,NL,Successful,1
3853,3853,2025-09-22 17:10:15,244.02,Amex,CARD-000639-1,GR,Successful,0
3854,3854,2025-06-27 13:09:50,1532.39,PayPal,CARD-000906-1,AE,Successful,5
3855,3855,2025-06-08 11:06:48,347.65,Mastercard,CARD-SHARED-032,AE,Successful,0
3856,3856,2026-02-06 15:10:59,899.83,Visa,CARD-001675-1,FR,Successful,0
3857,3857,2026-01-31 21:48:56,593.64,Amex,CARD-000450-2,DE,Successful,0
3858,3858,2026-03-14 17:32:01,945.66,Visa,CARD-000185-1,IT,Successful,3
3859,3859,2025-02-01 20:16:18,1070.39,Amex,CARD-FRAUD-009,FR,Successful,3
3860,3860,2025-03-16 22:26:58,2348.08,Amex,CARD-001511-1,NL,Successful,0
3861,3861,2025-02-01 14:23:58,2416.13,Mastercard,CARD-SHARED-008,AL,Successful,5
3862,3862,2025-01-08 21:30:09,261.33,Visa,CARD-001118-2,AE,Successful,3
3863,3863,2025-08-13 06:07:06,477.01,PayPal,CARD-000898-2,NG,Successful,0
3864,3864,2025-12-04 01:12:49,1024.17,Amex,CARD-SHARED-078,US,Successful,0
3865,3865,2025-12-07 17:30:56,496.49,Mastercard,CARD-FRAUD-025,GB,Successful,4
3866,3866,2026-04-29 09:03:40,645.80,Amex,CARD-000385-2,ES,Successful,0
3867,3867,2025-08-14 23:51:20,1452.91,PayPal,CARD-000551-1,GB,Successful,0
3868,3868,2025-10-03 20:35:30,2187.37,Amex,CARD-001347-1,NG,Successful,0
3869,3869,2026-01-27 02:43:23,942.94,PayPal,CARD-000676-1,FR,Successful,0
3870,3870,2026-02-14 04:10:37,1401.92,Visa,CARD-000648-1,GB,Successful,4
3871,3871,2025-11-09 16:09:01,1775.85,Visa,CARD-001973-1,ES,Successful,2
3872,3872,2025-04-10 07:10:09,2569.08,Visa,CARD-001185-2,FR,Successful,0
3873,3873,2025-03-15 14:44:35,1355.30,Mastercard,CARD-000913-2,GB,Successful,0
3874,3874,2026-05-24 10:18:27,1362.68,Visa,CARD-001508-2,US,Successful,1
3875,3875,2025-05-18 21:33:39,1369.88,PayPal,CARD-000640-1,GR,Successful,0
3876,3876,2025-12-22 02:42:40,585.47,Amex,CARD-001520-1,FR,Successful,0
3877,3877,2025-12-15 17:54:36,226.60,Amex,CARD-000720-1,AE,Refunded,4
3878,3878,2025-02-13 19:21:05,450.05,Visa,CARD-000946-2,AL,Successful,5
3879,3879,2026-07-08 17:16:34,1077.18,Mastercard,CARD-001735-2,AL,Successful,0
3880,3880,2026-02-15 04:41:44,444.35,PayPal,CARD-001866-2,NG,Successful,0
3881,3881,2026-05-05 01:40:56,1742.96,Mastercard,CARD-001019-2,NG,Successful,0
3882,3882,2026-01-18 13:48:07,249.96,Amex,CARD-000291-2,DE,Successful,0
3883,3883,2026-02-13 16:30:23,1162.14,PayPal,CARD-001850-2,NL,Successful,0
3884,3884,2025-08-09 04:28:45,215.20,PayPal,CARD-001999-1,DE,Successful,3
3885,3885,2026-07-09 00:24:01,1242.21,Amex,CARD-000628-2,GR,Successful,0
3886,3886,2025-09-08 20:51:41,1028.60,PayPal,CARD-000661-2,GR,Successful,0
3887,3887,2026-04-22 12:55:39,543.60,PayPal,CARD-001713-1,ES,Successful,0
3888,3888,2025-03-01 20:42:01,174.36,Amex,CARD-SHARED-008,GB,Successful,0
3889,3889,2025-06-14 01:02:06,220.02,PayPal,CARD-001780-1,US,Successful,4
3890,3890,2025-01-30 17:44:33,1240.37,Mastercard,CARD-000789-2,RO,Successful,0
3891,3891,2025-11-11 00:10:29,1392.17,Amex,CARD-000052-1,GR,Successful,0
3892,3892,2026-01-12 09:25:13,2327.25,Mastercard,CARD-000067-1,FR,Successful,0
3893,3893,2025-03-27 19:33:00,162.99,Amex,CARD-001036-1,NL,Successful,0
3894,3894,2026-06-19 21:36:51,207.53,PayPal,CARD-001903-2,US,Successful,4
3895,3895,2026-03-07 13:51:22,1306.14,Visa,CARD-001979-2,DE,Successful,0
3896,3896,2026-05-03 01:42:54,723.38,Visa,CARD-001884-1,DE,Successful,0
3897,3897,2026-05-25 10:36:38,1774.16,Amex,CARD-000030-1,FR,Successful,4
3898,3898,2025-04-14 21:08:27,1091.30,PayPal,CARD-SHARED-007,RO,Successful,0
3899,3899,2026-05-09 19:10:46,796.64,PayPal,CARD-000750-2,DE,Successful,0
3900,3900,2025-02-12 14:48:01,1384.13,PayPal,CARD-001304-1,NL,Successful,0
3901,3901,2026-01-03 15:10:25,451.56,PayPal,CARD-001020-1,RO,Successful,0
3902,3902,2026-03-27 08:49:25,582.72,PayPal,CARD-000175-2,RO,Successful,2
3903,3903,2025-11-24 01:23:42,1754.27,Mastercard,CARD-FRAUD-002,NL,Successful,6
3904,3904,2026-02-09 06:39:01,883.63,Mastercard,CARD-001920-1,AL,Successful,0
3905,3905,2026-06-16 01:52:19,182.42,Amex,CARD-SHARED-011,GR,Successful,0
3906,3906,2025-05-31 23:49:26,716.62,Visa,CARD-001406-1,GB,Successful,4
3907,3907,2026-07-03 03:16:25,1418.46,Visa,CARD-000153-2,IT,Successful,5
3908,3908,2025-07-30 01:37:46,574.49,Mastercard,CARD-SHARED-061,NG,Successful,0
3909,3909,2026-04-13 08:46:15,526.19,Visa,CARD-000678-2,AE,Successful,0
3910,3910,2026-07-07 19:58:56,1227.77,Mastercard,CARD-000671-1,GR,Successful,0
3911,3911,2025-11-23 13:37:36,235.28,Amex,CARD-001707-1,ES,Successful,1
3912,3912,2025-03-07 23:50:51,750.56,Amex,CARD-001633-1,NL,Successful,0
3913,3913,2026-03-14 05:18:34,558.84,PayPal,CARD-000853-1,US,Successful,5
3914,3914,2026-06-01 19:23:40,735.02,Visa,CARD-001655-1,IT,Successful,0
3915,3915,2025-05-08 07:04:10,1477.97,Visa,CARD-000556-2,US,Successful,2
3916,3916,2026-02-24 12:51:47,453.12,PayPal,CARD-000218-1,US,Successful,5
3917,3917,2026-07-17 05:11:59,1265.48,PayPal,CARD-000321-2,RO,Successful,0
3918,3918,2026-03-22 15:13:27,323.48,Visa,CARD-001473-2,NL,Successful,0
3919,3919,2026-04-12 17:54:59,460.73,PayPal,CARD-001891-2,IT,Successful,0
3920,3920,2025-05-15 18:18:03,2583.01,Mastercard,CARD-000759-1,GR,Successful,3
3921,3921,2025-04-25 15:04:32,1466.94,Mastercard,CARD-001633-2,NG,Successful,0
3922,3922,2026-01-15 00:28:50,2459.24,Mastercard,CARD-FRAUD-008,NL,Successful,4
3923,3923,2025-10-20 05:33:12,2912.43,Amex,CARD-FRAUD-020,NG,Successful,6
3924,3924,2025-11-20 10:42:54,2494.64,Visa,CARD-SHARED-093,GB,Successful,0
3925,3925,2026-05-31 10:01:01,258.92,Mastercard,CARD-000337-2,IT,Successful,0
3926,3926,2025-06-11 15:13:24,1027.35,PayPal,CARD-001624-1,AL,Refunded,4
3927,3927,2025-02-12 19:01:42,279.21,PayPal,CARD-001646-1,AE,Successful,0
3928,3928,2025-12-09 03:26:25,137.77,Amex,CARD-000995-2,FR,Successful,0
3929,3929,2026-06-30 22:23:24,252.28,PayPal,CARD-001089-1,NL,Successful,0
3930,3930,2025-08-07 20:16:53,1115.53,Visa,CARD-001048-1,IT,Refunded,1
3931,3931,2026-04-14 05:46:07,425.17,Mastercard,CARD-SHARED-091,AE,Successful,0
3932,3932,2026-07-19 18:20:54,83.88,Amex,CARD-000573-1,RO,Successful,0
3933,3933,2025-12-29 00:44:00,869.51,Mastercard,CARD-001845-2,GB,Successful,2
3934,3934,2025-07-01 01:50:43,1241.43,Visa,CARD-001636-1,GR,Successful,5
3935,3935,2026-07-11 18:24:01,1242.88,Visa,CARD-001732-2,ES,Refunded,0
3936,3936,2026-07-14 12:05:42,816.71,Mastercard,CARD-SHARED-015,ES,Successful,0
3937,3937,2026-05-20 16:43:02,221.15,PayPal,CARD-001972-1,GB,Successful,0
3938,3938,2026-04-15 03:34:43,1299.28,PayPal,CARD-001577-1,FR,Successful,3
3939,3939,2026-07-06 23:25:30,725.38,Mastercard,CARD-001475-2,AE,Successful,0
3940,3940,2026-05-07 08:10:05,443.39,PayPal,CARD-001854-1,IT,Successful,0
3941,3941,2026-02-04 03:32:55,332.71,Amex,CARD-000190-2,GB,Successful,0
3942,3942,2025-10-31 02:34:03,93.23,Mastercard,CARD-000781-1,GR,Successful,0
3943,3943,2025-06-15 09:30:12,1832.01,PayPal,CARD-001858-1,GR,Failed,0
3944,3944,2026-05-30 15:49:32,405.30,Visa,CARD-000514-1,ES,Successful,0
3945,3945,2025-08-26 16:25:39,872.93,PayPal,CARD-000306-2,FR,Successful,0
3946,3946,2026-05-19 19:01:12,872.61,Amex,CARD-000980-1,RO,Successful,4
3947,3947,2026-04-02 17:55:13,157.57,Visa,CARD-000556-1,US,Successful,0
3948,3948,2026-04-09 01:37:26,499.96,Amex,CARD-001337-2,NL,Successful,5
3949,3949,2026-06-07 04:34:05,454.08,Mastercard,CARD-SHARED-070,RO,Successful,0
3950,3950,2026-04-17 20:55:00,1869.33,PayPal,CARD-FRAUD-014,FR,Successful,4
3951,3951,2026-06-08 01:00:07,2213.06,Visa,CARD-000325-2,AL,Successful,0
3952,3952,2026-04-20 01:49:10,1218.38,PayPal,CARD-001926-1,NG,Successful,0
3953,3953,2025-08-29 13:33:09,1509.28,Visa,CARD-001851-2,GR,Successful,0
3954,3954,2025-09-08 19:33:16,290.20,PayPal,CARD-001978-1,ES,Successful,0
3955,3955,2026-03-07 17:26:22,1410.09,Visa,CARD-000024-1,ES,Successful,0
3956,3956,2025-04-02 08:12:38,759.47,Visa,CARD-000065-2,AE,Successful,1
3957,3957,2025-05-28 00:43:13,1860.68,Mastercard,CARD-001900-2,RO,Successful,0
3958,3958,2026-05-28 05:17:04,1862.72,Amex,CARD-000290-2,GR,Successful,3
3959,3959,2025-10-03 23:36:38,475.10,Mastercard,CARD-000874-1,FR,Successful,0
3960,3960,2026-04-28 14:51:22,1413.13,Mastercard,CARD-000461-1,AE,Successful,0
3961,3961,2025-10-01 23:06:52,1518.12,Mastercard,CARD-SHARED-038,AL,Successful,0
3962,3962,2026-06-27 15:22:24,807.80,Visa,CARD-000278-1,DE,Successful,2
3963,3963,2026-06-26 03:21:34,714.27,Amex,CARD-FRAUD-022,AL,Successful,8
3964,3964,2025-05-20 10:23:06,1358.32,Visa,CARD-001577-1,FR,Successful,4
3965,3965,2025-03-04 09:17:23,1137.39,Amex,CARD-000061-1,ES,Successful,0
3966,3966,2026-02-03 13:32:37,1214.02,Visa,CARD-000082-1,FR,Successful,0
3967,3967,2026-02-25 02:30:18,1953.33,Amex,CARD-000032-2,IT,Successful,1
3968,3968,2026-06-14 01:12:01,1452.30,PayPal,CARD-000364-2,NG,Successful,0
3969,3969,2025-07-10 07:58:27,163.59,Visa,CARD-000080-2,NG,Successful,0
3970,3970,2026-02-20 02:31:57,1712.01,PayPal,CARD-000509-2,IT,Successful,1
3971,3971,2025-03-20 02:19:11,2327.56,Visa,CARD-SHARED-053,NL,Successful,1
3972,3972,2025-04-13 01:18:12,2116.48,Mastercard,CARD-001858-1,GR,Successful,0
3973,3973,2026-07-10 03:17:44,438.01,PayPal,CARD-SHARED-052,AL,Successful,0
3974,3974,2025-04-28 22:05:41,607.16,Amex,CARD-001930-1,IT,Successful,0
3975,3975,2026-01-07 06:07:43,1080.04,Mastercard,CARD-SHARED-036,GB,Successful,1
3976,3976,2026-06-13 02:14:58,673.26,PayPal,CARD-001956-2,DE,Successful,0
3977,3977,2025-05-03 18:44:54,1846.50,Visa,CARD-001098-2,DE,Successful,0
3978,3978,2025-10-20 11:45:35,1884.21,PayPal,CARD-001092-1,FR,Successful,0
3979,3979,2025-12-28 22:30:29,373.93,Visa,CARD-000167-1,NG,Successful,0
3980,3980,2025-08-12 14:59:45,332.68,Mastercard,CARD-000080-1,NG,Successful,1
3981,3981,2026-07-14 21:03:41,186.72,Amex,CARD-001671-2,FR,Successful,0
3982,3982,2026-05-15 23:48:52,594.95,Mastercard,CARD-000632-2,NG,Successful,1
3983,3983,2026-03-25 23:12:53,455.67,PayPal,CARD-001457-1,AE,Successful,4
3984,3984,2026-02-11 20:22:45,1576.25,Visa,CARD-001257-1,NL,Successful,2
3985,3985,2026-05-17 15:24:13,819.19,Visa,CARD-SHARED-073,NG,Successful,0
3986,3986,2026-03-18 12:09:15,1712.84,Mastercard,CARD-000432-2,GR,Failed,3
3987,3987,2026-07-03 10:42:04,1370.14,Visa,CARD-001639-2,GR,Refunded,0
3988,3988,2026-01-23 21:20:38,1208.23,PayPal,CARD-000327-2,NL,Successful,0
3989,3989,2026-02-23 00:18:58,2122.97,PayPal,CARD-000114-2,AL,Refunded,0
3990,3990,2025-01-10 01:26:47,735.15,Mastercard,CARD-000385-1,ES,Successful,5
3991,3991,2025-10-18 22:05:49,939.03,PayPal,CARD-001009-2,US,Successful,0
3992,3992,2025-11-19 06:55:04,2495.21,PayPal,CARD-SHARED-011,NG,Successful,0
3993,3993,2026-04-23 04:10:45,1478.89,Amex,CARD-001117-1,ES,Successful,0
3994,3994,2025-10-15 14:20:54,170.08,Mastercard,CARD-001319-1,DE,Successful,0
3995,3995,2026-07-02 02:44:53,1377.95,Amex,CARD-001913-2,DE,Successful,0
3996,3996,2025-09-30 23:41:50,2282.97,Mastercard,CARD-000810-1,AL,Successful,0
3997,3997,2025-05-31 08:51:22,1140.13,Amex,CARD-000564-1,RO,Successful,0
3998,3998,2026-06-09 17:00:03,2096.85,Amex,CARD-000974-2,FR,Successful,0
3999,3999,2025-07-10 08:41:24,803.23,Visa,CARD-001263-1,GR,Successful,0
4000,4000,2025-03-29 12:38:01,1131.36,Visa,CARD-000026-1,FR,Successful,0
4001,4001,2026-02-28 02:15:58,1490.32,Mastercard,CARD-SHARED-021,GR,Successful,0
4002,4002,2026-02-08 18:12:07,1358.47,Mastercard,CARD-000759-1,NG,Successful,3
4003,4003,2025-07-02 05:10:56,723.31,PayPal,CARD-000112-2,IT,Successful,0
4004,4004,2025-01-07 17:51:57,1814.72,Visa,CARD-000845-2,RO,Successful,0
4005,4005,2025-12-31 06:02:38,160.29,PayPal,CARD-001999-2,US,Successful,0
4006,4006,2026-06-30 19:26:53,1799.96,PayPal,CARD-SHARED-074,US,Successful,1
4007,4007,2026-07-15 11:54:54,773.12,Mastercard,CARD-001616-2,AE,Successful,3
4008,4008,2025-05-21 22:04:30,1247.47,PayPal,CARD-001795-2,NG,Successful,5
4009,4009,2025-11-30 03:59:43,1177.33,Amex,CARD-001159-1,US,Successful,0
4010,4010,2026-07-03 07:47:40,1640.97,Amex,CARD-001517-2,NG,Successful,0
4011,4011,2026-06-16 05:40:27,1477.98,PayPal,CARD-000061-1,IT,Successful,0
4012,4012,2026-05-23 08:33:59,345.71,Visa,CARD-001127-2,NL,Successful,4
4013,4013,2026-03-05 13:05:34,92.35,Visa,CARD-001525-2,FR,Successful,4
4014,4014,2025-01-15 12:29:28,816.32,Mastercard,CARD-001502-1,US,Successful,4
4015,4015,2026-05-08 01:46:47,1083.46,Mastercard,CARD-001156-1,ES,Successful,5
4016,4016,2026-01-23 17:34:38,108.39,Amex,CARD-SHARED-036,DE,Successful,0
4017,4017,2025-10-20 02:16:24,880.22,Amex,CARD-001750-2,GR,Successful,0
4018,4018,2026-05-21 18:33:56,87.46,Mastercard,CARD-000510-1,AL,Successful,1
4019,4019,2026-06-25 01:20:50,710.41,Visa,CARD-000307-2,IT,Failed,0
4020,4020,2026-03-13 17:01:20,881.40,Visa,CARD-000312-1,DE,Successful,0
4021,4021,2025-11-14 04:39:38,2252.75,PayPal,CARD-000692-2,IT,Successful,0
4022,4022,2026-04-11 16:42:03,1068.63,Amex,CARD-001509-1,AL,Successful,3
4023,4023,2025-11-16 15:27:50,174.53,Visa,CARD-000572-2,FR,Successful,0
4024,4024,2025-06-30 09:43:26,655.62,Mastercard,CARD-000387-1,ES,Successful,2
4025,4025,2025-03-31 08:32:13,525.02,Visa,CARD-001760-2,NL,Successful,0
4026,4026,2025-09-25 07:10:51,126.93,Mastercard,CARD-001790-1,AE,Successful,0
4027,4027,2025-05-31 23:00:48,1046.63,Mastercard,CARD-000081-1,DE,Successful,0
4028,4028,2025-12-04 16:52:38,75.48,Amex,CARD-000227-1,US,Successful,0
4029,4029,2025-08-23 06:20:05,151.75,PayPal,CARD-000563-1,GR,Refunded,0
4030,4030,2026-04-16 02:34:57,252.99,PayPal,CARD-001546-1,AE,Successful,0
4031,4031,2026-04-09 00:10:59,1533.64,PayPal,CARD-000466-1,AE,Successful,0
4032,4032,2026-06-26 09:17:31,422.86,Amex,CARD-001827-1,US,Successful,0
4033,4033,2026-05-31 18:24:08,1149.92,Visa,CARD-001994-1,AL,Failed,0
4034,4034,2026-02-14 10:27:31,1400.85,Mastercard,CARD-001312-2,NG,Successful,0
4035,4035,2026-06-30 22:06:30,993.76,PayPal,CARD-SHARED-051,IT,Successful,4
4036,4036,2025-10-11 00:14:48,459.53,PayPal,CARD-001574-1,NG,Successful,2
4037,4037,2026-04-03 23:02:05,397.45,Mastercard,CARD-000940-2,ES,Successful,0
4038,4038,2025-09-03 21:02:35,606.58,Mastercard,CARD-001218-1,NG,Successful,0
4039,4039,2025-02-18 06:52:12,1191.58,Mastercard,CARD-001716-1,NL,Successful,0
4040,4040,2026-04-02 04:36:40,755.46,PayPal,CARD-000948-2,NL,Successful,0
4041,4041,2026-03-30 15:44:10,479.37,Mastercard,CARD-SHARED-073,US,Successful,0
4042,4042,2025-06-16 16:35:58,431.93,Amex,CARD-001545-1,IT,Successful,0
4043,4043,2025-10-09 11:57:35,1486.12,PayPal,CARD-000701-2,IT,Successful,0
4044,4044,2026-05-30 20:08:26,2941.05,Mastercard,CARD-001941-1,DE,Successful,8
4045,4045,2025-07-23 18:11:00,1474.47,Amex,CARD-001436-1,AE,Successful,0
4046,4046,2026-07-07 00:56:10,2231.04,Visa,CARD-SHARED-099,AE,Successful,0
4047,4047,2026-03-30 19:44:44,1497.56,Amex,CARD-001034-2,NG,Successful,2
4048,4048,2025-03-29 02:35:44,1448.94,Amex,CARD-000151-2,GR,Successful,4
4049,4049,2025-02-04 15:40:57,929.74,Visa,CARD-000795-1,NG,Successful,2
4050,4050,2025-11-10 13:41:40,1350.23,Amex,CARD-SHARED-094,US,Successful,0
4051,4051,2026-05-27 22:53:47,83.84,Mastercard,CARD-001829-2,FR,Successful,5
4052,4052,2025-02-16 12:52:38,858.57,Visa,CARD-001172-2,GR,Successful,0
4053,4053,2025-08-12 21:51:53,195.28,Visa,CARD-001919-2,GB,Successful,0
4054,4054,2026-06-01 23:48:19,448.01,PayPal,CARD-001748-2,IT,Successful,0
4055,4055,2026-07-15 17:34:18,1500.79,Visa,CARD-001062-2,RO,Successful,4
4056,4056,2025-12-14 08:02:19,1234.79,Visa,CARD-001717-2,GB,Successful,0
4057,4057,2026-07-04 08:06:15,1123.00,PayPal,CARD-001043-1,NG,Successful,0
4058,4058,2025-11-26 07:54:18,629.19,PayPal,CARD-001488-1,GR,Successful,0
4059,4059,2025-07-09 08:23:29,752.21,PayPal,CARD-000257-1,ES,Successful,0
4060,4060,2025-11-20 01:35:43,2352.20,Amex,CARD-001246-2,NL,Successful,0
4061,4061,2025-07-06 11:02:32,1093.33,PayPal,CARD-000608-2,NG,Successful,1
4062,4062,2025-06-18 06:31:08,1464.70,Amex,CARD-001388-1,NL,Successful,0
4063,4063,2025-12-08 12:48:14,1242.40,Mastercard,CARD-000629-1,FR,Successful,0
4064,4064,2026-04-20 08:49:18,313.86,Amex,CARD-001503-1,US,Successful,0
4065,4065,2026-04-19 17:32:39,829.28,Visa,CARD-FRAUD-006,AE,Successful,6
4066,4066,2026-03-03 08:36:22,548.49,Mastercard,CARD-001361-1,GR,Successful,0
4067,4067,2026-04-14 16:37:05,255.63,Visa,CARD-SHARED-057,GB,Successful,0
4068,4068,2026-04-13 01:08:18,283.36,Visa,CARD-000807-1,NG,Successful,0
4069,4069,2025-08-12 21:57:22,2840.90,Visa,CARD-001890-1,ES,Successful,1
4070,4070,2026-07-15 00:33:38,510.43,PayPal,CARD-000842-1,FR,Successful,0
4071,4071,2025-07-24 20:42:20,1198.01,Amex,CARD-001505-1,US,Successful,0
4072,4072,2026-03-06 18:10:59,1456.70,Visa,CARD-000005-2,AE,Successful,3
4073,4073,2026-05-21 02:36:06,234.05,Visa,CARD-000544-2,US,Successful,0
4074,4074,2026-03-21 08:50:33,2099.80,Visa,CARD-001403-1,AE,Successful,0
4075,4075,2025-05-30 21:05:42,1177.54,PayPal,CARD-000496-1,NL,Successful,0
4076,4076,2025-12-05 23:42:46,2537.94,Amex,CARD-SHARED-004,GB,Successful,0
4077,4077,2026-06-21 05:14:56,677.36,Visa,CARD-001433-2,GB,Successful,0
4078,4078,2025-01-30 12:02:25,739.70,Mastercard,CARD-001185-2,FR,Successful,1
4079,4079,2026-04-22 19:18:53,245.04,PayPal,CARD-001860-1,US,Successful,5
4080,4080,2026-06-26 13:20:11,245.43,Mastercard,CARD-000811-1,ES,Successful,0
4081,4081,2025-01-31 21:46:36,2041.56,Mastercard,CARD-001462-2,AE,Successful,0
4082,4082,2026-03-04 05:55:21,255.15,PayPal,CARD-001087-2,GB,Successful,0
4083,4083,2026-06-06 21:59:33,1436.29,PayPal,CARD-000081-2,DE,Successful,0
4084,4084,2026-01-14 02:56:10,1221.58,Visa,CARD-000070-2,NG,Successful,0
4085,4085,2025-01-02 12:01:07,802.97,Visa,CARD-001761-1,NL,Successful,0
4086,4086,2025-03-03 12:31:48,1702.68,Mastercard,CARD-001941-1,ES,Successful,6
4087,4087,2025-04-14 20:21:05,1193.06,Visa,CARD-001690-1,AL,Successful,0
4088,4088,2026-07-19 05:09:21,487.12,Amex,CARD-000683-1,AL,Refunded,1
4089,4089,2026-05-26 16:19:18,918.29,Visa,CARD-000649-1,RO,Successful,0
4090,4090,2025-01-11 14:29:05,990.91,Visa,CARD-000332-1,AE,Successful,0
4091,4091,2025-12-04 02:39:12,1139.28,PayPal,CARD-000238-1,GB,Successful,0
4092,4092,2025-05-15 05:21:23,2276.46,PayPal,CARD-001043-2,NG,Successful,7
4093,4093,2025-09-14 12:25:35,788.60,Mastercard,CARD-000501-2,DE,Successful,0
4094,4094,2026-06-26 10:32:10,130.55,Mastercard,CARD-001598-1,GR,Successful,0
4095,4095,2025-11-06 11:31:15,506.25,Visa,CARD-000154-1,ES,Successful,1
4096,4096,2025-07-21 06:34:29,1119.07,Mastercard,CARD-000039-2,NL,Successful,0
4097,4097,2025-01-21 04:50:29,1925.36,PayPal,CARD-FRAUD-015,AE,Successful,8
4098,4098,2026-04-25 18:25:18,1382.47,Mastercard,CARD-001668-2,GR,Successful,2
4099,4099,2026-07-15 02:32:51,758.26,Amex,CARD-001066-1,FR,Successful,0
4100,4100,2026-05-06 17:56:47,1178.85,Mastercard,CARD-001778-2,GB,Successful,1
4101,4101,2026-05-21 13:03:45,1182.35,Visa,CARD-SHARED-068,IT,Successful,0
4102,4102,2026-07-09 18:26:59,1858.94,Visa,CARD-001279-1,RO,Successful,1
4103,4103,2026-02-17 22:46:28,884.32,Mastercard,CARD-001989-2,AL,Successful,0
4104,4104,2025-01-01 15:32:34,2275.12,Amex,CARD-001406-2,GB,Failed,2
4105,4105,2026-06-10 08:06:30,755.65,Mastercard,CARD-000036-1,NG,Successful,4
4106,4106,2026-05-28 17:09:39,673.90,Mastercard,CARD-001296-2,IT,Successful,2
4107,4107,2025-09-24 00:40:00,1450.31,Visa,CARD-SHARED-046,RO,Successful,0
4108,4108,2026-06-23 02:38:47,506.97,Amex,CARD-000578-1,ES,Successful,0
4109,4109,2026-04-30 20:10:01,188.94,PayPal,CARD-001100-1,GR,Successful,0
4110,4110,2026-04-08 07:05:34,1157.15,Visa,CARD-001862-2,US,Successful,5
4111,4111,2026-05-25 07:38:49,797.99,Mastercard,CARD-001818-2,DE,Successful,0
4112,4112,2025-10-14 07:44:40,153.39,Mastercard,CARD-000009-1,GB,Successful,1
4113,4113,2026-03-26 16:12:55,2428.01,PayPal,CARD-000945-1,US,Successful,5
4114,4114,2026-02-23 15:13:18,296.86,Mastercard,CARD-000959-1,FR,Successful,0
4115,4115,2025-01-01 20:02:55,562.80,Visa,CARD-000649-2,US,Successful,0
4116,4116,2025-11-04 07:38:23,947.76,Mastercard,CARD-000179-1,IT,Successful,0
4117,4117,2025-04-13 15:52:53,1587.12,Amex,CARD-000247-2,ES,Successful,0
4118,4118,2025-05-16 01:12:51,1078.53,Visa,CARD-000197-1,NL,Successful,0
4119,4119,2026-03-05 13:24:17,2064.71,Amex,CARD-001672-1,AE,Successful,0
4120,4120,2025-10-30 13:33:36,1637.36,Mastercard,CARD-001275-2,AL,Successful,0
4121,4121,2026-07-03 01:35:53,1222.81,Mastercard,CARD-001144-1,NG,Successful,0
4122,4122,2025-08-14 11:34:00,972.66,Mastercard,CARD-001961-2,US,Successful,0
4123,4123,2026-01-26 22:28:46,1946.10,Mastercard,CARD-FRAUD-004,NG,Successful,7
4124,4124,2025-09-07 20:31:57,2209.21,PayPal,CARD-001605-2,AL,Successful,0
4125,4125,2025-02-15 11:29:10,2536.11,Mastercard,CARD-000157-1,AE,Successful,8
4126,4126,2025-09-15 22:17:11,198.07,PayPal,CARD-000346-1,RO,Successful,0
4127,4127,2026-02-25 13:36:51,1139.73,Amex,CARD-001910-2,IT,Successful,0
4128,4128,2025-11-16 06:44:26,543.52,Amex,CARD-001174-2,NG,Successful,1
4129,4129,2026-03-20 21:19:56,451.99,PayPal,CARD-000065-2,AE,Successful,0
4130,4130,2026-04-06 11:36:52,1433.38,PayPal,CARD-000030-1,IT,Successful,4
4131,4131,2025-01-24 13:12:58,786.21,PayPal,CARD-SHARED-071,FR,Successful,0
4132,4132,2026-06-04 23:41:56,1442.82,PayPal,CARD-000260-2,ES,Refunded,0
4133,4133,2026-07-03 21:31:07,235.50,Mastercard,CARD-001067-2,GR,Successful,0
4134,4134,2026-05-13 05:56:03,1226.32,Mastercard,CARD-001311-2,AL,Successful,1
4135,4135,2025-09-19 01:08:18,1220.90,Amex,CARD-001207-1,RO,Successful,0
4136,4136,2025-04-09 11:48:57,565.74,Visa,CARD-SHARED-022,IT,Successful,5
4137,4137,2025-06-29 05:01:50,1006.45,Amex,CARD-001189-1,GR,Successful,0
4138,4138,2026-01-17 21:07:21,1326.68,Visa,CARD-000660-1,NG,Successful,0
4139,4139,2026-07-15 21:44:28,765.53,Amex,CARD-SHARED-070,GB,Refunded,0
4140,4140,2026-07-05 22:18:44,1282.35,Amex,CARD-000694-2,ES,Successful,0
4141,4141,2025-10-02 17:15:48,966.16,Mastercard,CARD-001306-2,NL,Successful,0
4142,4142,2025-08-04 14:47:21,609.64,Visa,CARD-001935-2,IT,Successful,0
4143,4143,2025-09-17 05:00:29,1485.43,Visa,CARD-SHARED-036,ES,Successful,0
4144,4144,2026-07-10 18:32:31,1859.81,PayPal,CARD-001216-2,IT,Successful,0
4145,4145,2026-03-18 09:15:52,202.85,Mastercard,CARD-001729-2,AE,Successful,1
4146,4146,2026-01-13 01:45:29,716.80,Amex,CARD-000623-1,DE,Successful,0
4147,4147,2026-04-03 21:09:17,1332.68,Visa,CARD-001614-1,NL,Successful,0
4148,4148,2026-06-28 10:03:34,1028.37,Visa,CARD-SHARED-005,GB,Successful,0
4149,4149,2026-04-07 18:25:05,940.43,Amex,CARD-000515-1,IT,Successful,0
4150,4150,2025-07-03 23:22:24,1480.88,Mastercard,CARD-SHARED-020,AE,Successful,0
4151,4151,2026-03-11 19:16:36,1525.70,Visa,CARD-000116-1,US,Failed,0
4152,4152,2026-02-13 06:11:49,496.27,Visa,CARD-001641-1,IT,Successful,0
4153,4153,2025-09-09 17:21:08,1346.50,Mastercard,CARD-001767-1,NL,Successful,0
4154,4154,2026-03-27 05:17:11,3032.17,PayPal,CARD-FRAUD-005,AE,Successful,8
4155,4155,2025-06-08 15:07:31,970.10,Mastercard,CARD-000695-2,RO,Successful,0
4156,4156,2025-07-05 15:58:50,208.63,Mastercard,CARD-SHARED-095,FR,Successful,2
4157,4157,2025-11-28 03:47:31,1290.29,PayPal,CARD-000281-2,DE,Successful,0
4158,4158,2025-10-31 08:50:25,2061.83,Amex,CARD-000538-1,GB,Successful,0
4159,4159,2026-01-30 12:14:45,2109.60,Amex,CARD-FRAUD-008,FR,Successful,3
4160,4160,2025-10-10 01:10:17,238.37,Visa,CARD-001113-2,NG,Successful,0
4161,4161,2026-02-08 05:41:02,599.23,Mastercard,CARD-001359-1,IT,Successful,0
4162,4162,2025-07-08 02:43:35,1029.13,Mastercard,CARD-001902-1,NL,Successful,0
4163,4163,2025-10-25 01:21:10,1384.23,PayPal,CARD-000639-2,US,Successful,0
4164,4164,2026-03-16 16:08:43,467.19,Amex,CARD-001495-1,DE,Successful,0
4165,4165,2026-07-08 13:26:01,229.70,Amex,CARD-000140-1,GB,Successful,0
4166,4166,2025-01-04 19:25:02,673.29,PayPal,CARD-001784-1,FR,Successful,0
4167,4167,2026-03-16 10:45:18,851.88,Mastercard,CARD-001651-2,IT,Successful,0
4168,4168,2025-10-14 00:28:51,439.56,Amex,CARD-001684-1,GR,Successful,4
4169,4169,2026-01-15 07:47:07,1175.52,Visa,CARD-001156-2,ES,Successful,0
4170,4170,2026-05-24 21:11:45,2456.20,PayPal,CARD-000251-1,NL,Refunded,1
4171,4171,2025-04-04 09:11:05,2528.81,PayPal,CARD-001562-2,GR,Successful,0
4172,4172,2025-10-20 00:18:04,235.68,Mastercard,CARD-SHARED-063,FR,Failed,1
4173,4173,2026-05-16 20:32:29,1214.26,PayPal,CARD-001984-2,RO,Successful,0
4174,4174,2025-04-18 21:56:39,1113.70,PayPal,CARD-SHARED-088,RO,Successful,0
4175,4175,2026-07-10 16:21:34,155.17,Mastercard,CARD-001201-2,DE,Successful,0
4176,4176,2026-01-16 02:07:18,144.29,Amex,CARD-001419-1,NG,Successful,0
4177,4177,2026-07-04 18:34:52,1300.28,PayPal,CARD-001952-2,NG,Successful,0
4178,4178,2025-12-20 06:01:32,1225.25,Amex,CARD-000990-1,GR,Successful,0
4179,4179,2026-04-19 17:31:17,1120.88,Visa,CARD-SHARED-009,AE,Successful,1
4180,4180,2025-11-18 00:09:34,1980.60,Amex,CARD-SHARED-020,US,Successful,1
4181,4181,2026-01-04 13:10:41,431.39,Visa,CARD-001986-2,AL,Successful,3
4182,4182,2026-01-02 09:07:05,412.49,Mastercard,CARD-000596-1,ES,Successful,0
4183,4183,2026-06-22 05:31:03,160.49,Visa,CARD-001639-2,GR,Successful,0
4184,4184,2025-01-10 14:42:00,810.14,Mastercard,CARD-001740-1,AL,Failed,0
4185,4185,2026-01-30 11:19:26,2103.25,Visa,CARD-000462-1,AL,Successful,0
4186,4186,2026-04-14 03:41:46,896.25,Visa,CARD-001461-1,GR,Successful,0
4187,4187,2025-05-09 15:33:45,1126.82,PayPal,CARD-001893-2,NL,Successful,0
4188,4188,2025-09-12 04:08:36,1232.61,PayPal,CARD-000651-1,AL,Failed,0
4189,4189,2025-11-27 05:44:32,430.65,Amex,CARD-001553-2,GR,Successful,0
4190,4190,2026-06-24 15:07:13,288.02,Mastercard,CARD-001298-1,AE,Successful,1
4191,4191,2026-05-13 22:51:51,2383.23,PayPal,CARD-001076-1,IT,Successful,0
4192,4192,2026-07-08 06:29:42,1163.21,PayPal,CARD-000829-1,ES,Successful,0
4193,4193,2026-01-10 12:35:45,1110.05,Visa,CARD-001427-1,AL,Successful,2
4194,4194,2026-01-19 22:11:39,1891.36,PayPal,CARD-000704-2,ES,Successful,0
4195,4195,2026-04-08 11:42:01,2446.77,Mastercard,CARD-001945-1,FR,Successful,0
4196,4196,2026-05-10 12:05:57,2145.75,Amex,CARD-001251-2,GB,Successful,0
4197,4197,2026-01-29 14:05:44,1164.05,PayPal,CARD-001698-2,NL,Successful,0
4198,4198,2026-05-03 16:46:35,979.48,Amex,CARD-000759-2,GR,Successful,2
4199,4199,2026-03-24 11:21:42,1924.13,Visa,CARD-000284-2,NG,Successful,0
4200,4200,2026-01-24 02:38:32,1200.68,Mastercard,CARD-001009-2,US,Refunded,0
4201,4201,2026-03-09 11:50:59,538.03,PayPal,CARD-000755-1,NG,Successful,3
4202,4202,2026-04-09 01:59:01,1141.74,Mastercard,CARD-000218-2,AE,Successful,0
4203,4203,2026-02-10 11:55:30,2307.31,Mastercard,CARD-FRAUD-021,IT,Successful,3
4204,4204,2025-07-16 16:42:42,1398.52,PayPal,CARD-000936-2,NL,Successful,0
4205,4205,2025-12-11 00:10:57,2465.48,Mastercard,CARD-000815-1,AL,Successful,0
4206,4206,2026-05-20 05:05:05,188.40,Visa,CARD-001655-2,IT,Successful,0
4207,4207,2026-07-03 11:40:04,225.96,Amex,CARD-001441-2,GB,Successful,4
4208,4208,2026-05-30 06:42:46,432.68,PayPal,CARD-001251-2,IT,Failed,1
4209,4209,2026-03-21 20:28:22,585.83,PayPal,CARD-000625-1,ES,Refunded,0
4210,4210,2025-08-11 10:32:24,539.63,Amex,CARD-000561-2,IT,Successful,4
4211,4211,2026-07-05 18:16:30,204.21,Visa,CARD-SHARED-023,DE,Successful,2
4212,4212,2025-11-28 08:43:31,326.26,PayPal,CARD-000023-2,IT,Successful,0
4213,4213,2026-03-06 18:04:45,1357.62,Mastercard,CARD-000622-1,NL,Successful,1
4214,4214,2025-12-18 21:19:36,1387.95,Visa,CARD-SHARED-014,NG,Successful,0
4215,4215,2026-03-26 14:13:09,995.80,PayPal,CARD-SHARED-095,DE,Successful,0
4216,4216,2025-09-26 14:14:07,1113.90,PayPal,CARD-001565-2,RO,Successful,0
4217,4217,2025-03-28 07:17:53,2471.89,Mastercard,CARD-001636-1,AL,Successful,0
4218,4218,2026-03-03 00:29:59,1198.68,Visa,CARD-000007-1,GB,Successful,0
4219,4219,2026-01-31 08:28:07,667.34,PayPal,CARD-000165-1,GB,Successful,0
4220,4220,2026-03-18 18:23:31,1186.74,Visa,CARD-000695-2,RO,Successful,0
4221,4221,2026-06-02 06:31:25,1242.80,PayPal,CARD-001864-1,RO,Refunded,3
4222,4222,2026-01-24 08:53:17,915.92,Mastercard,CARD-000691-2,NG,Failed,1
4223,4223,2026-03-09 01:49:09,129.50,Mastercard,CARD-001391-1,AL,Successful,1
4224,4224,2026-04-24 04:37:45,2151.94,PayPal,CARD-000945-1,US,Successful,0
4225,4225,2025-08-02 02:21:10,460.98,Amex,CARD-001114-2,DE,Successful,0
4226,4226,2025-03-10 13:06:58,1090.70,Visa,CARD-000604-1,AE,Successful,0
4227,4227,2026-07-10 05:44:21,924.95,Visa,CARD-001830-1,IT,Successful,2
4228,4228,2026-06-25 23:46:40,570.96,PayPal,CARD-SHARED-069,RO,Successful,0
4229,4229,2025-09-07 02:28:24,1359.27,Visa,CARD-000472-1,DE,Successful,0
4230,4230,2026-03-07 19:35:08,556.41,Visa,CARD-SHARED-096,NL,Successful,0
4231,4231,2025-08-29 04:31:10,246.60,Mastercard,CARD-001954-2,GB,Successful,2
4232,4232,2026-03-26 03:43:46,1692.28,Mastercard,CARD-000399-2,NL,Successful,0
4233,4233,2026-05-21 02:17:21,503.37,Amex,CARD-000647-1,US,Successful,3
4234,4234,2025-01-16 18:08:14,2372.84,Mastercard,CARD-000269-2,IT,Successful,1
4235,4235,2026-05-25 07:42:53,413.59,PayPal,CARD-000256-1,US,Failed,0
4236,4236,2025-06-18 00:08:12,537.79,PayPal,CARD-001403-1,GR,Successful,0
4237,4237,2025-05-08 11:37:18,628.84,Mastercard,CARD-000449-2,US,Successful,0
4238,4238,2026-07-14 08:33:37,2810.14,Visa,CARD-000731-1,ES,Successful,2
4239,4239,2026-03-05 14:36:26,637.06,Mastercard,CARD-000507-2,AE,Successful,1
4240,4240,2026-06-19 04:24:05,211.86,PayPal,CARD-001820-2,GR,Successful,0
4241,4241,2026-06-21 10:53:32,828.05,Visa,CARD-000337-2,DE,Successful,3
4242,4242,2026-03-03 03:02:01,1599.05,Visa,CARD-001497-2,GB,Successful,6
4243,4243,2025-02-03 17:04:22,289.89,Mastercard,CARD-000725-1,GR,Successful,0
4244,4244,2026-07-07 00:50:55,1385.50,PayPal,CARD-000167-1,NG,Successful,0
4245,4245,2025-07-10 20:47:26,596.50,Amex,CARD-SHARED-004,GB,Successful,4
4246,4246,2026-07-15 23:39:20,392.98,Visa,CARD-000237-2,IT,Successful,0
4247,4247,2026-06-17 17:35:43,1243.95,Mastercard,CARD-001366-2,NG,Successful,0
4248,4248,2025-02-19 10:57:55,1022.38,Visa,CARD-001612-1,NG,Successful,0
4249,4249,2025-01-01 22:26:08,579.77,PayPal,CARD-SHARED-099,GB,Successful,5
4250,4250,2026-05-02 23:38:27,863.80,Visa,CARD-000133-2,GB,Successful,0
4251,4251,2025-09-27 16:52:00,634.10,Amex,CARD-000991-2,NG,Successful,0
4252,4252,2025-04-16 21:27:51,1247.32,Mastercard,CARD-001634-2,FR,Successful,0
4253,4253,2025-11-30 09:33:12,707.21,Visa,CARD-000922-1,AL,Successful,0
4254,4254,2026-06-15 11:14:09,2550.30,Amex,CARD-000297-2,ES,Successful,0
4255,4255,2025-06-04 16:13:35,1188.18,Visa,CARD-SHARED-070,GR,Successful,0
4256,4256,2025-10-26 08:10:45,362.93,PayPal,CARD-000157-2,AE,Successful,0
4257,4257,2026-07-17 08:12:23,1057.02,Visa,CARD-000361-1,FR,Successful,0
4258,4258,2026-07-07 12:04:41,1194.25,Visa,CARD-000361-2,FR,Successful,1
4259,4259,2026-03-11 12:04:23,364.80,Amex,CARD-001119-2,AE,Failed,0
4260,4260,2025-07-14 07:30:41,1938.65,Visa,CARD-000075-2,NG,Successful,0
4261,4261,2026-06-19 15:49:09,1493.23,Amex,CARD-001901-2,US,Successful,0
4262,4262,2026-04-19 02:51:34,1193.69,PayPal,CARD-000756-1,AL,Successful,0
4263,4263,2026-06-26 13:54:31,568.43,Mastercard,CARD-001187-2,NL,Successful,0
4264,4264,2025-12-23 06:47:59,995.89,Visa,CARD-001828-1,RO,Successful,0
4265,4265,2026-04-07 17:32:20,72.00,PayPal,CARD-SHARED-068,ES,Successful,0
4266,4266,2026-05-14 06:39:49,892.35,Visa,CARD-001687-1,AL,Refunded,3
4267,4267,2025-12-06 02:01:35,597.90,Amex,CARD-001426-1,AE,Successful,0
4268,4268,2026-01-07 03:40:42,1338.48,PayPal,CARD-FRAUD-013,NL,Successful,4
4269,4269,2026-04-23 11:33:23,2273.17,PayPal,CARD-000505-1,ES,Successful,0
4270,4270,2026-05-09 19:36:48,1074.75,Visa,CARD-000293-1,DE,Refunded,0
4271,4271,2026-07-16 06:17:00,1300.99,PayPal,CARD-000554-1,AL,Successful,4
4272,4272,2026-07-13 18:50:20,784.29,Amex,CARD-001118-2,AE,Successful,0
4273,4273,2025-06-08 20:05:42,453.21,PayPal,CARD-001352-2,NG,Successful,0
4274,4274,2025-12-20 15:20:14,748.41,PayPal,CARD-001422-2,AL,Successful,0
4275,4275,2025-10-29 16:47:04,174.46,Amex,CARD-000958-1,DE,Successful,0
4276,4276,2026-06-04 08:24:01,184.29,Amex,CARD-001284-2,NG,Successful,0
4277,4277,2026-04-20 03:36:21,1861.14,Visa,CARD-SHARED-049,GB,Successful,0
4278,4278,2025-10-19 13:57:29,405.60,Mastercard,CARD-000663-1,DE,Successful,0
4279,4279,2025-03-23 23:00:46,569.74,Visa,CARD-000097-1,NL,Refunded,0
4280,4280,2025-05-02 15:14:49,249.01,Mastercard,CARD-000078-1,NL,Successful,0
4281,4281,2026-05-07 06:46:25,1061.52,Amex,CARD-000080-1,NG,Successful,0
4282,4282,2026-06-24 03:18:23,819.91,Visa,CARD-000803-2,FR,Successful,0
4283,4283,2026-03-10 14:15:09,759.51,Amex,CARD-000770-1,DE,Successful,0
4284,4284,2025-09-25 20:21:48,559.39,Visa,CARD-000868-2,AL,Successful,0
4285,4285,2025-11-29 09:30:54,1436.77,PayPal,CARD-000487-1,NG,Successful,0
4286,4286,2026-02-15 03:04:49,2346.03,Visa,CARD-001260-1,GB,Successful,0
4287,4287,2026-07-17 16:29:15,1386.09,Mastercard,CARD-SHARED-006,NL,Successful,2
4288,4288,2026-01-13 14:09:37,1311.49,Amex,CARD-001737-1,GR,Successful,3
4289,4289,2026-05-10 21:45:56,922.63,PayPal,CARD-000086-2,ES,Successful,3
4290,4290,2026-06-22 03:55:29,2331.20,PayPal,CARD-001610-1,GR,Successful,2
4291,4291,2026-04-01 19:38:04,331.71,Visa,CARD-000317-1,GB,Successful,5
4292,4292,2025-09-15 21:16:04,572.04,Visa,CARD-000011-2,FR,Successful,0
4293,4293,2026-05-11 01:42:16,535.63,Visa,CARD-000038-2,GR,Successful,0
4294,4294,2025-11-12 14:52:13,472.38,Amex,CARD-000989-2,AL,Successful,0
4295,4295,2025-04-23 09:25:58,1416.00,Visa,CARD-001236-2,IT,Successful,0
4296,4296,2025-07-12 19:05:05,2346.30,PayPal,CARD-001325-1,AE,Successful,0
4297,4297,2025-11-17 16:17:39,1226.55,Amex,CARD-001697-2,ES,Successful,0
4298,4298,2026-04-25 07:58:25,671.16,Mastercard,CARD-001377-2,ES,Successful,2
4299,4299,2025-12-04 22:48:13,2394.25,PayPal,CARD-000108-2,IT,Successful,0
4300,4300,2025-04-09 08:27:15,2225.20,Visa,CARD-001462-2,AE,Successful,3
4301,4301,2025-03-11 14:13:29,243.46,Visa,CARD-000914-2,DE,Successful,4
4302,4302,2026-06-27 08:27:08,2803.21,Amex,CARD-FRAUD-007,GR,Successful,7
4303,4303,2026-04-28 05:59:33,750.48,PayPal,CARD-000833-2,NL,Successful,0
4304,4304,2026-05-08 17:35:51,1242.64,PayPal,CARD-000787-1,DE,Successful,0
4305,4305,2026-03-16 15:00:27,2242.18,Mastercard,CARD-FRAUD-016,FR,Successful,1
4306,4306,2026-07-14 19:31:21,2198.21,Amex,CARD-000258-2,NG,Successful,0
4307,4307,2025-05-06 20:45:28,197.06,PayPal,CARD-001976-2,DE,Successful,1
4308,4308,2025-09-07 14:44:38,862.37,Amex,CARD-001406-1,GB,Successful,1
4309,4309,2026-06-09 02:46:17,1107.51,Visa,CARD-000223-1,GR,Successful,1
4310,4310,2026-02-24 02:27:07,146.87,Visa,CARD-000379-2,IT,Successful,1
4311,4311,2026-06-02 15:14:58,1212.68,Visa,CARD-SHARED-006,ES,Successful,0
4312,4312,2026-05-23 08:41:22,1183.57,Visa,CARD-000723-1,NL,Successful,0
4313,4313,2026-03-10 15:18:20,429.50,Visa,CARD-000111-1,IT,Successful,0
4314,4314,2025-03-02 22:32:28,1180.85,Visa,CARD-SHARED-071,NG,Successful,5
4315,4315,2026-03-28 14:55:33,2419.47,PayPal,CARD-001357-2,ES,Successful,1
4316,4316,2026-01-01 05:13:05,2417.27,Visa,CARD-FRAUD-023,AL,Successful,4
4317,4317,2025-05-20 09:11:19,171.33,Mastercard,CARD-001599-2,GR,Successful,0
4318,4318,2026-03-28 17:34:11,1389.63,Visa,CARD-000673-1,GB,Successful,0
4319,4319,2026-06-17 23:01:31,903.05,Mastercard,CARD-SHARED-070,NL,Successful,0
4320,4320,2026-06-03 14:59:42,2036.63,PayPal,CARD-001950-1,ES,Successful,1
4321,4321,2026-01-16 01:55:54,650.68,Amex,CARD-000116-1,US,Successful,0
4322,4322,2025-12-15 08:45:46,865.19,Mastercard,CARD-000009-2,GB,Successful,3
4323,4323,2025-05-28 06:23:09,912.20,Amex,CARD-001079-1,AE,Successful,0
4324,4324,2026-04-13 20:06:27,299.92,Mastercard,CARD-001452-2,IT,Successful,1
4325,4325,2026-06-09 05:06:21,1528.80,PayPal,CARD-SHARED-018,AE,Successful,0
4326,4326,2025-04-24 17:34:05,1457.15,Amex,CARD-000156-2,AL,Successful,0
4327,4327,2025-08-10 03:14:25,2841.76,Visa,CARD-FRAUD-022,AE,Successful,1
4328,4328,2025-07-24 17:34:27,807.42,Amex,CARD-000947-2,GR,Successful,0
4329,4329,2025-10-19 00:09:58,889.92,Mastercard,CARD-001759-1,NL,Successful,0
4330,4330,2026-06-10 14:16:34,2555.49,Mastercard,CARD-001366-2,US,Successful,2
4331,4331,2026-04-21 15:34:42,349.88,Visa,CARD-001451-1,IT,Successful,0
4332,4332,2025-09-11 08:17:12,1014.70,Visa,CARD-001495-1,DE,Successful,4
4333,4333,2025-03-09 06:15:36,1701.95,PayPal,CARD-000580-2,GR,Successful,0
4334,4334,2025-03-01 02:48:35,90.87,Amex,CARD-001837-2,NL,Successful,0
4335,4335,2025-12-24 09:26:41,2433.35,Mastercard,CARD-000091-2,AL,Failed,0
4336,4336,2025-05-26 17:39:29,2575.57,PayPal,CARD-000292-1,IT,Successful,0
4337,4337,2025-04-28 00:18:30,1489.46,PayPal,CARD-000588-1,AE,Successful,0
4338,4338,2026-06-26 16:35:11,1435.39,Amex,CARD-001496-1,ES,Successful,1
4339,4339,2025-07-21 10:11:51,887.48,Mastercard,CARD-001139-1,ES,Failed,0
4340,4340,2026-04-10 03:45:05,1310.51,PayPal,CARD-000767-2,FR,Successful,0
4341,4341,2025-10-27 04:44:37,2528.02,Amex,CARD-001429-1,GB,Successful,0
4342,4342,2026-05-24 18:29:56,1135.27,Visa,CARD-000991-2,NG,Successful,0
4343,4343,2025-04-12 08:47:50,222.53,Amex,CARD-001024-1,GR,Successful,0
4344,4344,2026-06-25 21:37:34,852.44,Mastercard,CARD-000393-1,GB,Successful,0
4345,4345,2026-01-20 11:36:18,816.69,Amex,CARD-000088-2,RO,Failed,1
4346,4346,2026-03-31 08:51:45,1058.03,Mastercard,CARD-001911-2,GB,Failed,0
4347,4347,2026-07-18 03:29:24,228.08,Amex,CARD-000554-1,NL,Successful,0
4348,4348,2026-02-09 05:10:26,194.55,Amex,CARD-001638-2,AE,Successful,0
4349,4349,2025-07-05 05:16:54,1392.23,Mastercard,CARD-000536-2,IT,Refunded,0
4350,4350,2025-11-15 08:13:00,534.19,PayPal,CARD-000028-2,ES,Successful,0
4351,4351,2025-02-05 08:06:12,588.54,Amex,CARD-000155-2,NL,Successful,0
4352,4352,2026-04-23 10:25:34,1913.13,Amex,CARD-001041-2,GB,Successful,0
4353,4353,2025-08-25 11:55:28,535.50,PayPal,CARD-001585-2,NG,Successful,5
4354,4354,2025-10-28 16:50:31,1331.26,Mastercard,CARD-SHARED-006,US,Refunded,0
4355,4355,2025-07-19 15:29:07,1041.70,Visa,CARD-000411-1,RO,Successful,0
4356,4356,2025-08-16 03:52:28,594.18,Visa,CARD-001782-1,NL,Successful,0
4357,4357,2025-08-03 00:33:07,2337.36,Amex,CARD-SHARED-041,US,Failed,0
4358,4358,2025-03-21 04:02:24,1591.07,Visa,CARD-000536-1,IT,Successful,0
4359,4359,2025-07-20 19:55:27,1508.50,PayPal,CARD-001960-2,NG,Refunded,0
4360,4360,2025-07-30 08:49:48,1232.56,Mastercard,CARD-SHARED-069,GB,Successful,0
4361,4361,2025-09-25 00:11:55,562.84,Mastercard,CARD-000322-1,NG,Successful,0
4362,4362,2025-10-05 00:20:36,358.04,PayPal,CARD-000619-2,NL,Successful,0
4363,4363,2026-05-31 09:08:38,998.52,Mastercard,CARD-001230-2,IT,Successful,0
4364,4364,2026-02-11 10:24:10,419.77,Amex,CARD-001856-1,NG,Successful,0
4365,4365,2025-12-30 10:59:43,294.79,PayPal,CARD-000051-2,US,Successful,0
4366,4366,2026-01-14 04:19:22,768.05,Visa,CARD-001334-1,US,Successful,0
4367,4367,2026-02-02 03:01:25,1378.32,Visa,CARD-000344-2,NL,Successful,0
4368,4368,2025-01-22 13:29:29,1330.83,Mastercard,CARD-001019-2,GB,Successful,0
4369,4369,2026-04-29 00:11:14,981.63,Amex,CARD-000389-1,AL,Successful,0
4370,4370,2025-05-09 10:50:10,568.11,PayPal,CARD-001183-1,ES,Successful,0
4371,4371,2026-05-07 09:35:35,1080.49,PayPal,CARD-SHARED-055,GB,Successful,0
4372,4372,2026-07-15 03:58:45,613.82,Visa,CARD-000703-1,GR,Successful,0
4373,4373,2025-06-14 11:12:36,553.31,Amex,CARD-000447-1,AL,Successful,0
4374,4374,2026-07-07 22:07:34,978.29,Amex,CARD-001293-1,AE,Refunded,0
4375,4375,2025-05-14 23:08:05,142.98,Visa,CARD-001618-2,NL,Successful,1
4376,4376,2025-01-19 08:32:35,509.43,Visa,CARD-SHARED-080,US,Successful,1
4377,4377,2025-01-16 14:57:01,3038.94,PayPal,CARD-000550-1,IT,Successful,6
4378,4378,2025-07-21 21:22:11,1959.02,Visa,CARD-FRAUD-013,AE,Successful,7
4379,4379,2025-07-20 03:31:14,379.37,Visa,CARD-000467-2,ES,Successful,0
4380,4380,2025-04-19 02:33:05,1491.97,Mastercard,CARD-000136-2,RO,Successful,0
4381,4381,2025-04-13 11:31:17,1202.05,PayPal,CARD-001465-1,NL,Successful,0
4382,4382,2025-10-19 23:01:57,250.88,Mastercard,CARD-000248-1,RO,Successful,0
4383,4383,2026-05-24 16:19:34,1234.71,Amex,CARD-000584-1,GB,Successful,0
4384,4384,2026-01-07 00:50:51,1181.90,Mastercard,CARD-001991-2,DE,Successful,0
4385,4385,2026-01-05 19:51:47,1469.63,Amex,CARD-001353-1,GR,Successful,0
4386,4386,2025-11-30 02:43:41,2335.42,Amex,CARD-001505-2,NG,Successful,0
4387,4387,2026-04-21 07:53:32,1501.21,Visa,CARD-000314-1,AL,Successful,0
4388,4388,2025-12-15 17:09:57,934.51,PayPal,CARD-001987-2,GB,Successful,0
4389,4389,2026-06-04 00:48:08,566.58,PayPal,CARD-SHARED-048,NL,Successful,0
4390,4390,2026-06-17 21:09:36,296.20,Amex,CARD-000939-2,RO,Successful,0
4391,4391,2025-08-27 21:40:41,205.44,Amex,CARD-000174-1,ES,Successful,4
4392,4392,2025-11-05 13:06:46,1187.91,Mastercard,CARD-SHARED-082,RO,Successful,1
4393,4393,2026-05-04 17:09:42,2475.06,Amex,CARD-FRAUD-009,GB,Successful,6
4394,4394,2026-05-26 07:35:48,705.61,Visa,CARD-000489-1,FR,Failed,5
4395,4395,2026-05-02 08:38:29,1171.92,Amex,CARD-001432-1,AE,Successful,0
4396,4396,2025-10-19 16:05:35,276.90,Visa,CARD-001791-1,US,Successful,0
4397,4397,2026-07-12 21:26:53,238.46,Mastercard,CARD-001487-1,IT,Successful,0
4398,4398,2025-02-07 06:58:59,1425.76,PayPal,CARD-000176-2,DE,Successful,0
4399,4399,2026-04-03 04:03:59,346.07,Mastercard,CARD-000488-2,DE,Successful,0
4400,4400,2025-12-25 20:14:56,1223.63,Mastercard,CARD-001751-1,US,Successful,1
4401,4401,2025-04-29 20:19:46,1240.64,Mastercard,CARD-000818-1,AL,Successful,0
4402,4402,2025-04-15 22:43:13,1283.53,Mastercard,CARD-001450-2,RO,Successful,0
4403,4403,2026-03-27 23:12:42,2297.95,Amex,CARD-001411-1,GR,Successful,0
4404,4404,2025-10-17 15:08:40,247.48,Mastercard,CARD-001547-2,NG,Successful,0
4405,4405,2025-10-08 07:21:13,1894.32,PayPal,CARD-000403-1,AL,Successful,0
4406,4406,2025-05-16 01:03:53,1157.56,Mastercard,CARD-001288-2,AE,Successful,0
4407,4407,2026-06-17 16:17:50,2511.15,Visa,CARD-000187-1,ES,Successful,0
4408,4408,2025-12-15 14:03:39,1088.01,Amex,CARD-001756-1,NG,Successful,0
4409,4409,2025-06-20 11:33:03,312.31,PayPal,CARD-SHARED-026,US,Successful,0
4410,4410,2025-02-07 03:45:53,345.12,PayPal,CARD-SHARED-053,US,Failed,0
4411,4411,2026-02-19 13:58:34,1116.79,PayPal,CARD-SHARED-001,DE,Successful,0
4412,4412,2026-04-01 04:44:56,1099.27,Amex,CARD-001685-1,ES,Successful,4
4413,4413,2026-06-28 01:44:58,2278.27,Mastercard,CARD-SHARED-031,NG,Successful,0
4414,4414,2026-02-02 06:28:53,1691.67,Visa,CARD-000968-1,AE,Successful,0
4415,4415,2026-05-15 07:55:26,763.61,Visa,CARD-000579-2,US,Failed,0
4416,4416,2026-04-01 23:26:00,869.94,PayPal,CARD-001825-1,NG,Successful,0
4417,4417,2025-05-28 05:37:03,529.42,Visa,CARD-001815-1,GB,Successful,0
4418,4418,2026-04-09 06:03:13,910.14,Visa,CARD-000171-1,IT,Successful,0
4419,4419,2026-05-27 02:15:25,765.77,PayPal,CARD-SHARED-018,IT,Successful,0
4420,4420,2026-03-15 01:32:02,1146.10,PayPal,CARD-SHARED-028,IT,Successful,0
4421,4421,2025-11-02 20:46:00,2065.58,PayPal,CARD-000620-2,NG,Successful,1
4422,4422,2026-06-03 14:19:10,220.47,Mastercard,CARD-001169-2,AL,Successful,0
4423,4423,2025-11-04 15:34:55,764.88,PayPal,CARD-000306-2,FR,Successful,0
4424,4424,2026-02-27 08:35:29,831.75,Mastercard,CARD-001335-1,GR,Successful,1
4425,4425,2026-05-04 23:11:47,503.33,Amex,CARD-SHARED-023,GR,Successful,0
4426,4426,2025-10-11 21:08:23,765.76,Mastercard,CARD-001779-2,FR,Successful,0
4427,4427,2026-06-14 21:23:48,166.15,PayPal,CARD-000607-1,DE,Successful,3
4428,4428,2025-12-08 11:24:08,1235.74,PayPal,CARD-001387-2,GR,Successful,0
4429,4429,2025-01-13 11:35:26,2352.85,Amex,CARD-FRAUD-017,FR,Successful,0
4430,4430,2025-01-29 14:01:50,359.57,PayPal,CARD-000720-2,AE,Refunded,0
4431,4431,2025-09-30 23:55:36,592.56,PayPal,CARD-000967-1,NG,Successful,1
4432,4432,2025-10-29 07:49:51,274.68,PayPal,CARD-000406-1,DE,Successful,0
4433,4433,2026-07-13 21:01:23,1914.42,Visa,CARD-000518-2,IT,Successful,0
4434,4434,2026-02-05 20:54:56,1147.51,Amex,CARD-001649-1,GR,Successful,0
4435,4435,2026-01-25 16:46:20,811.19,Amex,CARD-001082-1,IT,Failed,0
4436,4436,2025-02-17 13:54:47,2453.25,Visa,CARD-FRAUD-011,AL,Successful,8
4437,4437,2025-07-23 20:44:02,762.51,Mastercard,CARD-001525-2,FR,Successful,0
4438,4438,2025-11-16 18:15:57,139.66,Visa,CARD-001573-1,NG,Refunded,0
4439,4439,2025-06-18 12:20:47,940.59,PayPal,CARD-SHARED-053,NL,Successful,2
4440,4440,2026-02-10 11:16:43,475.06,Mastercard,CARD-001257-1,ES,Successful,0
4441,4441,2026-05-10 19:30:37,1486.16,PayPal,CARD-001251-2,IT,Successful,0
4442,4442,2026-07-17 15:51:53,72.89,PayPal,CARD-000746-1,GR,Successful,0
4443,4443,2025-04-05 05:04:59,833.01,Amex,CARD-001081-1,RO,Successful,0
4444,4444,2025-10-30 20:36:06,1417.71,PayPal,CARD-000711-1,NL,Successful,0
4445,4445,2025-06-07 23:59:18,1070.58,Amex,CARD-001170-1,US,Successful,0
4446,4446,2025-11-14 18:02:28,466.15,Visa,CARD-SHARED-060,NG,Successful,0
4447,4447,2025-12-27 15:30:28,584.89,Amex,CARD-000861-1,NL,Successful,1
4448,4448,2025-06-13 00:50:33,1203.81,Amex,CARD-SHARED-087,US,Successful,2
4449,4449,2026-03-14 09:28:02,123.67,Visa,CARD-000334-2,NL,Successful,0
4450,4450,2025-05-17 02:01:33,2480.51,Mastercard,CARD-000175-2,RO,Successful,0
4451,4451,2025-12-01 19:15:29,1035.60,Mastercard,CARD-SHARED-035,ES,Successful,0
4452,4452,2026-06-26 22:27:03,1307.02,PayPal,CARD-000294-1,NL,Successful,0
4453,4453,2026-02-21 04:27:17,897.75,Mastercard,CARD-000199-1,NG,Successful,0
4454,4454,2025-08-11 07:48:49,1773.63,Visa,CARD-FRAUD-006,ES,Successful,1
4455,4455,2025-02-14 03:40:05,740.93,Mastercard,CARD-001255-2,AL,Successful,0
4456,4456,2025-08-23 02:05:10,900.59,Amex,CARD-000692-1,IT,Successful,3
4457,4457,2026-07-01 11:16:17,1461.43,Visa,CARD-001126-1,GB,Successful,0
4458,4458,2026-06-20 08:27:35,1086.77,Mastercard,CARD-001604-1,NL,Successful,0
4459,4459,2025-01-15 04:30:36,889.80,Mastercard,CARD-SHARED-051,GB,Successful,0
4460,4460,2025-07-31 01:50:31,386.89,PayPal,CARD-SHARED-034,US,Successful,0
4461,4461,2025-08-20 15:15:58,181.42,PayPal,CARD-000844-2,GB,Successful,0
4462,4462,2025-01-20 17:20:25,2209.65,PayPal,CARD-001385-2,AE,Successful,0
4463,4463,2025-01-07 06:36:29,800.73,PayPal,CARD-001623-1,ES,Successful,0
4464,4464,2025-03-29 20:24:03,1176.55,Amex,CARD-000865-1,AL,Successful,1
4465,4465,2026-06-22 19:04:35,1357.58,Amex,CARD-001644-2,FR,Refunded,0
4466,4466,2025-09-20 12:41:59,592.36,Amex,CARD-001762-2,ES,Successful,0
4467,4467,2025-07-09 00:23:08,1171.56,Mastercard,CARD-000124-1,IT,Successful,1
4468,4468,2025-07-05 13:37:10,1296.57,Amex,CARD-001363-1,NG,Failed,5
4469,4469,2026-07-04 16:55:21,1412.52,PayPal,CARD-000304-2,FR,Successful,0
4470,4470,2026-02-12 18:54:16,1429.64,Amex,CARD-001415-1,NG,Successful,5
4471,4471,2025-06-17 18:46:08,635.19,PayPal,CARD-000392-2,ES,Successful,1
4472,4472,2025-03-24 19:45:22,1333.58,Visa,CARD-000745-2,ES,Failed,0
4473,4473,2026-06-02 21:52:03,337.57,PayPal,CARD-FRAUD-003,GR,Successful,7
4474,4474,2025-05-07 05:52:31,1207.35,PayPal,CARD-000474-1,GB,Successful,1
4475,4475,2026-06-05 00:44:38,562.09,Mastercard,CARD-001899-2,GR,Successful,0
4476,4476,2026-06-27 06:27:01,605.44,PayPal,CARD-SHARED-019,AE,Successful,0
4477,4477,2025-09-03 14:54:52,681.99,Mastercard,CARD-000325-1,IT,Successful,4
4478,4478,2025-04-03 17:04:18,1918.83,Mastercard,CARD-000416-2,FR,Successful,5
4479,4479,2025-02-08 18:02:18,605.45,Visa,CARD-000937-2,US,Successful,0
4480,4480,2026-05-18 03:57:48,764.15,Mastercard,CARD-001911-2,GB,Successful,0
4481,4481,2025-05-16 07:35:08,661.22,Visa,CARD-001953-2,RO,Successful,5
4482,4482,2025-05-26 22:54:15,1954.93,Mastercard,CARD-000467-1,ES,Successful,3
4483,4483,2025-05-21 01:15:47,918.69,Visa,CARD-001385-2,ES,Successful,5
4484,4484,2026-02-12 18:54:10,406.80,Amex,CARD-000978-1,IT,Successful,0
4485,4485,2026-05-29 03:56:33,1661.58,Visa,CARD-001165-1,GR,Successful,1
4486,4486,2026-01-31 03:35:07,810.48,Amex,CARD-001601-2,GR,Successful,0
4487,4487,2026-07-18 17:50:14,2413.18,PayPal,CARD-001616-1,US,Successful,0
4488,4488,2026-01-16 08:14:47,1149.57,Mastercard,CARD-000120-1,AL,Successful,0
4489,4489,2026-01-10 13:45:06,126.04,Mastercard,CARD-001685-2,ES,Successful,5
4490,4490,2025-11-30 21:59:13,1483.33,Mastercard,CARD-000038-2,RO,Successful,0
4491,4491,2025-06-23 20:40:56,71.51,Amex,CARD-001228-1,NL,Successful,0
4492,4492,2025-04-20 19:11:37,677.10,PayPal,CARD-000035-1,NG,Successful,1
4493,4493,2025-11-03 20:45:44,807.80,Visa,CARD-SHARED-004,RO,Successful,0
4494,4494,2026-03-20 21:26:15,563.99,Amex,CARD-001124-1,AE,Successful,0
4495,4495,2026-05-17 21:03:16,1024.38,Mastercard,CARD-000609-1,AE,Successful,0
4496,4496,2025-12-16 17:40:43,1340.76,PayPal,CARD-000255-2,NL,Successful,0
4497,4497,2026-05-24 07:39:14,1142.39,PayPal,CARD-000436-1,RO,Successful,0
4498,4498,2026-06-07 11:12:43,2523.68,Amex,CARD-001490-1,NL,Successful,0
4499,4499,2026-06-05 08:01:55,2267.16,Mastercard,CARD-000236-2,IT,Successful,0
4500,4500,2026-06-29 12:17:57,1443.88,Mastercard,CARD-000609-1,AE,Successful,0
4501,4501,2025-04-17 13:25:34,1179.08,Mastercard,CARD-000501-2,DE,Successful,0
4502,4502,2026-04-13 21:31:29,2886.80,Mastercard,CARD-001719-2,US,Successful,5
4503,4503,2025-11-29 06:52:02,162.43,Amex,CARD-001666-2,AE,Successful,0
4504,4504,2025-10-16 12:41:55,2308.66,Visa,CARD-000861-1,NL,Failed,2
4505,4505,2025-03-28 03:09:22,1440.80,PayPal,CARD-000812-2,IT,Successful,0
4506,4506,2026-04-25 14:12:06,587.00,PayPal,CARD-001422-2,AL,Successful,0
4507,4507,2026-04-13 04:22:03,644.43,PayPal,CARD-001280-1,GR,Successful,3
4508,4508,2026-03-06 20:34:55,879.56,PayPal,CARD-000284-2,NG,Failed,0
4509,4509,2026-04-05 18:26:58,535.74,Mastercard,CARD-001412-2,FR,Successful,2
4510,4510,2025-04-01 09:43:44,1230.58,Amex,CARD-000869-1,AL,Failed,0
4511,4511,2026-05-03 03:39:45,1228.86,Visa,CARD-000889-1,DE,Successful,0
4512,4512,2025-02-10 07:46:58,708.13,Visa,CARD-001151-2,NL,Successful,1
4513,4513,2026-06-26 04:20:30,505.88,PayPal,CARD-001395-2,NL,Successful,0
4514,4514,2025-10-19 15:36:28,666.24,Mastercard,CARD-001394-2,IT,Successful,0
4515,4515,2026-02-20 11:27:48,444.97,Visa,CARD-SHARED-024,AE,Successful,3
4516,4516,2026-04-04 11:42:47,1352.93,Mastercard,CARD-001916-2,US,Successful,0
4517,4517,2025-09-10 08:29:52,1286.70,Visa,CARD-001439-2,IT,Successful,0
4518,4518,2025-01-09 10:16:14,2675.62,Visa,CARD-FRAUD-004,NG,Successful,3
4519,4519,2026-06-18 21:41:17,622.50,PayPal,CARD-001014-2,NL,Successful,0
4520,4520,2025-04-01 20:35:21,848.57,Mastercard,CARD-000447-1,US,Successful,0
4521,4521,2026-07-05 17:54:18,191.21,Amex,CARD-001909-1,RO,Successful,0
4522,4522,2025-06-12 03:45:16,1341.16,Mastercard,CARD-001670-2,DE,Successful,1
4523,4523,2025-09-29 05:57:41,1970.57,Amex,CARD-000596-1,NG,Successful,0
4524,4524,2026-05-13 12:05:34,1164.33,PayPal,CARD-001315-1,US,Failed,0
4525,4525,2026-07-19 19:23:11,2140.39,Mastercard,CARD-001469-2,FR,Successful,0
4526,4526,2025-10-05 04:06:59,1641.99,Amex,CARD-000062-2,AE,Successful,0
4527,4527,2026-06-27 09:48:39,2311.57,Mastercard,CARD-000394-2,NL,Successful,8
4528,4528,2025-08-28 23:33:02,402.29,Visa,CARD-000217-2,RO,Successful,0
4529,4529,2026-06-26 11:18:58,1208.59,Visa,CARD-000150-1,GB,Successful,0
4530,4530,2025-01-11 13:43:05,1844.21,Mastercard,CARD-FRAUD-013,GB,Successful,2
4531,4531,2026-06-26 02:33:19,823.49,Visa,CARD-001892-1,GB,Successful,0
4532,4532,2026-01-22 01:16:46,1164.43,Visa,CARD-SHARED-064,FR,Successful,4
4533,4533,2025-01-24 06:20:55,667.59,PayPal,CARD-000937-1,US,Successful,0
4534,4534,2025-11-15 11:35:56,1270.10,Mastercard,CARD-000198-2,AL,Successful,0
4535,4535,2026-06-07 20:33:32,885.41,Amex,CARD-001973-2,US,Failed,0
4536,4536,2026-05-21 20:49:43,2588.45,Mastercard,CARD-001976-2,AL,Successful,0
4537,4537,2026-05-21 21:28:13,1908.83,Mastercard,CARD-001749-1,GB,Successful,0
4538,4538,2025-07-30 23:54:22,1371.55,Visa,CARD-000186-1,FR,Successful,0
4539,4539,2026-07-16 21:21:42,912.65,PayPal,CARD-001587-2,GR,Successful,4
4540,4540,2026-07-01 13:24:34,130.94,PayPal,CARD-001390-2,GR,Successful,5
4541,4541,2026-02-20 15:12:39,287.74,PayPal,CARD-001589-1,FR,Successful,0
4542,4542,2026-05-07 08:57:04,1967.11,Amex,CARD-000100-1,NG,Successful,0
4543,4543,2025-06-20 23:42:38,532.20,Mastercard,CARD-001734-1,DE,Successful,0
4544,4544,2025-05-26 10:29:05,1530.66,Amex,CARD-SHARED-054,NG,Successful,0
4545,4545,2026-06-11 00:13:51,1292.09,Amex,CARD-000532-1,AE,Successful,0
4546,4546,2026-05-14 13:07:05,598.38,PayPal,CARD-000750-2,DE,Successful,0
4547,4547,2026-07-04 18:01:38,1248.05,Mastercard,CARD-000073-2,IT,Successful,0
4548,4548,2025-08-04 00:21:05,1161.19,Visa,CARD-000305-2,NL,Successful,0
4549,4549,2026-02-21 00:52:09,527.14,PayPal,CARD-001660-1,US,Successful,0
4550,4550,2026-07-15 04:03:01,1087.68,Mastercard,CARD-000725-1,GR,Successful,0
4551,4551,2026-07-18 00:01:40,211.22,Amex,CARD-001517-2,NG,Successful,0
4552,4552,2025-08-05 00:26:24,1146.80,Amex,CARD-001702-1,GR,Successful,0
4553,4553,2026-02-25 10:50:18,716.06,Mastercard,CARD-000955-1,AL,Successful,0
4554,4554,2026-07-13 23:49:55,1488.52,Visa,CARD-000756-2,AL,Successful,3
4555,4555,2026-05-08 02:46:46,1448.97,Mastercard,CARD-001590-1,NG,Successful,0
4556,4556,2026-06-15 00:58:00,2170.76,Mastercard,CARD-000991-1,FR,Successful,0
4557,4557,2025-04-21 17:28:44,1003.49,Visa,CARD-000365-1,IT,Successful,0
4558,4558,2026-01-14 23:23:42,675.96,Visa,CARD-001169-1,FR,Successful,0
4559,4559,2025-09-02 20:16:11,2388.93,Visa,CARD-000204-1,NL,Successful,0
4560,4560,2025-07-06 21:10:15,496.91,Visa,CARD-000463-2,ES,Failed,2
4561,4561,2025-08-13 10:54:45,1431.92,Mastercard,CARD-001982-1,GR,Successful,0
4562,4562,2025-10-14 13:09:56,824.99,PayPal,CARD-001297-2,RO,Successful,0
4563,4563,2025-12-26 22:18:08,331.77,Amex,CARD-SHARED-014,AE,Successful,5
4564,4564,2025-12-23 16:26:34,183.28,Mastercard,CARD-000541-2,AE,Successful,0
4565,4565,2025-12-08 13:32:48,1225.31,Amex,CARD-000969-2,NG,Successful,0
4566,4566,2025-01-21 20:53:09,1406.24,Amex,CARD-000194-1,GB,Successful,0
4567,4567,2025-05-14 02:15:56,1370.55,Amex,CARD-000496-1,NL,Successful,1
4568,4568,2025-10-12 23:07:13,1176.28,Visa,CARD-000660-1,NG,Successful,2
4569,4569,2025-03-19 17:57:14,2096.70,PayPal,CARD-SHARED-071,ES,Successful,1
4570,4570,2025-02-06 23:45:38,132.12,PayPal,CARD-001332-1,AL,Successful,0
4571,4571,2025-10-05 10:22:29,1433.86,Mastercard,CARD-001363-1,NG,Successful,1
4572,4572,2025-06-12 02:02:00,78.48,Mastercard,CARD-SHARED-060,GR,Successful,2
4573,4573,2025-12-31 15:10:22,2511.41,Visa,CARD-001006-1,IT,Successful,0
4574,4574,2026-06-30 12:13:48,1420.42,PayPal,CARD-001867-1,RO,Successful,0
4575,4575,2026-05-01 21:18:24,1426.82,Mastercard,CARD-001413-2,US,Successful,0
4576,4576,2026-03-27 10:04:08,1374.09,Visa,CARD-000177-1,IT,Successful,1
4577,4577,2025-11-15 23:39:33,2372.46,Mastercard,CARD-FRAUD-004,GB,Successful,8
4578,4578,2026-04-25 07:52:48,1314.01,Mastercard,CARD-001604-2,NL,Successful,0
4579,4579,2025-12-14 13:34:07,711.70,PayPal,CARD-001139-1,DE,Successful,0
4580,4580,2026-05-01 06:44:38,766.77,PayPal,CARD-SHARED-077,FR,Failed,0
4581,4581,2025-07-28 06:08:46,1136.50,PayPal,CARD-001933-2,NG,Successful,0
4582,4582,2026-02-14 00:46:25,881.29,Visa,CARD-000461-1,NG,Successful,0
4583,4583,2026-04-10 10:11:06,182.69,Mastercard,CARD-001210-2,AL,Successful,5
4584,4584,2026-06-29 05:50:19,536.06,Visa,CARD-001265-1,NL,Successful,4
4585,4585,2025-04-25 17:03:56,1006.76,Mastercard,CARD-001729-1,AE,Successful,0
4586,4586,2025-01-18 03:12:09,1414.83,Amex,CARD-001932-2,GR,Successful,1
4587,4587,2026-06-16 10:50:25,750.76,Amex,CARD-001477-2,RO,Successful,0
4588,4588,2026-06-05 15:38:28,1433.62,Mastercard,CARD-001717-2,GB,Successful,0
4589,4589,2025-08-18 04:14:41,575.32,Visa,CARD-001676-1,NG,Successful,0
4590,4590,2025-07-04 09:24:00,1358.90,PayPal,CARD-000184-2,FR,Successful,0
4591,4591,2025-05-04 01:35:10,1435.68,Visa,CARD-001059-1,US,Successful,0
4592,4592,2025-05-27 02:21:40,1393.51,PayPal,CARD-SHARED-028,GR,Successful,0
4593,4593,2025-12-07 01:42:05,120.93,Amex,CARD-001198-2,IT,Successful,0
4594,4594,2025-06-07 08:49:43,221.90,Amex,CARD-000503-1,DE,Successful,0
4595,4595,2025-04-10 23:53:00,416.72,Amex,CARD-SHARED-099,US,Failed,5
4596,4596,2026-07-05 03:29:25,645.12,PayPal,CARD-001428-1,RO,Successful,0
4597,4597,2026-07-10 16:51:21,553.99,PayPal,CARD-SHARED-066,DE,Successful,0
4598,4598,2025-07-07 01:51:33,2319.67,PayPal,CARD-001508-1,IT,Failed,0
4599,4599,2025-10-31 17:19:15,1322.93,Visa,CARD-001059-1,US,Successful,2
4600,4600,2026-04-12 08:34:59,1537.21,Visa,CARD-SHARED-022,IT,Successful,1
4601,4601,2026-07-19 18:50:15,963.98,PayPal,CARD-001790-1,AE,Refunded,0
4602,4602,2025-10-06 14:54:20,998.17,Visa,CARD-000539-2,DE,Successful,0
4603,4603,2026-05-27 21:25:05,149.72,Amex,CARD-000473-1,AL,Successful,0
4604,4604,2026-03-16 05:24:44,1351.47,PayPal,CARD-000061-1,NL,Refunded,0
4605,4605,2025-10-21 01:17:05,452.92,PayPal,CARD-001333-2,US,Successful,0
4606,4606,2026-05-13 00:51:16,853.14,Visa,CARD-000435-1,AL,Successful,0
4607,4607,2025-04-13 14:10:29,332.25,Amex,CARD-001948-1,AE,Successful,0
4608,4608,2026-01-24 06:02:29,659.67,Mastercard,CARD-001577-2,FR,Successful,0
4609,4609,2026-05-10 09:42:29,309.26,Mastercard,CARD-000507-1,AE,Successful,0
4610,4610,2025-10-18 00:32:27,361.88,Amex,CARD-001553-1,GR,Refunded,0
4611,4611,2025-12-07 03:45:44,2514.44,Mastercard,CARD-SHARED-094,NL,Successful,1
4612,4612,2026-03-22 19:13:20,1464.10,Amex,CARD-000746-1,GR,Successful,0
4613,4613,2026-07-19 02:05:25,758.50,Mastercard,CARD-SHARED-036,NG,Successful,0
4614,4614,2025-11-26 02:55:08,3036.90,Visa,CARD-FRAUD-005,RO,Successful,4
4615,4615,2025-05-26 18:22:13,1374.54,Visa,CARD-000142-2,DE,Successful,0
4616,4616,2026-07-01 03:36:17,2149.17,Visa,CARD-000760-1,AE,Successful,0
4617,4617,2026-01-31 12:06:39,1363.72,Visa,CARD-000640-1,GR,Successful,2
4618,4618,2026-02-11 04:27:47,1178.32,Mastercard,CARD-000370-2,DE,Successful,0
4619,4619,2026-06-05 17:59:30,216.49,Amex,CARD-000190-2,IT,Successful,5
4620,4620,2025-06-28 15:43:08,970.27,Amex,CARD-001464-1,DE,Successful,1
4621,4621,2026-03-06 00:56:35,741.09,Visa,CARD-000103-1,IT,Successful,2
4622,4622,2025-08-09 09:37:11,1552.83,PayPal,CARD-001272-1,RO,Successful,0
4623,4623,2025-05-10 00:10:48,1992.92,Amex,CARD-FRAUD-013,US,Successful,4
4624,4624,2025-06-13 13:46:06,520.58,Amex,CARD-000363-1,NL,Successful,3
4625,4625,2026-05-13 00:38:03,470.38,Visa,CARD-001549-1,NL,Successful,0
4626,4626,2025-07-12 02:20:14,654.35,Visa,CARD-001230-1,ES,Successful,0
4627,4627,2026-04-12 05:38:05,272.85,Mastercard,CARD-001260-2,GB,Successful,0
4628,4628,2026-02-20 20:33:57,758.22,Visa,CARD-001868-1,FR,Failed,0
4629,4629,2025-09-16 10:59:10,1833.35,Visa,CARD-000596-2,NG,Successful,0
4630,4630,2025-05-09 14:56:55,1380.91,PayPal,CARD-000871-2,ES,Successful,1
4631,4631,2025-07-11 22:05:10,608.77,Visa,CARD-000934-2,US,Successful,5
4632,4632,2025-09-21 03:53:47,393.45,PayPal,CARD-001666-2,GR,Successful,4
4633,4633,2025-01-03 07:34:16,1407.50,Amex,CARD-001408-2,GB,Successful,0
4634,4634,2026-06-10 22:09:57,297.33,Visa,CARD-000582-1,NL,Successful,0
4635,4635,2026-02-28 09:27:32,1453.59,Amex,CARD-000184-2,US,Successful,5
4636,4636,2025-12-22 07:19:43,377.98,Mastercard,CARD-000833-1,NL,Successful,5
4637,4637,2025-08-02 11:19:50,957.56,Visa,CARD-001237-1,ES,Successful,3
4638,4638,2025-11-25 06:04:32,753.45,Visa,CARD-001628-2,GB,Successful,0
4639,4639,2025-10-02 22:36:15,303.73,PayPal,CARD-SHARED-017,IT,Successful,0
4640,4640,2026-05-08 18:09:09,522.41,Visa,CARD-000165-2,GB,Successful,0
4641,4641,2025-02-28 18:09:54,1424.78,Amex,CARD-001783-1,GB,Successful,0
4642,4642,2025-10-22 19:30:18,872.16,Amex,CARD-001299-1,ES,Successful,0
4643,4643,2026-01-08 20:37:25,724.91,PayPal,CARD-001085-1,NL,Successful,0
4644,4644,2026-06-20 03:16:53,432.05,Visa,CARD-001289-2,GR,Successful,0
4645,4645,2025-02-14 14:28:15,255.72,Amex,CARD-000406-1,AE,Successful,2
4646,4646,2025-10-26 01:50:45,1002.78,Mastercard,CARD-SHARED-100,NG,Successful,0
4647,4647,2025-09-29 07:29:46,767.86,Amex,CARD-000009-1,ES,Failed,0
4648,4648,2026-04-09 10:28:38,1291.40,PayPal,CARD-000596-2,NG,Failed,0
4649,4649,2025-06-15 12:11:22,2520.73,Visa,CARD-000178-2,AE,Successful,3
4650,4650,2026-05-24 14:20:01,915.41,Visa,CARD-SHARED-036,IT,Successful,0
4651,4651,2026-01-09 16:33:08,750.11,PayPal,CARD-SHARED-057,DE,Successful,0
4652,4652,2026-03-31 02:15:29,443.97,Visa,CARD-001906-2,AE,Successful,5
4653,4653,2025-04-04 13:26:46,1067.29,Visa,CARD-001267-1,RO,Failed,0
4654,4654,2026-06-29 11:45:57,2127.48,PayPal,CARD-001007-1,AE,Successful,0
4655,4655,2025-03-31 19:39:13,609.59,Mastercard,CARD-000095-1,US,Successful,2
4656,4656,2025-03-14 03:53:42,1332.10,Amex,CARD-FRAUD-004,NL,Successful,0
4657,4657,2026-01-24 22:14:26,846.87,Amex,CARD-000305-2,NL,Successful,0
4658,4658,2025-07-17 16:52:01,625.26,Amex,CARD-000109-2,AE,Successful,5
4659,4659,2025-09-24 01:51:55,115.57,PayPal,CARD-000366-2,GR,Successful,0
4660,4660,2026-06-07 20:49:36,1976.67,Visa,CARD-000394-2,RO,Successful,0
4661,4661,2025-10-31 06:53:51,1166.14,Visa,CARD-000804-1,NL,Successful,2
4662,4662,2026-06-15 06:00:51,305.65,PayPal,CARD-001169-2,AL,Successful,0
4663,4663,2026-04-16 07:21:44,2559.07,Mastercard,CARD-FRAUD-017,AL,Successful,2
4664,4664,2025-10-13 13:13:46,682.50,PayPal,CARD-SHARED-062,NL,Failed,0
4665,4665,2026-05-27 23:08:32,1665.46,Visa,CARD-SHARED-023,US,Successful,1
4666,4666,2026-07-20 22:24:38,1448.20,Amex,CARD-000019-1,NG,Successful,1
4667,4667,2026-06-14 02:34:43,1400.00,Amex,CARD-SHARED-057,IT,Successful,0
4668,4668,2025-10-31 03:35:19,821.78,PayPal,CARD-SHARED-043,DE,Successful,5
4669,4669,2026-07-10 19:49:07,2310.79,Amex,CARD-000986-2,AE,Refunded,4
4670,4670,2026-03-12 14:28:12,1091.87,PayPal,CARD-000545-1,IT,Successful,0
4671,4671,2026-05-05 22:45:56,122.05,Visa,CARD-001724-2,ES,Successful,0
4672,4672,2026-06-02 08:13:50,1331.66,Amex,CARD-000350-1,RO,Successful,4
4673,4673,2025-09-01 23:41:33,2857.59,Visa,CARD-FRAUD-011,NG,Successful,6
4674,4674,2026-06-22 11:40:30,1743.71,PayPal,CARD-001240-2,NL,Successful,0
4675,4675,2026-05-08 01:17:31,1071.57,PayPal,CARD-001401-2,ES,Successful,0
4676,4676,2026-05-19 16:56:58,175.57,PayPal,CARD-SHARED-086,IT,Successful,0
4677,4677,2025-11-17 03:41:40,96.14,PayPal,CARD-SHARED-060,ES,Successful,0
4678,4678,2026-03-31 08:37:49,290.27,Mastercard,CARD-SHARED-008,US,Successful,0
4679,4679,2025-10-12 19:52:07,730.65,PayPal,CARD-001565-2,NG,Successful,0
4680,4680,2026-02-14 09:30:29,1397.09,Visa,CARD-001522-2,GR,Successful,1
4681,4681,2026-05-15 01:41:20,198.82,Amex,CARD-001266-1,RO,Successful,0
4682,4682,2025-06-04 08:29:04,827.13,Visa,CARD-000799-1,NL,Successful,0
4683,4683,2025-04-15 12:19:16,944.23,Mastercard,CARD-001218-1,RO,Successful,5
4684,4684,2025-05-20 03:37:52,1030.77,PayPal,CARD-000689-2,GB,Successful,0
4685,4685,2025-04-03 14:48:29,340.05,Amex,CARD-001939-1,IT,Successful,0
4686,4686,2026-06-06 16:30:46,796.59,PayPal,CARD-001524-1,FR,Failed,1
4687,4687,2026-03-20 01:03:57,1295.33,Amex,CARD-000694-2,ES,Successful,0
4688,4688,2025-09-15 05:42:25,480.03,PayPal,CARD-000534-2,US,Successful,3
4689,4689,2025-09-11 22:52:55,196.61,Visa,CARD-000769-1,GB,Successful,0
4690,4690,2026-05-21 20:26:04,1823.14,Amex,CARD-001766-2,FR,Failed,0
4691,4691,2025-08-10 02:34:54,535.47,Amex,CARD-000080-1,NG,Successful,0
4692,4692,2026-01-04 08:41:14,1262.78,PayPal,CARD-000702-2,FR,Successful,0
4693,4693,2026-05-16 23:27:10,1429.45,PayPal,CARD-001462-1,AE,Successful,0
4694,4694,2026-03-01 17:43:33,665.93,Visa,CARD-001377-2,US,Successful,0
4695,4695,2026-07-02 12:53:35,130.53,Mastercard,CARD-001891-1,IT,Successful,0
4696,4696,2026-04-02 13:57:48,1756.31,PayPal,CARD-SHARED-099,NG,Successful,0
4697,4697,2025-09-08 16:24:46,976.19,Amex,CARD-SHARED-083,GR,Successful,0
4698,4698,2025-08-13 08:53:17,997.34,Mastercard,CARD-001071-1,NG,Successful,0
4699,4699,2025-11-18 04:54:51,552.84,Amex,CARD-001310-1,NL,Successful,0
4700,4700,2025-07-12 21:30:54,490.19,Amex,CARD-001572-1,AE,Successful,0
4701,4701,2025-11-10 06:00:21,2022.84,Visa,CARD-FRAUD-022,GR,Successful,7
4702,4702,2025-11-16 08:02:30,797.23,Mastercard,CARD-000991-2,GB,Successful,0
4703,4703,2026-03-08 16:43:04,1569.46,Mastercard,CARD-SHARED-049,ES,Successful,1
4704,4704,2025-11-03 22:43:35,1451.44,Mastercard,CARD-001157-1,FR,Successful,4
4705,4705,2026-05-08 06:55:50,1271.42,Amex,CARD-SHARED-083,DE,Successful,0
4706,4706,2025-01-01 15:18:58,318.66,PayPal,CARD-000976-2,ES,Successful,1
4707,4707,2026-05-05 23:06:53,1405.71,PayPal,CARD-000388-2,GR,Successful,0
4708,4708,2025-02-12 11:10:14,1192.91,Mastercard,CARD-000903-1,DE,Successful,3
4709,4709,2026-07-07 10:37:50,1708.87,Amex,CARD-000360-2,NL,Successful,5
4710,4710,2026-04-05 02:54:42,2052.43,Amex,CARD-SHARED-004,US,Successful,1
4711,4711,2026-05-22 11:54:45,425.57,Visa,CARD-000248-1,GB,Successful,5
4712,4712,2026-07-14 05:41:18,1393.00,Amex,CARD-001420-1,AL,Failed,0
4713,4713,2025-01-06 20:06:27,1245.82,Visa,CARD-001921-2,AE,Successful,1
4714,4714,2026-02-25 00:38:23,259.05,PayPal,CARD-001281-2,RO,Successful,5
4715,4715,2025-04-12 05:39:25,1339.96,Amex,CARD-001494-1,RO,Failed,0
4716,4716,2025-11-27 05:14:06,1396.94,PayPal,CARD-000167-2,NG,Successful,0
4717,4717,2025-06-10 06:09:13,607.24,Mastercard,CARD-000181-2,NG,Successful,0
4718,4718,2026-02-20 06:07:10,894.10,Amex,CARD-000662-1,FR,Successful,0
4719,4719,2026-03-31 15:13:57,2970.34,Amex,CARD-001775-1,AE,Successful,1
4720,4720,2026-05-19 01:58:44,564.58,PayPal,CARD-SHARED-014,NG,Successful,0
4721,4721,2026-03-22 17:07:11,1298.35,PayPal,CARD-000207-2,IT,Successful,2
4722,4722,2026-03-03 12:14:16,168.98,PayPal,CARD-001418-2,NG,Successful,1
4723,4723,2026-06-24 06:58:26,618.32,Visa,CARD-000442-1,NG,Failed,3
4724,4724,2026-01-17 07:44:43,227.63,Mastercard,CARD-SHARED-038,ES,Successful,0
4725,4725,2026-03-05 05:32:57,190.36,Mastercard,CARD-000982-1,GR,Successful,0
4726,4726,2025-11-09 14:33:30,716.14,PayPal,CARD-001617-2,ES,Successful,0
4727,4727,2026-03-18 15:37:04,1326.38,PayPal,CARD-000865-2,AL,Successful,1
4728,4728,2025-01-22 04:49:19,1543.47,Visa,CARD-001513-2,FR,Successful,1
4729,4729,2026-06-29 10:08:36,166.35,Amex,CARD-001155-2,GR,Successful,1
4730,4730,2026-05-29 00:16:52,1377.02,Visa,CARD-001864-2,DE,Successful,3
4731,4731,2025-02-16 13:27:07,1823.14,Mastercard,CARD-001388-1,NL,Successful,0
4732,4732,2025-07-11 22:39:44,1132.87,Visa,CARD-000626-1,IT,Successful,5
4733,4733,2026-06-07 16:13:53,230.93,Amex,CARD-000161-2,ES,Successful,4
4734,4734,2026-06-27 07:32:36,1940.93,Mastercard,CARD-001326-2,FR,Successful,0
4735,4735,2025-03-16 06:48:40,514.49,PayPal,CARD-000842-1,FR,Successful,0
4736,4736,2025-10-10 03:23:35,429.06,Mastercard,CARD-000570-1,NL,Successful,0
4737,4737,2025-09-25 00:36:16,540.07,Amex,CARD-000086-2,ES,Successful,0
4738,4738,2025-11-16 22:30:06,2432.82,Mastercard,CARD-000082-1,FR,Failed,2
4739,4739,2026-06-12 20:33:50,790.09,PayPal,CARD-001441-1,GB,Successful,0
4740,4740,2026-03-12 14:42:15,1121.97,Visa,CARD-001469-2,FR,Successful,0
4741,4741,2025-11-15 21:18:13,410.15,PayPal,CARD-SHARED-005,ES,Successful,0
4742,4742,2026-05-20 08:17:40,80.16,Amex,CARD-001158-2,DE,Successful,1
4743,4743,2025-12-01 05:42:55,883.01,Mastercard,CARD-000711-2,NL,Successful,0
4744,4744,2026-03-20 13:53:09,597.19,PayPal,CARD-000428-2,DE,Successful,0
4745,4745,2025-10-31 23:05:04,1291.41,Mastercard,CARD-001832-2,ES,Successful,0
4746,4746,2025-07-21 13:44:45,384.74,Amex,CARD-001660-1,GB,Successful,0
4747,4747,2025-01-27 12:15:36,1560.68,PayPal,CARD-000830-1,RO,Successful,0
4748,4748,2025-07-28 06:31:47,788.19,Mastercard,CARD-SHARED-057,GR,Successful,0
4749,4749,2026-01-04 20:28:39,1082.15,Visa,CARD-000350-1,NL,Successful,0
4750,4750,2025-03-08 23:45:05,778.75,Mastercard,CARD-000301-2,FR,Successful,0
4751,4751,2025-11-06 02:02:02,518.97,PayPal,CARD-000574-2,NG,Successful,0
4752,4752,2026-07-16 18:22:57,1051.64,Amex,CARD-001066-2,FR,Successful,0
4753,4753,2025-02-02 16:18:18,1877.09,PayPal,CARD-SHARED-081,AL,Refunded,0
4754,4754,2026-01-11 23:43:57,1982.60,PayPal,CARD-001407-2,DE,Successful,0
4755,4755,2026-01-05 19:24:19,1642.56,Mastercard,CARD-001868-1,FR,Successful,5
4756,4756,2025-03-24 10:29:20,2387.44,Amex,CARD-FRAUD-018,IT,Successful,6
4757,4757,2025-09-25 22:00:35,473.19,PayPal,CARD-000685-1,AE,Successful,0
4758,4758,2025-08-14 17:58:04,3173.33,PayPal,CARD-FRAUD-001,NG,Successful,1
4759,4759,2026-03-01 13:39:26,621.12,Mastercard,CARD-000889-2,DE,Successful,0
4760,4760,2025-11-08 11:53:18,1227.04,Visa,CARD-SHARED-035,GB,Successful,0
4761,4761,2025-06-07 06:02:44,870.99,Mastercard,CARD-001616-2,AE,Successful,0
4762,4762,2026-02-16 18:49:18,241.79,PayPal,CARD-001603-1,IT,Successful,0
4763,4763,2026-02-25 04:29:00,813.90,Visa,CARD-001765-2,RO,Successful,2
4764,4764,2025-05-24 17:46:55,365.65,Visa,CARD-001097-2,AE,Successful,1
4765,4765,2026-06-16 09:39:58,822.83,Amex,CARD-000527-2,AE,Successful,1
4766,4766,2026-01-22 08:28:56,636.31,Amex,CARD-000888-1,US,Successful,0
4767,4767,2025-09-29 01:24:10,869.08,Visa,CARD-SHARED-033,ES,Successful,1
4768,4768,2026-07-02 20:18:31,2223.51,Mastercard,CARD-001954-1,GB,Successful,0
4769,4769,2026-01-18 10:28:15,3012.80,PayPal,CARD-000849-1,DE,Successful,2
4770,4770,2025-10-03 21:08:34,1896.26,Mastercard,CARD-001624-2,AL,Successful,0
4771,4771,2026-03-10 05:28:23,352.88,Amex,CARD-001078-1,US,Successful,2
4772,4772,2025-04-02 04:55:46,2339.96,Visa,CARD-001890-2,GR,Successful,1
4773,4773,2025-11-07 12:56:30,261.77,Visa,CARD-000956-2,AE,Successful,0
4774,4774,2026-02-19 20:24:16,882.67,PayPal,CARD-000284-1,NG,Successful,0
4775,4775,2026-07-01 22:07:20,2198.93,PayPal,CARD-FRAUD-004,ES,Successful,7
4776,4776,2025-12-07 08:39:10,2144.97,Mastercard,CARD-001177-2,AE,Successful,0
4777,4777,2026-04-30 18:19:30,979.52,PayPal,CARD-001982-2,GR,Successful,0
4778,4778,2025-09-19 21:17:32,288.46,PayPal,CARD-000570-1,NL,Successful,0
4779,4779,2026-07-07 02:47:05,2312.44,Visa,CARD-000600-1,AL,Successful,0
4780,4780,2026-07-10 04:50:44,558.25,Amex,CARD-001671-2,FR,Successful,0
4781,4781,2025-01-24 19:22:17,1067.61,Amex,CARD-001868-2,FR,Successful,0
4782,4782,2025-01-06 22:00:19,461.76,Mastercard,CARD-000457-1,NG,Successful,0
4783,4783,2025-05-09 17:40:07,593.56,Visa,CARD-000013-1,FR,Successful,0
4784,4784,2025-11-23 23:25:50,1494.13,Visa,CARD-000711-1,NL,Successful,0
4785,4785,2026-04-25 09:47:39,459.96,PayPal,CARD-001744-1,RO,Successful,2
4786,4786,2026-05-31 03:22:21,1549.81,Mastercard,CARD-000968-2,AE,Successful,0
4787,4787,2025-08-06 00:07:20,1585.21,Visa,CARD-SHARED-053,GB,Successful,0
4788,4788,2025-02-25 15:10:16,1031.99,PayPal,CARD-000459-2,RO,Successful,4
4789,4789,2026-02-23 23:30:36,1991.12,Mastercard,CARD-FRAUD-008,US,Successful,5
4790,4790,2026-04-13 08:33:17,563.41,Mastercard,CARD-000703-2,GR,Successful,0
4791,4791,2026-05-24 17:20:40,612.08,Visa,CARD-000879-2,US,Successful,0
4792,4792,2026-03-11 01:02:30,1195.51,Visa,CARD-001452-1,IT,Successful,1
4793,4793,2026-05-19 22:52:03,1161.75,PayPal,CARD-001237-2,ES,Successful,0
4794,4794,2026-07-14 09:15:12,1305.07,Visa,CARD-000321-1,RO,Failed,0
4795,4795,2025-01-16 02:45:56,1712.10,PayPal,CARD-001509-2,FR,Successful,0
4796,4796,2026-04-03 01:04:52,950.10,Amex,CARD-SHARED-088,GB,Failed,0
4797,4797,2026-04-21 05:38:57,659.87,Mastercard,CARD-000590-2,DE,Successful,0
4798,4798,2026-02-25 16:25:47,1402.08,Mastercard,CARD-SHARED-084,AE,Successful,1
4799,4799,2025-09-04 20:04:33,2287.17,Mastercard,CARD-001349-2,US,Successful,0
4800,4800,2025-08-14 09:22:55,2018.81,Amex,CARD-SHARED-002,GR,Successful,0
4801,4801,2025-10-28 03:02:43,549.93,PayPal,CARD-000200-2,FR,Successful,0
4802,4802,2026-07-17 05:10:58,206.73,Visa,CARD-001132-1,ES,Successful,1
4803,4803,2025-11-09 04:49:57,824.26,Mastercard,CARD-000459-1,RO,Successful,0
4804,4804,2025-08-31 19:05:47,1260.17,PayPal,CARD-000201-1,GB,Successful,0
4805,4805,2026-04-21 01:38:18,832.24,PayPal,CARD-000383-1,ES,Refunded,0
4806,4806,2026-05-14 13:49:27,929.69,Visa,CARD-000839-1,AL,Successful,2
4807,4807,2026-07-10 10:11:33,1713.71,Amex,CARD-001952-1,NG,Successful,0
4808,4808,2025-05-26 18:34:45,898.05,Mastercard,CARD-001873-2,ES,Successful,0
4809,4809,2026-05-13 22:33:44,865.12,Mastercard,CARD-000218-2,AE,Successful,4
4810,4810,2026-04-28 21:07:10,1507.24,Amex,CARD-000586-1,NG,Failed,0
4811,4811,2026-05-13 06:11:13,313.94,Amex,CARD-001700-1,IT,Successful,0
4812,4812,2025-07-19 16:59:18,335.85,PayPal,CARD-001549-2,FR,Successful,0
4813,4813,2025-09-06 10:23:59,255.93,PayPal,CARD-001104-1,GB,Successful,0
4814,4814,2025-03-09 18:10:17,1974.20,Visa,CARD-000339-2,ES,Successful,1
4815,4815,2025-09-02 13:05:35,499.48,Mastercard,CARD-SHARED-003,GB,Successful,0
4816,4816,2025-01-21 12:21:43,554.62,Mastercard,CARD-000098-1,GR,Successful,0
4817,4817,2026-01-27 12:21:21,77.05,Mastercard,CARD-001342-2,DE,Successful,5
4818,4818,2026-03-31 07:40:20,212.56,Amex,CARD-000115-2,DE,Successful,0
4819,4819,2026-05-06 16:02:05,1266.34,Amex,CARD-001728-1,AL,Successful,0
4820,4820,2026-06-15 18:01:42,1362.64,Amex,CARD-001469-1,FR,Successful,0
4821,4821,2026-03-06 15:33:10,2532.28,Visa,CARD-000185-1,IT,Successful,0
4822,4822,2026-03-19 05:53:29,2638.24,Amex,CARD-001395-2,RO,Successful,4
4823,4823,2026-07-04 17:22:54,1973.72,Amex,CARD-000123-1,DE,Successful,0
4824,4824,2025-07-16 17:00:47,1181.61,Visa,CARD-001364-1,DE,Successful,8
4825,4825,2026-07-19 15:03:04,1251.25,Mastercard,CARD-000179-1,IT,Successful,0
4826,4826,2025-09-21 08:00:25,182.29,Mastercard,CARD-000479-2,ES,Successful,1
4827,4827,2026-01-22 10:17:28,584.30,Visa,CARD-001716-2,NL,Successful,4
4828,4828,2026-01-23 11:20:50,375.31,Amex,CARD-001991-2,DE,Successful,1
4829,4829,2026-05-03 08:05:54,1196.96,Visa,CARD-001748-1,IT,Failed,0
4830,4830,2025-11-01 13:15:58,1492.45,PayPal,CARD-000254-2,NG,Successful,0
4831,4831,2026-03-17 00:33:20,1580.12,Amex,CARD-000624-1,RO,Successful,0
4832,4832,2025-11-06 03:42:54,263.96,Mastercard,CARD-001416-1,DE,Successful,2
4833,4833,2026-04-04 00:52:05,1191.89,PayPal,CARD-001395-2,NL,Successful,3
4834,4834,2025-09-28 13:45:01,1283.53,PayPal,CARD-001921-2,AE,Successful,0
4835,4835,2026-04-12 07:43:04,571.25,PayPal,CARD-001723-2,FR,Successful,0
4836,4836,2026-07-09 18:51:51,469.78,Amex,CARD-000343-1,ES,Successful,0
4837,4837,2025-08-09 19:43:25,888.55,Amex,CARD-001466-1,AE,Successful,0
4838,4838,2026-02-06 17:14:48,1290.98,Amex,CARD-001249-1,RO,Successful,0
4839,4839,2026-03-04 05:27:20,990.88,Amex,CARD-000445-1,IT,Successful,0
4840,4840,2026-04-21 05:11:59,1327.13,Amex,CARD-000880-2,DE,Successful,0
4841,4841,2025-10-18 02:12:30,1426.80,Visa,CARD-001337-2,NL,Successful,0
4842,4842,2025-10-08 09:35:38,1248.25,Visa,CARD-001052-2,FR,Successful,5
4843,4843,2025-10-25 09:23:01,522.08,Amex,CARD-001623-2,ES,Successful,0
4844,4844,2025-12-09 14:48:10,883.52,PayPal,CARD-000545-2,IT,Successful,0
4845,4845,2025-12-24 07:58:03,127.24,Amex,CARD-000046-2,IT,Successful,0
4846,4846,2026-07-10 23:35:07,992.67,PayPal,CARD-000192-1,US,Successful,1
4847,4847,2026-01-05 14:20:10,1480.91,Amex,CARD-001653-2,GB,Successful,0
4848,4848,2026-02-27 03:04:46,1401.08,Amex,CARD-001142-2,ES,Successful,0
4849,4849,2025-05-24 21:59:39,1164.59,Mastercard,CARD-000205-1,GB,Successful,5
4850,4850,2026-07-13 05:24:25,811.44,PayPal,CARD-001380-1,NL,Successful,1
4851,4851,2026-01-16 09:27:43,495.23,PayPal,CARD-001281-2,DE,Successful,4
4852,4852,2025-05-01 16:42:21,826.31,Visa,CARD-000169-1,GR,Failed,0
4853,4853,2026-04-16 17:28:15,73.32,PayPal,CARD-SHARED-002,FR,Successful,3
4854,4854,2026-06-19 09:41:17,1116.85,Visa,CARD-001487-1,IT,Successful,0
4855,4855,2026-01-20 10:12:56,975.46,Amex,CARD-SHARED-021,NL,Successful,0
4856,4856,2025-09-27 18:29:13,509.85,Amex,CARD-001428-2,RO,Successful,0
4857,4857,2026-06-16 02:32:13,147.32,Amex,CARD-SHARED-079,GR,Successful,0
4858,4858,2025-07-07 06:04:49,144.96,Amex,CARD-001750-1,IT,Successful,0
4859,4859,2025-05-15 07:26:47,765.50,Amex,CARD-000748-2,NG,Successful,0
4860,4860,2025-02-05 23:41:51,1903.63,Mastercard,CARD-002000-1,GR,Successful,0
4861,4861,2026-03-19 18:41:44,421.27,Mastercard,CARD-001942-1,DE,Successful,0
4862,4862,2026-04-21 13:20:55,375.51,Amex,CARD-000469-1,AE,Successful,1
4863,4863,2026-06-12 11:53:52,1483.56,Visa,CARD-001338-2,GB,Successful,0
4864,4864,2026-04-08 02:48:01,1259.78,PayPal,CARD-001165-1,GR,Successful,5
4865,4865,2026-04-12 17:18:03,1137.69,Mastercard,CARD-000886-2,DE,Successful,0
4866,4866,2025-09-20 22:57:14,177.34,Mastercard,CARD-000304-1,FR,Successful,0
4867,4867,2026-05-14 06:04:46,654.24,Amex,CARD-SHARED-099,GR,Successful,0
4868,4868,2026-04-13 18:07:21,842.31,PayPal,CARD-SHARED-097,US,Successful,0
4869,4869,2026-05-26 04:55:52,1761.48,Amex,CARD-001345-1,US,Successful,0
4870,4870,2026-06-25 09:59:04,409.63,Visa,CARD-001181-1,AL,Refunded,0
4871,4871,2025-10-04 09:49:19,1978.83,Amex,CARD-000988-2,RO,Successful,0
4872,4872,2025-08-22 17:22:06,981.19,Mastercard,CARD-001884-2,DE,Successful,5
4873,4873,2026-02-11 23:41:05,154.02,PayPal,CARD-001744-2,RO,Successful,0
4874,4874,2025-12-20 17:37:06,1328.00,Visa,CARD-001458-1,DE,Successful,3
4875,4875,2026-02-14 08:24:05,1498.29,Visa,CARD-000925-2,FR,Failed,0
4876,4876,2026-07-06 22:21:03,1330.03,Visa,CARD-000950-2,AL,Successful,0
4877,4877,2025-12-04 08:40:50,456.01,PayPal,CARD-000242-1,NL,Successful,0
4878,4878,2026-05-08 07:41:02,680.39,PayPal,CARD-000854-1,RO,Successful,2
4879,4879,2025-03-04 09:24:05,367.08,Amex,CARD-000517-2,AL,Successful,0
4880,4880,2026-03-07 07:05:41,1089.64,Mastercard,CARD-000906-2,AE,Successful,5
4881,4881,2026-05-02 17:39:16,1065.05,Visa,CARD-SHARED-027,US,Successful,0
4882,4882,2025-12-25 13:11:23,1336.36,Mastercard,CARD-000176-1,DE,Successful,0
4883,4883,2025-12-01 08:02:23,583.91,Mastercard,CARD-000276-1,AL,Successful,0
4884,4884,2025-07-16 12:52:41,541.19,PayPal,CARD-000255-1,NL,Successful,4
4885,4885,2026-04-01 04:47:05,1454.70,Mastercard,CARD-000624-2,RO,Successful,0
4886,4886,2025-09-26 22:39:47,158.69,PayPal,CARD-SHARED-016,NL,Successful,0
4887,4887,2025-03-17 02:08:07,875.17,PayPal,CARD-000372-2,RO,Successful,0
4888,4888,2025-05-18 05:46:51,264.98,PayPal,CARD-001030-1,NG,Successful,0
4889,4889,2025-08-04 02:50:53,453.23,PayPal,CARD-000423-2,NG,Successful,5
4890,4890,2026-06-09 10:33:49,415.92,Visa,CARD-001152-1,GR,Successful,0
4891,4891,2025-03-18 22:43:50,182.74,PayPal,CARD-000855-1,NL,Successful,0
4892,4892,2025-12-05 17:44:04,1475.24,Visa,CARD-001081-1,US,Successful,0
4893,4893,2026-06-28 05:24:23,1675.77,Visa,CARD-SHARED-038,ES,Successful,0
4894,4894,2025-12-08 22:02:35,2425.74,Visa,CARD-001389-2,NG,Successful,0
4895,4895,2025-04-08 17:49:36,476.78,PayPal,CARD-001220-1,DE,Failed,4
4896,4896,2025-11-01 18:47:15,294.51,Visa,CARD-001848-1,DE,Successful,0
4897,4897,2026-07-02 04:33:50,169.79,Amex,CARD-001814-1,US,Successful,0
4898,4898,2025-07-07 18:30:24,652.60,Amex,CARD-001670-2,NL,Successful,0
4899,4899,2025-05-26 23:08:24,263.91,Visa,CARD-000579-1,GR,Successful,0
4900,4900,2026-03-19 13:57:08,1874.26,Amex,CARD-000679-1,ES,Successful,1
4901,4901,2025-09-25 10:12:22,2173.79,Visa,CARD-FRAUD-012,AE,Successful,8
4902,4902,2026-04-18 22:54:56,1141.04,Amex,CARD-000394-1,NL,Successful,0
4903,4903,2025-03-11 11:18:51,104.39,Mastercard,CARD-001708-2,AL,Successful,4
4904,4904,2026-05-23 21:27:30,861.80,Visa,CARD-001884-1,FR,Successful,0
4905,4905,2026-04-25 14:37:24,299.52,Mastercard,CARD-000030-1,IT,Successful,0
4906,4906,2026-01-13 15:14:24,1084.29,Amex,CARD-000456-2,RO,Successful,0
4907,4907,2025-10-16 19:50:40,955.01,PayPal,CARD-SHARED-059,GR,Successful,0
4908,4908,2025-03-23 01:44:16,2546.41,Mastercard,CARD-001043-1,NG,Successful,0
4909,4909,2025-12-20 14:16:22,1475.67,Amex,CARD-001379-1,FR,Failed,0
4910,4910,2026-05-29 17:29:44,1889.56,Mastercard,CARD-SHARED-061,GR,Successful,0
4911,4911,2026-03-24 03:03:50,1662.73,Visa,CARD-000320-1,FR,Successful,0
4912,4912,2026-02-11 20:34:31,1129.88,Amex,CARD-SHARED-049,IT,Failed,2
4913,4913,2025-05-18 09:21:46,757.99,Visa,CARD-001277-2,FR,Successful,0
4914,4914,2025-10-25 00:02:02,662.08,PayPal,CARD-001861-2,IT,Successful,0
4915,4915,2026-03-03 20:39:09,1404.07,Amex,CARD-SHARED-016,IT,Successful,0
4916,4916,2026-04-20 23:47:49,1484.75,Mastercard,CARD-001926-2,NG,Successful,0
4917,4917,2025-05-23 15:54:37,698.88,PayPal,CARD-000617-1,RO,Successful,0
4918,4918,2026-06-06 23:15:22,2437.96,Amex,CARD-000892-2,IT,Successful,2
4919,4919,2026-05-29 18:13:46,507.25,Mastercard,CARD-001850-2,NL,Successful,4
4920,4920,2026-07-17 22:35:53,70.71,Mastercard,CARD-SHARED-004,ES,Successful,0
4921,4921,2025-05-01 07:55:58,1951.94,Mastercard,CARD-001956-1,DE,Successful,0
4922,4922,2026-05-27 07:10:14,924.28,Amex,CARD-000815-1,NG,Successful,0
4923,4923,2025-04-13 22:38:50,856.44,Visa,CARD-000549-2,RO,Successful,0
4924,4924,2025-08-15 22:49:54,1252.99,Amex,CARD-000078-1,RO,Successful,3
4925,4925,2026-01-11 01:41:02,1011.63,Visa,CARD-001473-2,IT,Successful,0
4926,4926,2026-03-15 21:13:12,1145.88,Visa,CARD-001006-2,IT,Successful,2
4927,4927,2026-06-18 18:39:13,720.13,Visa,CARD-000722-1,AE,Successful,2
4928,4928,2026-06-06 18:39:43,2298.11,PayPal,CARD-FRAUD-010,RO,Successful,7
4929,4929,2025-12-19 02:07:17,500.20,Amex,CARD-001952-2,NG,Successful,0
4930,4930,2026-07-12 03:01:21,1099.98,PayPal,CARD-001632-2,US,Successful,2
4931,4931,2026-04-06 19:57:51,488.31,Mastercard,CARD-001024-2,GR,Successful,0
4932,4932,2025-08-11 01:32:40,712.91,PayPal,CARD-001680-1,GB,Successful,0
4933,4933,2026-03-12 02:35:44,2156.98,PayPal,CARD-000960-1,AE,Successful,4
4934,4934,2026-03-14 01:16:07,2455.69,PayPal,CARD-000846-2,GR,Successful,0
4935,4935,2025-04-21 03:26:55,454.59,PayPal,CARD-FRAUD-015,AE,Successful,1
4936,4936,2026-07-17 09:53:13,1197.03,Mastercard,CARD-000979-2,ES,Successful,0
4937,4937,2026-06-22 06:04:19,1380.17,Visa,CARD-001748-2,IT,Failed,1
4938,4938,2025-02-21 07:28:04,2111.31,Visa,CARD-001140-2,AL,Successful,3
4939,4939,2025-03-30 06:01:02,2524.83,Visa,CARD-001585-2,NG,Successful,1
4940,4940,2026-06-29 06:48:57,1963.74,Mastercard,CARD-SHARED-028,GB,Successful,0
4941,4941,2026-05-09 08:44:09,811.32,PayPal,CARD-001936-1,ES,Successful,0
4942,4942,2026-05-07 18:17:12,477.95,Visa,CARD-000499-1,GR,Successful,0
4943,4943,2025-08-28 14:57:48,1836.26,Visa,CARD-SHARED-061,US,Successful,0
4944,4944,2026-06-04 08:39:34,953.83,PayPal,CARD-001431-1,FR,Successful,0
4945,4945,2026-04-28 04:41:32,1036.29,Visa,CARD-000967-1,DE,Successful,0
4946,4946,2026-02-03 03:49:39,794.22,Mastercard,CARD-000795-1,GR,Successful,0
4947,4947,2025-10-15 15:40:49,1273.82,Mastercard,CARD-000238-2,NL,Successful,0
4948,4948,2025-12-06 12:02:11,2335.18,Visa,CARD-SHARED-044,AL,Successful,0
4949,4949,2026-06-23 08:40:40,1337.35,Mastercard,CARD-000966-2,IT,Successful,0
4950,4950,2025-10-13 02:44:54,139.14,Mastercard,CARD-000932-2,RO,Successful,1
4951,4951,2025-09-25 00:01:30,1315.40,Visa,CARD-000173-2,GR,Successful,1
4952,4952,2025-12-14 09:09:59,400.94,Amex,CARD-000614-2,NG,Successful,1
4953,4953,2025-08-13 16:48:38,1061.74,PayPal,CARD-SHARED-089,AL,Successful,0
4954,4954,2025-11-23 22:46:11,1381.06,PayPal,CARD-000188-1,IT,Successful,0
4955,4955,2026-06-26 18:31:19,619.39,Mastercard,CARD-000518-1,NL,Failed,0
4956,4956,2026-06-11 03:40:48,1029.70,Amex,CARD-000560-2,AE,Successful,0
4957,4957,2026-06-26 04:10:54,2199.86,Visa,CARD-001597-1,ES,Successful,0
4958,4958,2025-08-10 23:08:07,464.05,Amex,CARD-001928-2,FR,Successful,2
4959,4959,2025-04-06 20:22:27,702.74,Visa,CARD-001538-2,RO,Successful,0
4960,4960,2026-05-24 15:00:35,550.41,Amex,CARD-001739-2,DE,Successful,0
4961,4961,2025-09-28 10:17:59,73.44,Mastercard,CARD-000276-1,AL,Successful,0
4962,4962,2026-05-10 22:51:52,847.49,PayPal,CARD-SHARED-076,NL,Successful,1
4963,4963,2025-03-09 06:30:24,295.24,Visa,CARD-001633-2,NG,Successful,0
4964,4964,2025-03-17 04:41:30,3030.72,PayPal,CARD-001950-2,FR,Successful,8
4965,4965,2026-07-10 22:21:25,1192.51,Visa,CARD-001080-1,GB,Successful,5
4966,4966,2026-06-15 13:17:35,3189.77,Visa,CARD-000141-2,GR,Successful,8
4967,4967,2025-06-27 18:25:36,1340.22,PayPal,CARD-000295-1,IT,Successful,1
4968,4968,2026-03-26 23:41:33,1497.58,PayPal,CARD-SHARED-055,FR,Successful,0
4969,4969,2025-12-27 16:07:12,1153.48,Mastercard,CARD-001390-1,AL,Successful,0
4970,4970,2026-02-11 11:39:44,1050.84,PayPal,CARD-001284-2,NG,Successful,0
4971,4971,2025-11-13 03:57:51,1341.39,Visa,CARD-001504-1,AL,Successful,5
4972,4972,2026-03-12 21:07:18,683.25,Mastercard,CARD-SHARED-038,GB,Successful,0
4973,4973,2025-07-04 02:34:20,1150.98,Visa,CARD-000969-1,NG,Failed,0
4974,4974,2025-06-29 22:56:43,1072.64,PayPal,CARD-SHARED-001,US,Refunded,0
4975,4975,2025-06-24 04:29:51,1026.75,PayPal,CARD-000150-1,NG,Successful,0
4976,4976,2025-11-26 02:46:41,215.69,Mastercard,CARD-001523-2,AL,Successful,0
4977,4977,2026-03-04 22:47:41,439.23,Visa,CARD-000113-1,GR,Failed,0
4978,4978,2026-03-11 07:01:56,472.63,Mastercard,CARD-001395-2,NL,Successful,0
4979,4979,2026-01-08 14:09:34,1636.30,PayPal,CARD-001528-1,NL,Successful,2
4980,4980,2025-07-06 06:51:27,700.68,PayPal,CARD-SHARED-076,AE,Successful,0
4981,4981,2025-03-19 07:07:24,1584.05,Visa,CARD-000798-2,IT,Successful,5
4982,4982,2025-06-07 07:09:14,3038.09,Visa,CARD-FRAUD-025,GB,Successful,7
4983,4983,2026-02-21 09:38:04,1434.62,PayPal,CARD-SHARED-018,DE,Successful,0
4984,4984,2026-06-15 04:26:22,264.77,PayPal,CARD-001988-2,NG,Successful,0
4985,4985,2025-03-29 04:28:28,703.73,Visa,CARD-001306-2,DE,Successful,5
4986,4986,2026-03-14 05:12:10,1477.04,Mastercard,CARD-001385-2,ES,Successful,0
4987,4987,2026-03-28 07:54:25,899.69,Mastercard,CARD-000342-2,DE,Successful,0
4988,4988,2026-03-03 23:01:22,1460.09,Amex,CARD-001976-1,DE,Successful,0
4989,4989,2026-02-19 18:35:39,150.58,Visa,CARD-001280-2,GR,Refunded,0
4990,4990,2025-04-25 11:58:40,1007.22,PayPal,CARD-001673-2,AL,Failed,1
4991,4991,2025-03-23 17:50:14,364.05,PayPal,CARD-001331-2,ES,Successful,1
4992,4992,2026-02-12 15:10:05,755.27,PayPal,CARD-000417-2,FR,Successful,5
4993,4993,2026-07-17 21:39:10,1094.04,PayPal,CARD-000134-1,AL,Successful,4
4994,4994,2025-12-15 08:41:42,331.92,Mastercard,CARD-001895-1,DE,Successful,3
4995,4995,2026-02-08 21:44:23,269.65,PayPal,CARD-001580-2,IT,Successful,0
4996,4996,2025-02-20 01:41:40,182.43,Amex,CARD-000349-1,US,Successful,0
4997,4997,2026-04-07 14:49:00,196.54,Visa,CARD-000096-1,AL,Successful,1
4998,4998,2026-03-19 20:43:02,1573.65,PayPal,CARD-FRAUD-003,NG,Successful,6
4999,4999,2025-03-05 18:12:02,98.96,Mastercard,CARD-000657-2,DE,Successful,1
5000,5000,2025-01-21 04:21:30,879.85,PayPal,CARD-000205-2,ES,Successful,0
5001,5001,2026-01-05 14:54:59,391.56,Amex,CARD-000129-1,AL,Successful,1
5002,5002,2026-02-27 18:30:12,997.28,PayPal,CARD-001810-2,AE,Successful,3
5003,5003,2026-01-06 20:29:11,615.45,Visa,CARD-SHARED-004,AE,Successful,0
5004,5004,2026-06-21 02:39:45,1106.14,Amex,CARD-001056-1,NL,Successful,0
5005,5005,2026-06-13 00:14:39,1285.69,Amex,CARD-001026-1,AL,Successful,0
5006,5006,2025-12-12 14:07:14,712.94,PayPal,CARD-001373-2,NG,Successful,5
5007,5007,2025-08-30 04:32:36,872.34,Amex,CARD-001915-1,AL,Successful,1
5008,5008,2026-05-21 06:44:34,2907.62,Mastercard,CARD-FRAUD-017,AE,Successful,6
5009,5009,2026-03-31 09:33:43,686.67,Amex,CARD-000652-1,RO,Successful,0
5010,5010,2025-02-27 21:32:54,591.90,Mastercard,CARD-000283-2,NL,Successful,0
5011,5011,2025-09-23 03:01:02,2554.18,Visa,CARD-001131-1,AE,Successful,0
5012,5012,2025-04-16 18:18:25,361.80,Mastercard,CARD-001218-1,RO,Successful,0
5013,5013,2025-01-28 10:32:40,2052.03,Amex,CARD-FRAUD-002,GB,Successful,4
5014,5014,2025-11-26 03:12:29,110.62,Visa,CARD-001964-2,NG,Successful,0
5015,5015,2026-06-02 00:18:15,1266.41,Amex,CARD-000789-1,RO,Successful,0
5016,5016,2025-11-26 09:01:55,1459.26,PayPal,CARD-001746-1,IT,Successful,0
5017,5017,2026-05-21 20:02:34,943.56,PayPal,CARD-000950-2,AL,Successful,0
5018,5018,2025-07-19 21:18:34,2190.73,Amex,CARD-001912-1,NG,Successful,8
5019,5019,2025-04-22 01:32:57,1428.61,Visa,CARD-000588-2,AE,Successful,2
5020,5020,2026-05-09 01:01:50,2102.28,PayPal,CARD-001908-1,FR,Successful,0
5021,5021,2025-11-30 19:00:46,828.09,Amex,CARD-000329-1,GR,Successful,1
5022,5022,2026-03-10 07:05:18,1250.60,Amex,CARD-000702-2,FR,Refunded,0
5023,5023,2025-10-17 09:55:08,169.63,Mastercard,CARD-001882-2,FR,Successful,0
5024,5024,2025-03-05 14:29:45,990.71,Visa,CARD-000339-1,RO,Successful,0
5025,5025,2026-06-15 21:18:18,1070.00,Amex,CARD-000707-2,NL,Successful,0
5026,5026,2026-01-25 13:27:39,1478.26,Visa,CARD-SHARED-057,DE,Successful,1
5027,5027,2025-01-28 12:23:38,2539.67,PayPal,CARD-000861-2,NL,Successful,1
5028,5028,2026-02-21 20:59:18,686.94,Amex,CARD-001993-1,NL,Successful,1
5029,5029,2025-09-03 23:07:22,1007.13,PayPal,CARD-001263-2,GR,Refunded,0
5030,5030,2026-01-20 12:32:37,596.01,Mastercard,CARD-001716-2,GB,Successful,0
5031,5031,2026-03-23 20:31:46,1420.24,Mastercard,CARD-001745-2,NL,Successful,1
5032,5032,2026-04-10 16:29:19,230.67,Mastercard,CARD-SHARED-085,US,Successful,0
5033,5033,2026-06-14 13:28:06,538.88,Mastercard,CARD-001811-1,GR,Successful,2
5034,5034,2026-07-09 14:02:47,148.00,Amex,CARD-001356-1,IT,Successful,0
5035,5035,2026-04-27 14:24:39,2409.96,Amex,CARD-001890-2,DE,Successful,2
5036,5036,2025-12-05 19:20:44,1497.49,Visa,CARD-SHARED-086,GR,Successful,0
5037,5037,2025-05-02 12:13:29,194.96,Mastercard,CARD-000725-1,GR,Successful,3
5038,5038,2026-01-06 00:15:26,150.08,Visa,CARD-SHARED-090,NG,Successful,0
5039,5039,2026-05-31 23:37:46,386.29,Visa,CARD-000726-1,AE,Successful,0
5040,5040,2025-12-29 04:24:16,296.76,PayPal,CARD-000131-1,RO,Successful,0
5041,5041,2025-07-22 17:27:05,381.81,Amex,CARD-000848-1,NG,Successful,1
5042,5042,2025-11-15 07:29:54,819.96,Mastercard,CARD-000260-1,ES,Successful,0
5043,5043,2025-12-01 14:16:40,415.92,Mastercard,CARD-000963-2,NG,Successful,3
5044,5044,2026-02-05 10:31:11,1732.19,Visa,CARD-FRAUD-022,FR,Successful,7
5045,5045,2026-05-11 13:13:38,1176.23,Visa,CARD-001407-1,DE,Successful,0
5046,5046,2025-12-12 03:50:19,857.39,PayPal,CARD-000884-2,NL,Successful,0
5047,5047,2025-04-25 08:15:30,1182.59,PayPal,CARD-SHARED-098,NL,Successful,0
5048,5048,2026-05-23 04:41:14,1707.38,Amex,CARD-SHARED-081,AE,Successful,0
5049,5049,2025-03-28 15:23:52,1028.13,Mastercard,CARD-001146-2,NL,Successful,0
5050,5050,2025-11-17 23:11:53,590.69,PayPal,CARD-SHARED-002,GR,Successful,0
5051,5051,2026-04-25 19:48:24,550.48,PayPal,CARD-000768-2,RO,Successful,2
5052,5052,2025-10-22 04:41:38,604.30,Mastercard,CARD-000571-1,GB,Successful,0
5053,5053,2025-06-21 12:01:06,872.76,PayPal,CARD-001131-1,NG,Successful,0
5054,5054,2026-02-27 01:00:41,642.48,Amex,CARD-000266-1,DE,Successful,0
5055,5055,2026-04-29 16:52:13,653.77,Visa,CARD-000857-1,IT,Successful,0
5056,5056,2026-06-17 11:41:08,715.53,Visa,CARD-000836-2,IT,Refunded,1
5057,5057,2026-02-27 21:45:05,1035.95,Amex,CARD-000346-1,RO,Successful,1
5058,5058,2026-05-03 21:37:33,398.95,PayPal,CARD-000439-2,GR,Successful,0
5059,5059,2025-12-01 15:13:41,2685.52,Amex,CARD-FRAUD-003,AE,Successful,0
5060,5060,2025-10-16 21:15:47,1344.43,Mastercard,CARD-000798-1,ES,Successful,0
5061,5061,2026-04-23 14:01:21,637.11,Amex,CARD-001442-2,IT,Successful,1
5062,5062,2025-11-07 20:05:34,640.67,Visa,CARD-SHARED-061,US,Successful,0
5063,5063,2026-07-07 17:19:46,2175.52,Amex,CARD-001003-1,IT,Refunded,0
5064,5064,2026-04-28 10:49:45,147.64,Mastercard,CARD-000601-2,ES,Successful,0
5065,5065,2025-03-15 20:56:02,1140.19,Visa,CARD-000302-1,GB,Successful,0
5066,5066,2026-02-23 12:39:45,267.38,Mastercard,CARD-001705-1,DE,Successful,0
5067,5067,2025-10-26 16:15:43,2112.81,Visa,CARD-FRAUD-020,FR,Successful,6
5068,5068,2026-05-21 20:11:37,2432.06,Visa,CARD-FRAUD-024,NL,Successful,0
5069,5069,2026-05-30 13:35:56,1253.12,Visa,CARD-SHARED-031,US,Successful,0
5070,5070,2026-04-08 20:22:07,1279.27,Visa,CARD-001537-1,GR,Successful,0
5071,5071,2025-09-25 09:28:42,1429.70,PayPal,CARD-000948-1,GR,Successful,1
5072,5072,2026-07-19 09:24:16,708.00,Amex,CARD-001609-2,NG,Successful,0
5073,5073,2026-02-03 17:05:51,868.33,PayPal,CARD-SHARED-094,ES,Successful,0
5074,5074,2025-07-04 16:51:58,86.03,PayPal,CARD-001403-1,NL,Successful,2
5075,5075,2025-07-19 05:14:53,1372.48,Mastercard,CARD-000505-1,RO,Successful,0
5076,5076,2025-09-14 06:42:39,347.56,Visa,CARD-000872-1,GB,Successful,0
5077,5077,2026-04-10 23:37:12,437.85,Visa,CARD-001744-2,RO,Successful,0
5078,5078,2025-08-30 14:40:33,1363.35,PayPal,CARD-SHARED-098,ES,Successful,0
5079,5079,2026-05-30 03:06:13,2016.96,Visa,CARD-FRAUD-022,AE,Successful,7
5080,5080,2025-09-23 00:07:29,2203.52,Amex,CARD-001992-2,IT,Successful,0
5081,5081,2025-11-13 16:18:16,716.97,Amex,CARD-001257-1,ES,Successful,1
5082,5082,2025-08-31 20:51:49,685.75,Amex,CARD-001944-2,IT,Successful,0
5083,5083,2025-06-22 01:52:52,1020.16,Amex,CARD-000069-1,IT,Successful,0
5084,5084,2026-01-26 11:52:55,1462.56,Mastercard,CARD-000714-1,GB,Successful,0
5085,5085,2026-05-26 14:11:36,670.61,Visa,CARD-001448-1,US,Successful,0
5086,5086,2026-04-16 20:30:01,1342.80,Amex,CARD-000576-1,US,Successful,3
5087,5087,2025-12-06 19:53:18,1835.32,Mastercard,CARD-001958-1,GB,Successful,0
5088,5088,2026-02-18 12:09:21,300.98,PayPal,CARD-001632-1,IT,Successful,0
5089,5089,2025-12-28 09:45:07,503.14,Visa,CARD-000326-1,AE,Successful,0
5090,5090,2025-01-19 08:16:18,830.35,Visa,CARD-001044-1,GB,Successful,0
5091,5091,2026-06-24 11:22:15,530.31,Amex,CARD-000406-1,FR,Successful,3
5092,5092,2026-05-24 11:21:38,100.72,PayPal,CARD-001315-1,US,Successful,1
5093,5093,2026-01-03 00:24:58,133.59,PayPal,CARD-000605-1,US,Successful,0
5094,5094,2026-04-02 06:26:33,1316.56,Amex,CARD-000506-1,AL,Successful,0
5095,5095,2025-01-19 01:25:46,2578.02,Visa,CARD-FRAUD-014,AE,Successful,8
5096,5096,2025-12-19 17:20:31,963.42,Visa,CARD-000905-2,NG,Successful,0
5097,5097,2025-07-27 06:09:41,1122.00,Visa,CARD-001206-2,AL,Successful,0
5098,5098,2026-05-24 23:37:55,452.38,Amex,CARD-000604-1,FR,Successful,4
5099,5099,2025-10-18 01:27:03,1271.64,Amex,CARD-000490-1,NL,Successful,0
5100,5100,2026-06-11 16:39:31,194.64,PayPal,CARD-000439-2,GR,Successful,2
5101,5101,2025-11-08 11:44:50,1330.15,Visa,CARD-000325-1,AL,Successful,0
5102,5102,2026-06-30 13:57:07,681.69,Mastercard,CARD-001106-2,NL,Successful,0
5103,5103,2026-02-24 22:28:21,2059.19,PayPal,CARD-000404-2,US,Successful,0
5104,5104,2025-11-15 00:22:06,1444.83,Visa,CARD-000516-2,AE,Successful,0
5105,5105,2025-08-24 20:13:41,1808.78,Mastercard,CARD-001829-1,ES,Successful,0
5106,5106,2026-04-14 20:39:11,561.66,Amex,CARD-SHARED-100,IT,Successful,1
5107,5107,2025-06-06 01:20:05,1899.88,Visa,CARD-001134-1,GB,Successful,0
5108,5108,2025-05-19 01:03:17,266.63,Mastercard,CARD-001401-2,NG,Successful,0
5109,5109,2026-03-23 00:11:58,1229.44,Mastercard,CARD-000355-2,AE,Successful,0
5110,5110,2025-05-24 22:28:38,1426.45,Mastercard,CARD-000480-1,FR,Successful,0
5111,5111,2026-05-19 23:47:57,221.63,Amex,CARD-001647-1,NL,Successful,0
5112,5112,2026-07-04 02:51:08,792.15,PayPal,CARD-000582-2,NL,Successful,0
5113,5113,2026-06-08 23:46:25,2222.90,Visa,CARD-000314-1,ES,Successful,4
5114,5114,2025-08-12 12:31:19,204.95,Visa,CARD-000488-2,ES,Successful,0
5115,5115,2026-01-16 01:54:27,2098.50,Mastercard,CARD-000673-2,GB,Successful,0
5116,5116,2025-11-14 16:40:32,185.44,Amex,CARD-001455-1,ES,Successful,2
5117,5117,2025-12-25 22:01:22,349.86,Visa,CARD-001209-2,GB,Successful,4
5118,5118,2026-01-03 05:47:15,294.47,Visa,CARD-SHARED-090,FR,Successful,0
5119,5119,2025-04-21 16:03:23,399.87,PayPal,CARD-001173-2,AE,Successful,4
5120,5120,2026-02-16 11:37:35,1037.98,Mastercard,CARD-000806-2,IT,Successful,0
5121,5121,2026-05-23 01:06:12,1215.28,PayPal,CARD-001315-1,US,Successful,0
5122,5122,2026-03-14 17:24:21,269.33,Mastercard,CARD-001695-1,US,Successful,0
5123,5123,2026-05-05 07:06:18,1325.58,Visa,CARD-001731-1,GB,Successful,0
5124,5124,2026-05-28 23:10:22,2337.16,Mastercard,CARD-FRAUD-024,NL,Successful,0
5125,5125,2025-12-02 20:33:59,1157.94,PayPal,CARD-000898-1,NG,Successful,0
5126,5126,2026-01-08 10:19:48,862.40,Amex,CARD-000086-1,AE,Successful,1
5127,5127,2025-11-14 19:16:24,981.24,Amex,CARD-001990-1,ES,Successful,1
5128,5128,2026-04-13 21:54:22,353.43,Mastercard,CARD-001478-2,GB,Successful,1
5129,5129,2025-10-22 09:10:07,494.26,Amex,CARD-000889-1,DE,Failed,0
5130,5130,2025-12-04 19:49:54,1202.92,Amex,CARD-000574-2,NG,Successful,0
5131,5131,2025-12-17 04:12:54,889.04,Visa,CARD-000630-1,NL,Successful,0
5132,5132,2026-02-26 02:01:45,1393.29,Mastercard,CARD-000673-1,GB,Successful,1
5133,5133,2025-11-10 10:42:33,660.16,Visa,CARD-001235-2,GB,Successful,0
5134,5134,2026-07-08 13:13:36,1423.02,Visa,CARD-000194-2,GB,Successful,0
5135,5135,2025-10-16 13:31:50,1379.15,PayPal,CARD-SHARED-052,ES,Successful,0
5136,5136,2026-01-10 20:44:47,1282.57,Amex,CARD-000151-2,GR,Successful,0
5137,5137,2025-09-22 04:22:17,1803.79,Visa,CARD-001984-2,GB,Successful,4
5138,5138,2026-02-15 14:51:59,579.94,PayPal,CARD-000002-2,ES,Successful,0
5139,5139,2026-01-06 16:16:44,193.24,Visa,CARD-SHARED-064,GB,Successful,0
5140,5140,2025-11-17 10:13:51,206.70,Mastercard,CARD-000667-2,GR,Successful,0
5141,5141,2025-06-13 11:34:43,975.76,Mastercard,CARD-000851-2,NL,Successful,0
5142,5142,2026-06-14 05:34:52,721.41,PayPal,CARD-000854-1,RO,Successful,1
5143,5143,2025-04-19 07:16:00,834.43,PayPal,CARD-001994-1,AL,Successful,0
5144,5144,2025-09-01 22:01:16,923.31,Visa,CARD-000334-1,NL,Successful,0
5145,5145,2025-04-24 07:32:26,291.65,PayPal,CARD-001389-1,NG,Successful,0
5146,5146,2026-05-11 19:01:58,451.85,Visa,CARD-000744-1,US,Successful,3
5147,5147,2026-07-10 17:59:48,530.63,Amex,CARD-000639-1,IT,Successful,0
5148,5148,2025-04-17 17:24:08,818.01,Mastercard,CARD-001590-2,FR,Successful,0
5149,5149,2026-06-08 06:56:22,1005.66,PayPal,CARD-001935-1,IT,Successful,4
5150,5150,2026-06-30 13:45:58,1271.17,Visa,CARD-001692-2,AL,Successful,0
5151,5151,2025-04-09 19:23:20,1029.98,PayPal,CARD-000828-1,GB,Successful,4
5152,5152,2026-01-14 17:51:49,388.37,PayPal,CARD-000070-2,NG,Successful,0
5153,5153,2026-05-02 09:53:32,1253.43,Visa,CARD-000197-1,RO,Successful,1
5154,5154,2026-02-06 16:55:17,2495.26,Visa,CARD-FRAUD-026,DE,Successful,2
5155,5155,2026-07-11 23:28:53,96.83,Visa,CARD-001468-1,GR,Successful,0
5156,5156,2026-01-16 22:47:50,108.05,PayPal,CARD-000266-1,IT,Successful,0
5157,5157,2026-06-21 03:31:39,432.25,PayPal,CARD-000333-2,GB,Failed,0
5158,5158,2026-07-05 06:13:55,630.09,PayPal,CARD-001928-1,FR,Successful,0
5159,5159,2026-06-27 13:15:35,526.67,Amex,CARD-001631-1,DE,Successful,0
5160,5160,2026-05-11 23:26:05,205.75,Mastercard,CARD-001977-2,NG,Successful,0
5161,5161,2025-07-06 01:11:13,677.42,PayPal,CARD-000876-2,US,Successful,0
5162,5162,2025-10-29 20:15:29,910.94,PayPal,CARD-000827-2,US,Successful,0
5163,5163,2026-04-16 14:06:39,780.17,Amex,CARD-SHARED-018,DE,Successful,0
5164,5164,2026-05-23 15:38:49,186.22,PayPal,CARD-SHARED-062,DE,Successful,0
5165,5165,2025-03-23 13:05:09,634.15,PayPal,CARD-001951-1,NL,Successful,5
5166,5166,2025-12-08 09:55:02,1342.19,Amex,CARD-001300-2,RO,Successful,0
5167,5167,2025-07-15 00:37:58,2552.84,Amex,CARD-001815-1,GB,Successful,0
5168,5168,2025-07-01 05:57:57,673.25,PayPal,CARD-001851-1,GR,Successful,0
5169,5169,2026-05-07 01:54:03,311.58,Visa,CARD-000270-2,IT,Failed,0
5170,5170,2025-08-22 02:38:39,910.64,Visa,CARD-001507-1,GR,Successful,0
5171,5171,2026-04-10 14:06:41,1162.68,Amex,CARD-000703-1,GR,Successful,0
5172,5172,2026-05-14 21:51:41,2185.61,PayPal,CARD-FRAUD-006,AL,Successful,0
5173,5173,2025-11-14 15:02:10,101.02,Mastercard,CARD-SHARED-047,FR,Successful,0
5174,5174,2025-06-10 04:41:57,665.85,Amex,CARD-SHARED-028,FR,Successful,0
5175,5175,2025-08-26 02:37:05,588.69,Amex,CARD-000434-2,IT,Successful,0
5176,5176,2025-01-08 13:22:43,1574.19,Amex,CARD-000467-2,ES,Failed,0
5177,5177,2025-08-06 07:18:37,216.72,PayPal,CARD-000442-2,NG,Successful,4
5178,5178,2026-05-23 08:38:08,772.97,Mastercard,CARD-001655-2,IT,Successful,0
5179,5179,2025-10-12 22:09:22,87.80,Visa,CARD-000247-2,AE,Failed,0
5180,5180,2025-01-22 15:09:41,667.36,Amex,CARD-001855-1,ES,Successful,0
5181,5181,2025-04-09 03:35:37,340.41,Visa,CARD-001485-1,IT,Successful,0
5182,5182,2026-05-13 20:40:25,2463.76,PayPal,CARD-001747-2,RO,Failed,0
5183,5183,2026-04-18 05:39:10,957.65,Visa,CARD-001668-2,NG,Successful,0
5184,5184,2025-06-19 02:38:22,1403.75,Amex,CARD-001563-2,NL,Successful,0
5185,5185,2026-05-16 12:39:53,845.88,Amex,CARD-000105-2,RO,Successful,0
5186,5186,2025-08-10 08:24:02,1792.06,PayPal,CARD-001756-1,NG,Successful,0
5187,5187,2026-05-10 10:20:41,88.07,Amex,CARD-000533-1,GB,Successful,0
5188,5188,2026-05-13 22:31:01,1295.33,PayPal,CARD-001880-1,GB,Refunded,1
5189,5189,2026-06-01 18:19:00,942.59,PayPal,CARD-000863-1,ES,Successful,1
5190,5190,2025-03-27 15:57:26,428.92,Visa,CARD-001503-2,US,Successful,0
5191,5191,2026-03-06 15:10:06,2261.49,Amex,CARD-001786-1,IT,Successful,1
5192,5192,2026-03-07 07:22:07,751.93,Amex,CARD-000008-2,GR,Successful,1
5193,5193,2026-04-07 07:33:23,316.91,Mastercard,CARD-000122-1,US,Successful,0
5194,5194,2026-06-20 14:33:54,850.87,Visa,CARD-000616-1,DE,Successful,0
5195,5195,2026-05-02 06:25:55,1013.92,Amex,CARD-001452-1,IT,Successful,0
5196,5196,2026-04-07 09:28:16,280.30,Amex,CARD-000289-1,GB,Successful,0
5197,5197,2026-01-19 09:24:10,212.48,Mastercard,CARD-001597-1,ES,Successful,0
5198,5198,2026-06-01 08:07:55,198.30,Visa,CARD-000705-2,AL,Successful,0
5199,5199,2026-01-11 14:01:29,414.07,Amex,CARD-001352-1,NG,Successful,0
5200,5200,2025-05-30 19:05:57,2197.07,Visa,CARD-001190-2,GR,Successful,5
5201,5201,2026-05-24 14:44:37,1472.47,Visa,CARD-000781-2,GR,Successful,1
5202,5202,2025-06-06 19:13:41,780.55,Amex,CARD-000068-1,FR,Successful,0
5203,5203,2025-10-01 14:00:43,1109.03,Amex,CARD-001269-1,GR,Successful,0
5204,5204,2026-07-14 21:41:00,2214.85,Visa,CARD-000713-1,AE,Successful,0
5205,5205,2025-11-10 20:15:19,435.41,PayPal,CARD-001021-1,NL,Successful,0
5206,5206,2025-02-25 03:58:51,736.04,PayPal,CARD-SHARED-026,US,Successful,0
5207,5207,2026-06-21 04:47:33,1131.48,PayPal,CARD-001468-2,IT,Successful,5
5208,5208,2025-10-17 13:51:12,1259.59,Mastercard,CARD-000174-1,NL,Successful,0
5209,5209,2025-11-19 18:57:49,615.33,Visa,CARD-001466-2,IT,Successful,0
5210,5210,2026-07-13 11:09:20,378.51,Amex,CARD-001272-1,RO,Successful,0
5211,5211,2025-07-16 04:53:32,516.27,PayPal,CARD-001662-1,RO,Successful,0
5212,5212,2025-07-17 03:45:06,2553.43,PayPal,CARD-001803-1,NG,Successful,0
5213,5213,2026-03-02 12:03:26,226.98,Mastercard,CARD-001721-1,NL,Successful,4
5214,5214,2025-05-20 08:49:15,1355.33,Visa,CARD-000559-2,GB,Successful,0
5215,5215,2025-04-13 19:11:43,269.52,Visa,CARD-SHARED-053,IT,Successful,0
5216,5216,2025-05-26 03:48:15,2423.23,PayPal,CARD-000892-1,IT,Successful,0
5217,5217,2025-09-11 03:20:53,1035.94,PayPal,CARD-000015-1,NG,Successful,0
5218,5218,2026-04-20 06:34:17,187.37,Mastercard,CARD-001057-1,DE,Successful,4
5219,5219,2026-03-11 04:34:44,2511.82,PayPal,CARD-000365-2,IT,Successful,0
5220,5220,2026-07-06 14:16:15,575.47,Mastercard,CARD-000096-2,ES,Failed,1
5221,5221,2025-04-09 09:50:19,1156.28,Visa,CARD-000362-1,IT,Successful,1
5222,5222,2025-02-19 13:21:32,3001.83,Amex,CARD-FRAUD-018,NL,Successful,3
5223,5223,2025-04-05 18:51:05,473.70,Amex,CARD-000540-2,NL,Successful,0
5224,5224,2025-12-03 04:52:35,1485.99,PayPal,CARD-001497-2,RO,Successful,5
5225,5225,2026-07-12 13:05:42,997.72,Amex,CARD-000887-1,FR,Successful,0
5226,5226,2025-10-23 17:20:19,335.29,Mastercard,CARD-000529-1,AL,Successful,0
5227,5227,2026-04-12 21:11:34,1472.54,Visa,CARD-000692-2,IT,Successful,0
5228,5228,2025-03-15 14:37:40,2293.07,PayPal,CARD-001612-1,NG,Successful,0
5229,5229,2025-04-18 20:38:42,1027.50,PayPal,CARD-000022-2,ES,Successful,0
5230,5230,2026-04-10 20:20:18,1104.65,Mastercard,CARD-000451-1,RO,Successful,1
5231,5231,2025-09-02 11:12:55,337.65,Amex,CARD-SHARED-051,FR,Successful,0
5232,5232,2025-05-02 00:48:17,476.42,Amex,CARD-000570-1,ES,Successful,0
5233,5233,2026-07-05 08:58:19,921.07,Amex,CARD-001830-1,RO,Successful,3
5234,5234,2025-11-08 07:56:49,219.63,Mastercard,CARD-001513-2,FR,Successful,0
5235,5235,2025-04-12 13:22:19,645.48,Mastercard,CARD-001214-2,RO,Failed,0
5236,5236,2026-02-25 12:27:05,2438.13,Amex,CARD-000046-1,IT,Successful,0
5237,5237,2025-12-18 18:13:49,774.28,Visa,CARD-000089-1,NL,Successful,0
5238,5238,2025-07-08 17:08:01,1306.31,Visa,CARD-001808-1,GB,Successful,0
5239,5239,2025-02-08 09:27:08,1120.71,Visa,CARD-000209-2,DE,Successful,0
5240,5240,2026-01-11 03:29:34,298.01,PayPal,CARD-000973-1,GR,Successful,0
5241,5241,2026-05-07 12:11:25,824.27,Amex,CARD-000202-1,IT,Successful,1
5242,5242,2026-06-11 13:57:41,2177.21,PayPal,CARD-001048-2,AL,Successful,0
5243,5243,2026-06-17 16:16:01,1267.25,Visa,CARD-001896-2,NG,Successful,0
5244,5244,2025-12-25 16:21:01,1083.93,Visa,CARD-000702-2,RO,Successful,1
5245,5245,2026-02-07 08:59:29,1280.65,PayPal,CARD-001196-2,US,Successful,0
5246,5246,2026-07-04 05:17:10,2517.05,PayPal,CARD-001804-2,GB,Successful,0
5247,5247,2026-07-14 09:55:14,505.87,Visa,CARD-000745-1,NL,Successful,0
5248,5248,2025-11-08 04:48:07,1115.98,PayPal,CARD-000585-2,US,Successful,0
5249,5249,2025-01-18 17:50:17,766.50,Amex,CARD-000229-2,NG,Successful,0
5250,5250,2025-05-25 09:03:21,472.18,Visa,CARD-001333-1,US,Successful,0
5251,5251,2026-07-13 11:47:51,1740.86,Visa,CARD-001256-2,IT,Successful,0
5252,5252,2025-07-17 08:06:18,521.92,PayPal,CARD-000048-1,FR,Successful,0
5253,5253,2025-05-23 20:31:47,1479.71,Mastercard,CARD-000848-2,NG,Successful,0
5254,5254,2025-10-31 18:10:12,715.69,Visa,CARD-001047-1,AE,Successful,0
5255,5255,2026-03-27 12:23:44,1472.89,Mastercard,CARD-001431-2,RO,Successful,0
5256,5256,2026-01-24 16:32:08,690.82,Amex,CARD-001489-1,AL,Successful,0
5257,5257,2025-12-02 18:07:30,1173.11,Mastercard,CARD-000024-2,ES,Failed,0
5258,5258,2025-06-08 15:34:29,526.40,Visa,CARD-000052-1,AL,Successful,0
5259,5259,2025-12-05 01:53:50,828.67,Mastercard,CARD-001335-1,GR,Successful,0
5260,5260,2025-10-31 22:21:47,940.13,Amex,CARD-001763-1,NL,Successful,0
5261,5261,2026-04-15 05:15:05,928.84,Amex,CARD-001849-1,DE,Successful,4
5262,5262,2026-01-16 05:55:54,3113.65,PayPal,CARD-FRAUD-002,AL,Successful,7
5263,5263,2026-06-11 12:56:39,2309.84,Amex,CARD-001343-1,RO,Successful,0
5264,5264,2025-04-13 04:35:13,965.44,Amex,CARD-001492-2,GR,Successful,0
5265,5265,2026-06-22 08:28:37,356.36,Amex,CARD-000232-1,NL,Successful,0
5266,5266,2026-07-09 10:00:42,1229.11,Visa,CARD-000022-2,ES,Successful,0
5267,5267,2025-06-28 15:33:23,739.98,PayPal,CARD-000406-2,US,Successful,0
5268,5268,2026-06-29 01:33:49,704.77,PayPal,CARD-001412-2,FR,Successful,2
5269,5269,2025-03-26 19:42:23,1030.94,Amex,CARD-000145-1,NG,Successful,0
5270,5270,2025-12-29 10:16:37,194.75,Mastercard,CARD-SHARED-052,FR,Successful,0
5271,5271,2026-05-13 23:06:28,80.59,PayPal,CARD-001539-2,IT,Successful,0
5272,5272,2026-06-23 09:28:33,870.22,Amex,CARD-001326-1,FR,Failed,0
5273,5273,2025-09-03 22:37:35,196.97,PayPal,CARD-001825-2,NG,Successful,4
5274,5274,2026-06-04 06:54:24,317.42,Visa,CARD-001046-2,ES,Failed,2
5275,5275,2025-08-04 00:50:31,624.88,Amex,CARD-000012-2,AE,Failed,0
5276,5276,2025-03-07 14:01:03,1418.70,Visa,CARD-001852-1,GR,Successful,0
5277,5277,2025-10-11 14:02:38,709.73,PayPal,CARD-001981-1,NG,Successful,0
5278,5278,2025-01-28 12:52:50,283.58,PayPal,CARD-000784-2,RO,Successful,0
5279,5279,2026-04-08 11:10:30,1277.69,Amex,CARD-000649-1,RO,Successful,0
5280,5280,2025-10-16 08:19:13,556.06,PayPal,CARD-000237-2,NG,Successful,0
5281,5281,2026-01-10 22:36:54,1058.76,Mastercard,CARD-001769-1,US,Successful,4
5282,5282,2025-08-15 16:03:27,620.77,Visa,CARD-001817-2,ES,Failed,0
5283,5283,2025-09-23 22:34:09,192.66,Amex,CARD-SHARED-037,GB,Successful,0
5284,5284,2026-03-09 00:09:13,1053.22,Amex,CARD-001699-1,GB,Successful,1
5285,5285,2026-07-04 12:48:37,3101.33,Amex,CARD-FRAUD-015,ES,Successful,3
5286,5286,2025-12-22 19:00:03,1005.76,Mastercard,CARD-000785-1,GB,Successful,0
5287,5287,2025-02-22 22:13:04,488.06,Amex,CARD-001120-2,GR,Successful,4
5288,5288,2026-05-09 05:05:32,973.19,Visa,CARD-000262-2,NL,Successful,4
5289,5289,2025-06-17 03:58:49,797.96,Amex,CARD-000654-2,NG,Successful,0
5290,5290,2026-05-19 14:04:42,409.63,Amex,CARD-001985-2,DE,Successful,3
5291,5291,2026-03-09 16:14:01,919.49,PayPal,CARD-001214-2,ES,Successful,0
5292,5292,2025-03-20 23:38:07,2136.58,Mastercard,CARD-000203-2,US,Successful,0
5293,5293,2025-08-12 01:03:09,1155.66,Visa,CARD-000962-1,GB,Successful,0
5294,5294,2025-07-16 02:45:57,80.08,Amex,CARD-001005-2,FR,Successful,1
5295,5295,2026-07-12 10:44:39,812.76,PayPal,CARD-001038-2,GB,Successful,3
5296,5296,2026-03-27 19:45:13,1315.40,Mastercard,CARD-000095-1,GR,Successful,0
5297,5297,2026-06-24 18:49:23,984.93,PayPal,CARD-SHARED-072,RO,Failed,0
5298,5298,2026-07-14 04:46:42,840.29,Amex,CARD-001313-2,GB,Successful,0
5299,5299,2026-04-12 17:41:06,282.11,Amex,CARD-001565-2,NL,Successful,0
5300,5300,2026-06-13 08:39:12,942.63,Mastercard,CARD-001038-1,GB,Successful,0
5301,5301,2025-11-10 03:48:43,1246.52,Visa,CARD-001997-1,ES,Successful,1
5302,5302,2026-01-20 04:17:02,914.24,Amex,CARD-001447-1,GB,Successful,0
5303,5303,2025-07-05 15:50:08,932.25,PayPal,CARD-000287-2,AE,Failed,0
5304,5304,2025-01-04 14:41:00,943.70,Mastercard,CARD-001984-1,RO,Successful,0
5305,5305,2026-04-10 05:54:24,836.42,Visa,CARD-001320-2,RO,Successful,0
5306,5306,2026-04-21 01:20:48,1356.77,Amex,CARD-001314-2,AE,Successful,0
5307,5307,2025-10-28 04:48:30,319.18,Mastercard,CARD-000928-1,NG,Successful,2
5308,5308,2025-01-10 22:17:30,1087.23,PayPal,CARD-001978-1,ES,Successful,0
5309,5309,2025-08-16 10:34:02,1277.23,Mastercard,CARD-001703-2,NG,Successful,0
5310,5310,2025-02-28 03:55:31,680.72,Amex,CARD-000270-1,IT,Successful,0
5311,5311,2025-06-17 19:11:15,224.44,Amex,CARD-000272-2,FR,Successful,0
5312,5312,2026-04-09 16:26:40,1678.59,Mastercard,CARD-000060-2,IT,Successful,0
5313,5313,2026-04-19 21:48:23,374.86,Amex,CARD-SHARED-016,IT,Successful,0
5314,5314,2026-02-25 12:12:00,256.86,Mastercard,CARD-001304-1,NL,Successful,0
5315,5315,2025-11-07 02:57:39,787.04,Amex,CARD-000851-2,NL,Successful,0
5316,5316,2026-06-16 05:39:25,619.91,Amex,CARD-000545-1,DE,Successful,0
5317,5317,2026-06-08 23:21:28,1275.13,Mastercard,CARD-001082-1,DE,Successful,0
5318,5318,2025-06-30 01:45:43,1053.57,PayPal,CARD-001592-2,DE,Successful,0
5319,5319,2026-01-08 19:26:50,1758.01,Amex,CARD-000316-1,NL,Failed,1
5320,5320,2026-03-08 06:15:13,81.30,PayPal,CARD-001398-1,ES,Successful,0
5321,5321,2026-02-19 09:49:39,1018.42,Visa,CARD-001661-2,ES,Successful,0
5322,5322,2025-04-03 14:31:37,1098.56,PayPal,CARD-000191-1,IT,Successful,0
5323,5323,2025-07-19 04:17:11,109.14,PayPal,CARD-000404-1,US,Successful,4
5324,5324,2025-12-05 18:04:12,1257.19,PayPal,CARD-000957-2,RO,Successful,0
5325,5325,2025-06-02 15:47:45,894.10,Amex,CARD-001552-2,NL,Successful,2
5326,5326,2025-11-12 11:16:19,1390.11,Visa,CARD-001335-1,NG,Successful,0
5327,5327,2026-04-28 12:25:28,547.91,Mastercard,CARD-001287-1,GR,Successful,5
5328,5328,2025-10-17 02:32:53,2144.72,Mastercard,CARD-000552-1,IT,Successful,4
5329,5329,2026-06-11 10:36:19,1916.82,PayPal,CARD-FRAUD-018,AE,Successful,7
5330,5330,2026-02-24 14:19:49,337.11,Amex,CARD-001753-2,GR,Successful,0
5331,5331,2026-01-25 11:53:47,1044.66,PayPal,CARD-001905-2,ES,Successful,0
5332,5332,2025-07-18 23:47:32,983.63,PayPal,CARD-SHARED-044,DE,Failed,0
5333,5333,2025-02-26 16:26:09,1150.55,Visa,CARD-000263-1,RO,Successful,0
5334,5334,2025-03-10 00:06:19,942.05,Visa,CARD-000873-1,GR,Successful,0
5335,5335,2025-12-27 20:20:21,1931.56,PayPal,CARD-001099-2,GR,Successful,0
5336,5336,2026-04-09 12:05:27,226.17,Visa,CARD-001186-1,GR,Successful,0
5337,5337,2025-06-19 19:37:12,501.91,PayPal,CARD-SHARED-061,ES,Successful,0
5338,5338,2025-01-06 19:42:33,2516.92,Amex,CARD-001230-2,ES,Successful,2
5339,5339,2026-05-28 06:00:25,221.53,Visa,CARD-SHARED-036,GR,Successful,1
5340,5340,2026-06-04 02:45:17,175.64,Mastercard,CARD-000527-1,AE,Successful,0
5341,5341,2026-02-21 19:00:31,153.09,PayPal,CARD-SHARED-099,NL,Refunded,0
5342,5342,2026-02-25 19:28:37,578.09,Visa,CARD-001428-2,RO,Successful,0
5343,5343,2026-06-06 16:02:54,390.39,PayPal,CARD-001833-1,ES,Successful,5
5344,5344,2025-03-30 11:31:38,2402.20,Visa,CARD-001111-2,GR,Successful,0
5345,5345,2025-11-28 10:31:01,587.77,Visa,CARD-001026-1,RO,Successful,0
5346,5346,2026-06-17 22:13:34,1783.50,Mastercard,CARD-001609-2,NG,Successful,0
5347,5347,2026-05-03 09:34:35,658.78,Amex,CARD-001322-1,DE,Successful,0
5348,5348,2025-10-15 23:55:11,378.70,PayPal,CARD-001968-2,NG,Successful,0
5349,5349,2026-03-24 16:30:56,2585.31,PayPal,CARD-SHARED-072,RO,Successful,0
5350,5350,2025-01-22 16:37:46,349.26,PayPal,CARD-000445-1,IT,Successful,0
5351,5351,2025-02-09 19:20:09,790.16,Amex,CARD-000168-1,RO,Successful,0
5352,5352,2025-09-21 01:27:18,2515.67,Amex,CARD-FRAUD-008,AE,Successful,5
5353,5353,2026-03-23 09:28:56,2523.46,Amex,CARD-000762-2,AL,Successful,0
5354,5354,2026-04-01 01:59:05,508.21,Amex,CARD-001753-2,GR,Successful,0
5355,5355,2026-04-13 06:22:06,1571.06,Visa,CARD-FRAUD-006,FR,Successful,8
5356,5356,2026-06-24 23:51:51,618.15,Visa,CARD-001157-2,FR,Successful,0
5357,5357,2026-01-11 21:53:03,286.93,Mastercard,CARD-SHARED-026,FR,Successful,2
5358,5358,2025-07-12 07:03:43,995.40,Mastercard,CARD-SHARED-037,GR,Successful,4
5359,5359,2026-04-14 22:17:08,2516.68,Mastercard,CARD-001448-1,DE,Successful,0
5360,5360,2026-06-16 23:49:14,1567.31,Visa,CARD-SHARED-013,DE,Successful,2
5361,5361,2026-01-25 05:58:53,2090.16,Amex,CARD-000437-1,ES,Successful,1
5362,5362,2026-02-21 21:10:10,99.95,Amex,CARD-001652-2,ES,Successful,0
5363,5363,2025-11-14 02:28:00,136.27,Mastercard,CARD-000079-2,DE,Successful,0
5364,5364,2025-02-20 06:46:05,949.91,Mastercard,CARD-000964-2,DE,Successful,0
5365,5365,2026-05-16 11:43:02,244.45,PayPal,CARD-001480-1,DE,Successful,0
5366,5366,2025-11-24 21:16:31,688.39,Visa,CARD-001585-1,NG,Successful,0
5367,5367,2025-09-23 12:52:23,1898.06,Amex,CARD-001577-2,FR,Successful,5
5368,5368,2025-07-23 14:18:51,1953.67,PayPal,CARD-FRAUD-023,IT,Successful,0
5369,5369,2026-02-21 12:01:24,2180.89,Amex,CARD-001196-2,US,Successful,0
5370,5370,2025-07-11 22:27:55,398.74,PayPal,CARD-001036-1,AL,Successful,0
5371,5371,2025-02-03 21:50:51,2055.51,Visa,CARD-000165-1,IT,Successful,1
5372,5372,2026-01-24 08:57:19,1231.90,Amex,CARD-001109-1,NG,Successful,1
5373,5373,2026-01-24 15:29:40,156.42,Mastercard,CARD-001780-2,US,Successful,0
5374,5374,2026-06-09 22:25:58,2399.62,Amex,CARD-FRAUD-019,GR,Successful,1
5375,5375,2026-02-22 07:48:12,251.64,Mastercard,CARD-001952-1,GB,Successful,0
5376,5376,2026-03-17 10:26:51,1036.56,Amex,CARD-001314-2,AE,Successful,0
5377,5377,2026-06-06 06:07:09,676.91,Visa,CARD-001014-2,NL,Successful,0
5378,5378,2025-12-30 19:27:05,2105.60,Amex,CARD-000495-2,AL,Successful,0
5379,5379,2026-04-06 05:27:48,2526.10,Amex,CARD-FRAUD-001,NG,Successful,1
5380,5380,2026-02-17 22:11:34,238.35,Mastercard,CARD-001394-2,IT,Successful,0
5381,5381,2025-02-12 22:18:16,844.33,Amex,CARD-001908-1,FR,Successful,4
5382,5382,2026-03-22 00:27:34,491.02,Amex,CARD-001348-1,AE,Successful,0
5383,5383,2026-06-17 19:52:48,335.48,Amex,CARD-001397-1,AE,Successful,4
5384,5384,2026-06-19 12:42:57,1863.28,Amex,CARD-FRAUD-026,AE,Successful,7
5385,5385,2025-09-04 10:22:38,449.56,Mastercard,CARD-001348-2,US,Successful,0
5386,5386,2026-03-25 19:11:28,173.84,Visa,CARD-001921-2,NG,Successful,5
5387,5387,2026-05-05 07:18:19,2230.85,Amex,CARD-FRAUD-020,AL,Successful,3
5388,5388,2025-07-31 00:54:33,1423.09,PayPal,CARD-001894-1,FR,Successful,0
5389,5389,2025-09-10 21:24:48,1613.60,Amex,CARD-001111-1,GR,Successful,3
5390,5390,2025-07-04 06:23:08,1359.87,Mastercard,CARD-000350-2,NL,Failed,0
5391,5391,2025-11-03 14:55:07,1265.11,Amex,CARD-000012-2,AE,Successful,1
5392,5392,2025-01-26 09:00:46,199.01,Visa,CARD-SHARED-078,IT,Successful,0
5393,5393,2025-01-16 10:20:42,768.42,Mastercard,CARD-SHARED-091,DE,Refunded,1
5394,5394,2026-05-19 15:18:51,2277.74,Mastercard,CARD-000656-2,IT,Successful,6
5395,5395,2026-01-08 03:45:23,1269.51,Mastercard,CARD-000114-2,DE,Successful,0
5396,5396,2025-05-30 07:21:06,496.34,PayPal,CARD-001329-2,GB,Successful,0
5397,5397,2026-01-24 16:06:51,1963.53,Amex,CARD-000756-2,AL,Successful,0
5398,5398,2026-07-15 21:53:31,3027.51,PayPal,CARD-FRAUD-002,NG,Successful,2
5399,5399,2025-01-19 23:11:00,1810.24,Amex,CARD-FRAUD-013,DE,Successful,4
5400,5400,2026-02-03 06:16:34,246.34,Visa,CARD-000900-2,IT,Successful,0
5401,5401,2025-02-25 07:34:19,428.53,PayPal,CARD-001591-2,AE,Failed,1
5402,5402,2025-07-03 10:59:54,1092.11,Mastercard,CARD-000963-1,NG,Successful,0
5403,5403,2026-05-21 23:11:57,1420.60,Amex,CARD-001824-1,AL,Successful,0
5404,5404,2025-08-26 12:18:37,732.61,PayPal,CARD-000174-1,NG,Successful,0
5405,5405,2025-08-05 07:53:29,798.34,Amex,CARD-001124-2,AE,Failed,0
5406,5406,2026-01-29 10:38:59,854.01,Visa,CARD-000776-1,AL,Successful,0
5407,5407,2025-09-21 03:30:03,386.52,Amex,CARD-001375-2,GB,Successful,0
5408,5408,2025-12-03 04:25:15,631.62,Mastercard,CARD-000247-2,RO,Successful,0
5409,5409,2025-09-06 03:19:37,1395.22,Mastercard,CARD-000105-1,RO,Successful,0
5410,5410,2026-07-14 16:18:06,193.58,Amex,CARD-001655-2,IT,Successful,0
5411,5411,2025-10-07 09:54:29,1052.59,Visa,CARD-001607-2,NG,Successful,0
5412,5412,2026-06-24 15:45:15,364.01,Visa,CARD-001869-1,FR,Successful,0
5413,5413,2025-08-27 06:09:16,1174.58,Visa,CARD-SHARED-087,DE,Successful,0
5414,5414,2026-02-27 12:07:47,913.81,Amex,CARD-000716-1,IT,Successful,1
5415,5415,2025-08-21 00:15:31,2269.93,Visa,CARD-001097-2,GB,Successful,0
5416,5416,2025-04-29 08:52:10,1037.36,Mastercard,CARD-001924-2,DE,Failed,0
5417,5417,2025-02-28 03:34:00,1195.09,Amex,CARD-SHARED-097,US,Successful,0
5418,5418,2025-11-08 09:53:48,166.38,Mastercard,CARD-001742-1,US,Successful,2
5419,5419,2026-07-05 13:34:23,838.67,PayPal,CARD-000451-2,RO,Successful,0
5420,5420,2025-01-01 00:19:58,837.18,Amex,CARD-000194-1,GB,Successful,1
5421,5421,2025-08-12 03:45:31,191.06,PayPal,CARD-001172-2,GR,Successful,0
5422,5422,2025-11-26 02:08:55,506.42,Amex,CARD-000038-2,GR,Successful,1
5423,5423,2025-07-25 04:16:50,695.86,PayPal,CARD-000293-2,US,Successful,0
5424,5424,2026-01-22 11:26:59,509.03,PayPal,CARD-001627-2,DE,Successful,0
5425,5425,2026-06-25 12:40:58,1053.07,Amex,CARD-000129-2,AL,Successful,1
5426,5426,2026-05-03 06:41:02,1230.30,Amex,CARD-001347-1,NG,Successful,0
5427,5427,2025-09-27 12:48:13,1036.86,Visa,CARD-SHARED-048,US,Successful,1
5428,5428,2025-09-16 02:24:21,1450.09,Amex,CARD-001823-2,IT,Successful,1
5429,5429,2026-03-11 15:24:32,905.18,Visa,CARD-001460-2,AE,Successful,0
5430,5430,2026-06-20 17:33:57,770.46,Mastercard,CARD-001757-1,GR,Successful,0
5431,5431,2026-02-22 03:26:01,98.11,Mastercard,CARD-SHARED-090,AE,Successful,0
5432,5432,2026-05-12 02:07:28,383.61,Amex,CARD-000615-1,US,Successful,1
5433,5433,2025-11-12 18:43:14,850.76,Amex,CARD-000799-2,NG,Successful,0
5434,5434,2025-01-22 22:57:17,843.65,Visa,CARD-000742-2,AE,Successful,0
5435,5435,2026-07-07 13:15:55,1729.89,Amex,CARD-FRAUD-022,IT,Successful,2
5436,5436,2026-03-02 02:04:47,1292.11,Mastercard,CARD-001697-2,ES,Successful,0
5437,5437,2025-08-13 00:49:56,1143.20,Visa,CARD-000665-1,IT,Successful,0
5438,5438,2026-06-21 12:26:36,2105.98,PayPal,CARD-000644-2,ES,Successful,0
5439,5439,2026-06-20 22:50:26,355.33,Amex,CARD-SHARED-088,AL,Successful,5
5440,5440,2026-06-09 06:37:42,868.71,Mastercard,CARD-001263-2,GR,Successful,1
5441,5441,2026-03-25 03:58:07,2248.64,Mastercard,CARD-000190-1,IT,Successful,0
5442,5442,2025-12-09 03:04:44,2169.16,Mastercard,CARD-001523-1,AL,Successful,0
5443,5443,2026-04-06 01:01:31,2152.62,Amex,CARD-001878-1,NG,Successful,0
5444,5444,2026-05-30 07:30:26,2313.09,Mastercard,CARD-000478-2,AL,Refunded,0
5445,5445,2026-01-23 06:37:56,1396.35,Visa,CARD-000776-1,AL,Successful,0
5446,5446,2025-04-05 08:18:20,175.67,Mastercard,CARD-001497-1,RO,Refunded,0
5447,5447,2026-07-15 20:50:01,395.86,Mastercard,CARD-001836-1,AL,Successful,0
5448,5448,2026-06-29 08:34:46,440.20,Mastercard,CARD-001686-2,GB,Successful,0
5449,5449,2026-05-14 14:24:16,1354.93,Amex,CARD-000621-2,NL,Successful,0
5450,5450,2026-07-12 22:51:07,3126.32,Amex,CARD-FRAUD-010,DE,Successful,5
5451,5451,2026-07-14 07:12:46,1101.11,Mastercard,CARD-001108-2,IT,Successful,0
5452,5452,2026-05-21 08:39:27,1242.79,PayPal,CARD-001185-1,FR,Successful,3
5453,5453,2026-07-16 11:39:22,213.06,Mastercard,CARD-001944-1,IT,Successful,0
5454,5454,2026-01-17 10:14:41,714.39,Visa,CARD-000528-2,DE,Successful,3
5455,5455,2025-11-11 01:46:28,398.41,PayPal,CARD-001090-1,DE,Successful,0
5456,5456,2025-12-28 14:37:20,2133.48,Mastercard,CARD-001210-2,AL,Successful,0
5457,5457,2026-05-01 09:10:28,2426.92,Mastercard,CARD-000220-2,US,Successful,0
5458,5458,2025-02-26 22:43:54,91.68,Amex,CARD-000787-1,AL,Successful,3
5459,5459,2025-07-09 19:18:12,263.47,Mastercard,CARD-000433-2,IT,Failed,1
5460,5460,2025-10-03 01:42:27,416.12,Visa,CARD-SHARED-080,ES,Successful,0
5461,5461,2026-02-27 14:01:56,1716.39,PayPal,CARD-001727-1,NG,Refunded,0
5462,5462,2026-02-27 10:42:50,594.57,Mastercard,CARD-000177-1,IT,Successful,0
5463,5463,2025-01-02 07:44:27,1928.87,PayPal,CARD-000680-1,RO,Successful,1
5464,5464,2026-05-21 16:06:08,1254.00,Visa,CARD-000831-2,AL,Successful,0
5465,5465,2025-08-26 03:58:57,309.86,Amex,CARD-000783-1,RO,Successful,0
5466,5466,2025-04-01 19:21:27,1397.43,Visa,CARD-000871-1,RO,Successful,0
5467,5467,2026-05-13 10:34:55,1209.23,Mastercard,CARD-000590-1,DE,Successful,0
5468,5468,2025-01-26 00:30:54,112.00,Visa,CARD-SHARED-049,GB,Successful,0
5469,5469,2026-07-06 07:46:52,2370.44,PayPal,CARD-000576-1,AE,Successful,0
5470,5470,2026-02-16 07:26:58,1003.16,PayPal,CARD-001362-1,NL,Successful,0
5471,5471,2025-08-02 13:55:18,1377.73,Mastercard,CARD-000976-2,ES,Successful,0
5472,5472,2025-10-06 08:38:14,580.62,Visa,CARD-001137-2,US,Successful,4
5473,5473,2025-01-09 13:00:10,152.26,Mastercard,CARD-001842-1,AE,Failed,0
5474,5474,2025-07-12 05:26:34,2550.51,Visa,CARD-SHARED-095,GR,Successful,2
5475,5475,2026-03-23 04:38:15,1186.00,Visa,CARD-000744-2,US,Successful,0
5476,5476,2026-05-06 14:08:19,880.13,Visa,CARD-000657-2,DE,Successful,0
5477,5477,2026-07-19 07:42:15,178.31,Amex,CARD-001452-1,ES,Successful,0
5478,5478,2026-02-14 04:32:28,391.83,Amex,CARD-FRAUD-005,ES,Successful,7
5479,5479,2026-04-11 02:11:50,1461.51,Amex,CARD-000658-1,RO,Successful,4
5480,5480,2025-02-08 23:56:23,1001.09,Amex,CARD-000981-1,NG,Successful,0
5481,5481,2025-11-11 09:19:05,392.50,PayPal,CARD-001227-2,US,Successful,0
5482,5482,2025-08-20 23:16:18,744.89,PayPal,CARD-000759-1,GR,Successful,0
5483,5483,2025-11-11 00:57:18,1477.12,Mastercard,CARD-000201-2,GB,Successful,0
5484,5484,2026-03-18 22:15:45,1166.32,Visa,CARD-000011-1,FR,Successful,5
5485,5485,2026-03-19 21:43:23,132.39,PayPal,CARD-000758-2,GB,Successful,0
5486,5486,2025-06-25 23:31:56,1009.00,PayPal,CARD-001726-1,AE,Successful,0
5487,5487,2026-07-01 06:17:44,855.04,Amex,CARD-000522-1,NL,Successful,2
5488,5488,2025-10-21 03:32:17,194.46,Amex,CARD-000010-2,GR,Failed,0
5489,5489,2026-04-19 03:58:15,1142.19,Mastercard,CARD-000444-2,IT,Successful,0
5490,5490,2026-05-02 11:26:51,318.38,Amex,CARD-SHARED-053,US,Successful,5
5491,5491,2026-04-11 20:40:56,494.86,PayPal,CARD-000913-1,GB,Successful,0
5492,5492,2026-06-22 10:37:36,518.29,Mastercard,CARD-001059-2,US,Successful,1
5493,5493,2025-12-20 17:18:11,598.24,Visa,CARD-000541-1,AE,Successful,0
5494,5494,2026-07-01 01:34:29,2193.73,Mastercard,CARD-001303-2,AE,Successful,0
5495,5495,2025-01-09 10:53:31,2476.95,Visa,CARD-001532-1,FR,Successful,4
5496,5496,2025-12-11 18:33:17,1420.54,Amex,CARD-001477-1,US,Successful,0
5497,5497,2025-08-12 14:42:00,388.29,Mastercard,CARD-000768-1,RO,Successful,0
5498,5498,2025-07-21 17:28:14,1190.14,Amex,CARD-000835-1,NG,Successful,0
5499,5499,2026-05-24 02:13:00,1074.61,Mastercard,CARD-000081-2,NG,Successful,1
5500,5500,2026-05-11 02:17:14,297.31,Visa,CARD-000600-1,AL,Refunded,0
5501,5501,2025-04-02 00:16:27,841.46,Mastercard,CARD-000163-1,RO,Successful,0
5502,5502,2026-03-17 20:54:35,2378.31,Amex,CARD-001367-2,ES,Successful,4
5503,5503,2025-07-18 11:00:26,1347.74,Visa,CARD-000640-1,GR,Successful,0
5504,5504,2025-06-28 14:57:02,704.05,Amex,CARD-000753-1,NL,Successful,0
5505,5505,2026-05-16 10:52:47,1324.76,PayPal,CARD-000168-1,RO,Successful,0
5506,5506,2025-02-22 11:37:45,384.28,Amex,CARD-001302-2,NL,Successful,0
5507,5507,2026-05-18 13:56:38,1017.51,Mastercard,CARD-000069-2,IT,Refunded,0
5508,5508,2026-03-06 02:14:23,126.57,Visa,CARD-001136-1,ES,Successful,0
5509,5509,2026-07-01 00:03:04,143.40,PayPal,CARD-000906-2,AE,Successful,0
5510,5510,2026-02-02 21:02:59,671.21,Mastercard,CARD-001425-1,ES,Successful,0
5511,5511,2025-03-05 20:23:23,646.74,Mastercard,CARD-000363-1,NL,Successful,0
5512,5512,2025-12-02 10:25:28,1469.94,Visa,CARD-000563-1,US,Successful,0
5513,5513,2026-03-24 19:35:24,2272.69,Mastercard,CARD-SHARED-051,FR,Successful,0
5514,5514,2025-04-12 16:00:33,738.34,PayPal,CARD-001054-1,AL,Successful,0
5515,5515,2025-11-16 17:41:01,1092.19,Mastercard,CARD-000210-2,GR,Successful,0
5516,5516,2025-12-07 09:16:45,223.95,Visa,CARD-000224-2,ES,Successful,2
5517,5517,2025-05-09 18:32:22,298.86,Amex,CARD-SHARED-074,AE,Successful,0
5518,5518,2026-06-05 04:54:49,1241.42,PayPal,CARD-SHARED-093,AL,Successful,0
5519,5519,2025-11-03 08:28:19,1270.51,Amex,CARD-001556-1,US,Successful,0
5520,5520,2026-04-08 00:01:39,147.36,Visa,CARD-SHARED-008,AE,Successful,0
5521,5521,2025-10-17 10:13:04,659.87,Visa,CARD-001390-1,ES,Successful,0
5522,5522,2025-01-02 14:02:06,282.83,PayPal,CARD-001215-1,GR,Successful,0
5523,5523,2025-10-15 04:06:02,830.88,Visa,CARD-000398-2,AL,Successful,2
5524,5524,2025-04-13 20:34:40,1314.14,Mastercard,CARD-000252-2,FR,Successful,0
5525,5525,2025-01-14 23:26:48,890.72,Amex,CARD-SHARED-025,IT,Successful,0
5526,5526,2025-08-21 21:09:35,1743.33,Amex,CARD-001299-2,ES,Refunded,5
5527,5527,2026-05-02 03:47:05,858.37,PayPal,CARD-000954-2,DE,Successful,3
5528,5528,2025-02-12 12:52:04,983.09,Mastercard,CARD-000815-2,NG,Successful,0
5529,5529,2025-02-14 17:52:54,487.34,Visa,CARD-001308-1,IT,Successful,3
5530,5530,2025-01-05 09:31:42,1303.51,Mastercard,CARD-001762-2,GB,Successful,1
5531,5531,2026-05-05 21:28:45,351.27,Amex,CARD-000027-2,NL,Successful,1
5532,5532,2026-06-03 17:32:10,97.80,Mastercard,CARD-001903-1,US,Successful,5
5533,5533,2026-03-03 13:47:28,472.90,PayPal,CARD-000024-2,ES,Successful,0
5534,5534,2025-10-26 03:22:42,1137.90,Mastercard,CARD-001234-2,IT,Successful,0
5535,5535,2026-04-28 22:40:44,2593.83,Mastercard,CARD-000968-1,AE,Successful,0
5536,5536,2026-02-27 02:20:30,853.16,PayPal,CARD-000776-1,ES,Refunded,0
5537,5537,2025-07-21 07:26:16,415.59,Visa,CARD-001492-1,GR,Successful,0
5538,5538,2025-09-02 19:00:08,358.09,Amex,CARD-000517-2,GB,Successful,0
5539,5539,2025-02-14 20:44:58,1806.25,PayPal,CARD-001450-2,RO,Successful,0
5540,5540,2025-04-07 06:14:59,1789.99,PayPal,CARD-001755-1,GB,Successful,0
5541,5541,2026-02-12 09:07:05,182.67,PayPal,CARD-001742-1,US,Successful,0
5542,5542,2026-06-24 07:17:53,991.90,PayPal,CARD-000531-2,GR,Successful,0
5543,5543,2026-03-05 12:17:54,808.32,PayPal,CARD-000793-2,FR,Successful,0
5544,5544,2025-03-19 11:58:01,1325.04,Visa,CARD-001700-2,NL,Successful,2
5545,5545,2026-05-10 16:23:04,82.06,Visa,CARD-001433-1,GB,Successful,3
5546,5546,2025-08-19 07:09:01,1380.83,PayPal,CARD-001667-1,RO,Successful,0
5547,5547,2025-02-09 01:46:22,2335.77,Mastercard,CARD-000306-2,FR,Successful,2
5548,5548,2025-08-09 18:34:53,1169.59,Amex,CARD-001762-1,NL,Successful,0
5549,5549,2025-11-05 16:38:23,1359.47,PayPal,CARD-001281-1,DE,Successful,0
5550,5550,2026-01-24 07:33:32,1641.87,Mastercard,CARD-001753-2,GR,Successful,0
5551,5551,2026-06-12 23:46:01,732.65,Mastercard,CARD-000974-1,FR,Successful,0
5552,5552,2025-09-21 11:28:54,1148.79,Visa,CARD-000718-2,GR,Refunded,0
5553,5553,2026-06-22 03:11:20,237.77,Visa,CARD-000693-2,NG,Successful,0
5554,5554,2026-04-25 15:44:53,1257.69,Amex,CARD-000607-1,DE,Successful,0
5555,5555,2026-07-09 11:31:29,1307.62,PayPal,CARD-001630-2,IT,Successful,3
5556,5556,2026-07-06 17:04:03,346.70,Amex,CARD-000532-2,AL,Successful,4
5557,5557,2025-10-05 06:54:52,1373.26,PayPal,CARD-000284-2,NG,Refunded,0
5558,5558,2026-06-24 00:55:57,569.35,Amex,CARD-000232-2,NL,Successful,0
5559,5559,2025-02-17 15:07:37,96.27,Mastercard,CARD-SHARED-014,IT,Failed,0
5560,5560,2025-10-04 00:06:38,740.10,Visa,CARD-000618-1,ES,Successful,0
5561,5561,2025-10-31 23:03:26,2403.41,Mastercard,CARD-000639-2,US,Successful,3
5562,5562,2026-02-15 13:10:53,2403.58,Visa,CARD-FRAUD-007,GR,Successful,8
5563,5563,2026-03-01 00:18:49,538.42,PayPal,CARD-001311-1,AE,Successful,0
5564,5564,2025-02-25 06:31:47,817.13,Visa,CARD-000305-2,NL,Successful,5
5565,5565,2026-05-08 11:18:06,187.29,PayPal,CARD-001415-1,NG,Successful,3
5566,5566,2025-04-17 04:02:57,1487.93,Visa,CARD-001743-2,ES,Successful,6
5567,5567,2025-05-27 08:26:31,423.77,Mastercard,CARD-000416-1,NL,Successful,0
5568,5568,2025-09-14 08:49:10,1073.45,Amex,CARD-000093-1,GR,Successful,1
5569,5569,2025-09-09 01:21:36,655.77,Visa,CARD-001456-1,GR,Successful,0
5570,5570,2026-03-21 09:17:53,957.91,PayPal,CARD-001045-1,NL,Failed,0
5571,5571,2025-05-18 04:29:36,564.02,Visa,CARD-000976-2,DE,Successful,0
5572,5572,2025-08-10 16:15:55,1245.68,Amex,CARD-000377-2,DE,Successful,0
5573,5573,2025-12-21 00:26:16,371.96,Amex,CARD-000677-1,FR,Successful,0
5574,5574,2026-07-10 08:51:48,768.70,PayPal,CARD-000030-1,IT,Successful,2
5575,5575,2026-01-09 00:10:05,263.19,Visa,CARD-001337-2,NL,Successful,0
5576,5576,2026-02-05 13:01:36,1616.23,Amex,CARD-000061-1,RO,Successful,5
5577,5577,2025-09-18 06:18:55,359.54,Amex,CARD-001221-1,IT,Successful,0
5578,5578,2026-03-17 01:41:28,1399.79,Mastercard,CARD-001108-1,IT,Successful,0
5579,5579,2026-06-03 21:25:00,2533.21,Amex,CARD-001524-2,DE,Successful,0
5580,5580,2025-06-23 07:13:59,331.62,Mastercard,CARD-SHARED-071,AL,Failed,0
5581,5581,2026-05-08 08:32:43,968.86,Mastercard,CARD-000099-2,AL,Successful,4
5582,5582,2026-03-01 03:34:32,1431.85,Amex,CARD-001057-2,DE,Successful,0
5583,5583,2026-07-10 08:39:39,1470.80,Visa,CARD-000735-1,NG,Successful,0
5584,5584,2026-06-07 15:53:55,2126.95,Amex,CARD-001058-1,NG,Successful,1
5585,5585,2025-11-22 13:41:15,728.55,Mastercard,CARD-SHARED-017,FR,Successful,0
5586,5586,2025-03-07 06:35:13,1382.81,PayPal,CARD-001852-1,GR,Successful,0
5587,5587,2026-04-26 10:14:37,1727.54,Mastercard,CARD-001739-2,DE,Successful,2
5588,5588,2025-02-08 16:57:28,583.91,PayPal,CARD-000190-2,RO,Successful,0
5589,5589,2026-04-30 05:02:20,775.77,Visa,CARD-001216-2,RO,Successful,1
5590,5590,2025-09-08 14:44:42,1279.27,PayPal,CARD-001024-1,GR,Successful,7
5591,5591,2026-05-03 07:41:06,1002.17,Mastercard,CARD-SHARED-081,DE,Successful,0
5592,5592,2025-12-25 17:53:41,2107.95,PayPal,CARD-001973-2,ES,Successful,4
5593,5593,2026-04-09 19:38:44,2310.16,Visa,CARD-001713-2,ES,Successful,0
5594,5594,2025-09-13 18:25:54,1224.08,PayPal,CARD-000781-2,GR,Successful,4
5595,5595,2025-10-25 22:57:19,997.47,Amex,CARD-000097-1,GB,Successful,1
5596,5596,2025-09-30 09:58:52,2245.91,PayPal,CARD-SHARED-081,NL,Successful,0
5597,5597,2025-06-10 17:19:09,949.46,Mastercard,CARD-000438-2,RO,Successful,0
5598,5598,2026-06-08 01:30:36,876.05,Amex,CARD-000114-1,AL,Successful,0
5599,5599,2026-05-19 23:04:45,734.24,Visa,CARD-000730-1,GR,Successful,0
5600,5600,2026-07-08 00:04:21,324.48,PayPal,CARD-000927-1,NL,Successful,0
5601,5601,2025-10-07 09:40:01,2297.93,PayPal,CARD-FRAUD-021,IT,Successful,8
5602,5602,2026-04-18 15:43:27,1338.42,Mastercard,CARD-000356-2,NL,Successful,0
5603,5603,2026-07-05 11:53:19,1295.75,Visa,CARD-000652-2,RO,Successful,0
5604,5604,2026-04-04 14:41:10,284.19,Mastercard,CARD-000365-2,IT,Successful,0
5605,5605,2025-12-15 19:43:34,191.49,Amex,CARD-000063-1,AE,Successful,0
5606,5606,2025-09-19 10:03:30,610.12,Visa,CARD-000269-2,DE,Successful,0
5607,5607,2026-02-28 23:32:55,888.96,Mastercard,CARD-000828-1,GB,Successful,0
5608,5608,2025-05-28 22:22:13,2044.85,Visa,CARD-000697-2,GR,Successful,0
5609,5609,2026-05-11 22:16:08,272.38,PayPal,CARD-000091-1,NG,Successful,0
5610,5610,2026-04-28 09:10:54,1888.80,Mastercard,CARD-000904-1,GB,Successful,0
5611,5611,2026-01-29 15:29:52,1330.36,PayPal,CARD-001522-1,ES,Successful,3
5612,5612,2026-04-23 02:32:21,586.67,Amex,CARD-000594-2,US,Successful,0
5613,5613,2025-08-09 11:36:23,1437.22,Visa,CARD-000472-2,AE,Successful,1
5614,5614,2025-12-13 01:41:11,2400.73,Amex,CARD-000840-2,AE,Successful,0
5615,5615,2025-04-10 12:27:47,1184.56,Visa,CARD-000365-2,GB,Successful,1
5616,5616,2026-05-19 09:09:26,300.26,Mastercard,CARD-000518-2,NL,Successful,1
5617,5617,2026-02-03 06:20:56,1520.74,Visa,CARD-001739-2,DE,Successful,2
5618,5618,2025-10-01 10:20:08,389.41,Mastercard,CARD-000919-1,RO,Successful,0
5619,5619,2026-03-16 06:05:45,714.84,Amex,CARD-SHARED-022,AE,Successful,0
5620,5620,2026-04-07 05:52:26,1318.64,Visa,CARD-001137-1,US,Successful,0
5621,5621,2025-02-26 20:35:57,608.23,Mastercard,CARD-000375-1,NG,Successful,0
5622,5622,2026-07-16 08:10:42,1823.33,Mastercard,CARD-001323-1,IT,Successful,0
5623,5623,2025-11-13 09:27:33,733.47,Amex,CARD-000717-2,FR,Successful,1
5624,5624,2026-04-29 14:37:37,1644.20,PayPal,CARD-SHARED-098,US,Successful,3
5625,5625,2026-01-22 16:01:37,2505.13,Visa,CARD-001394-2,IT,Successful,2
5626,5626,2025-02-08 12:45:08,669.16,Mastercard,CARD-000633-2,GR,Successful,0
5627,5627,2025-12-12 19:19:37,185.22,Visa,CARD-001726-1,AE,Successful,0
5628,5628,2025-11-15 08:08:13,1389.82,Amex,CARD-001906-1,AE,Successful,3
5629,5629,2026-07-07 23:03:43,764.06,Amex,CARD-000929-1,NL,Refunded,1
5630,5630,2025-09-25 01:59:56,1461.32,Amex,CARD-001172-2,GR,Successful,1
5631,5631,2026-03-28 10:51:04,739.20,Visa,CARD-000915-1,DE,Successful,0
5632,5632,2026-06-27 02:56:50,1086.56,PayPal,CARD-001108-1,IT,Successful,0
5633,5633,2025-09-03 22:07:54,883.92,PayPal,CARD-000903-2,FR,Successful,0
5634,5634,2025-11-29 09:16:41,1097.71,Visa,CARD-001752-2,NL,Successful,0
5635,5635,2025-07-03 16:48:52,464.36,PayPal,CARD-000465-2,NL,Successful,1
5636,5636,2025-12-13 16:55:01,830.08,Amex,CARD-SHARED-069,NG,Successful,0
5637,5637,2025-03-30 20:43:13,301.02,Visa,CARD-SHARED-092,RO,Successful,0
5638,5638,2025-10-19 07:49:49,851.90,Mastercard,CARD-000376-1,DE,Successful,0
5639,5639,2025-02-22 08:31:15,289.61,Visa,CARD-001703-1,NG,Successful,0
5640,5640,2025-12-26 01:13:43,694.05,PayPal,CARD-001156-1,ES,Successful,0
5641,5641,2025-04-20 12:32:47,437.22,Amex,CARD-001597-1,ES,Successful,1
5642,5642,2026-07-18 04:08:33,1971.47,Amex,CARD-000353-1,NL,Successful,0
5643,5643,2026-01-02 19:48:07,1782.46,Visa,CARD-000820-2,IT,Successful,0
5644,5644,2026-01-23 22:38:31,2120.94,Visa,CARD-000503-2,DE,Successful,0
5645,5645,2026-02-21 00:59:43,1093.78,Amex,CARD-000506-1,AL,Successful,0
5646,5646,2025-02-12 04:33:44,141.38,Visa,CARD-001432-1,ES,Successful,0
5647,5647,2026-02-06 00:30:33,617.40,Visa,CARD-001469-2,FR,Successful,0
5648,5648,2026-01-23 12:54:55,1362.59,Mastercard,CARD-000057-2,GB,Successful,0
5649,5649,2026-05-20 14:06:00,1468.63,Amex,CARD-001487-1,IT,Successful,0
5650,5650,2026-03-25 17:58:01,347.06,Amex,CARD-001240-2,NL,Successful,1
5651,5651,2025-06-24 14:31:50,530.38,Visa,CARD-000237-1,RO,Successful,0
5652,5652,2026-05-26 00:33:00,1478.03,Visa,CARD-SHARED-025,NG,Successful,2
5653,5653,2025-10-18 04:29:31,1432.34,PayPal,CARD-000635-1,US,Successful,3
5654,5654,2025-12-11 16:16:54,415.30,PayPal,CARD-000117-2,US,Successful,5
5655,5655,2026-07-19 20:37:40,304.70,PayPal,CARD-000622-2,NL,Successful,0
5656,5656,2025-11-30 21:13:17,1066.94,PayPal,CARD-SHARED-026,RO,Failed,0
5657,5657,2026-07-06 15:28:15,1007.04,Amex,CARD-000461-1,NG,Successful,0
5658,5658,2025-07-20 00:37:07,136.67,Visa,CARD-001324-2,DE,Successful,0
5659,5659,2026-02-03 05:45:11,339.31,Mastercard,CARD-SHARED-024,RO,Successful,0
5660,5660,2025-04-01 05:00:44,702.24,Visa,CARD-000385-1,AL,Successful,5
5661,5661,2025-06-17 08:28:02,2282.55,Amex,CARD-000190-2,IT,Successful,0
5662,5662,2026-04-12 04:35:10,185.56,Amex,CARD-000515-1,IT,Successful,4
5663,5663,2025-05-16 01:16:08,1423.25,PayPal,CARD-SHARED-058,FR,Failed,0
5664,5664,2025-01-18 09:57:45,629.11,PayPal,CARD-000685-2,AE,Successful,0
5665,5665,2025-11-24 17:56:16,1441.36,Amex,CARD-SHARED-039,IT,Successful,0
5666,5666,2025-08-23 16:06:34,1750.67,PayPal,CARD-000269-1,DE,Successful,0
5667,5667,2026-02-21 21:00:22,512.02,Visa,CARD-001088-1,AE,Successful,1
5668,5668,2026-07-14 12:41:52,1110.80,Visa,CARD-000163-2,RO,Successful,0
5669,5669,2025-07-03 00:25:34,492.11,Visa,CARD-000563-1,US,Refunded,0
5670,5670,2026-01-20 19:41:39,2204.97,PayPal,CARD-000410-2,DE,Successful,0
5671,5671,2025-07-20 08:23:34,220.76,Mastercard,CARD-000664-1,GB,Successful,0
5672,5672,2026-03-09 00:51:02,762.50,Visa,CARD-001314-2,AE,Successful,0
5673,5673,2025-10-29 03:19:18,321.42,PayPal,CARD-001877-1,GB,Successful,0
5674,5674,2025-12-28 23:16:32,678.53,Visa,CARD-001751-2,NL,Successful,0
5675,5675,2025-07-04 11:51:39,475.32,Amex,CARD-001861-1,IT,Successful,0
5676,5676,2026-07-14 01:13:12,2394.08,Amex,CARD-000245-1,NG,Successful,0
5677,5677,2025-07-10 12:52:21,1375.07,Mastercard,CARD-000205-1,GB,Failed,2
5678,5678,2025-08-10 01:27:19,400.74,Amex,CARD-001232-2,GB,Successful,0
5679,5679,2025-10-12 06:08:49,348.41,Mastercard,CARD-001163-2,US,Successful,0
5680,5680,2026-06-30 17:41:12,786.48,Amex,CARD-000985-2,AE,Successful,0
5681,5681,2025-01-17 23:19:24,1904.76,PayPal,CARD-SHARED-025,GB,Successful,2
5682,5682,2025-03-16 00:31:24,887.86,PayPal,CARD-001340-2,US,Successful,1
5683,5683,2026-07-02 08:03:30,2572.63,Visa,CARD-000443-1,NL,Failed,0
5684,5684,2025-12-19 04:23:31,372.26,Amex,CARD-000514-1,ES,Successful,0
5685,5685,2026-06-27 01:35:48,1195.69,Amex,CARD-000194-1,GB,Successful,0
5686,5686,2025-08-17 12:41:12,2021.84,PayPal,CARD-001389-2,IT,Successful,0
5687,5687,2026-05-24 06:11:45,917.31,Amex,CARD-001359-1,IT,Successful,0
5688,5688,2025-09-22 21:42:45,569.10,PayPal,CARD-001240-1,NL,Successful,0
5689,5689,2025-09-24 05:00:16,945.48,Mastercard,CARD-000565-2,US,Failed,0
5690,5690,2025-12-12 17:28:00,2138.86,Amex,CARD-000937-1,AE,Successful,0
5691,5691,2026-01-06 18:11:13,589.41,Amex,CARD-001204-2,US,Successful,0
5692,5692,2025-12-10 09:08:32,277.32,PayPal,CARD-001653-1,GB,Successful,1
5693,5693,2026-05-27 13:32:06,255.30,Amex,CARD-001558-2,RO,Successful,0
5694,5694,2025-09-02 16:31:25,1482.21,PayPal,CARD-000198-1,AL,Successful,0
5695,5695,2026-03-21 18:32:30,2569.26,Visa,CARD-000474-1,GB,Successful,0
5696,5696,2026-05-09 11:06:19,1493.54,Visa,CARD-001538-1,RO,Successful,1
5697,5697,2026-05-10 10:25:35,1304.49,Visa,CARD-000562-2,NG,Successful,0
5698,5698,2025-10-28 05:27:36,1565.85,Visa,CARD-FRAUD-007,RO,Successful,6
5699,5699,2025-12-24 03:45:35,1034.25,Mastercard,CARD-001037-2,US,Successful,3
5700,5700,2025-01-07 22:29:48,1010.41,Visa,CARD-001308-2,IT,Successful,0
5701,5701,2026-04-21 20:59:36,492.62,PayPal,CARD-000417-1,FR,Successful,0
5702,5702,2026-02-21 20:39:37,1698.22,Amex,CARD-SHARED-006,GR,Successful,2
5703,5703,2026-06-07 04:27:33,408.24,Mastercard,CARD-000905-1,NG,Successful,0
5704,5704,2026-04-28 05:22:48,1380.87,PayPal,CARD-001836-2,AL,Successful,0
5705,5705,2026-01-28 18:01:28,1000.91,PayPal,CARD-000581-2,NG,Successful,1
5706,5706,2026-04-23 10:53:05,1248.15,Visa,CARD-001376-2,RO,Successful,2
5707,5707,2025-06-23 10:36:23,1105.82,Visa,CARD-001532-2,IT,Successful,0
5708,5708,2026-02-25 16:57:17,727.77,PayPal,CARD-001640-1,NG,Successful,0
5709,5709,2025-01-25 21:11:05,1004.08,PayPal,CARD-001997-1,ES,Successful,0
5710,5710,2025-09-16 14:03:12,444.30,PayPal,CARD-000932-2,RO,Successful,2
5711,5711,2025-06-22 21:34:35,626.83,Mastercard,CARD-001092-2,AE,Successful,0
5712,5712,2026-07-04 21:17:39,1002.12,PayPal,CARD-SHARED-028,ES,Successful,0
5713,5713,2026-07-07 10:56:30,464.78,Mastercard,CARD-001682-2,IT,Successful,0
5714,5714,2025-11-09 23:49:08,1094.38,Amex,CARD-000658-2,RO,Successful,0
5715,5715,2025-01-05 04:01:44,417.77,Visa,CARD-FRAUD-017,AL,Successful,4
5716,5716,2025-04-11 07:09:39,1203.59,Visa,CARD-000944-2,GR,Successful,0
5717,5717,2026-05-02 19:55:45,3124.70,PayPal,CARD-FRAUD-005,GR,Successful,3
5718,5718,2025-05-05 14:22:58,1489.03,Visa,CARD-SHARED-005,IT,Successful,1
5719,5719,2026-06-24 00:38:59,2024.27,Mastercard,CARD-SHARED-064,GB,Successful,0
5720,5720,2025-08-10 23:32:22,121.03,Visa,CARD-001110-2,DE,Successful,0
5721,5721,2025-09-16 09:21:52,3011.23,PayPal,CARD-000819-1,AE,Successful,3
5722,5722,2026-02-04 10:09:20,1447.39,Visa,CARD-000209-1,DE,Successful,0
5723,5723,2026-04-21 15:17:16,85.20,Amex,CARD-001899-1,GR,Successful,0
5724,5724,2026-03-18 07:22:50,2050.85,Visa,CARD-FRAUD-011,AE,Successful,0
5725,5725,2026-02-13 12:57:55,959.13,Amex,CARD-000448-2,GR,Successful,0
5726,5726,2025-05-18 10:30:55,1075.57,Visa,CARD-001019-2,GB,Successful,0
5727,5727,2026-06-28 20:17:35,514.00,Visa,CARD-001289-2,GR,Successful,0
5728,5728,2026-01-12 22:03:40,1214.93,Mastercard,CARD-000154-2,IT,Successful,0
5729,5729,2026-02-04 11:33:12,444.85,Visa,CARD-001455-2,ES,Successful,0
5730,5730,2025-01-02 17:17:40,811.65,PayPal,CARD-000514-2,ES,Successful,0
5731,5731,2025-05-04 21:43:37,471.98,Visa,CARD-SHARED-040,NL,Successful,0
5732,5732,2026-02-04 18:09:00,1569.19,PayPal,CARD-000510-2,IT,Successful,0
5733,5733,2025-12-06 11:06:14,647.32,PayPal,CARD-SHARED-100,ES,Successful,0
5734,5734,2025-10-31 10:52:54,1597.70,Visa,CARD-001227-1,IT,Successful,4
5735,5735,2025-01-24 01:16:46,126.10,Amex,CARD-000675-2,DE,Successful,0
5736,5736,2025-10-20 09:16:03,1554.05,Amex,CARD-001019-2,DE,Successful,0
5737,5737,2025-07-04 12:01:02,491.92,Amex,CARD-000387-2,IT,Successful,2
5738,5738,2025-02-27 00:05:51,1204.59,Amex,CARD-000970-1,FR,Failed,0
5739,5739,2026-07-17 22:42:21,1297.09,Mastercard,CARD-001233-2,RO,Successful,0
5740,5740,2025-07-12 20:30:21,1007.99,Mastercard,CARD-000841-2,NG,Successful,0
5741,5741,2026-07-07 07:04:36,668.86,Amex,CARD-001379-1,RO,Failed,0
5742,5742,2025-02-12 22:35:44,896.58,PayPal,CARD-000005-1,AE,Successful,0
5743,5743,2025-08-09 19:25:46,942.85,Amex,CARD-000779-1,NL,Successful,0
5744,5744,2025-03-19 16:52:03,1175.55,Mastercard,CARD-001188-2,ES,Successful,0
5745,5745,2025-10-03 06:42:17,1082.97,PayPal,CARD-000034-2,FR,Successful,0
5746,5746,2026-06-21 07:22:24,424.52,Mastercard,CARD-001870-1,NG,Successful,6
5747,5747,2026-05-02 01:45:49,1459.32,Mastercard,CARD-001423-1,GR,Successful,0
5748,5748,2025-09-27 11:48:49,696.86,Mastercard,CARD-000271-2,FR,Successful,2
5749,5749,2025-01-20 19:13:11,621.16,Visa,CARD-000423-1,NG,Successful,0
5750,5750,2025-08-15 22:02:36,282.58,Amex,CARD-001641-2,RO,Successful,0
5751,5751,2025-01-25 16:47:52,1352.45,Amex,CARD-000318-2,NL,Successful,0
5752,5752,2025-01-10 14:53:53,669.35,Amex,CARD-000082-2,FR,Successful,0
5753,5753,2025-09-26 19:29:18,440.48,Amex,CARD-001896-2,NG,Failed,0
5754,5754,2025-12-07 03:58:11,1897.10,Mastercard,CARD-SHARED-016,US,Successful,0
5755,5755,2026-04-24 20:54:22,556.88,Visa,CARD-SHARED-025,AL,Successful,0
5756,5756,2026-05-22 12:43:57,359.05,PayPal,CARD-001354-1,AL,Successful,5
5757,5757,2025-11-15 16:38:56,2044.87,Amex,CARD-001233-2,FR,Successful,1
5758,5758,2026-04-21 02:15:51,738.14,Amex,CARD-000911-1,AE,Successful,0
5759,5759,2026-03-17 18:05:29,1377.61,PayPal,CARD-000883-2,GB,Successful,0
5760,5760,2025-02-07 23:14:15,1574.92,PayPal,CARD-FRAUD-021,AE,Successful,5
5761,5761,2026-06-20 17:55:29,569.82,Visa,CARD-001053-2,ES,Successful,0
5762,5762,2026-06-14 20:49:11,950.31,Mastercard,CARD-001548-2,AE,Successful,0
5763,5763,2026-07-12 19:09:08,392.78,Mastercard,CARD-000184-2,DE,Successful,1
5764,5764,2026-05-07 02:03:54,810.05,Amex,CARD-000609-2,AE,Successful,1
5765,5765,2025-12-12 14:19:17,480.22,Amex,CARD-001299-1,ES,Successful,0
5766,5766,2026-06-09 08:12:37,1890.71,Mastercard,CARD-000690-2,ES,Successful,0
5767,5767,2025-07-10 23:46:50,417.86,PayPal,CARD-001676-2,GR,Successful,0
5768,5768,2026-07-09 18:34:13,579.41,Visa,CARD-001507-1,GR,Successful,1
5769,5769,2026-06-15 21:11:53,914.31,PayPal,CARD-001434-1,GR,Successful,0
5770,5770,2025-01-13 15:13:02,1610.65,Amex,CARD-001595-1,NL,Successful,0
5771,5771,2026-07-09 02:19:57,1314.26,Amex,CARD-000627-2,GR,Successful,0
5772,5772,2026-04-26 00:04:33,2079.67,Amex,CARD-001380-1,GB,Successful,0
5773,5773,2026-05-26 16:15:12,2071.91,Visa,CARD-SHARED-081,NG,Successful,0
5774,5774,2026-02-27 09:54:17,1028.26,Amex,CARD-001280-1,GR,Successful,0
5775,5775,2026-05-23 01:52:12,299.29,Visa,CARD-001548-2,GB,Successful,0
5776,5776,2026-02-06 21:45:19,193.69,Visa,CARD-000248-2,AE,Successful,0
5777,5777,2025-01-26 07:51:59,871.95,Mastercard,CARD-000098-1,AL,Successful,0
5778,5778,2026-07-15 08:16:28,401.86,Mastercard,CARD-FRAUD-021,DE,Successful,2
5779,5779,2026-03-09 09:44:55,350.77,Visa,CARD-001093-1,US,Successful,0
5780,5780,2026-06-22 17:05:11,1080.22,Visa,CARD-FRAUD-019,NG,Successful,8
5781,5781,2026-05-20 19:30:39,560.38,PayPal,CARD-000446-2,GB,Successful,0
5782,5782,2025-05-19 21:20:27,1480.88,PayPal,CARD-SHARED-013,ES,Successful,0
5783,5783,2026-06-22 13:28:42,851.56,Amex,CARD-001481-1,FR,Successful,0
5784,5784,2026-05-30 04:49:13,2462.66,PayPal,CARD-SHARED-039,GR,Successful,0
5785,5785,2026-02-14 03:25:12,497.58,PayPal,CARD-000270-1,IT,Successful,0
5786,5786,2026-03-25 08:06:27,1108.79,Mastercard,CARD-FRAUD-014,GR,Successful,3
5787,5787,2026-05-26 22:31:38,1733.13,PayPal,CARD-001368-1,NL,Successful,0
5788,5788,2025-06-12 02:04:56,235.87,Amex,CARD-001481-1,FR,Successful,1
5789,5789,2026-03-19 19:09:56,1316.74,Visa,CARD-001369-1,NG,Successful,0
5790,5790,2025-08-26 00:38:01,998.36,PayPal,CARD-001739-2,DE,Successful,0
5791,5791,2026-04-19 09:49:25,1400.76,Amex,CARD-001998-1,US,Successful,0
5792,5792,2025-09-26 16:41:05,843.86,PayPal,CARD-000309-1,NL,Successful,3
5793,5793,2025-03-29 21:35:44,1088.34,Visa,CARD-000318-1,NL,Successful,0
5794,5794,2026-02-06 04:34:14,666.64,Amex,CARD-000013-1,FR,Successful,4
5795,5795,2025-02-22 10:59:29,851.40,Visa,CARD-000886-2,NG,Successful,2
5796,5796,2025-08-13 15:57:33,1255.03,Visa,CARD-001597-2,ES,Failed,0
5797,5797,2025-10-21 11:05:04,1056.46,PayPal,CARD-000674-2,ES,Successful,0
5798,5798,2026-03-25 09:10:48,689.43,Mastercard,CARD-000932-1,RO,Successful,0
5799,5799,2026-06-25 16:39:13,526.65,PayPal,CARD-SHARED-077,AE,Successful,2
5800,5800,2026-02-16 01:24:56,525.56,PayPal,CARD-001477-1,RO,Successful,0
5801,5801,2025-08-13 22:53:13,728.13,Mastercard,CARD-001874-2,FR,Successful,0
5802,5802,2025-02-21 23:22:46,2224.14,PayPal,CARD-001997-2,ES,Successful,0
5803,5803,2026-06-10 16:16:04,525.81,PayPal,CARD-SHARED-078,NL,Successful,1
5804,5804,2025-03-04 05:39:40,499.03,PayPal,CARD-001902-1,NL,Successful,0
5805,5805,2026-04-07 22:13:43,3126.17,PayPal,CARD-000207-2,AE,Successful,7
5806,5806,2026-07-06 13:13:17,540.64,Mastercard,CARD-000926-1,GR,Successful,0
5807,5807,2025-08-29 16:13:10,473.46,PayPal,CARD-000465-2,AE,Failed,5
5808,5808,2026-01-03 12:07:46,1459.75,PayPal,CARD-000871-2,ES,Successful,2
5809,5809,2026-04-26 04:19:23,771.04,Mastercard,CARD-001507-1,AL,Successful,0
5810,5810,2026-07-09 07:25:59,1481.02,Visa,CARD-001940-2,GR,Successful,0
5811,5811,2026-02-11 13:21:01,628.85,Amex,CARD-SHARED-014,AE,Successful,0
5812,5812,2025-03-11 04:54:17,844.93,PayPal,CARD-000519-2,GR,Successful,0
5813,5813,2026-06-25 21:25:02,864.28,Mastercard,CARD-000661-2,ES,Successful,0
5814,5814,2026-03-19 22:37:40,1046.44,PayPal,CARD-001372-2,AE,Successful,0
5815,5815,2026-05-08 01:24:49,651.37,Mastercard,CARD-000411-1,RO,Successful,0
5816,5816,2025-04-19 17:19:27,1126.78,Mastercard,CARD-001594-2,NL,Failed,2
5817,5817,2026-01-24 08:05:40,982.59,PayPal,CARD-000238-2,DE,Successful,0
5818,5818,2026-06-07 00:17:16,1192.04,PayPal,CARD-000333-1,NG,Successful,0
5819,5819,2025-02-02 16:01:18,918.28,Amex,CARD-001263-1,GR,Successful,1
5820,5820,2025-07-16 16:43:20,213.92,Visa,CARD-000824-2,AL,Failed,1
5821,5821,2026-07-11 07:26:55,1030.01,Visa,CARD-001003-2,IT,Successful,0
5822,5822,2026-03-23 19:56:01,1125.65,Mastercard,CARD-001780-2,US,Successful,0
5823,5823,2026-03-20 07:42:30,1400.92,Visa,CARD-000834-2,RO,Successful,5
5824,5824,2025-02-03 22:10:45,1237.31,Mastercard,CARD-001230-2,DE,Successful,0
5825,5825,2025-07-29 22:22:04,1238.82,PayPal,CARD-001447-2,GB,Refunded,4
5826,5826,2026-01-24 14:48:59,617.08,Visa,CARD-000634-2,AE,Successful,0
5827,5827,2025-01-31 13:44:17,1486.39,PayPal,CARD-000896-2,GB,Successful,0
5828,5828,2025-09-21 18:14:33,81.49,Mastercard,CARD-000230-2,RO,Successful,0
5829,5829,2026-07-18 00:53:23,959.41,Amex,CARD-001464-2,IT,Failed,0
5830,5830,2025-01-11 00:01:22,1485.67,Mastercard,CARD-001895-1,DE,Successful,0
5831,5831,2026-06-17 06:42:46,724.99,Visa,CARD-000802-2,NL,Successful,0
5832,5832,2025-09-17 04:14:29,140.65,Amex,CARD-SHARED-005,RO,Successful,0
5833,5833,2026-06-15 07:02:14,372.43,Mastercard,CARD-SHARED-099,AE,Successful,0
5834,5834,2025-01-10 04:53:47,1122.01,Mastercard,CARD-001959-2,NG,Successful,1
5835,5835,2026-04-08 22:07:39,2396.24,Mastercard,CARD-000354-2,FR,Successful,0
5836,5836,2026-07-05 05:22:53,137.60,Amex,CARD-SHARED-017,IT,Successful,0
5837,5837,2026-04-11 06:26:26,257.89,Visa,CARD-001540-2,AL,Successful,0
5838,5838,2025-07-22 01:39:40,923.35,Mastercard,CARD-001214-2,ES,Successful,0
5839,5839,2025-11-20 02:19:45,248.89,Mastercard,CARD-000107-1,RO,Successful,0
5840,5840,2025-11-16 05:58:30,1256.93,Visa,CARD-SHARED-032,AE,Refunded,0
5841,5841,2025-08-20 15:31:25,1058.94,PayPal,CARD-001008-2,GB,Successful,0
5842,5842,2025-03-14 14:40:38,1146.19,Amex,CARD-FRAUD-005,ES,Successful,4
5843,5843,2026-01-19 12:51:55,265.58,Visa,CARD-000429-2,FR,Successful,0
5844,5844,2025-11-03 23:27:48,238.02,Mastercard,CARD-001990-1,ES,Successful,0
5845,5845,2026-05-02 13:12:46,1088.20,PayPal,CARD-000353-2,NL,Failed,0
5846,5846,2025-09-24 15:24:14,848.04,PayPal,CARD-001967-1,IT,Successful,0
5847,5847,2026-04-06 21:37:14,315.34,Mastercard,CARD-001812-2,AE,Successful,0
5848,5848,2025-10-08 22:22:25,736.25,Visa,CARD-000801-2,RO,Successful,0
5849,5849,2026-02-20 21:48:12,1871.46,Amex,CARD-001168-2,AL,Successful,0
5850,5850,2025-06-09 03:00:21,1810.81,Visa,CARD-001613-1,NG,Successful,0
5851,5851,2025-03-20 00:06:18,587.20,PayPal,CARD-001342-2,DE,Successful,0
5852,5852,2026-01-18 21:14:51,97.63,PayPal,CARD-001931-1,DE,Successful,1
5853,5853,2026-05-02 22:32:26,936.96,Mastercard,CARD-001382-1,US,Successful,5
5854,5854,2025-07-11 18:05:41,567.86,PayPal,CARD-000458-1,AL,Successful,0
5855,5855,2025-12-27 09:07:36,2484.13,PayPal,CARD-000756-2,AL,Successful,3
5856,5856,2025-11-04 05:25:00,413.51,Visa,CARD-001978-1,ES,Successful,0
5857,5857,2026-01-23 04:50:53,472.23,Mastercard,CARD-001120-1,GR,Refunded,0
5858,5858,2025-05-04 01:18:09,747.50,PayPal,CARD-000982-1,AE,Successful,0
5859,5859,2026-05-27 13:15:39,1502.48,Amex,CARD-FRAUD-009,FR,Successful,0
5860,5860,2025-05-13 12:19:10,1110.64,Visa,CARD-000044-2,GB,Successful,3
5861,5861,2025-11-09 07:18:54,271.73,PayPal,CARD-000490-1,NL,Successful,3
5862,5862,2026-06-15 07:23:20,2059.79,Amex,CARD-000070-2,NG,Successful,0
5863,5863,2026-05-04 05:47:21,716.81,Amex,CARD-001886-1,RO,Successful,0
5864,5864,2026-05-24 06:17:06,419.53,Mastercard,CARD-000985-2,ES,Successful,1
5865,5865,2025-12-08 13:52:02,227.86,Visa,CARD-001973-1,FR,Successful,0
5866,5866,2026-01-07 06:52:12,364.42,Amex,CARD-000366-1,GR,Successful,2
5867,5867,2025-05-12 21:04:15,2415.69,PayPal,CARD-SHARED-092,NL,Successful,0
5868,5868,2025-03-03 06:16:33,802.52,Visa,CARD-001385-2,NG,Successful,0
5869,5869,2025-11-16 13:21:39,1951.48,Amex,CARD-000169-1,GR,Successful,0
5870,5870,2025-12-21 16:42:32,750.54,Mastercard,CARD-000661-2,ES,Successful,0
5871,5871,2026-02-25 10:23:04,1469.31,Amex,CARD-001870-2,NG,Successful,0
5872,5872,2026-06-04 05:42:49,142.52,Mastercard,CARD-000057-1,GB,Successful,0
5873,5873,2026-05-17 08:04:51,134.24,Amex,CARD-000892-1,IT,Successful,0
5874,5874,2026-04-20 20:07:10,1375.91,Visa,CARD-001367-1,ES,Successful,1
5875,5875,2025-09-28 17:25:53,808.76,Mastercard,CARD-000909-1,GB,Successful,0
5876,5876,2025-09-07 08:59:44,733.33,Visa,CARD-000704-2,ES,Successful,4
5877,5877,2025-05-25 12:05:15,1640.56,PayPal,CARD-001730-2,GB,Successful,1
5878,5878,2025-07-30 05:47:23,1060.31,Visa,CARD-000398-1,AL,Successful,0
5879,5879,2026-01-04 03:26:00,1248.52,PayPal,CARD-000775-2,GB,Successful,0
5880,5880,2026-04-14 12:05:17,93.62,Visa,CARD-000153-1,AL,Successful,1
5881,5881,2026-04-29 05:32:51,1981.65,PayPal,CARD-001357-1,US,Successful,0
5882,5882,2026-04-12 06:14:37,86.86,Visa,CARD-001007-2,RO,Successful,0
5883,5883,2026-03-05 23:33:21,325.10,Amex,CARD-000070-2,NG,Successful,0
5884,5884,2026-05-19 22:38:12,627.30,PayPal,CARD-001280-2,GR,Successful,1
5885,5885,2025-05-13 16:23:44,425.93,PayPal,CARD-001297-1,RO,Successful,5
5886,5886,2026-02-26 08:07:08,713.43,Amex,CARD-001259-1,NL,Successful,0
5887,5887,2025-10-29 06:39:20,475.81,Amex,CARD-001947-1,FR,Successful,0
5888,5888,2026-04-14 22:27:36,471.23,Amex,CARD-001967-2,IT,Successful,0
5889,5889,2025-09-01 20:46:42,1341.88,PayPal,CARD-001458-2,DE,Refunded,0
5890,5890,2025-01-13 03:17:25,183.66,Visa,CARD-000085-1,NG,Successful,0
5891,5891,2026-06-23 10:39:43,738.39,Amex,CARD-001016-2,GR,Successful,0
5892,5892,2026-03-31 14:16:07,1708.69,Visa,CARD-FRAUD-002,ES,Successful,6
5893,5893,2025-03-09 02:12:24,1010.25,Mastercard,CARD-SHARED-099,GR,Successful,0
5894,5894,2025-11-28 22:34:19,1766.90,Visa,CARD-000602-2,AE,Successful,2
5895,5895,2026-06-06 08:17:25,2512.26,Visa,CARD-001887-2,FR,Successful,0
5896,5896,2026-07-16 02:35:30,321.30,Amex,CARD-SHARED-088,AE,Successful,0
5897,5897,2025-01-06 04:10:28,2063.47,Visa,CARD-FRAUD-013,DE,Successful,8
5898,5898,2025-12-25 15:08:07,123.97,Visa,CARD-000541-1,AE,Successful,0
5899,5899,2025-04-01 06:23:12,1167.38,Mastercard,CARD-001189-2,NG,Successful,0
5900,5900,2025-01-13 01:40:38,152.61,Amex,CARD-000205-2,GB,Successful,0
5901,5901,2026-05-19 04:19:03,294.15,PayPal,CARD-001487-2,IT,Successful,0
5902,5902,2026-04-15 03:53:43,821.51,PayPal,CARD-000816-2,AL,Successful,4
5903,5903,2026-05-13 16:22:46,1155.68,Amex,CARD-001891-1,IT,Successful,0
5904,5904,2025-09-18 16:49:17,251.16,Mastercard,CARD-000523-2,NG,Successful,0
5905,5905,2025-10-27 08:39:54,550.01,Mastercard,CARD-000955-2,AL,Successful,0
5906,5906,2026-01-11 03:27:04,1053.49,Amex,CARD-000870-1,AE,Failed,0
5907,5907,2026-07-13 00:52:02,1099.28,Mastercard,CARD-001878-2,NG,Successful,0
5908,5908,2026-07-02 20:19:03,260.46,Amex,CARD-001875-2,GB,Successful,0
5909,5909,2026-06-29 04:51:10,180.50,Visa,CARD-000749-1,GB,Successful,0
5910,5910,2026-06-23 07:45:58,619.48,Amex,CARD-SHARED-028,GR,Successful,0
5911,5911,2026-04-28 15:47:38,1112.36,Visa,CARD-001454-1,DE,Refunded,1
5912,5912,2026-01-11 22:45:47,705.14,Mastercard,CARD-000352-2,GR,Successful,0
5913,5913,2025-10-03 04:21:29,753.25,PayPal,CARD-001687-1,DE,Successful,0
5914,5914,2026-01-24 20:53:44,383.16,PayPal,CARD-001180-2,DE,Successful,2
5915,5915,2025-01-26 12:40:08,1045.00,Visa,CARD-000214-2,AE,Successful,0
5916,5916,2026-02-09 06:36:06,1072.30,PayPal,CARD-SHARED-038,IT,Failed,3
5917,5917,2026-07-18 02:12:26,470.20,PayPal,CARD-SHARED-017,ES,Successful,0
5918,5918,2026-04-02 06:32:54,1472.77,Visa,CARD-000004-2,FR,Successful,5
5919,5919,2025-10-12 22:06:34,1594.38,Amex,CARD-001215-2,AL,Successful,0
5920,5920,2025-10-08 00:00:34,2489.21,Visa,CARD-001092-2,IT,Successful,0
5921,5921,2026-02-27 00:39:03,528.28,Mastercard,CARD-000430-2,GR,Successful,0
5922,5922,2026-04-15 05:32:43,1205.75,Visa,CARD-000057-2,GB,Successful,0
5923,5923,2025-07-29 13:13:55,994.39,Visa,CARD-000481-2,NG,Successful,1
5924,5924,2026-02-01 04:00:12,2852.95,Mastercard,CARD-FRAUD-008,AE,Successful,4
5925,5925,2025-10-14 14:09:13,1088.53,Visa,CARD-000876-1,US,Successful,0
5926,5926,2026-06-11 05:16:00,1526.70,Amex,CARD-FRAUD-007,RO,Successful,3
5927,5927,2026-01-21 05:50:12,1228.35,Visa,CARD-000808-2,GR,Successful,0
5928,5928,2025-08-23 03:09:41,1226.59,Mastercard,CARD-000041-2,ES,Successful,0
5929,5929,2025-06-16 16:27:36,850.03,Amex,CARD-001316-2,AL,Successful,0
5930,5930,2025-10-19 03:53:03,257.74,Mastercard,CARD-000516-2,AE,Successful,0
5931,5931,2025-04-05 05:23:27,313.04,Visa,CARD-000861-2,NL,Successful,5
5932,5932,2025-08-25 10:32:31,1972.22,PayPal,CARD-000998-1,IT,Successful,0
5933,5933,2025-11-13 14:33:29,750.46,Amex,CARD-001388-1,NG,Successful,2
5934,5934,2025-08-30 18:46:43,157.17,Amex,CARD-001181-1,GR,Successful,0
5935,5935,2025-06-06 18:18:00,2139.66,Visa,CARD-SHARED-072,DE,Refunded,0
5936,5936,2026-03-05 06:09:45,938.13,Mastercard,CARD-001935-1,DE,Successful,0
5937,5937,2025-12-13 06:46:38,1095.30,Visa,CARD-000188-1,IT,Successful,0
5938,5938,2026-04-30 21:42:57,1088.63,Mastercard,CARD-000721-2,AE,Successful,0
5939,5939,2025-08-22 00:21:54,1570.98,Visa,CARD-FRAUD-016,ES,Successful,8
5940,5940,2026-01-11 03:42:53,631.12,PayPal,CARD-000740-2,GR,Successful,0
5941,5941,2025-09-28 08:47:17,1482.07,Amex,CARD-001223-1,NL,Successful,3
5942,5942,2025-06-22 04:01:49,1855.69,PayPal,CARD-001519-2,NG,Successful,1
5943,5943,2026-01-24 05:56:46,491.68,Mastercard,CARD-000285-2,IT,Successful,0
5944,5944,2025-03-15 17:22:40,2161.84,Amex,CARD-SHARED-072,US,Successful,0
5945,5945,2026-07-16 23:36:48,745.08,PayPal,CARD-001487-2,IT,Successful,0
5946,5946,2025-11-17 09:43:12,1975.40,Visa,CARD-001872-2,DE,Successful,0
5947,5947,2026-05-17 13:14:05,820.83,Mastercard,CARD-000901-1,NG,Successful,0
5948,5948,2026-05-26 17:51:58,1358.65,Visa,CARD-SHARED-039,GR,Successful,0
5949,5949,2026-06-27 11:12:34,485.09,Amex,CARD-SHARED-075,AL,Successful,0
5950,5950,2026-05-09 09:48:51,617.38,PayPal,CARD-000049-1,NG,Successful,0
5951,5951,2025-03-27 08:25:23,1064.19,Visa,CARD-001944-1,IT,Successful,0
5952,5952,2026-02-03 10:45:10,513.23,Mastercard,CARD-000758-2,GB,Successful,0
5953,5953,2026-03-10 02:11:18,1157.59,Visa,CARD-001101-1,IT,Successful,0
5954,5954,2026-07-15 02:42:48,1199.77,PayPal,CARD-000460-2,US,Successful,1
5955,5955,2025-12-29 10:28:30,2308.60,Amex,CARD-SHARED-051,GB,Successful,1
5956,5956,2026-03-01 16:42:18,1117.74,PayPal,CARD-000328-1,DE,Successful,0
5957,5957,2026-05-01 07:53:44,1077.29,Amex,CARD-001434-1,GR,Successful,0
5958,5958,2026-06-02 02:11:24,443.05,Amex,CARD-001966-1,RO,Successful,2
5959,5959,2026-02-10 05:58:53,1615.74,Visa,CARD-001180-1,US,Successful,0
5960,5960,2026-07-16 17:48:21,1386.00,Visa,CARD-001949-1,NG,Successful,0
5961,5961,2026-06-19 20:42:42,2555.39,Amex,CARD-000797-1,ES,Successful,0
5962,5962,2025-07-20 19:17:58,2411.83,PayPal,CARD-001184-1,ES,Successful,2
5963,5963,2025-06-01 07:29:43,708.29,Visa,CARD-001486-1,NL,Successful,0
5964,5964,2026-02-03 17:54:53,261.69,Amex,CARD-000791-2,US,Successful,0
5965,5965,2026-01-02 23:06:58,1110.63,Mastercard,CARD-000711-1,NL,Successful,0
5966,5966,2026-06-08 21:43:05,2696.63,Amex,CARD-FRAUD-007,DE,Successful,2
5967,5967,2025-04-23 02:13:35,1125.61,Visa,CARD-001931-2,US,Successful,8
5968,5968,2026-03-06 07:23:23,1241.08,PayPal,CARD-001136-1,ES,Successful,0
5969,5969,2025-07-30 10:08:00,1389.30,Mastercard,CARD-001157-1,FR,Successful,1
5970,5970,2026-06-20 01:45:55,1498.84,PayPal,CARD-000080-1,NG,Successful,0
5971,5971,2025-01-08 21:53:17,1626.04,Visa,CARD-000275-2,NG,Successful,0
5972,5972,2026-04-10 16:19:33,2419.27,Amex,CARD-001658-1,AL,Successful,0
5973,5973,2025-07-02 04:57:38,286.49,Amex,CARD-001309-1,AE,Failed,0
5974,5974,2026-06-21 07:52:29,235.37,PayPal,CARD-001350-1,IT,Successful,0
5975,5975,2025-03-07 15:28:27,418.90,PayPal,CARD-001845-1,GR,Successful,1
5976,5976,2025-05-09 02:12:01,122.10,Visa,CARD-000568-2,IT,Successful,0
5977,5977,2026-02-28 22:02:14,797.91,Mastercard,CARD-000677-2,FR,Successful,0
5978,5978,2026-01-18 21:16:28,961.89,Visa,CARD-001205-2,DE,Failed,0
5979,5979,2026-01-30 08:10:34,495.11,PayPal,CARD-000383-1,ES,Successful,1
5980,5980,2026-07-20 02:52:52,1346.37,PayPal,CARD-000830-2,RO,Successful,6
5981,5981,2025-12-09 20:38:58,730.21,PayPal,CARD-000050-1,IT,Successful,0
5982,5982,2026-01-02 17:32:06,396.17,Visa,CARD-001212-1,AL,Successful,0
5983,5983,2025-01-17 17:28:39,2294.54,Amex,CARD-000501-1,DE,Successful,0
5984,5984,2026-06-18 18:45:44,837.32,Mastercard,CARD-001898-2,AL,Failed,0
5985,5985,2025-05-01 17:41:18,370.58,Visa,CARD-001415-1,NG,Successful,0
5986,5986,2025-07-18 14:11:22,343.39,PayPal,CARD-000481-2,AL,Successful,0
5987,5987,2026-05-29 12:44:23,677.83,Visa,CARD-000218-1,AE,Successful,0
5988,5988,2025-12-03 15:51:05,1673.59,Amex,CARD-001195-2,AL,Successful,0
5989,5989,2026-02-08 15:28:17,246.09,Visa,CARD-001850-2,NL,Successful,0
5990,5990,2026-07-10 08:19:59,430.03,PayPal,CARD-001554-1,RO,Successful,0
5991,5991,2025-12-19 00:03:07,2148.18,PayPal,CARD-001987-1,GB,Successful,0
5992,5992,2026-07-09 11:33:18,835.63,Visa,CARD-002000-1,GR,Successful,0
5993,5993,2026-05-27 10:11:08,973.96,PayPal,CARD-001706-2,IT,Successful,0
5994,5994,2025-04-21 07:46:52,779.50,Mastercard,CARD-001989-1,AE,Successful,0
5995,5995,2025-07-05 15:06:35,567.31,Visa,CARD-001794-2,GR,Successful,2
5996,5996,2026-05-02 03:39:18,1316.12,Visa,CARD-SHARED-043,ES,Successful,0
5997,5997,2025-05-25 14:20:23,322.20,PayPal,CARD-001807-1,NL,Successful,0
5998,5998,2026-02-02 11:20:37,1294.84,Amex,CARD-000386-1,AL,Successful,0
5999,5999,2026-03-14 15:35:36,1253.64,Visa,CARD-001831-1,DE,Successful,0
6000,6000,2025-01-22 07:54:31,403.92,Amex,CARD-000526-2,DE,Successful,5
6001,6001,2025-04-11 22:21:02,638.00,PayPal,CARD-000099-1,IT,Successful,4
6002,6002,2025-12-02 03:55:28,2550.22,Amex,CARD-001896-1,RO,Successful,6
6003,6003,2025-06-30 12:43:02,1394.63,Visa,CARD-000263-2,RO,Successful,0
6004,6004,2026-06-10 22:38:24,2195.78,Amex,CARD-FRAUD-006,DE,Successful,3
6005,6005,2025-06-10 01:12:40,1507.00,PayPal,CARD-SHARED-089,GB,Successful,0
6006,6006,2026-05-22 02:04:01,1316.58,PayPal,CARD-SHARED-070,RO,Successful,0
6007,6007,2026-02-14 10:49:35,1283.96,PayPal,CARD-SHARED-097,IT,Successful,0
6008,6008,2025-07-14 21:53:07,822.13,Visa,CARD-000607-2,DE,Successful,2
6009,6009,2026-01-18 20:02:20,1638.79,PayPal,CARD-000420-2,AL,Successful,0
6010,6010,2026-01-19 08:09:17,624.62,Visa,CARD-000089-2,NL,Successful,0
6011,6011,2026-02-26 22:20:33,1362.39,PayPal,CARD-000106-1,FR,Successful,0
6012,6012,2026-06-14 02:44:28,783.60,Visa,CARD-000878-1,GR,Successful,6
6013,6013,2025-01-18 09:13:19,1012.98,PayPal,CARD-001921-2,AE,Successful,1
6014,6014,2026-01-29 16:14:29,523.37,Visa,CARD-000196-1,RO,Successful,0
6015,6015,2026-02-08 20:54:01,447.51,PayPal,CARD-000619-1,AL,Successful,0
6016,6016,2025-11-16 18:56:43,339.41,Visa,CARD-001322-1,IT,Successful,0
6017,6017,2025-12-17 04:09:15,532.03,PayPal,CARD-001426-2,AE,Successful,5
6018,6018,2026-06-12 00:16:45,1047.99,Visa,CARD-001616-2,GR,Successful,4
6019,6019,2026-03-15 06:31:01,1131.74,PayPal,CARD-000360-1,NL,Successful,5
6020,6020,2026-06-17 22:59:38,1381.53,PayPal,CARD-001700-2,NL,Successful,0
6021,6021,2026-05-06 07:49:03,252.64,Mastercard,CARD-000280-2,NG,Successful,0
6022,6022,2025-02-01 23:28:53,697.43,PayPal,CARD-SHARED-036,US,Successful,0
6023,6023,2026-06-14 09:18:06,1191.94,PayPal,CARD-FRAUD-024,GR,Successful,6
6024,6024,2026-03-16 19:09:18,114.69,Amex,CARD-000477-2,NG,Successful,2
6025,6025,2026-04-26 06:47:51,971.84,Amex,CARD-000491-1,AE,Successful,0
6026,6026,2026-06-07 00:48:21,1361.34,PayPal,CARD-001228-1,IT,Successful,0
6027,6027,2026-06-08 15:27:58,555.94,Visa,CARD-000656-1,NG,Successful,0
6028,6028,2026-03-20 03:25:51,319.43,Visa,CARD-001678-1,NL,Failed,0
6029,6029,2026-06-07 15:19:38,1411.28,Mastercard,CARD-001442-2,NL,Successful,5
6030,6030,2025-12-13 12:18:26,1380.20,Amex,CARD-000994-2,DE,Successful,0
6031,6031,2025-07-02 10:48:17,118.39,Amex,CARD-001972-2,GB,Failed,0
6032,6032,2026-07-04 18:53:01,959.90,Visa,CARD-001891-2,ES,Successful,0
6033,6033,2026-02-13 08:53:56,1551.01,Mastercard,CARD-001396-1,ES,Successful,0
6034,6034,2025-09-13 04:34:27,1882.66,PayPal,CARD-001060-2,AE,Successful,0
6035,6035,2025-09-11 03:29:19,131.20,PayPal,CARD-000821-1,IT,Refunded,0
6036,6036,2026-05-26 13:13:19,997.69,PayPal,CARD-001829-2,FR,Successful,0
6037,6037,2025-12-16 00:47:37,1408.32,Mastercard,CARD-000166-1,IT,Successful,0
6038,6038,2025-08-29 14:38:07,631.71,PayPal,CARD-SHARED-032,ES,Successful,0
6039,6039,2025-11-30 08:05:07,1148.64,Mastercard,CARD-000849-2,US,Successful,4
6040,6040,2026-05-22 10:20:36,207.07,Amex,CARD-000374-1,ES,Refunded,1
6041,6041,2026-03-03 17:22:23,414.68,Mastercard,CARD-000206-2,ES,Successful,2
6042,6042,2025-09-26 21:33:01,494.74,Amex,CARD-001636-1,AL,Successful,0
6043,6043,2025-04-18 13:15:09,1121.57,Amex,CARD-000651-2,ES,Successful,0
6044,6044,2026-01-08 22:16:03,1469.82,Mastercard,CARD-001756-1,FR,Successful,0
6045,6045,2026-07-17 09:55:16,1036.39,Visa,CARD-000975-2,AE,Successful,0
6046,6046,2026-06-22 04:24:24,2879.21,Mastercard,CARD-FRAUD-009,NG,Successful,2
6047,6047,2026-07-12 03:22:14,1015.21,Amex,CARD-001880-2,GB,Successful,5
6048,6048,2026-07-12 09:25:27,649.97,Visa,CARD-001663-2,GR,Successful,0
6049,6049,2025-04-10 03:06:56,1986.34,PayPal,CARD-001976-1,DE,Successful,0
6050,6050,2025-11-04 04:17:53,1260.73,Mastercard,CARD-000151-2,US,Successful,0
6051,6051,2026-06-05 04:07:33,2340.26,Amex,CARD-001561-1,NG,Successful,0
6052,6052,2025-02-07 15:05:55,1032.42,Visa,CARD-000649-2,RO,Successful,0
6053,6053,2025-06-21 15:45:53,929.66,PayPal,CARD-000225-2,ES,Successful,1
6054,6054,2025-06-14 01:55:57,817.56,Amex,CARD-000898-2,NG,Failed,0
6055,6055,2026-04-15 07:58:00,328.02,Visa,CARD-001029-2,FR,Failed,0
6056,6056,2026-06-08 22:35:23,96.05,Visa,CARD-001706-2,IT,Successful,0
6057,6057,2026-05-13 18:13:56,2427.44,Visa,CARD-FRAUD-019,NG,Successful,8
6058,6058,2026-07-01 21:50:48,2345.83,Amex,CARD-000924-2,NL,Successful,5
6059,6059,2025-10-12 13:27:48,843.77,PayPal,CARD-001636-1,AL,Successful,0
6060,6060,2026-05-31 20:20:27,577.85,Amex,CARD-SHARED-048,DE,Successful,5
6061,6061,2026-06-25 16:24:28,81.07,Mastercard,CARD-000848-2,NG,Failed,0
6062,6062,2025-10-18 00:02:51,991.55,Visa,CARD-SHARED-083,ES,Successful,0
6063,6063,2026-07-10 16:47:32,784.90,Visa,CARD-001771-1,AL,Successful,0
6064,6064,2026-04-28 22:38:52,1057.11,Amex,CARD-SHARED-047,US,Successful,1
6065,6065,2025-01-12 04:53:57,621.49,Visa,CARD-001530-2,AL,Successful,0
6066,6066,2025-12-23 17:20:24,764.98,Amex,CARD-001530-1,GB,Successful,0
6067,6067,2025-07-23 16:35:27,1486.93,PayPal,CARD-001189-2,GB,Successful,5
6068,6068,2026-04-02 14:59:12,2010.46,PayPal,CARD-000253-1,US,Successful,0
6069,6069,2025-11-20 07:25:47,767.20,PayPal,CARD-000605-1,US,Successful,0
6070,6070,2025-05-29 09:52:55,540.22,Amex,CARD-001838-2,US,Successful,0
6071,6071,2025-09-09 14:31:28,1223.28,Mastercard,CARD-001306-1,DE,Successful,0
6072,6072,2025-01-26 04:20:07,801.74,PayPal,CARD-000540-1,AE,Failed,1
6073,6073,2025-03-18 18:08:09,1048.88,Visa,CARD-001855-1,ES,Successful,0
6074,6074,2026-01-22 18:20:14,1550.55,PayPal,CARD-000432-1,GR,Successful,0
6075,6075,2025-06-10 01:20:18,2353.52,Mastercard,CARD-001947-2,DE,Successful,0
6076,6076,2026-01-10 23:12:16,897.63,PayPal,CARD-000849-2,US,Successful,0
6077,6077,2026-02-25 08:26:04,2069.14,Amex,CARD-SHARED-030,RO,Successful,4
6078,6078,2025-05-28 02:55:02,2927.65,Visa,CARD-FRAUD-008,GB,Successful,7
6079,6079,2026-04-18 14:25:10,1183.71,PayPal,CARD-001031-2,ES,Successful,0
6080,6080,2026-06-12 18:23:43,1646.34,Amex,CARD-FRAUD-015,GR,Successful,7
6081,6081,2025-07-09 14:18:37,306.56,Visa,CARD-001022-1,DE,Successful,0
6082,6082,2025-11-29 14:15:39,2055.22,Visa,CARD-SHARED-055,US,Failed,3
6083,6083,2026-02-09 07:32:24,602.96,Amex,CARD-001007-2,DE,Failed,1
6084,6084,2026-04-10 08:17:45,2203.78,Amex,CARD-001088-1,AE,Successful,0
6085,6085,2026-05-05 21:52:34,236.75,Visa,CARD-000406-2,AE,Successful,0
6086,6086,2026-07-12 13:02:22,787.43,PayPal,CARD-001592-2,DE,Successful,0
6087,6087,2025-02-04 18:34:51,1141.56,PayPal,CARD-000452-2,DE,Successful,1
6088,6088,2025-07-08 03:08:53,697.98,PayPal,CARD-000888-1,ES,Successful,0
6089,6089,2026-04-26 08:39:43,910.86,Amex,CARD-001360-2,DE,Refunded,3
6090,6090,2026-06-14 14:31:35,490.69,Visa,CARD-000766-2,AE,Successful,1
6091,6091,2026-06-12 01:46:47,935.62,PayPal,CARD-000723-1,ES,Successful,5
6092,6092,2026-03-26 06:44:34,115.78,Visa,CARD-001750-1,IT,Successful,0
6093,6093,2025-08-28 11:17:16,198.55,Visa,CARD-000392-2,ES,Successful,0
6094,6094,2026-04-19 10:44:38,1182.83,PayPal,CARD-000827-2,US,Successful,0
6095,6095,2026-01-08 13:29:10,767.09,Amex,CARD-001184-1,ES,Successful,0
6096,6096,2025-09-07 21:59:48,838.47,Amex,CARD-SHARED-074,NL,Successful,4
6097,6097,2026-07-11 17:08:42,2363.42,Amex,CARD-001518-1,NL,Successful,1
6098,6098,2025-05-28 14:25:01,853.66,Mastercard,CARD-001730-1,US,Successful,0
6099,6099,2026-07-04 00:33:57,1766.35,PayPal,CARD-000823-1,AE,Successful,0
6100,6100,2026-02-09 13:42:11,475.52,Visa,CARD-000730-2,GR,Successful,0
6101,6101,2025-09-22 19:43:22,1221.70,PayPal,CARD-001585-1,NG,Successful,1
6102,6102,2026-02-13 15:06:49,403.72,Visa,CARD-001314-1,AE,Successful,0
6103,6103,2025-06-19 04:16:32,1013.36,Mastercard,CARD-001863-2,ES,Successful,0
6104,6104,2025-05-25 00:48:02,1050.60,Mastercard,CARD-SHARED-022,DE,Successful,0
6105,6105,2025-05-23 20:29:36,1091.59,Visa,CARD-000479-2,DE,Successful,1
6106,6106,2026-03-13 14:18:28,1053.91,Mastercard,CARD-001654-1,GR,Successful,0
6107,6107,2026-04-01 21:48:47,2265.54,Mastercard,CARD-001977-2,AE,Successful,0
6108,6108,2026-01-17 21:19:53,1405.13,Visa,CARD-000435-1,AL,Successful,1
6109,6109,2025-11-20 19:36:34,609.60,Mastercard,CARD-000636-1,AE,Successful,0
6110,6110,2025-01-25 14:30:11,2171.08,Amex,CARD-000224-2,ES,Successful,0
6111,6111,2026-05-13 23:07:45,759.84,Visa,CARD-000831-2,DE,Successful,0
6112,6112,2026-04-05 02:27:29,750.10,Amex,CARD-SHARED-065,GR,Successful,1
6113,6113,2025-09-21 14:56:55,567.05,Mastercard,CARD-000040-1,GR,Successful,0
6114,6114,2025-04-03 06:23:28,184.81,Mastercard,CARD-SHARED-037,GB,Refunded,4
6115,6115,2025-12-24 07:35:43,1393.59,Amex,CARD-000219-1,NL,Successful,1
6116,6116,2025-08-09 19:53:00,913.51,PayPal,CARD-001463-1,FR,Successful,0
6117,6117,2025-04-05 02:26:37,732.02,Amex,CARD-001198-1,GB,Refunded,0
6118,6118,2026-06-16 04:55:23,1856.16,Mastercard,CARD-001289-1,GR,Successful,0
6119,6119,2026-02-18 16:35:58,700.30,PayPal,CARD-001687-2,GB,Successful,0
6120,6120,2026-07-15 15:26:46,1026.07,PayPal,CARD-000321-2,RO,Successful,0
6121,6121,2025-11-22 04:26:46,467.83,Mastercard,CARD-000833-2,NL,Successful,0
6122,6122,2026-05-26 03:43:29,502.74,Amex,CARD-000938-1,FR,Successful,0
6123,6123,2025-05-20 00:14:24,803.81,Amex,CARD-001250-2,US,Successful,0
6124,6124,2025-01-16 05:17:17,1343.64,Amex,CARD-FRAUD-009,RO,Successful,4
6125,6125,2025-07-31 02:28:29,80.96,Visa,CARD-SHARED-078,AE,Successful,1
6126,6126,2025-07-09 14:18:34,704.04,Visa,CARD-000693-1,NG,Successful,0
6127,6127,2025-08-31 19:42:04,626.33,Visa,CARD-000798-2,ES,Successful,0
6128,6128,2026-02-10 06:32:59,688.06,Mastercard,CARD-SHARED-050,FR,Refunded,0
6129,6129,2025-08-21 07:14:08,1000.94,Mastercard,CARD-001786-1,IT,Successful,4
6130,6130,2025-07-31 01:28:18,1384.29,PayPal,CARD-000536-2,IT,Successful,0
6131,6131,2026-07-15 20:48:55,759.94,Visa,CARD-000627-2,RO,Successful,0
6132,6132,2025-08-18 17:23:47,92.31,Mastercard,CARD-000941-2,AE,Successful,0
6133,6133,2026-05-11 12:38:41,81.14,Mastercard,CARD-001781-1,ES,Successful,0
6134,6134,2026-01-09 04:44:43,331.72,Amex,CARD-000546-1,GB,Successful,0
6135,6135,2025-09-09 07:11:10,191.43,PayPal,CARD-000046-2,IT,Successful,3
6136,6136,2025-04-01 02:15:53,1175.58,Visa,CARD-001595-1,NL,Successful,0
6137,6137,2026-03-19 08:37:43,915.32,Amex,CARD-001089-2,NL,Successful,0
6138,6138,2026-02-08 16:58:44,1469.19,Amex,CARD-001293-2,GB,Successful,0
6139,6139,2026-07-20 13:00:57,201.26,Visa,CARD-001032-1,DE,Successful,0
6140,6140,2025-10-30 16:37:07,825.39,Amex,CARD-000059-1,AL,Successful,0
6141,6141,2025-11-07 23:12:27,926.99,Mastercard,CARD-001556-2,US,Successful,0
6142,6142,2026-01-13 07:04:25,111.87,Mastercard,CARD-000011-2,FR,Successful,3
6143,6143,2025-12-19 01:52:40,1018.32,Amex,CARD-000593-1,GB,Successful,0
6144,6144,2025-12-29 12:35:58,751.38,Visa,CARD-FRAUD-005,NL,Successful,3
6145,6145,2026-02-24 23:01:28,394.86,Amex,CARD-000532-2,AL,Failed,0
6146,6146,2026-02-22 01:52:45,2260.92,PayPal,CARD-001693-1,GR,Successful,0
6147,6147,2026-06-03 23:20:47,641.32,Visa,CARD-000622-1,NL,Successful,0
6148,6148,2025-07-19 08:55:26,1438.59,Amex,CARD-SHARED-089,NL,Successful,0
6149,6149,2026-02-06 11:49:36,1142.62,PayPal,CARD-SHARED-090,US,Successful,1
6150,6150,2026-03-25 13:27:09,1613.14,Visa,CARD-SHARED-089,AL,Successful,0
6151,6151,2025-02-15 01:43:51,1489.84,Amex,CARD-001833-2,ES,Successful,0
6152,6152,2025-04-27 17:27:59,2380.80,PayPal,CARD-001546-2,RO,Successful,0
6153,6153,2026-02-22 22:49:07,178.41,PayPal,CARD-001925-1,ES,Successful,0
6154,6154,2026-04-25 03:15:49,645.45,Mastercard,CARD-001007-2,RO,Successful,0
6155,6155,2025-07-31 02:46:40,469.17,Amex,CARD-001207-2,GB,Successful,1
6156,6156,2026-06-02 03:10:30,890.89,Mastercard,CARD-SHARED-095,NG,Successful,0
6157,6157,2025-09-18 01:28:37,1178.25,Mastercard,CARD-001306-2,DE,Successful,0
6158,6158,2026-04-08 03:37:12,345.01,PayPal,CARD-001075-1,NG,Successful,0
6159,6159,2025-12-09 05:18:43,130.14,Visa,CARD-001725-2,ES,Successful,5
6160,6160,2026-01-09 13:35:26,1514.85,Mastercard,CARD-000370-2,FR,Successful,0
6161,6161,2026-05-31 19:36:43,674.65,Visa,CARD-000236-2,IT,Successful,0
6162,6162,2026-01-21 00:48:52,761.29,Amex,CARD-000371-1,NG,Successful,0
6163,6163,2026-07-20 00:14:29,1451.02,Amex,CARD-001498-1,ES,Successful,0
6164,6164,2025-09-05 03:50:37,778.54,Amex,CARD-001565-1,NG,Successful,1
6165,6165,2026-06-09 04:19:26,1018.41,PayPal,CARD-001844-1,DE,Successful,0
6166,6166,2025-10-01 02:23:37,463.93,Amex,CARD-FRAUD-010,FR,Successful,4
6167,6167,2026-01-02 18:31:01,612.52,Amex,CARD-000482-2,RO,Successful,0
6168,6168,2026-02-16 20:22:12,871.40,Mastercard,CARD-000133-1,RO,Successful,0
6169,6169,2026-06-05 14:31:04,2422.99,PayPal,CARD-001649-1,AE,Successful,0
6170,6170,2026-05-28 07:40:29,1947.15,PayPal,CARD-001011-1,GB,Failed,0
6171,6171,2026-06-09 21:50:10,1544.64,Mastercard,CARD-001121-1,US,Successful,0
6172,6172,2026-04-11 22:51:29,398.00,PayPal,CARD-001954-2,DE,Successful,0
6173,6173,2026-04-20 12:23:29,576.59,Mastercard,CARD-001813-2,AE,Successful,4
6174,6174,2025-01-15 14:51:14,1003.67,Visa,CARD-000001-2,FR,Successful,0
6175,6175,2026-03-29 13:57:34,1465.79,Visa,CARD-SHARED-092,DE,Refunded,0
6176,6176,2026-04-07 19:55:44,699.20,Mastercard,CARD-SHARED-059,DE,Successful,0
6177,6177,2026-06-20 05:27:03,1168.32,Visa,CARD-000811-2,GR,Successful,0
6178,6178,2025-02-05 13:09:06,952.97,Amex,CARD-000464-1,GR,Successful,2
6179,6179,2026-05-24 12:35:57,1867.46,Mastercard,CARD-001354-2,US,Successful,0
6180,6180,2025-02-04 00:06:59,2409.79,Amex,CARD-001719-2,US,Successful,4
6181,6181,2025-10-25 06:03:35,1471.75,Visa,CARD-001457-1,RO,Successful,0
6182,6182,2025-07-30 14:14:57,2335.33,PayPal,CARD-000038-2,GR,Successful,4
6183,6183,2025-04-24 15:26:03,1272.77,Amex,CARD-001756-2,NG,Successful,1
6184,6184,2025-09-10 16:19:25,1240.65,Mastercard,CARD-000440-2,AE,Refunded,0
6185,6185,2026-04-02 01:54:10,451.96,Mastercard,CARD-000055-2,NG,Successful,1
6186,6186,2025-03-24 21:29:17,966.55,Amex,CARD-001994-1,AL,Successful,0
6187,6187,2025-06-29 16:19:29,896.56,PayPal,CARD-SHARED-033,AE,Successful,0
6188,6188,2026-07-04 23:07:22,821.79,Amex,CARD-SHARED-059,DE,Successful,1
6189,6189,2025-05-24 06:04:50,435.04,Amex,CARD-001200-1,NG,Successful,0
6190,6190,2025-10-17 10:43:25,873.68,Visa,CARD-001413-2,GB,Successful,0
6191,6191,2025-06-13 13:42:32,1068.27,Amex,CARD-001713-1,ES,Successful,0
6192,6192,2026-05-09 08:18:22,1765.13,PayPal,CARD-FRAUD-025,IT,Successful,3
6193,6193,2025-09-02 22:05:42,1166.32,Amex,CARD-000872-1,GB,Successful,2
6194,6194,2026-07-04 03:13:05,1175.61,Visa,CARD-SHARED-093,NL,Successful,0
6195,6195,2025-05-22 18:14:00,102.77,Visa,CARD-001823-1,IT,Successful,0
6196,6196,2025-01-16 01:44:49,117.07,Amex,CARD-SHARED-010,AE,Successful,0
6197,6197,2025-04-30 05:53:33,1321.48,Amex,CARD-000239-2,AE,Successful,0
6198,6198,2025-01-02 07:36:35,1524.39,Visa,CARD-SHARED-091,RO,Successful,0
6199,6199,2026-03-21 10:39:01,107.68,Amex,CARD-001805-2,GB,Successful,0
6200,6200,2026-04-22 23:23:17,104.11,Mastercard,CARD-SHARED-013,RO,Successful,0
6201,6201,2026-06-19 16:08:42,133.49,PayPal,CARD-SHARED-036,GR,Successful,0
6202,6202,2025-06-03 15:15:33,482.97,Visa,CARD-SHARED-076,RO,Successful,1
6203,6203,2026-05-15 16:54:48,205.36,Amex,CARD-001896-1,NG,Successful,0
6204,6204,2026-07-08 10:52:01,486.30,Visa,CARD-000321-2,FR,Successful,0
6205,6205,2026-03-11 12:09:03,2002.50,PayPal,CARD-001302-1,AL,Successful,8
6206,6206,2026-03-07 09:54:35,1991.59,Mastercard,CARD-000004-2,FR,Successful,0
6207,6207,2026-03-24 21:15:28,1430.24,Visa,CARD-001684-2,US,Successful,0
6208,6208,2025-12-11 09:05:51,940.70,Amex,CARD-000717-2,FR,Successful,0
6209,6209,2026-06-23 02:50:50,270.70,PayPal,CARD-SHARED-073,AL,Successful,1
6210,6210,2025-04-26 04:46:29,2572.13,PayPal,CARD-SHARED-081,DE,Successful,0
6211,6211,2025-07-02 09:14:28,329.92,Amex,CARD-SHARED-056,ES,Successful,0
6212,6212,2025-06-24 19:59:50,472.74,PayPal,CARD-000671-2,GR,Successful,1
6213,6213,2026-05-21 21:14:00,1423.38,Visa,CARD-000719-2,GB,Successful,0
6214,6214,2025-06-07 11:31:40,1248.84,PayPal,CARD-001658-1,NL,Refunded,0
6215,6215,2026-04-29 14:28:11,379.44,Amex,CARD-SHARED-068,AL,Successful,0
6216,6216,2025-05-28 13:43:36,865.52,Amex,CARD-001691-2,NL,Successful,0
6217,6217,2026-06-03 07:00:30,1139.40,Amex,CARD-001674-2,NG,Successful,0
6218,6218,2026-01-13 15:59:17,666.57,Mastercard,CARD-001253-1,AL,Successful,2
6219,6219,2026-06-21 10:35:13,1815.71,Visa,CARD-000407-1,GR,Successful,0
6220,6220,2026-04-20 00:11:25,258.79,Mastercard,CARD-001399-1,FR,Successful,4
6221,6221,2026-03-24 05:00:04,1462.04,Mastercard,CARD-001139-1,ES,Successful,4
6222,6222,2025-08-08 01:42:58,425.58,PayPal,CARD-001421-2,FR,Successful,5
6223,6223,2026-05-07 02:37:52,2213.66,PayPal,CARD-001514-2,NL,Successful,0
6224,6224,2026-06-18 11:19:16,684.34,Visa,CARD-000569-2,NG,Successful,0
6225,6225,2026-06-23 19:29:47,233.61,Mastercard,CARD-000396-1,FR,Successful,1
6226,6226,2025-02-18 11:37:43,2755.65,PayPal,CARD-FRAUD-026,ES,Successful,5
6227,6227,2025-09-09 04:49:44,389.49,PayPal,CARD-SHARED-004,NL,Successful,4
6228,6228,2026-05-19 02:39:06,521.04,Amex,CARD-001940-1,DE,Successful,0
6229,6229,2026-02-11 21:21:48,1090.68,Visa,CARD-001993-1,IT,Successful,5
6230,6230,2026-05-08 06:13:37,588.32,Visa,CARD-000348-2,RO,Successful,0
6231,6231,2026-06-27 18:52:23,520.41,PayPal,CARD-000924-1,NL,Successful,1
6232,6232,2026-06-15 14:16:54,619.28,PayPal,CARD-000985-2,ES,Successful,0
6233,6233,2026-07-12 19:52:42,926.61,PayPal,CARD-001167-1,DE,Successful,0
6234,6234,2026-01-13 09:58:16,457.16,Visa,CARD-000466-2,AE,Successful,3
6235,6235,2026-06-10 18:38:08,2568.53,Amex,CARD-000286-1,ES,Successful,0
6236,6236,2025-02-15 11:59:26,1141.63,PayPal,CARD-001798-2,US,Successful,0
6237,6237,2026-06-16 07:25:39,128.02,PayPal,CARD-001554-1,RO,Successful,2
6238,6238,2026-05-23 01:30:43,2325.55,PayPal,CARD-SHARED-013,DE,Successful,0
6239,6239,2026-07-17 14:31:23,614.06,Visa,CARD-001384-1,IT,Successful,0
6240,6240,2026-01-24 21:43:20,1433.70,Mastercard,CARD-000544-1,US,Successful,5
6241,6241,2025-01-13 06:14:54,1524.17,PayPal,CARD-000529-2,AE,Successful,0
6242,6242,2026-02-19 22:27:58,363.16,Mastercard,CARD-001376-1,RO,Successful,1
6243,6243,2025-10-31 18:23:55,523.69,PayPal,CARD-001020-2,RO,Successful,0
6244,6244,2025-04-26 23:34:11,1137.51,Mastercard,CARD-001545-2,FR,Successful,5
6245,6245,2025-06-07 13:51:19,1484.18,Amex,CARD-SHARED-073,FR,Successful,0
6246,6246,2026-01-09 02:29:55,2400.06,Mastercard,CARD-001584-1,IT,Failed,0
6247,6247,2026-06-21 00:29:20,1163.00,Visa,CARD-000760-1,AE,Successful,0
6248,6248,2025-11-03 19:23:44,2421.36,Visa,CARD-FRAUD-010,AE,Successful,5
6249,6249,2026-07-10 22:20:18,300.23,Visa,CARD-000796-1,GB,Successful,2
6250,6250,2026-06-12 17:58:38,981.29,Mastercard,CARD-000073-1,NL,Successful,0
6251,6251,2025-03-13 12:50:07,332.99,Amex,CARD-SHARED-057,NL,Successful,1
6252,6252,2025-12-14 14:01:06,1231.75,Mastercard,CARD-000771-1,US,Successful,0
6253,6253,2025-12-01 03:37:47,2146.85,Mastercard,CARD-000918-2,GB,Failed,0
6254,6254,2026-06-05 04:39:54,1567.02,Mastercard,CARD-FRAUD-025,ES,Successful,1
6255,6255,2026-02-16 01:55:03,2407.32,PayPal,CARD-001674-2,GB,Successful,1
6256,6256,2025-03-05 10:18:21,132.49,Mastercard,CARD-000700-2,RO,Successful,1
6257,6257,2026-03-07 20:02:13,1083.00,PayPal,CARD-000214-2,AE,Successful,0
6258,6258,2026-03-28 02:41:36,2218.44,Amex,CARD-SHARED-052,ES,Successful,0
6259,6259,2026-01-03 21:41:30,101.73,PayPal,CARD-000611-2,AE,Successful,5
6260,6260,2026-07-16 13:55:57,1169.07,Amex,CARD-SHARED-062,FR,Successful,0
6261,6261,2025-03-14 07:57:28,3145.14,Mastercard,CARD-FRAUD-006,AE,Successful,5
6262,6262,2026-06-06 05:52:46,1163.94,Amex,CARD-001661-1,ES,Successful,0
6263,6263,2026-01-18 22:57:40,348.86,Mastercard,CARD-000273-2,GR,Successful,0
6264,6264,2026-03-01 05:39:17,95.14,Amex,CARD-000378-2,US,Successful,0
6265,6265,2025-11-24 19:16:31,2871.57,Mastercard,CARD-001766-2,FR,Successful,7
6266,6266,2025-04-06 05:29:30,1908.71,Amex,CARD-001590-1,DE,Successful,4
6267,6267,2026-07-04 20:01:34,1294.71,Mastercard,CARD-000640-1,GR,Successful,2
6268,6268,2026-01-19 14:47:51,588.86,Visa,CARD-000676-2,AE,Successful,3
6269,6269,2025-10-20 04:16:04,312.77,Visa,CARD-001675-1,FR,Successful,0
6270,6270,2025-08-19 12:48:40,252.07,Mastercard,CARD-000617-1,NG,Successful,0
6271,6271,2026-05-08 15:46:33,1208.75,PayPal,CARD-000153-2,GB,Successful,0
6272,6272,2025-02-16 14:28:21,1688.65,Amex,CARD-FRAUD-004,AE,Successful,4
6273,6273,2026-06-14 07:16:29,3115.43,PayPal,CARD-FRAUD-004,NL,Successful,3
6274,6274,2025-08-18 21:27:49,705.71,Amex,CARD-000200-2,FR,Refunded,0
6275,6275,2026-05-14 09:04:29,801.42,Amex,CARD-001985-1,DE,Successful,0
6276,6276,2026-05-08 20:04:46,224.13,Amex,CARD-000597-2,GR,Successful,5
6277,6277,2025-08-14 00:57:35,795.33,PayPal,CARD-000085-2,NG,Successful,0
6278,6278,2026-05-18 07:00:55,559.61,PayPal,CARD-001212-1,AL,Successful,0
6279,6279,2026-03-17 04:25:46,1300.77,Mastercard,CARD-001773-1,DE,Successful,1
6280,6280,2026-02-22 01:37:02,395.70,PayPal,CARD-001955-2,NL,Successful,0
6281,6281,2026-04-21 05:58:53,1791.20,PayPal,CARD-001291-1,ES,Successful,0
6282,6282,2025-10-31 10:32:24,1051.01,Amex,CARD-000299-1,NG,Successful,0
6283,6283,2025-04-14 18:18:40,775.16,Visa,CARD-SHARED-050,AL,Successful,0
6284,6284,2025-03-14 13:19:21,932.56,Amex,CARD-001102-1,NL,Failed,0
6285,6285,2026-05-13 17:09:38,74.97,Visa,CARD-000831-1,DE,Successful,0
6286,6286,2026-07-12 05:28:13,193.61,PayPal,CARD-000633-1,GR,Successful,0
6287,6287,2025-04-20 14:31:02,860.55,Visa,CARD-000234-1,DE,Successful,0
6288,6288,2026-03-01 11:42:34,988.11,Amex,CARD-001441-2,GB,Successful,4
6289,6289,2026-02-25 08:27:17,637.28,Amex,CARD-001853-2,AE,Successful,0
6290,6290,2026-02-22 03:40:10,2043.38,Amex,CARD-001796-2,RO,Successful,4
6291,6291,2026-07-19 16:18:05,823.32,Amex,CARD-000250-2,US,Successful,4
6292,6292,2025-06-01 16:03:55,1896.47,PayPal,CARD-000689-1,GB,Successful,0
6293,6293,2025-01-25 16:50:10,810.97,Amex,CARD-SHARED-008,RO,Successful,0
6294,6294,2025-04-05 15:17:11,983.00,Mastercard,CARD-001803-1,NG,Successful,0
6295,6295,2025-11-23 11:31:38,1249.77,Mastercard,CARD-001055-1,AL,Successful,2
6296,6296,2026-01-24 04:45:09,2431.07,Visa,CARD-000692-2,IT,Successful,0
6297,6297,2026-02-08 13:28:46,2577.62,Mastercard,CARD-SHARED-065,GR,Successful,1
6298,6298,2025-08-11 11:25:11,166.79,Mastercard,CARD-001920-1,AE,Successful,0
6299,6299,2026-07-10 16:14:37,310.45,Amex,CARD-001996-2,NG,Successful,0
6300,6300,2026-01-21 23:55:43,172.72,PayPal,CARD-000086-2,ES,Successful,0
6301,6301,2025-11-13 10:51:27,1228.00,PayPal,CARD-000767-2,FR,Successful,0
6302,6302,2026-07-06 17:48:13,2339.16,Amex,CARD-001519-1,NG,Successful,0
6303,6303,2025-12-07 01:50:19,310.31,Visa,CARD-000714-1,DE,Failed,0
6304,6304,2026-04-27 14:24:11,591.49,Visa,CARD-001135-2,US,Successful,0
6305,6305,2026-04-04 01:30:35,1106.40,Mastercard,CARD-001829-1,FR,Refunded,0
6306,6306,2026-01-29 12:15:46,1210.84,Mastercard,CARD-000684-1,RO,Successful,0
6307,6307,2026-05-25 14:57:29,1015.65,Visa,CARD-001860-2,US,Successful,5
6308,6308,2026-04-23 22:41:52,880.59,Visa,CARD-001236-1,IT,Refunded,0
6309,6309,2025-07-25 03:42:45,301.47,Visa,CARD-001069-1,GB,Successful,1
6310,6310,2025-05-06 01:30:51,736.71,PayPal,CARD-000503-1,NL,Successful,1
6311,6311,2026-03-14 12:39:04,777.18,Visa,CARD-001680-2,ES,Successful,0
6312,6312,2025-09-27 08:22:34,2459.17,Amex,CARD-001720-2,NL,Successful,0
6313,6313,2026-06-26 13:54:19,1729.54,Mastercard,CARD-SHARED-091,DE,Successful,1
6314,6314,2025-03-12 15:33:04,1812.74,PayPal,CARD-001607-1,NL,Failed,0
6315,6315,2025-06-07 02:28:29,577.85,Mastercard,CARD-001800-1,DE,Successful,1
6316,6316,2026-04-12 04:33:04,1644.65,Visa,CARD-SHARED-068,NG,Successful,0
6317,6317,2025-05-08 20:01:36,1768.54,Mastercard,CARD-000506-2,GR,Successful,0
6318,6318,2025-02-02 11:36:56,282.70,Visa,CARD-000240-2,GR,Successful,3
6319,6319,2025-11-09 04:24:32,1201.98,Amex,CARD-000457-2,NG,Failed,0
6320,6320,2026-06-04 03:43:09,1478.38,Mastercard,CARD-001608-1,GR,Successful,0
6321,6321,2025-11-01 11:40:04,1099.85,Mastercard,CARD-000905-2,NG,Successful,0
6322,6322,2025-02-18 21:42:34,1587.66,Mastercard,CARD-000696-1,IT,Successful,0
6323,6323,2026-04-12 14:44:43,2016.87,Amex,CARD-FRAUD-026,US,Successful,4
6324,6324,2025-04-27 17:06:44,749.88,Visa,CARD-001898-1,AL,Successful,0
6325,6325,2025-11-20 08:01:52,2132.04,Amex,CARD-000090-1,DE,Successful,3
6326,6326,2026-01-15 05:58:34,1410.79,Visa,CARD-000528-2,GB,Successful,0
6327,6327,2025-01-23 10:15:32,172.50,PayPal,CARD-001646-1,AE,Successful,0
6328,6328,2026-07-18 13:57:42,953.66,PayPal,CARD-001387-2,GR,Successful,0
6329,6329,2026-03-27 01:56:42,1036.20,PayPal,CARD-SHARED-013,AL,Successful,0
6330,6330,2026-02-08 15:01:04,1350.04,Mastercard,CARD-000281-1,GR,Successful,0
6331,6331,2026-06-22 23:42:41,737.52,Visa,CARD-001971-1,GB,Successful,0
6332,6332,2026-07-15 07:45:05,1236.70,PayPal,CARD-001129-1,IT,Successful,4
6333,6333,2026-01-12 17:44:44,906.74,PayPal,CARD-001191-2,FR,Successful,4
6334,6334,2025-12-14 04:18:57,1253.36,Mastercard,CARD-000134-1,AL,Successful,0
6335,6335,2026-05-21 14:43:56,1037.91,Amex,CARD-SHARED-066,AE,Successful,5
6336,6336,2026-07-01 07:46:49,940.23,PayPal,CARD-001224-2,DE,Successful,4
6337,6337,2025-11-03 20:35:46,1400.03,PayPal,CARD-001819-1,DE,Failed,0
6338,6338,2026-06-12 04:08:43,2776.80,Mastercard,CARD-FRAUD-011,AL,Successful,1
6339,6339,2026-07-16 11:06:17,1177.00,Mastercard,CARD-001131-2,NG,Refunded,0
6340,6340,2026-04-25 13:59:17,885.06,Amex,CARD-000738-1,AE,Successful,0
6341,6341,2025-12-24 12:46:37,883.97,Visa,CARD-000643-1,NG,Successful,0
6342,6342,2025-11-18 11:25:48,267.14,PayPal,CARD-001131-1,NG,Failed,0
6343,6343,2025-10-31 17:36:38,243.71,PayPal,CARD-000226-2,AL,Successful,0
6344,6344,2026-05-17 20:02:13,744.46,Visa,CARD-001552-1,FR,Successful,7
6345,6345,2025-11-15 07:17:56,129.38,Amex,CARD-SHARED-082,IT,Successful,0
6346,6346,2025-12-21 17:56:12,739.18,PayPal,CARD-001660-1,GB,Successful,3
6347,6347,2025-05-20 03:00:47,345.03,PayPal,CARD-000110-2,AL,Successful,0
6348,6348,2025-02-18 03:40:22,1311.84,Visa,CARD-001142-2,ES,Successful,0
6349,6349,2025-12-19 15:54:55,364.75,Mastercard,CARD-001010-2,ES,Successful,0
6350,6350,2026-05-25 20:28:31,254.15,Mastercard,CARD-000070-2,GR,Successful,0
6351,6351,2026-07-14 19:11:34,1864.97,Visa,CARD-001163-1,GR,Successful,0
6352,6352,2025-10-21 19:20:24,915.32,PayPal,CARD-000815-2,NG,Successful,0
6353,6353,2025-05-29 12:51:26,2727.73,PayPal,CARD-FRAUD-002,GR,Successful,3
6354,6354,2025-10-31 10:11:46,836.49,PayPal,CARD-001371-1,IT,Successful,0
6355,6355,2026-07-02 01:06:32,558.20,Mastercard,CARD-001665-1,AE,Successful,0
6356,6356,2026-01-06 20:51:23,2173.01,PayPal,CARD-SHARED-011,GR,Successful,0
6357,6357,2025-05-31 17:21:01,165.51,Amex,CARD-000429-2,FR,Successful,5
6358,6358,2026-03-26 04:25:16,777.16,PayPal,CARD-SHARED-015,IT,Successful,0
6359,6359,2026-03-02 14:20:40,755.96,Mastercard,CARD-SHARED-088,ES,Successful,0
6360,6360,2026-02-16 20:02:02,927.89,Amex,CARD-000439-2,GR,Successful,0
6361,6361,2025-12-03 22:10:39,805.45,Mastercard,CARD-000894-2,US,Successful,0
6362,6362,2026-03-15 16:29:46,1185.03,Visa,CARD-001273-2,RO,Successful,0
6363,6363,2025-04-26 20:01:59,356.51,Amex,CARD-SHARED-082,DE,Successful,5
6364,6364,2026-06-17 05:29:16,763.62,Visa,CARD-000249-1,GR,Successful,0
6365,6365,2026-04-23 22:48:16,181.64,PayPal,CARD-000389-2,AL,Refunded,0
6366,6366,2025-12-14 20:36:36,386.83,Visa,CARD-001952-1,NG,Successful,0
6367,6367,2025-08-13 06:49:27,1342.85,Amex,CARD-001809-2,ES,Failed,3
6368,6368,2025-01-22 06:56:21,1307.23,Visa,CARD-000172-2,FR,Successful,0
6369,6369,2026-03-31 07:53:07,473.57,Mastercard,CARD-001108-1,IT,Successful,0
6370,6370,2026-01-23 12:01:24,1450.38,Mastercard,CARD-001431-1,RO,Successful,0
6371,6371,2026-02-19 08:52:28,755.50,Visa,CARD-SHARED-020,IT,Successful,0
6372,6372,2025-03-22 00:56:52,1641.34,PayPal,CARD-SHARED-093,NG,Successful,0
6373,6373,2025-08-29 09:02:42,1341.49,Visa,CARD-001123-1,NG,Successful,0
6374,6374,2026-07-06 22:53:59,782.29,PayPal,CARD-000713-2,AE,Successful,0
6375,6375,2025-09-27 10:48:32,1032.01,PayPal,CARD-001469-2,FR,Successful,0
6376,6376,2026-04-28 20:08:24,1234.34,PayPal,CARD-000086-1,ES,Successful,0
6377,6377,2025-12-06 23:49:21,336.16,Mastercard,CARD-000556-1,US,Successful,0
6378,6378,2026-06-29 16:02:26,1248.36,PayPal,CARD-001392-1,NL,Successful,0
6379,6379,2025-11-24 14:19:37,372.66,PayPal,CARD-000605-1,US,Successful,0
6380,6380,2026-07-17 17:12:32,404.26,Amex,CARD-000723-2,NL,Successful,5
6381,6381,2025-09-30 06:38:42,1193.87,PayPal,CARD-000858-1,DE,Successful,0
6382,6382,2026-05-30 02:36:50,1556.58,PayPal,CARD-000379-1,AL,Successful,0
6383,6383,2026-06-01 06:20:49,920.79,Visa,CARD-001655-2,IT,Successful,0
6384,6384,2026-01-21 03:39:01,97.31,Amex,CARD-001363-2,ES,Successful,0
6385,6385,2025-12-27 03:50:53,2428.93,Amex,CARD-SHARED-071,ES,Successful,0
6386,6386,2025-10-24 01:36:38,108.32,Mastercard,CARD-000768-1,RO,Successful,0
6387,6387,2025-02-08 01:17:46,1562.72,Visa,CARD-000982-1,GR,Successful,0
6388,6388,2025-08-23 16:27:28,492.94,Mastercard,CARD-000985-1,ES,Successful,0
6389,6389,2025-02-24 01:18:43,523.14,Visa,CARD-SHARED-067,ES,Successful,2
6390,6390,2025-10-30 20:02:28,1389.74,Amex,CARD-000212-1,RO,Successful,0
6391,6391,2026-06-23 15:04:02,2060.54,Mastercard,CARD-000358-2,FR,Successful,0
6392,6392,2026-07-08 04:04:46,1757.02,PayPal,CARD-FRAUD-014,US,Successful,1
6393,6393,2025-07-13 08:37:39,571.82,Visa,CARD-001126-2,GB,Refunded,0
6394,6394,2025-02-12 12:20:38,2004.23,Visa,CARD-001133-2,RO,Successful,3
6395,6395,2026-06-12 22:58:18,1376.48,Visa,CARD-SHARED-018,US,Successful,4
6396,6396,2025-09-25 11:14:14,842.08,Mastercard,CARD-000894-1,FR,Successful,0
6397,6397,2026-05-14 06:05:46,522.92,Amex,CARD-000867-2,ES,Successful,0
6398,6398,2026-06-01 20:21:10,1257.17,Mastercard,CARD-001312-2,NG,Successful,0
6399,6399,2026-07-12 11:22:27,887.31,Visa,CARD-001822-2,ES,Successful,0
6400,6400,2025-02-13 12:27:52,970.75,Visa,CARD-000745-1,NL,Failed,1
6401,6401,2026-06-02 19:21:02,1647.08,PayPal,CARD-001679-1,AE,Successful,0
6402,6402,2026-06-16 23:38:51,2225.27,Visa,CARD-000304-2,FR,Successful,0
6403,6403,2026-05-23 15:41:08,1876.03,Visa,CARD-001438-2,GB,Successful,7
6404,6404,2026-03-31 05:14:58,893.97,Mastercard,CARD-001796-1,NL,Successful,0
6405,6405,2026-03-07 15:56:15,1936.38,Amex,CARD-001619-1,AE,Successful,1
6406,6406,2026-04-14 04:25:21,751.21,Mastercard,CARD-001522-2,ES,Successful,0
6407,6407,2026-05-23 13:10:37,1165.37,Mastercard,CARD-001443-2,AL,Successful,4
6408,6408,2025-12-26 13:22:14,303.11,Amex,CARD-000011-2,FR,Successful,0
6409,6409,2026-02-09 17:47:41,1912.35,Amex,CARD-000416-2,NL,Successful,0
6410,6410,2025-12-15 11:07:11,408.97,Visa,CARD-FRAUD-022,ES,Successful,7
6411,6411,2026-03-21 19:32:20,356.60,Amex,CARD-000186-2,FR,Successful,4
6412,6412,2026-07-01 21:31:23,1920.00,PayPal,CARD-001140-1,AL,Successful,0
6413,6413,2026-06-15 18:35:08,1422.72,Amex,CARD-001370-1,AL,Successful,0
6414,6414,2025-02-17 13:02:41,1552.62,Visa,CARD-000681-1,FR,Successful,0
6415,6415,2025-08-21 20:53:28,1246.70,Visa,CARD-001958-1,GB,Successful,0
6416,6416,2025-06-23 07:23:27,1242.26,Mastercard,CARD-000183-1,NG,Successful,1
6417,6417,2025-12-30 14:17:43,1073.20,Visa,CARD-000736-2,NL,Successful,0
6418,6418,2025-12-19 04:09:36,472.98,Mastercard,CARD-001166-1,GB,Successful,2
6419,6419,2026-04-25 03:28:16,539.50,PayPal,CARD-000738-2,AE,Successful,0
6420,6420,2025-06-30 21:24:12,2453.55,Amex,CARD-000570-1,NL,Successful,0
6421,6421,2026-06-08 13:07:17,626.57,PayPal,CARD-001909-1,FR,Successful,0
6422,6422,2026-02-10 05:40:57,507.85,Visa,CARD-001402-1,FR,Successful,0
6423,6423,2025-12-02 04:14:59,168.31,PayPal,CARD-001404-2,GB,Successful,0
6424,6424,2025-09-06 00:14:20,776.71,Visa,CARD-000882-2,NL,Successful,4
6425,6425,2025-05-17 15:48:43,1312.20,PayPal,CARD-000274-1,FR,Successful,0
6426,6426,2025-08-08 03:42:37,2456.63,Mastercard,CARD-000742-2,AE,Successful,1
6427,6427,2025-05-23 08:08:53,589.35,Mastercard,CARD-000190-2,IT,Successful,0
6428,6428,2026-03-23 07:21:57,2201.43,Amex,CARD-000928-1,ES,Successful,0
6429,6429,2025-12-26 15:33:00,417.77,Visa,CARD-000707-2,NL,Successful,0
6430,6430,2025-11-22 04:11:17,1464.27,Mastercard,CARD-SHARED-076,DE,Successful,0
6431,6431,2026-05-01 21:32:23,2026.64,Mastercard,CARD-001665-2,AE,Successful,8
6432,6432,2026-06-15 20:44:00,468.97,Mastercard,CARD-001799-1,NL,Successful,0
6433,6433,2025-03-06 06:24:52,1035.48,Mastercard,CARD-000842-2,FR,Successful,0
6434,6434,2025-04-27 16:34:16,1109.76,Visa,CARD-000422-2,AL,Successful,3
6435,6435,2026-04-12 00:25:53,317.78,Visa,CARD-001154-2,FR,Failed,0
6436,6436,2026-01-24 18:34:43,1186.88,Visa,CARD-000239-2,IT,Refunded,0
6437,6437,2025-10-29 17:08:07,1284.81,Amex,CARD-001871-2,NL,Successful,0
6438,6438,2026-04-13 17:58:25,1152.99,Visa,CARD-000669-2,AL,Failed,3
6439,6439,2025-10-12 18:17:21,459.96,Visa,CARD-SHARED-068,RO,Successful,0
6440,6440,2026-07-19 08:34:46,290.46,PayPal,CARD-001179-2,AL,Failed,2
6441,6441,2026-07-12 15:19:15,1742.78,PayPal,CARD-001060-1,US,Successful,0
6442,6442,2025-06-06 06:57:44,2458.47,PayPal,CARD-SHARED-060,ES,Successful,0
6443,6443,2026-07-19 05:09:24,597.92,Visa,CARD-000140-2,GR,Successful,0
6444,6444,2025-12-12 13:56:11,360.83,Visa,CARD-000971-2,ES,Successful,0
6445,6445,2025-10-09 12:13:18,2513.47,Mastercard,CARD-FRAUD-014,NG,Successful,6
6446,6446,2025-10-23 09:18:50,552.07,PayPal,CARD-000239-1,AE,Successful,0
6447,6447,2025-04-07 17:23:49,649.58,PayPal,CARD-001410-1,RO,Successful,0
6448,6448,2026-01-05 12:37:47,1081.27,Mastercard,CARD-001610-2,GR,Successful,1
6449,6449,2025-12-05 14:02:51,2370.33,Amex,CARD-000715-2,AE,Successful,0
6450,6450,2025-04-22 22:17:18,2136.64,PayPal,CARD-001755-1,GB,Failed,1
6451,6451,2026-07-15 01:09:55,540.45,PayPal,CARD-SHARED-057,DE,Successful,0
6452,6452,2025-09-14 17:22:40,270.81,Mastercard,CARD-000799-1,NG,Successful,0
6453,6453,2026-07-16 21:01:01,1755.43,PayPal,CARD-SHARED-044,DE,Successful,0
6454,6454,2025-05-13 11:39:30,778.47,Amex,CARD-001348-1,US,Successful,0
6455,6455,2026-01-15 11:45:47,2246.88,Visa,CARD-001943-2,IT,Successful,5
6456,6456,2025-08-14 08:05:24,1479.48,Visa,CARD-001934-1,GR,Failed,5
6457,6457,2026-01-18 05:07:51,545.59,Amex,CARD-000821-2,IT,Successful,0
6458,6458,2026-06-17 19:00:39,1283.60,PayPal,CARD-000533-2,GB,Successful,1
6459,6459,2026-05-23 12:19:22,906.74,PayPal,CARD-001865-2,AL,Successful,0
6460,6460,2026-03-30 00:53:54,1458.98,Amex,CARD-000318-1,NL,Successful,0
6461,6461,2025-01-03 05:22:25,722.07,PayPal,CARD-001488-1,US,Successful,0
6462,6462,2025-04-05 12:40:15,629.49,PayPal,CARD-000326-2,AE,Successful,0
6463,6463,2026-02-14 08:24:19,1108.83,Visa,CARD-000228-2,DE,Successful,1
6464,6464,2025-11-14 19:52:48,930.56,Amex,CARD-SHARED-053,AE,Successful,0
6465,6465,2026-04-15 07:28:16,482.31,Visa,CARD-000444-1,GB,Refunded,0
6466,6466,2026-06-14 07:30:52,549.63,Mastercard,CARD-001158-2,DE,Failed,0
6467,6467,2026-01-20 23:13:51,1356.66,Visa,CARD-000577-2,US,Successful,1
6468,6468,2026-03-08 19:47:07,872.79,Amex,CARD-001685-1,ES,Successful,0
6469,6469,2025-12-12 22:25:51,1411.69,Visa,CARD-SHARED-003,ES,Failed,0
6470,6470,2026-06-05 16:21:30,826.68,PayPal,CARD-000981-2,AL,Successful,5
6471,6471,2025-09-10 07:00:20,1428.75,Mastercard,CARD-000468-1,GR,Successful,0
6472,6472,2026-01-03 07:20:37,2532.56,Amex,CARD-FRAUD-007,ES,Successful,8
6473,6473,2025-06-10 18:24:18,522.83,Visa,CARD-000892-1,IT,Successful,0
6474,6474,2025-06-19 00:14:49,585.97,PayPal,CARD-001209-2,GB,Successful,0
6475,6475,2026-06-28 00:52:48,1830.17,Mastercard,CARD-000675-1,DE,Refunded,0
6476,6476,2026-06-11 01:49:33,2529.61,Amex,CARD-001971-2,GB,Successful,0
6477,6477,2026-05-18 02:49:13,683.29,Visa,CARD-000624-1,RO,Successful,0
6478,6478,2025-01-02 20:33:46,964.63,Visa,CARD-000327-2,NL,Successful,0
6479,6479,2025-11-12 22:58:17,269.61,Amex,CARD-001234-1,GB,Successful,0
6480,6480,2025-07-11 05:32:57,940.93,Visa,CARD-000486-1,RO,Successful,3
6481,6481,2025-08-18 10:34:49,602.65,Visa,CARD-001530-1,GB,Successful,0
6482,6482,2025-09-16 12:39:03,1423.23,Visa,CARD-SHARED-012,IT,Successful,0
6483,6483,2025-12-10 19:38:39,1080.13,PayPal,CARD-001039-1,GB,Successful,0
6484,6484,2025-02-28 17:46:35,236.41,Visa,CARD-001538-2,RO,Successful,0
6485,6485,2026-07-19 14:02:06,1300.82,Mastercard,CARD-001440-2,AL,Successful,0
6486,6486,2026-07-04 07:23:16,1055.06,PayPal,CARD-000751-1,NL,Failed,0
6487,6487,2026-01-10 01:46:22,705.66,Amex,CARD-001893-1,NL,Successful,0
6488,6488,2025-08-20 16:33:31,2320.16,Amex,CARD-001706-1,IT,Refunded,0
6489,6489,2025-02-23 09:46:04,1367.94,PayPal,CARD-000886-2,DE,Successful,0
6490,6490,2025-07-05 05:04:24,304.28,PayPal,CARD-001507-2,GR,Successful,0
6491,6491,2026-04-05 07:00:57,1150.11,PayPal,CARD-000935-1,FR,Successful,0
6492,6492,2026-07-20 21:19:55,613.35,Visa,CARD-001342-1,DE,Successful,0
6493,6493,2026-06-22 06:44:01,717.39,Amex,CARD-000488-2,DE,Successful,0
6494,6494,2025-09-09 15:04:33,1438.81,PayPal,CARD-001365-2,GB,Successful,0
6495,6495,2025-06-01 06:08:44,1959.08,Visa,CARD-000970-2,GR,Successful,0
6496,6496,2025-11-01 22:09:57,124.62,Visa,CARD-000201-2,GB,Successful,1
6497,6497,2025-05-23 17:08:59,1283.48,PayPal,CARD-001595-1,NL,Successful,0
6498,6498,2025-08-08 08:50:05,1694.84,Mastercard,CARD-000956-1,DE,Successful,4
6499,6499,2025-12-26 18:26:57,523.30,Mastercard,CARD-001050-1,IT,Successful,1
6500,6500,2026-06-02 00:06:15,768.21,Visa,CARD-000961-2,US,Successful,0
6501,6501,2026-07-12 01:49:25,1851.28,Amex,CARD-000713-2,FR,Successful,0
6502,6502,2026-05-23 08:46:16,569.39,PayPal,CARD-000607-1,DE,Successful,0
6503,6503,2026-04-06 16:01:58,1261.47,Amex,CARD-001713-1,ES,Successful,0
6504,6504,2025-08-18 03:44:52,1215.83,Amex,CARD-000930-1,RO,Successful,0
6505,6505,2025-02-05 04:37:23,1433.55,Mastercard,CARD-000564-2,RO,Successful,1
6506,6506,2025-08-18 08:27:30,587.12,Mastercard,CARD-000442-1,NG,Successful,0
6507,6507,2026-02-02 17:34:19,1462.96,Visa,CARD-000487-2,NG,Successful,0
6508,6508,2025-04-17 19:42:49,2306.31,Amex,CARD-000512-2,IT,Successful,0
6509,6509,2025-05-08 05:28:26,1345.47,PayPal,CARD-000432-1,GR,Successful,4
6510,6510,2025-11-14 13:58:59,2428.84,Mastercard,CARD-000958-2,IT,Successful,0
6511,6511,2025-08-01 12:23:30,1267.68,Mastercard,CARD-SHARED-021,DE,Successful,1
6512,6512,2026-07-05 05:13:43,809.68,Amex,CARD-000425-2,US,Successful,0
6513,6513,2026-04-12 22:26:35,998.52,PayPal,CARD-001751-2,GB,Successful,0
6514,6514,2025-10-20 09:32:55,249.05,Visa,CARD-001036-1,NL,Failed,0
6515,6515,2025-12-04 18:29:33,920.26,Amex,CARD-000354-2,FR,Successful,0
6516,6516,2025-11-13 09:41:17,2333.93,Mastercard,CARD-000922-1,AL,Failed,0
6517,6517,2026-02-17 10:28:21,1199.19,Visa,CARD-000917-2,ES,Successful,0
6518,6518,2026-07-18 02:35:30,1954.12,Amex,CARD-FRAUD-012,GB,Successful,3
6519,6519,2026-07-16 00:40:31,560.27,Mastercard,CARD-000647-1,FR,Successful,4
6520,6520,2026-07-06 06:13:33,245.46,Visa,CARD-000192-1,US,Successful,0
6521,6521,2025-07-11 18:10:56,1057.36,PayPal,CARD-000731-2,IT,Refunded,0
6522,6522,2026-05-31 06:31:58,1119.77,PayPal,CARD-001889-2,US,Successful,0
6523,6523,2025-06-19 20:59:46,289.62,Amex,CARD-000781-2,NG,Successful,1
6524,6524,2026-02-15 10:10:01,1118.29,Visa,CARD-001267-2,RO,Successful,0
6525,6525,2026-07-06 19:56:43,1368.20,Visa,CARD-001400-2,ES,Successful,5
6526,6526,2026-05-18 21:32:03,1475.85,Visa,CARD-000174-2,ES,Successful,0
6527,6527,2026-01-14 03:45:07,1400.11,Mastercard,CARD-001083-1,GB,Successful,0
6528,6528,2026-06-06 04:14:28,1029.65,Mastercard,CARD-000741-2,ES,Successful,0
6529,6529,2026-03-20 19:51:50,269.15,Mastercard,CARD-000049-1,US,Successful,0
6530,6530,2025-03-08 07:34:10,1331.20,PayPal,CARD-001766-2,FR,Successful,2
6531,6531,2025-03-17 22:49:42,1087.43,Mastercard,CARD-SHARED-065,ES,Successful,0
6532,6532,2026-06-05 07:38:02,1403.06,PayPal,CARD-001812-2,GR,Failed,0
6533,6533,2025-11-08 08:00:19,1217.94,Visa,CARD-000812-1,IT,Successful,2
6534,6534,2026-05-04 04:56:10,300.04,PayPal,CARD-SHARED-050,US,Refunded,0
6535,6535,2026-07-06 07:39:57,1992.32,PayPal,CARD-001354-2,US,Successful,0
6536,6536,2025-04-13 06:27:50,178.91,PayPal,CARD-001811-1,ES,Successful,0
6537,6537,2025-10-02 04:16:24,1315.86,Amex,CARD-000390-1,US,Successful,0
6538,6538,2025-02-04 01:49:31,1380.56,Amex,CARD-001628-1,GB,Successful,0
6539,6539,2025-02-22 20:52:43,1333.48,Amex,CARD-000031-2,FR,Successful,0
6540,6540,2026-06-14 03:30:04,796.83,Amex,CARD-001247-1,NG,Successful,0
6541,6541,2026-04-23 12:34:54,181.50,Visa,CARD-000128-1,NL,Successful,0
6542,6542,2026-01-17 12:59:12,1281.30,PayPal,CARD-001215-2,AL,Failed,0
6543,6543,2025-09-21 00:49:37,954.82,PayPal,CARD-000166-2,IT,Successful,0
6544,6544,2026-01-26 08:35:37,1015.95,PayPal,CARD-001081-2,RO,Successful,2
6545,6545,2026-06-02 18:06:46,206.36,Visa,CARD-000091-2,NG,Successful,1
6546,6546,2025-07-17 21:32:48,1003.57,PayPal,CARD-000390-2,US,Successful,1
6547,6547,2025-11-30 00:08:12,2261.07,Visa,CARD-000846-2,GR,Successful,3
6548,6548,2026-04-28 17:07:20,1480.23,Mastercard,CARD-001686-1,NL,Successful,0
6549,6549,2025-04-14 20:54:31,456.11,Mastercard,CARD-001215-2,AL,Failed,1
6550,6550,2025-03-26 02:11:09,1579.29,Mastercard,CARD-SHARED-088,NG,Successful,0
6551,6551,2026-04-02 03:47:51,2081.22,Mastercard,CARD-000781-2,GR,Successful,0
6552,6552,2025-03-24 02:22:25,1411.99,Visa,CARD-000390-1,DE,Successful,0
6553,6553,2026-03-23 19:17:50,2264.30,Visa,CARD-SHARED-050,ES,Successful,0
6554,6554,2025-09-25 02:22:15,1479.41,PayPal,CARD-000287-2,AE,Successful,0
6555,6555,2026-06-10 03:33:46,1748.02,Amex,CARD-001899-2,GR,Successful,0
6556,6556,2025-11-19 01:35:35,1067.10,Visa,CARD-SHARED-068,AE,Successful,0
6557,6557,2026-05-21 18:34:16,1254.04,Amex,CARD-000429-2,GR,Successful,0
6558,6558,2026-01-30 00:34:07,931.50,Mastercard,CARD-000528-2,NL,Successful,0
6559,6559,2026-01-15 22:20:54,2428.53,Mastercard,CARD-001078-2,US,Successful,1
6560,6560,2026-03-22 00:56:10,798.25,Mastercard,CARD-001381-1,RO,Successful,4
6561,6561,2026-03-17 07:59:34,1152.39,Amex,CARD-000777-2,ES,Successful,2
6562,6562,2025-04-03 13:28:57,885.89,Visa,CARD-001581-1,GB,Successful,1
6563,6563,2025-06-02 19:22:16,423.27,Amex,CARD-000078-1,FR,Successful,0
6564,6564,2026-07-08 00:17:53,1040.08,Visa,CARD-001736-1,NG,Successful,3
6565,6565,2025-06-08 15:20:16,2483.40,PayPal,CARD-SHARED-076,DE,Successful,0
6566,6566,2026-01-09 15:31:36,2309.08,Amex,CARD-000239-2,ES,Successful,0
6567,6567,2025-09-07 06:48:24,2503.27,PayPal,CARD-FRAUD-007,RO,Successful,4
6568,6568,2025-07-04 18:34:32,598.82,Visa,CARD-001908-2,NG,Successful,0
6569,6569,2026-05-20 06:26:30,3148.84,PayPal,CARD-FRAUD-014,US,Successful,4
6570,6570,2026-03-20 04:39:01,508.61,Mastercard,CARD-000006-1,IT,Successful,0
6571,6571,2025-10-08 06:39:53,958.26,Visa,CARD-001584-1,IT,Successful,0
6572,6572,2025-06-07 02:00:24,1023.97,Amex,CARD-001372-1,AE,Successful,0
6573,6573,2025-01-17 11:56:56,670.06,PayPal,CARD-000402-1,NL,Successful,0
6574,6574,2025-02-13 00:34:38,1498.33,Visa,CARD-001857-2,IT,Successful,0
6575,6575,2025-01-03 12:18:39,2195.77,PayPal,CARD-001302-1,AL,Failed,0
6576,6576,2025-04-09 21:58:14,798.50,Amex,CARD-001175-2,NG,Successful,0
6577,6577,2025-08-01 02:56:14,656.16,Amex,CARD-000180-1,GB,Successful,0
6578,6578,2026-03-25 22:20:17,242.51,PayPal,CARD-000423-1,NG,Successful,5
6579,6579,2026-06-15 10:37:14,601.04,Amex,CARD-000766-1,NL,Successful,0
6580,6580,2026-01-24 03:46:29,1385.76,Visa,CARD-000680-1,RO,Successful,0
6581,6581,2025-05-23 03:23:54,1251.83,Visa,CARD-001791-2,US,Successful,3
6582,6582,2026-02-14 10:58:22,897.86,Mastercard,CARD-000079-2,DE,Successful,4
6583,6583,2026-01-20 11:46:14,1475.42,Amex,CARD-001136-1,ES,Successful,0
6584,6584,2025-02-12 10:52:11,1608.76,Amex,CARD-000063-1,NG,Failed,0
6585,6585,2025-11-04 00:06:31,1445.79,PayPal,CARD-000099-2,AL,Successful,0
6586,6586,2025-02-28 11:40:50,1583.44,PayPal,CARD-SHARED-094,IT,Successful,0
6587,6587,2026-04-23 07:02:45,270.86,Visa,CARD-001068-2,RO,Successful,1
6588,6588,2026-04-28 07:47:46,549.24,Visa,CARD-001869-2,FR,Successful,0
6589,6589,2025-05-28 04:32:18,873.48,Mastercard,CARD-001098-2,DE,Successful,0
6590,6590,2025-03-29 00:43:00,616.24,Visa,CARD-000727-1,NG,Successful,0
6591,6591,2026-05-09 15:46:18,1280.29,Visa,CARD-001086-1,ES,Successful,0
6592,6592,2026-03-24 08:00:45,1402.06,Amex,CARD-000282-1,ES,Failed,2
6593,6593,2026-05-12 02:25:59,2169.91,PayPal,CARD-000830-1,RO,Successful,0
6594,6594,2025-04-23 20:00:53,576.92,Visa,CARD-SHARED-022,ES,Successful,0
6595,6595,2026-02-24 09:07:25,1191.21,PayPal,CARD-SHARED-032,IT,Successful,0
6596,6596,2026-07-13 03:21:58,932.08,Visa,CARD-000790-1,NL,Successful,0
6597,6597,2025-12-26 10:23:18,316.45,PayPal,CARD-000267-1,NG,Successful,0
6598,6598,2026-06-23 06:43:38,565.89,Amex,CARD-000933-1,US,Successful,0
6599,6599,2026-05-20 10:39:22,1313.73,PayPal,CARD-000344-1,NL,Successful,0
6600,6600,2026-07-04 08:38:16,556.02,Visa,CARD-FRAUD-012,NL,Successful,2
6601,6601,2026-06-02 22:03:43,2126.61,Amex,CARD-001129-2,IT,Successful,0
6602,6602,2025-01-11 19:14:45,2469.89,Mastercard,CARD-000389-1,AL,Successful,0
6603,6603,2026-06-09 22:52:13,929.98,Amex,CARD-000698-2,ES,Successful,0
6604,6604,2026-04-28 04:54:00,518.16,Mastercard,CARD-000116-1,AL,Successful,0
6605,6605,2025-07-17 08:46:04,772.11,Amex,CARD-001352-1,NG,Successful,0
6606,6606,2026-01-14 06:53:18,1307.14,PayPal,CARD-001711-1,FR,Failed,0
6607,6607,2026-05-31 13:07:41,972.83,Visa,CARD-001459-1,NG,Successful,1
6608,6608,2025-10-27 18:26:10,1157.19,Mastercard,CARD-000203-1,DE,Successful,0
6609,6609,2026-07-13 01:48:45,937.02,Mastercard,CARD-001562-2,GR,Successful,0
6610,6610,2026-03-30 02:38:31,1445.99,Amex,CARD-001857-1,NG,Failed,2
6611,6611,2025-12-28 17:45:51,996.27,Visa,CARD-000801-1,RO,Successful,0
6612,6612,2026-05-01 14:22:18,1033.19,Mastercard,CARD-001420-2,GR,Successful,2
6613,6613,2026-06-07 05:54:19,1332.63,PayPal,CARD-000751-1,FR,Failed,0
6614,6614,2026-04-16 23:23:56,924.86,Visa,CARD-001927-2,RO,Successful,0
6615,6615,2026-06-14 16:47:13,2530.90,PayPal,CARD-FRAUD-007,FR,Successful,6
6616,6616,2026-05-30 08:38:16,968.92,PayPal,CARD-000906-1,AE,Successful,0
6617,6617,2026-04-20 15:01:34,2404.82,PayPal,CARD-FRAUD-026,GR,Successful,7
6618,6618,2026-01-20 11:34:36,2540.56,PayPal,CARD-001703-2,NG,Failed,0
6619,6619,2026-05-10 07:29:54,688.89,PayPal,CARD-000758-2,GR,Successful,0
6620,6620,2026-01-02 08:30:46,239.38,Visa,CARD-001519-2,NG,Failed,0
6621,6621,2026-04-21 03:13:33,579.65,PayPal,CARD-001068-2,RO,Successful,0
6622,6622,2025-12-22 00:12:34,116.50,Visa,CARD-SHARED-041,AL,Successful,0
6623,6623,2026-04-27 00:09:56,842.29,PayPal,CARD-SHARED-068,ES,Successful,0
6624,6624,2025-12-09 05:58:48,2808.48,Mastercard,CARD-000719-1,RO,Successful,4
6625,6625,2025-11-05 08:48:49,1035.92,Amex,CARD-FRAUD-011,NG,Successful,5
6626,6626,2026-06-09 15:21:36,164.31,PayPal,CARD-001834-1,FR,Successful,1
6627,6627,2025-05-17 12:42:43,905.83,Visa,CARD-000145-1,NG,Successful,1
6628,6628,2026-01-28 20:36:08,548.80,Visa,CARD-000209-1,FR,Successful,0
6629,6629,2026-01-17 10:34:51,1524.92,Mastercard,CARD-000311-1,AL,Successful,0
6630,6630,2025-06-25 17:21:48,263.23,Mastercard,CARD-001055-2,AL,Successful,0
6631,6631,2026-06-23 11:26:09,1193.43,PayPal,CARD-000175-1,RO,Successful,0
6632,6632,2026-06-13 13:27:57,519.17,Amex,CARD-001892-2,FR,Successful,5
6633,6633,2025-11-05 03:38:31,2481.46,Visa,CARD-000215-2,US,Successful,2
6634,6634,2025-12-21 18:17:22,418.50,Amex,CARD-000126-1,FR,Successful,0
6635,6635,2026-06-01 08:08:47,577.11,Amex,CARD-001034-1,FR,Successful,0
6636,6636,2025-11-14 08:04:46,2801.30,Visa,CARD-FRAUD-024,FR,Successful,1
6637,6637,2026-07-14 13:14:17,1451.50,Mastercard,CARD-000683-1,DE,Successful,1
6638,6638,2025-06-29 11:43:13,732.29,PayPal,CARD-000784-2,RO,Successful,0
6639,6639,2025-08-25 04:07:25,2112.93,Amex,CARD-000098-2,GR,Successful,0
6640,6640,2026-06-12 03:18:37,295.97,Amex,CARD-000581-1,GB,Refunded,5
6641,6641,2026-05-02 04:44:14,1038.02,Mastercard,CARD-000195-2,NL,Successful,3
6642,6642,2025-09-26 20:04:02,1019.92,Visa,CARD-001654-1,US,Successful,0
6643,6643,2026-04-30 13:54:23,1002.80,Amex,CARD-000013-2,FR,Successful,0
6644,6644,2026-02-14 02:38:38,187.23,Visa,CARD-000562-1,DE,Successful,0
6645,6645,2025-12-28 15:27:11,1468.74,Amex,CARD-001591-2,GR,Successful,0
6646,6646,2025-06-15 14:03:39,1206.49,Visa,CARD-000020-1,RO,Successful,2
6647,6647,2026-07-16 05:34:52,2044.97,Visa,CARD-000151-2,DE,Successful,7
6648,6648,2025-11-15 16:06:49,907.80,PayPal,CARD-000187-2,ES,Successful,1
6649,6649,2026-05-21 17:13:01,589.18,Mastercard,CARD-000070-2,NG,Successful,0
6650,6650,2026-06-22 02:31:07,150.31,Amex,CARD-001518-2,AL,Successful,0
6651,6651,2025-10-17 23:51:52,2150.03,Amex,CARD-001794-2,GR,Successful,0
6652,6652,2025-03-20 07:40:24,242.65,Visa,CARD-SHARED-091,FR,Successful,0
6653,6653,2026-07-12 03:14:33,808.62,Mastercard,CARD-000289-2,GB,Successful,0
6654,6654,2025-11-24 14:56:39,1887.35,Amex,CARD-001064-1,FR,Successful,4
6655,6655,2025-09-20 00:24:24,640.94,Visa,CARD-000565-1,ES,Successful,0
6656,6656,2025-11-20 12:13:46,1335.92,PayPal,CARD-000071-2,ES,Successful,0
6657,6657,2026-03-31 06:31:16,2434.20,PayPal,CARD-FRAUD-025,AE,Successful,7
6658,6658,2025-12-29 06:56:20,828.21,PayPal,CARD-000493-2,IT,Refunded,0
6659,6659,2025-11-20 23:33:02,834.54,Mastercard,CARD-000975-1,AE,Successful,0
6660,6660,2026-01-20 02:13:42,463.08,PayPal,CARD-001814-2,US,Successful,0
6661,6661,2025-11-03 02:56:07,1093.95,Mastercard,CARD-001692-1,US,Successful,0
6662,6662,2026-02-24 02:02:44,1997.50,Visa,CARD-000857-2,AL,Successful,0
6663,6663,2025-09-01 04:34:20,446.70,PayPal,CARD-000658-2,RO,Successful,3
6664,6664,2026-03-06 00:39:56,2102.69,Amex,CARD-FRAUD-015,GB,Successful,4
6665,6665,2025-08-14 11:00:44,489.14,PayPal,CARD-001939-1,IT,Successful,0
6666,6666,2026-05-21 00:46:53,2052.42,Mastercard,CARD-001854-2,IT,Successful,1
6667,6667,2025-04-16 14:34:49,355.76,PayPal,CARD-FRAUD-004,ES,Successful,7
6668,6668,2025-08-27 07:27:04,895.11,Mastercard,CARD-001710-2,AE,Failed,3
6669,6669,2026-06-09 14:03:53,1708.12,Visa,CARD-001996-2,NG,Successful,0
6670,6670,2026-03-27 16:01:30,1377.29,PayPal,CARD-SHARED-018,RO,Successful,0
6671,6671,2025-02-14 19:31:28,860.56,PayPal,CARD-001139-2,AE,Successful,0
6672,6672,2025-07-04 09:30:57,1121.52,Mastercard,CARD-000183-2,NG,Successful,0
6673,6673,2025-05-26 11:41:47,352.35,Amex,CARD-SHARED-009,ES,Successful,0
6674,6674,2025-10-14 14:25:12,1485.56,Amex,CARD-000107-2,RO,Successful,1
6675,6675,2025-05-31 00:36:12,1701.39,PayPal,CARD-000570-2,NL,Successful,3
6676,6676,2025-10-04 02:09:53,558.66,Visa,CARD-001760-1,AE,Successful,5
6677,6677,2025-01-26 02:30:11,200.40,PayPal,CARD-001228-1,RO,Failed,0
6678,6678,2025-01-17 20:12:54,1438.28,PayPal,CARD-SHARED-051,NL,Successful,0
6679,6679,2025-04-03 01:26:23,861.87,Visa,CARD-000623-2,DE,Successful,0
6680,6680,2026-05-25 15:27:18,937.14,Mastercard,CARD-000484-2,NG,Successful,0
6681,6681,2025-11-28 18:54:37,1195.97,Mastercard,CARD-000601-1,ES,Successful,0
6682,6682,2026-04-28 16:35:06,212.50,Mastercard,CARD-000580-2,GR,Successful,0
6683,6683,2026-03-02 07:59:15,665.36,Mastercard,CARD-000934-1,DE,Successful,4
6684,6684,2025-06-01 13:03:29,667.14,Visa,CARD-000830-2,RO,Successful,0
6685,6685,2025-03-19 15:30:02,952.13,Amex,CARD-000198-1,IT,Successful,0
6686,6686,2026-03-11 09:55:18,1010.70,Visa,CARD-001412-2,FR,Successful,0
6687,6687,2025-05-26 08:21:32,1467.25,PayPal,CARD-000269-1,DE,Successful,0
6688,6688,2026-03-16 13:14:02,2990.87,PayPal,CARD-FRAUD-020,ES,Successful,7
6689,6689,2026-03-16 22:55:42,143.64,Visa,CARD-000566-1,DE,Successful,0
6690,6690,2025-11-06 07:19:32,217.47,Amex,CARD-000862-1,GB,Successful,0
6691,6691,2025-04-11 06:42:07,2193.55,Visa,CARD-000680-2,NL,Successful,8
6692,6692,2026-01-12 21:27:41,2329.03,Amex,CARD-SHARED-077,FR,Successful,0
6693,6693,2026-06-17 21:20:51,700.05,PayPal,CARD-001303-2,AE,Successful,0
6694,6694,2025-01-04 03:47:45,763.66,PayPal,CARD-000219-1,NL,Successful,0
6695,6695,2025-11-28 04:33:54,911.41,Amex,CARD-000885-2,FR,Successful,1
6696,6696,2025-07-02 05:54:47,1437.62,PayPal,CARD-001300-2,RO,Successful,0
6697,6697,2026-05-27 04:24:00,1428.51,Amex,CARD-000103-1,IT,Refunded,0
6698,6698,2025-06-02 08:52:51,686.83,Amex,CARD-001790-2,AE,Successful,5
6699,6699,2025-07-20 16:05:37,1827.15,PayPal,CARD-001575-1,FR,Successful,3
6700,6700,2026-03-01 21:49:49,2586.08,Visa,CARD-001035-2,FR,Successful,0
6701,6701,2026-04-03 23:14:48,2430.74,Visa,CARD-001083-2,US,Successful,0
6702,6702,2025-02-08 17:24:19,596.59,PayPal,CARD-SHARED-020,FR,Successful,0
6703,6703,2026-04-22 04:08:32,1156.11,Amex,CARD-001277-1,FR,Successful,0
6704,6704,2026-06-13 12:17:38,494.24,Mastercard,CARD-SHARED-024,GB,Successful,0
6705,6705,2026-03-06 05:18:04,744.24,Amex,CARD-001622-1,AE,Successful,3
6706,6706,2025-03-14 13:45:56,1494.45,Amex,CARD-000666-1,GB,Successful,5
6707,6707,2025-05-08 11:51:26,1009.88,Mastercard,CARD-000501-2,DE,Successful,0
6708,6708,2026-02-24 00:58:11,432.27,Mastercard,CARD-001528-1,AE,Refunded,0
6709,6709,2025-10-31 04:15:18,1320.49,Mastercard,CARD-000825-2,NL,Successful,0
6710,6710,2026-07-10 06:41:55,195.34,Mastercard,CARD-001026-1,AL,Successful,0
6711,6711,2025-10-25 22:35:35,457.14,Mastercard,CARD-001884-2,RO,Successful,1
6712,6712,2026-06-25 21:03:16,1524.87,Visa,CARD-SHARED-092,NG,Failed,3
6713,6713,2026-06-20 01:50:00,1604.11,Amex,CARD-001875-2,GB,Successful,0
6714,6714,2026-04-03 08:54:42,612.64,PayPal,CARD-000196-2,RO,Successful,0
6715,6715,2026-05-21 10:21:29,1321.42,PayPal,CARD-SHARED-060,IT,Successful,0
6716,6716,2025-06-29 20:50:54,1062.65,Visa,CARD-SHARED-045,NG,Successful,0
6717,6717,2026-03-04 02:12:46,559.75,Visa,CARD-001348-2,US,Successful,2
6718,6718,2025-10-22 15:07:56,765.48,Mastercard,CARD-000299-2,ES,Successful,2
6719,6719,2025-11-03 15:22:30,2541.51,PayPal,CARD-000352-2,GR,Successful,0
6720,6720,2026-04-26 13:09:30,146.02,Amex,CARD-SHARED-057,AL,Successful,0
6721,6721,2026-04-12 20:18:45,1022.30,PayPal,CARD-001361-2,GR,Successful,0
6722,6722,2025-12-02 02:52:40,2248.56,Amex,CARD-SHARED-079,AE,Successful,0
6723,6723,2025-11-26 13:59:42,580.29,PayPal,CARD-001910-1,US,Successful,3
6724,6724,2026-03-19 17:55:49,1062.65,Visa,CARD-001029-2,FR,Failed,0
6725,6725,2025-02-13 23:41:09,923.23,PayPal,CARD-000588-1,AE,Successful,0
6726,6726,2026-05-17 18:34:37,787.99,PayPal,CARD-001311-1,AL,Successful,0
6727,6727,2025-09-07 05:28:44,303.26,PayPal,CARD-001139-1,NG,Successful,5
6728,6728,2026-01-28 18:24:00,1490.66,Amex,CARD-000677-1,FR,Successful,0
6729,6729,2026-06-25 10:30:31,434.51,Amex,CARD-FRAUD-006,NL,Successful,2
6730,6730,2025-08-09 12:03:04,2445.85,Amex,CARD-SHARED-087,AE,Successful,5
6731,6731,2025-07-16 10:00:37,866.37,Visa,CARD-000505-1,ES,Successful,0
6732,6732,2026-07-06 03:16:22,1795.69,Mastercard,CARD-001147-1,DE,Successful,3
6733,6733,2026-01-19 12:25:19,243.45,Amex,CARD-SHARED-038,GB,Successful,0
6734,6734,2025-02-15 22:09:25,494.77,Amex,CARD-000712-2,FR,Successful,0
6735,6735,2025-11-02 16:37:59,1940.33,PayPal,CARD-001938-1,NG,Successful,0
6736,6736,2026-03-15 13:02:06,800.38,PayPal,CARD-001625-1,ES,Successful,1
6737,6737,2026-07-16 10:50:21,2197.76,PayPal,CARD-001158-1,NL,Successful,0
6738,6738,2026-01-04 04:29:17,382.37,PayPal,CARD-SHARED-037,GB,Successful,0
6739,6739,2025-09-04 16:02:00,397.14,Visa,CARD-001166-1,GB,Successful,0
6740,6740,2025-04-29 02:30:32,336.65,PayPal,CARD-001833-1,ES,Successful,0
6741,6741,2025-01-25 16:53:31,1299.22,Mastercard,CARD-000185-2,IT,Successful,0
6742,6742,2026-02-09 19:43:58,996.75,Visa,CARD-000567-2,AE,Successful,0
6743,6743,2026-06-16 07:31:43,248.97,PayPal,CARD-001757-2,ES,Successful,0
6744,6744,2025-11-27 03:46:49,1105.04,Amex,CARD-SHARED-021,AL,Successful,0
6745,6745,2026-05-28 17:09:49,2242.70,Visa,CARD-000236-2,IT,Successful,0
6746,6746,2026-07-11 14:46:11,712.47,Mastercard,CARD-SHARED-003,AL,Successful,0
6747,6747,2025-11-27 22:22:58,1719.25,Visa,CARD-000696-2,IT,Successful,0
6748,6748,2025-07-29 07:20:16,437.82,PayPal,CARD-001416-2,DE,Successful,0
6749,6749,2025-11-29 09:23:35,1052.65,Mastercard,CARD-000397-2,RO,Successful,0
6750,6750,2026-05-15 08:23:48,476.03,Mastercard,CARD-000030-2,IT,Successful,5
6751,6751,2025-05-10 05:52:57,690.63,Amex,CARD-001065-1,NG,Successful,0
6752,6752,2025-09-05 01:24:58,867.82,Visa,CARD-001269-2,GR,Successful,1
6753,6753,2025-09-08 02:45:30,1589.89,PayPal,CARD-000296-1,IT,Successful,0
6754,6754,2025-11-30 03:00:07,1309.75,Visa,CARD-001585-1,NG,Successful,2
6755,6755,2025-01-06 00:30:38,253.07,Visa,CARD-000633-2,GR,Successful,0
6756,6756,2026-05-25 22:18:35,579.27,PayPal,CARD-SHARED-070,DE,Successful,5
6757,6757,2026-03-24 12:54:15,763.32,Visa,CARD-000607-2,ES,Successful,0
6758,6758,2025-10-27 21:35:09,659.02,Mastercard,CARD-001144-1,AL,Successful,0
6759,6759,2026-04-05 08:08:07,2240.48,Amex,CARD-000285-1,IT,Successful,3
6760,6760,2026-06-19 18:31:12,2187.05,Amex,CARD-000576-2,AE,Successful,0
6761,6761,2026-04-12 09:20:30,944.88,Visa,CARD-000356-2,RO,Successful,0
6762,6762,2025-03-18 06:13:57,1405.72,Mastercard,CARD-000840-2,AE,Successful,0
6763,6763,2026-04-10 10:47:23,95.62,PayPal,CARD-001068-2,RO,Successful,1
6764,6764,2026-04-15 15:24:52,1468.53,Mastercard,CARD-001944-1,IT,Successful,0
6765,6765,2026-07-12 19:40:24,1707.48,PayPal,CARD-000617-1,US,Successful,0
6766,6766,2026-01-19 20:55:04,667.46,Mastercard,CARD-001717-1,GB,Successful,0
6767,6767,2026-05-16 03:37:29,1213.42,Mastercard,CARD-000920-1,ES,Successful,0
6768,6768,2026-03-26 13:54:12,1512.94,Mastercard,CARD-000628-2,NL,Successful,2
6769,6769,2025-02-26 03:32:25,1343.61,PayPal,CARD-001528-2,ES,Successful,1
6770,6770,2025-09-25 19:23:16,902.92,PayPal,CARD-000049-1,US,Failed,0
6771,6771,2025-05-10 17:10:46,432.91,Visa,CARD-000064-2,RO,Successful,0
6772,6772,2026-04-17 03:32:08,625.88,Visa,CARD-001372-1,AE,Refunded,0
6773,6773,2025-09-21 04:09:41,778.59,Visa,CARD-SHARED-097,AL,Successful,0
6774,6774,2025-07-06 20:42:40,575.90,Amex,CARD-001889-2,US,Successful,0
6775,6775,2025-12-25 18:59:49,1442.13,Mastercard,CARD-000682-1,NL,Successful,0
6776,6776,2026-07-06 17:45:11,775.07,Mastercard,CARD-SHARED-007,GR,Successful,0
6777,6777,2026-03-19 01:01:45,1699.49,Mastercard,CARD-000383-1,ES,Successful,0
6778,6778,2025-05-15 20:13:05,1482.54,Visa,CARD-000503-2,DE,Failed,3
6779,6779,2026-06-22 05:09:41,973.12,Amex,CARD-000286-1,ES,Successful,0
6780,6780,2025-07-22 03:59:08,1433.42,PayPal,CARD-FRAUD-014,FR,Successful,3
6781,6781,2026-05-13 11:59:53,1189.07,PayPal,CARD-001688-1,AE,Successful,1
6782,6782,2025-03-07 05:18:51,210.46,PayPal,CARD-001398-2,ES,Successful,1
6783,6783,2026-04-10 00:28:48,320.87,Amex,CARD-000938-2,NL,Successful,0
6784,6784,2026-03-20 12:19:29,170.04,Mastercard,CARD-000122-2,US,Successful,0
6785,6785,2026-02-02 11:41:01,1814.51,PayPal,CARD-FRAUD-021,FR,Successful,8
6786,6786,2026-01-15 10:54:47,1399.69,PayPal,CARD-001157-2,FR,Successful,0
6787,6787,2026-05-06 07:29:51,132.49,Amex,CARD-SHARED-024,RO,Successful,0
6788,6788,2025-09-22 17:18:01,228.35,Visa,CARD-SHARED-049,AE,Successful,0
6789,6789,2025-06-16 13:30:03,1117.65,PayPal,CARD-001200-2,GB,Failed,0
6790,6790,2025-10-25 18:24:21,566.60,PayPal,CARD-001453-1,DE,Successful,0
6791,6791,2025-07-09 07:32:59,796.37,Visa,CARD-000531-2,NL,Successful,1
6792,6792,2025-10-19 18:08:38,856.46,Mastercard,CARD-001820-2,AL,Successful,0
6793,6793,2025-02-20 09:54:45,1495.24,PayPal,CARD-001896-1,NG,Refunded,0
6794,6794,2026-07-17 11:51:36,265.54,Visa,CARD-000455-2,AL,Successful,0
6795,6795,2026-03-07 10:08:49,916.53,Visa,CARD-000932-2,RO,Successful,0
6796,6796,2025-11-15 22:44:31,1342.03,Visa,CARD-000010-1,GR,Successful,0
6797,6797,2026-04-12 06:21:09,1465.28,Visa,CARD-001430-1,DE,Successful,0
6798,6798,2025-06-16 10:14:06,818.71,Mastercard,CARD-SHARED-019,ES,Successful,4
6799,6799,2026-04-28 04:22:17,1670.46,Visa,CARD-FRAUD-025,RO,Successful,0
6800,6800,2026-02-03 22:21:49,1502.32,Mastercard,CARD-001449-2,DE,Successful,0
6801,6801,2026-01-15 23:02:24,422.73,Amex,CARD-000955-2,AL,Successful,4
6802,6802,2025-05-12 06:30:02,1237.52,Amex,CARD-001715-1,IT,Failed,0
6803,6803,2025-06-08 02:16:18,1274.90,Mastercard,CARD-000158-1,NL,Successful,1
6804,6804,2025-05-17 13:45:37,1171.66,Amex,CARD-001161-2,NL,Successful,0
6805,6805,2026-02-10 04:48:53,1388.34,PayPal,CARD-000062-2,IT,Successful,0
6806,6806,2025-02-28 08:55:46,839.09,Mastercard,CARD-000778-1,RO,Successful,0
6807,6807,2026-07-20 09:17:56,1474.10,Amex,CARD-001909-2,RO,Successful,0
6808,6808,2025-04-17 01:03:01,688.20,Visa,CARD-001321-2,IT,Successful,1
6809,6809,2025-05-28 08:04:45,922.95,Mastercard,CARD-000014-2,GR,Successful,0
6810,6810,2026-07-04 22:44:56,709.96,Amex,CARD-SHARED-022,ES,Successful,0
6811,6811,2026-02-15 19:47:58,2242.19,Visa,CARD-000511-1,RO,Successful,1
6812,6812,2025-07-24 14:54:15,1248.27,Visa,CARD-SHARED-043,DE,Successful,0
6813,6813,2026-03-31 07:30:16,1150.65,Amex,CARD-000117-2,US,Successful,0
6814,6814,2026-06-11 01:55:28,1330.24,Mastercard,CARD-001892-2,GB,Successful,0
6815,6815,2026-07-07 06:25:25,1063.48,Visa,CARD-000206-2,ES,Successful,0
6816,6816,2025-02-24 19:06:23,957.27,Visa,CARD-001525-2,FR,Successful,0
6817,6817,2025-10-18 06:58:41,101.07,Mastercard,CARD-000909-1,ES,Failed,0
6818,6818,2026-05-15 08:43:09,874.37,Amex,CARD-000152-2,GR,Successful,0
6819,6819,2026-03-05 07:43:03,1163.40,Visa,CARD-000590-1,DE,Successful,0
6820,6820,2026-04-01 19:59:10,1881.85,Amex,CARD-000394-2,AE,Successful,8
6821,6821,2025-11-07 07:16:59,537.17,Mastercard,CARD-001030-1,ES,Successful,0
6822,6822,2026-02-18 18:57:29,791.62,Visa,CARD-001536-1,GR,Successful,0
6823,6823,2026-03-09 04:29:55,156.63,Mastercard,CARD-001283-1,GB,Successful,0
6824,6824,2026-04-18 19:17:34,640.96,Amex,CARD-000328-2,DE,Successful,5
6825,6825,2026-02-09 18:08:05,865.06,Mastercard,CARD-001194-2,DE,Successful,0
6826,6826,2025-04-16 02:14:20,1425.04,Visa,CARD-001267-1,US,Failed,3
6827,6827,2026-02-14 10:22:21,719.80,Mastercard,CARD-000125-2,DE,Successful,0
6828,6828,2026-04-17 21:10:04,86.50,Visa,CARD-000769-1,GB,Successful,0
6829,6829,2025-08-13 10:05:12,922.62,Amex,CARD-001389-1,NG,Successful,0
6830,6830,2025-05-13 08:05:13,849.50,Amex,CARD-SHARED-039,GB,Successful,0
6831,6831,2026-04-18 19:39:18,1087.31,Mastercard,CARD-001391-2,AL,Successful,0
6832,6832,2025-10-27 05:22:30,902.01,Amex,CARD-001792-2,IT,Refunded,0
6833,6833,2025-10-18 11:47:23,436.39,Visa,CARD-000390-1,US,Successful,0
6834,6834,2026-05-14 22:00:58,1040.65,Mastercard,CARD-SHARED-007,NL,Successful,2
6835,6835,2026-01-15 06:14:23,792.46,Mastercard,CARD-000842-2,FR,Successful,0
6836,6836,2026-03-30 07:40:16,1377.27,Mastercard,CARD-000406-2,AE,Successful,0
6837,6837,2026-02-16 14:02:43,938.81,Mastercard,CARD-000733-2,NL,Successful,0
6838,6838,2025-08-21 06:41:04,1621.01,Amex,CARD-000563-1,US,Successful,1
6839,6839,2026-05-07 23:01:48,698.83,PayPal,CARD-SHARED-053,AL,Successful,0
6840,6840,2025-11-01 21:22:42,942.22,Mastercard,CARD-001954-1,GB,Successful,0
6841,6841,2026-01-04 18:07:39,1864.06,Visa,CARD-FRAUD-017,NL,Successful,3
6842,6842,2025-12-23 11:28:45,1290.68,PayPal,CARD-000956-1,AE,Successful,0
6843,6843,2026-03-30 15:49:45,798.31,PayPal,CARD-000417-2,FR,Successful,0
6844,6844,2025-04-07 15:05:04,1311.75,Amex,CARD-SHARED-062,AE,Successful,5
6845,6845,2025-09-09 03:17:56,220.01,Visa,CARD-001712-1,NG,Successful,0
6846,6846,2026-03-10 14:07:33,1358.31,Visa,CARD-000433-2,IT,Successful,0
6847,6847,2026-06-04 10:05:36,622.36,Visa,CARD-000126-2,FR,Refunded,0
6848,6848,2026-01-17 14:40:34,886.78,PayPal,CARD-SHARED-005,NG,Successful,0
6849,6849,2025-03-28 21:18:11,932.28,Visa,CARD-001225-1,IT,Successful,0
6850,6850,2025-09-15 01:08:18,1174.79,PayPal,CARD-000193-1,AE,Successful,0
6851,6851,2025-07-29 11:42:20,627.55,PayPal,CARD-000197-2,RO,Successful,0
6852,6852,2025-09-07 02:08:14,1069.56,Mastercard,CARD-001382-1,ES,Successful,0
6853,6853,2026-06-27 10:38:29,1394.31,Visa,CARD-001783-2,GB,Successful,5
6854,6854,2026-06-15 15:49:42,983.76,PayPal,CARD-001040-2,US,Successful,1
6855,6855,2026-07-17 21:54:37,936.51,Mastercard,CARD-000978-1,AL,Successful,0
6856,6856,2025-02-05 19:06:46,149.94,PayPal,CARD-000654-2,NG,Successful,4
6857,6857,2025-08-16 05:20:20,228.72,PayPal,CARD-SHARED-018,GR,Successful,1
6858,6858,2026-07-09 17:33:49,1385.37,Mastercard,CARD-000484-2,NG,Successful,0
6859,6859,2026-07-09 16:20:44,1310.99,Amex,CARD-001879-1,IT,Successful,0
6860,6860,2026-04-17 05:03:51,174.63,PayPal,CARD-000731-1,GB,Successful,3
6861,6861,2025-04-20 21:26:44,801.20,Mastercard,CARD-000490-1,NL,Successful,0
6862,6862,2025-07-18 12:02:18,484.09,PayPal,CARD-001699-2,FR,Successful,0
6863,6863,2025-10-04 02:43:46,705.66,Amex,CARD-001795-1,AL,Successful,0
6864,6864,2026-04-01 23:42:51,755.05,Amex,CARD-001771-2,DE,Successful,3
6865,6865,2026-02-24 04:41:14,2430.43,PayPal,CARD-000177-1,IT,Successful,0
6866,6866,2026-07-20 05:55:34,1478.28,Visa,CARD-001538-2,RO,Successful,4
6867,6867,2025-03-24 23:04:45,1303.81,PayPal,CARD-001694-1,NL,Successful,0
6868,6868,2025-11-12 13:14:25,277.25,Amex,CARD-000388-2,GR,Successful,0
6869,6869,2026-07-13 00:45:33,1041.12,Amex,CARD-000860-2,AL,Successful,0
6870,6870,2026-05-26 23:19:09,536.80,Visa,CARD-000802-1,GB,Successful,0
6871,6871,2025-11-17 14:46:59,1170.07,PayPal,CARD-000124-2,IT,Successful,1
6872,6872,2026-06-24 18:45:12,613.85,Amex,CARD-000025-2,RO,Successful,0
6873,6873,2026-06-21 04:07:49,766.40,Visa,CARD-001354-2,US,Successful,0
6874,6874,2025-03-20 16:18:22,2252.89,Amex,CARD-001323-2,AE,Successful,0
6875,6875,2025-07-15 14:34:45,774.21,Visa,CARD-001872-2,GB,Successful,4
6876,6876,2025-08-27 01:49:13,2307.63,Amex,CARD-001760-1,DE,Successful,0
6877,6877,2025-05-07 11:22:52,78.48,Mastercard,CARD-SHARED-088,AL,Successful,0
6878,6878,2025-11-19 00:52:31,998.67,PayPal,CARD-001407-1,DE,Successful,0
6879,6879,2025-07-26 20:51:29,115.73,Visa,CARD-SHARED-034,US,Successful,0
6880,6880,2025-09-10 04:16:09,1139.49,Visa,CARD-SHARED-081,AL,Refunded,0
6881,6881,2026-03-26 11:30:31,447.25,PayPal,CARD-001135-2,US,Successful,4
6882,6882,2026-05-08 17:24:15,983.80,Visa,CARD-001524-2,FR,Successful,0
6883,6883,2026-07-07 21:07:46,985.28,PayPal,CARD-001920-1,AE,Successful,0
6884,6884,2026-02-06 00:57:41,1204.60,Visa,CARD-001754-2,NG,Successful,0
6885,6885,2025-12-09 03:32:57,262.20,Amex,CARD-001725-1,IT,Successful,4
6886,6886,2025-10-28 18:51:04,347.94,Amex,CARD-SHARED-023,NG,Successful,1
6887,6887,2026-01-17 06:10:20,1756.69,Visa,CARD-001345-2,GB,Successful,8
6888,6888,2026-04-17 14:00:28,1391.43,Amex,CARD-SHARED-051,NG,Successful,0
6889,6889,2025-01-17 03:08:04,820.62,PayPal,CARD-001848-1,DE,Successful,1
6890,6890,2026-04-17 04:34:38,431.14,Visa,CARD-000714-1,NL,Successful,0
6891,6891,2025-03-16 20:24:27,278.07,Amex,CARD-000669-2,AL,Successful,0
6892,6892,2025-10-24 15:17:41,690.92,Mastercard,CARD-000429-2,FR,Successful,0
6893,6893,2025-08-30 15:14:25,2284.58,Amex,CARD-FRAUD-020,US,Successful,8
6894,6894,2025-07-26 18:53:37,512.04,PayPal,CARD-000322-1,NG,Successful,0
6895,6895,2025-01-30 13:11:30,131.54,Amex,CARD-001463-2,IT,Successful,3
6896,6896,2026-05-02 12:29:55,447.28,Amex,CARD-001754-2,ES,Successful,0
6897,6897,2026-04-13 13:49:14,881.87,Mastercard,CARD-001668-2,IT,Successful,0
6898,6898,2026-05-11 12:37:02,710.02,Amex,CARD-001706-1,IT,Successful,0
6899,6899,2025-02-03 02:00:37,343.22,Amex,CARD-001323-1,AE,Successful,0
6900,6900,2026-06-12 06:50:08,362.46,Mastercard,CARD-SHARED-015,NG,Successful,0
6901,6901,2026-05-18 18:43:34,150.65,Visa,CARD-SHARED-096,RO,Refunded,0
6902,6902,2026-04-17 07:51:15,1185.03,PayPal,CARD-000053-2,NG,Successful,0
6903,6903,2025-07-04 03:13:34,666.38,Amex,CARD-000035-1,NG,Failed,0
6904,6904,2026-03-27 22:40:23,1850.36,Mastercard,CARD-001216-1,RO,Failed,0
6905,6905,2025-01-24 23:15:12,447.78,Mastercard,CARD-001348-1,US,Successful,0
6906,6906,2025-05-08 21:28:48,212.48,Mastercard,CARD-001314-1,AE,Successful,0
6907,6907,2025-05-07 19:21:56,139.74,PayPal,CARD-001287-2,GR,Successful,0
6908,6908,2026-04-28 15:05:33,435.26,Visa,CARD-000633-1,GR,Successful,3
6909,6909,2026-06-08 15:01:36,599.38,Amex,CARD-000949-1,AE,Successful,0
6910,6910,2025-01-12 11:54:32,852.97,Visa,CARD-001785-1,ES,Successful,3
6911,6911,2026-04-01 13:10:19,505.14,Amex,CARD-001650-2,AL,Successful,0
6912,6912,2026-07-17 02:00:11,194.25,Amex,CARD-000754-1,NG,Successful,0
6913,6913,2026-03-15 22:46:07,604.22,PayPal,CARD-000705-2,AL,Successful,0
6914,6914,2026-04-27 05:38:00,1067.99,Visa,CARD-000276-1,AL,Successful,0
6915,6915,2025-01-24 06:16:50,1857.81,Mastercard,CARD-000423-1,US,Successful,0
6916,6916,2026-07-19 07:14:29,286.40,Mastercard,CARD-000192-2,GR,Successful,0
6917,6917,2025-10-07 08:24:17,1004.26,Mastercard,CARD-000355-2,RO,Successful,0
6918,6918,2026-06-29 05:36:01,457.57,PayPal,CARD-000100-1,ES,Successful,0
6919,6919,2026-01-18 01:33:06,1077.44,Mastercard,CARD-000038-2,GR,Successful,0
6920,6920,2026-03-25 21:15:19,967.01,PayPal,CARD-000585-1,US,Refunded,1
6921,6921,2026-06-01 23:17:15,194.21,PayPal,CARD-000154-1,IT,Successful,0
6922,6922,2025-02-26 03:38:07,1123.16,Visa,CARD-001261-2,AL,Successful,5
6923,6923,2025-03-21 21:03:20,1036.82,Amex,CARD-001261-2,ES,Successful,0
6924,6924,2026-06-19 18:27:50,1182.27,Mastercard,CARD-000518-2,NL,Successful,0
6925,6925,2025-12-03 19:33:12,1721.39,Mastercard,CARD-000116-2,US,Successful,0
6926,6926,2026-06-05 11:48:35,436.33,Amex,CARD-001332-1,FR,Successful,0
6927,6927,2025-04-04 13:05:47,1196.92,Mastercard,CARD-001178-1,NG,Successful,0
6928,6928,2025-02-12 14:52:15,759.65,PayPal,CARD-001173-2,AE,Successful,0
6929,6929,2025-03-30 22:20:32,715.98,Amex,CARD-000998-2,NG,Successful,0
6930,6930,2026-06-07 15:03:15,2486.45,Visa,CARD-001587-1,GR,Failed,0
6931,6931,2025-01-20 12:29:32,875.21,Mastercard,CARD-000434-1,IT,Successful,2
6932,6932,2025-04-03 11:51:16,1847.71,Mastercard,CARD-001930-2,IT,Successful,0
6933,6933,2025-07-06 06:42:20,874.45,Visa,CARD-001309-1,AE,Successful,0
6934,6934,2025-03-18 10:08:15,404.72,PayPal,CARD-SHARED-027,GB,Successful,0
6935,6935,2026-04-04 04:09:32,908.01,PayPal,CARD-001666-2,IT,Successful,5
6936,6936,2026-01-19 13:24:58,2445.36,Amex,CARD-001685-1,NL,Successful,5
6937,6937,2026-06-02 13:26:13,334.92,Visa,CARD-SHARED-007,AL,Successful,0
6938,6938,2026-01-28 23:21:57,939.57,Amex,CARD-FRAUD-017,IT,Successful,7
6939,6939,2025-03-03 15:15:22,114.16,Mastercard,CARD-001235-1,FR,Successful,0
6940,6940,2025-03-02 16:29:03,2012.37,Visa,CARD-000054-1,US,Successful,0
6941,6941,2026-04-03 03:45:18,841.76,Visa,CARD-001345-1,US,Successful,0
6942,6942,2026-07-02 05:22:17,150.69,PayPal,CARD-000724-1,GR,Successful,0
6943,6943,2026-05-28 07:02:04,2429.04,Visa,CARD-000673-1,GB,Successful,0
6944,6944,2025-11-24 10:14:35,1464.08,Mastercard,CARD-000537-2,US,Successful,0
6945,6945,2025-03-19 02:17:47,694.91,Visa,CARD-000876-1,US,Successful,0
6946,6946,2025-01-25 20:27:01,662.08,Amex,CARD-SHARED-073,NL,Successful,0
6947,6947,2025-05-15 06:47:34,2555.71,PayPal,CARD-001046-2,ES,Successful,0
6948,6948,2026-05-06 17:11:28,1199.28,Visa,CARD-000135-2,DE,Successful,0
6949,6949,2025-07-07 08:10:33,2413.88,Amex,CARD-001486-2,NL,Successful,0
6950,6950,2025-07-15 07:57:16,777.99,PayPal,CARD-000041-2,ES,Failed,2
6951,6951,2026-01-15 09:26:40,168.52,Visa,CARD-000053-2,NG,Failed,4
6952,6952,2025-01-18 00:47:59,2001.07,Visa,CARD-000219-1,AE,Successful,0
6953,6953,2026-03-09 14:52:25,2461.48,Mastercard,CARD-001121-2,US,Successful,0
6954,6954,2026-04-10 10:46:18,443.12,Amex,CARD-001771-2,AL,Successful,0
6955,6955,2025-01-15 07:04:10,319.62,Amex,CARD-SHARED-049,GR,Successful,0
6956,6956,2026-02-04 11:26:55,1327.59,Amex,CARD-001405-1,GR,Successful,0
6957,6957,2025-11-20 05:50:26,829.69,Mastercard,CARD-000389-2,AL,Successful,2
6958,6958,2026-03-18 07:29:41,814.18,Amex,CARD-000972-2,AE,Successful,0
6959,6959,2025-01-12 02:00:05,935.83,PayPal,CARD-000015-2,NG,Successful,0
6960,6960,2026-04-13 03:21:08,687.78,Visa,CARD-SHARED-025,US,Successful,0
6961,6961,2026-01-12 01:09:06,140.64,Amex,CARD-000587-2,US,Successful,0
6962,6962,2026-05-29 06:10:46,565.47,Visa,CARD-FRAUD-023,FR,Successful,1
6963,6963,2025-08-14 20:42:48,946.83,Visa,CARD-001008-2,GB,Successful,0
6964,6964,2026-06-02 07:05:11,481.49,Mastercard,CARD-001972-1,GB,Successful,0
6965,6965,2025-06-28 11:11:57,1013.05,Amex,CARD-SHARED-010,IT,Successful,0
6966,6966,2025-05-16 12:36:56,795.85,Visa,CARD-000827-2,US,Successful,0
6967,6967,2025-12-11 19:07:29,616.51,Visa,CARD-001341-2,AE,Successful,0
6968,6968,2025-12-03 17:24:16,264.42,Mastercard,CARD-000049-1,US,Successful,1
6969,6969,2025-06-25 12:18:40,774.11,PayPal,CARD-000111-1,GR,Successful,0
6970,6970,2026-06-30 18:18:58,1177.59,Visa,CARD-001801-1,GB,Successful,0
6971,6971,2025-11-15 18:10:22,1369.66,PayPal,CARD-001692-1,RO,Successful,0
6972,6972,2025-08-29 05:11:21,2104.15,Visa,CARD-SHARED-066,DE,Failed,0
6973,6973,2026-04-19 03:09:28,1507.94,Visa,CARD-001951-1,GR,Successful,0
6974,6974,2025-04-22 00:59:55,647.07,Amex,CARD-000502-1,RO,Successful,0
6975,6975,2026-04-14 00:53:52,958.34,Mastercard,CARD-000028-2,ES,Successful,0
6976,6976,2026-06-08 04:03:25,607.00,Amex,CARD-001643-2,ES,Successful,0
6977,6977,2025-12-25 11:00:52,1028.24,Amex,CARD-000788-1,AE,Successful,3
6978,6978,2025-06-30 00:26:39,956.53,PayPal,CARD-001459-2,DE,Successful,0
6979,6979,2026-06-14 09:08:49,948.14,Visa,CARD-001276-2,US,Failed,0
6980,6980,2026-07-07 16:03:29,2918.28,Visa,CARD-FRAUD-014,RO,Successful,2
6981,6981,2026-03-29 15:43:51,1953.94,Mastercard,CARD-000036-2,NG,Successful,5
6982,6982,2026-04-15 02:29:47,321.33,PayPal,CARD-000761-1,DE,Successful,0
6983,6983,2026-06-29 01:47:24,1296.10,Visa,CARD-000279-2,IT,Failed,0
6984,6984,2026-07-04 00:06:50,2242.08,Amex,CARD-001701-1,DE,Successful,0
6985,6985,2025-03-10 05:54:18,1613.32,Visa,CARD-000093-2,GR,Successful,0
6986,6986,2026-06-07 11:31:52,907.39,PayPal,CARD-001516-2,NL,Successful,0
6987,6987,2026-01-06 07:20:12,573.34,PayPal,CARD-000121-1,AE,Successful,4
6988,6988,2025-08-27 07:52:38,1869.76,Mastercard,CARD-000901-1,NG,Successful,0
6989,6989,2026-05-03 01:56:21,116.32,Visa,CARD-001800-1,DE,Successful,0
6990,6990,2026-07-20 20:12:15,3088.50,Visa,CARD-FRAUD-013,GR,Successful,5
6991,6991,2026-05-08 01:56:14,989.95,Amex,CARD-001008-1,GB,Successful,0
6992,6992,2025-03-30 22:41:57,2699.43,Visa,CARD-001416-2,NL,Successful,2
6993,6993,2025-04-27 17:54:02,1452.72,Mastercard,CARD-001228-1,AE,Successful,1
6994,6994,2026-01-09 21:45:56,1324.81,Amex,CARD-000088-2,RO,Successful,0
6995,6995,2026-06-06 10:31:27,990.93,Amex,CARD-000155-1,NL,Successful,1
6996,6996,2026-05-21 16:43:38,686.36,Visa,CARD-001995-2,ES,Successful,2
6997,6997,2026-05-13 16:38:16,341.69,Mastercard,CARD-SHARED-093,NL,Successful,0
6998,6998,2026-05-25 13:11:29,92.64,Mastercard,CARD-SHARED-090,ES,Successful,0
6999,6999,2025-11-07 10:03:33,1140.27,Mastercard,CARD-001744-2,RO,Successful,4
7000,7000,2026-07-05 17:50:11,1290.84,Mastercard,CARD-000814-2,DE,Successful,0
7001,7001,2026-04-21 07:08:24,206.76,Amex,CARD-001458-2,DE,Successful,0
7002,7002,2025-09-08 14:55:29,2402.32,Visa,CARD-001557-1,AE,Successful,0
7003,7003,2026-03-18 06:19:42,155.11,PayPal,CARD-000642-2,DE,Successful,0
7004,7004,2025-08-21 17:06:51,437.53,Mastercard,CARD-001723-1,ES,Successful,0
7005,7005,2026-07-07 18:59:58,1333.36,Visa,CARD-001520-1,FR,Successful,0
7006,7006,2026-03-03 07:04:41,640.17,PayPal,CARD-001111-1,GR,Successful,3
7007,7007,2026-07-20 16:49:06,2466.36,Mastercard,CARD-000875-1,ES,Failed,0
7008,7008,2026-06-24 18:26:42,357.34,PayPal,CARD-SHARED-072,AL,Successful,0
7009,7009,2025-10-20 14:39:02,1345.52,Amex,CARD-SHARED-056,AL,Successful,0
7010,7010,2026-06-11 14:54:31,1075.25,Visa,CARD-001722-1,FR,Successful,0
7011,7011,2025-02-25 22:27:25,330.24,PayPal,CARD-000845-1,RO,Successful,0
7012,7012,2026-07-17 00:31:30,2485.81,Amex,CARD-FRAUD-012,IT,Successful,7
7013,7013,2026-05-20 05:41:57,1614.85,Visa,CARD-001321-1,IT,Successful,0
7014,7014,2025-02-10 08:09:38,698.31,Amex,CARD-000896-2,GB,Successful,0
7015,7015,2025-06-17 00:51:45,1313.04,Mastercard,CARD-001020-1,RO,Successful,0
7016,7016,2025-11-13 23:57:22,80.82,PayPal,CARD-SHARED-029,US,Successful,0
7017,7017,2026-04-22 15:37:19,1434.17,Visa,CARD-000286-2,ES,Successful,0
7018,7018,2026-06-02 02:03:24,561.27,Mastercard,CARD-000009-1,GB,Successful,2
7019,7019,2025-05-15 06:52:41,564.03,PayPal,CARD-001271-1,US,Successful,0
7020,7020,2025-02-19 23:59:32,384.53,Mastercard,CARD-000477-1,NG,Successful,0
7021,7021,2026-03-30 13:58:57,1473.39,PayPal,CARD-SHARED-007,IT,Successful,0
7022,7022,2025-10-30 16:23:22,2248.65,Amex,CARD-001957-1,NL,Successful,3
7023,7023,2025-02-28 21:39:53,284.21,PayPal,CARD-001338-1,RO,Successful,0
7024,7024,2025-05-09 06:38:41,174.08,PayPal,CARD-001540-2,AL,Successful,0
7025,7025,2026-05-26 07:19:26,1717.77,PayPal,CARD-001452-1,GR,Successful,0
7026,7026,2025-05-10 08:11:54,193.47,PayPal,CARD-001768-2,NG,Successful,0
7027,7027,2025-12-30 13:24:18,772.61,PayPal,CARD-000379-2,AL,Failed,0
7028,7028,2025-04-09 23:13:51,1197.85,Amex,CARD-001287-1,US,Successful,2
7029,7029,2025-12-28 10:50:18,1306.73,PayPal,CARD-001558-1,RO,Successful,0
7030,7030,2026-02-02 18:05:19,1934.40,Mastercard,CARD-000828-2,GB,Successful,0
7031,7031,2025-04-27 13:39:26,115.92,PayPal,CARD-001566-1,ES,Successful,4
7032,7032,2026-04-17 15:58:30,1389.18,Mastercard,CARD-000796-1,GB,Successful,0
7033,7033,2026-06-29 17:32:01,1240.16,PayPal,CARD-SHARED-099,GB,Failed,4
7034,7034,2025-02-20 02:27:03,1863.56,Visa,CARD-000169-1,GR,Successful,0
7035,7035,2026-05-31 02:05:55,2114.17,Amex,CARD-FRAUD-012,AL,Successful,3
7036,7036,2025-03-29 12:45:07,336.12,PayPal,CARD-SHARED-013,NL,Successful,0
7037,7037,2025-05-11 18:04:31,1126.51,Visa,CARD-001582-1,AL,Successful,0
7038,7038,2026-03-18 06:47:36,217.31,Mastercard,CARD-001597-1,ES,Successful,5
7039,7039,2025-06-20 05:03:30,1098.57,Visa,CARD-000336-1,GB,Successful,0
7040,7040,2025-08-20 20:57:43,578.12,Amex,CARD-001471-1,AE,Successful,0
7041,7041,2026-06-22 20:01:36,1263.11,Visa,CARD-SHARED-100,FR,Successful,0
7042,7042,2026-02-08 05:51:52,1498.73,Visa,CARD-000726-1,AE,Successful,3
7043,7043,2025-03-30 02:05:23,1382.97,Visa,CARD-SHARED-017,NG,Successful,0
7044,7044,2025-11-01 13:46:11,1361.85,Visa,CARD-001579-1,NL,Successful,4
7045,7045,2026-01-28 10:56:39,1147.02,PayPal,CARD-000078-2,RO,Successful,1
7046,7046,2025-12-31 21:32:03,141.48,Visa,CARD-001769-2,US,Successful,0
7047,7047,2026-07-17 06:41:34,1488.42,Amex,CARD-001542-2,FR,Successful,0
7048,7048,2025-03-11 08:11:04,1993.39,Amex,CARD-000331-1,NL,Successful,8
7049,7049,2026-03-27 20:27:40,2252.01,Mastercard,CARD-001253-2,AL,Successful,4
7050,7050,2026-04-09 21:21:56,149.00,PayPal,CARD-SHARED-060,FR,Successful,0
7051,7051,2025-08-08 08:29:13,1317.90,PayPal,CARD-000405-2,ES,Successful,4
7052,7052,2026-05-06 05:28:36,2254.55,Amex,CARD-000193-1,AE,Successful,0
7053,7053,2026-02-22 03:16:23,974.82,Mastercard,CARD-000107-2,RO,Refunded,0
7054,7054,2025-12-10 13:13:43,1192.68,PayPal,CARD-000471-2,IT,Successful,5
7055,7055,2025-07-05 15:38:56,731.88,Visa,CARD-001576-2,GR,Successful,1
7056,7056,2026-03-22 10:49:09,1430.17,Amex,CARD-001643-1,ES,Successful,0
7057,7057,2025-08-02 11:03:15,1058.15,Mastercard,CARD-001133-2,FR,Successful,0
7058,7058,2026-04-13 22:02:18,174.39,Visa,CARD-001085-1,RO,Successful,0
7059,7059,2025-09-20 23:49:49,715.40,PayPal,CARD-SHARED-002,NL,Successful,0
7060,7060,2025-01-28 13:39:38,1422.14,PayPal,CARD-001316-1,DE,Successful,0
7061,7061,2026-05-18 10:57:19,125.40,Mastercard,CARD-001756-2,NG,Successful,0
7062,7062,2026-03-28 21:33:30,884.10,Mastercard,CARD-001829-2,FR,Successful,0
7063,7063,2025-08-02 22:49:52,540.20,PayPal,CARD-000037-1,IT,Successful,0
7064,7064,2025-04-24 19:10:59,150.24,PayPal,CARD-000641-1,GB,Successful,0
7065,7065,2025-11-02 04:33:27,1962.64,Amex,CARD-000080-2,NG,Successful,0
7066,7066,2026-03-02 07:16:22,1466.52,PayPal,CARD-000559-1,GB,Successful,0
7067,7067,2026-07-20 03:02:43,1093.28,PayPal,CARD-000857-1,NG,Successful,0
7068,7068,2026-02-24 07:26:48,1739.62,Mastercard,CARD-000947-2,GR,Successful,0
7069,7069,2026-03-11 18:28:22,1167.49,Mastercard,CARD-001097-1,AE,Successful,0
7070,7070,2025-10-14 04:06:20,969.28,Amex,CARD-000372-1,RO,Successful,0
7071,7071,2025-08-28 21:17:37,1082.74,Visa,CARD-000319-2,DE,Successful,0
7072,7072,2026-06-20 08:38:12,1414.33,Mastercard,CARD-SHARED-096,GR,Successful,0
7073,7073,2026-07-08 02:11:43,849.63,PayPal,CARD-001865-1,DE,Successful,0
7074,7074,2026-07-07 04:53:10,218.09,Amex,CARD-000424-2,GB,Successful,2
7075,7075,2025-07-28 23:52:42,2539.99,PayPal,CARD-000762-1,AL,Refunded,1
7076,7076,2025-11-26 14:01:56,372.92,Visa,CARD-001170-1,US,Successful,1
7077,7077,2026-02-28 13:50:04,329.15,PayPal,CARD-000418-2,AE,Successful,4
7078,7078,2026-05-16 05:30:56,1139.14,Visa,CARD-001472-2,AL,Successful,0
7079,7079,2026-05-19 17:15:24,1257.42,Mastercard,CARD-001951-1,GR,Successful,0
7080,7080,2025-03-12 03:00:12,1376.45,Amex,CARD-001688-1,ES,Successful,0
7081,7081,2025-09-20 10:14:09,2279.21,Visa,CARD-001382-1,ES,Successful,0
7082,7082,2025-02-20 19:21:28,2803.36,Mastercard,CARD-FRAUD-007,RO,Successful,6
7083,7083,2025-09-13 13:31:19,1091.60,Visa,CARD-001026-2,AL,Successful,0
7084,7084,2025-02-02 18:05:22,891.56,Mastercard,CARD-000165-1,GB,Refunded,0
7085,7085,2025-10-08 10:21:28,130.22,Visa,CARD-001142-2,AL,Successful,0
7086,7086,2026-05-13 11:31:26,612.17,Mastercard,CARD-000662-1,FR,Successful,0
7087,7087,2025-01-08 00:28:03,699.21,Amex,CARD-001981-1,NG,Successful,1
7088,7088,2025-12-24 00:55:11,2358.14,Visa,CARD-001947-1,FR,Successful,0
7089,7089,2025-09-29 03:51:06,835.44,Visa,CARD-000121-1,AE,Successful,0
7090,7090,2025-04-07 23:19:46,2373.46,Visa,CARD-000838-2,DE,Successful,0
7091,7091,2026-01-27 14:49:51,192.79,PayPal,CARD-000410-1,NG,Successful,0
7092,7092,2025-05-07 03:38:29,1376.31,Mastercard,CARD-001249-1,GR,Successful,4
7093,7093,2025-09-04 01:21:03,791.89,Amex,CARD-000904-2,US,Successful,0
7094,7094,2025-06-19 20:05:26,75.12,Mastercard,CARD-001596-1,AL,Successful,1
7095,7095,2025-05-11 06:37:43,2315.49,Mastercard,CARD-001135-1,US,Successful,0
7096,7096,2026-03-18 03:25:32,1138.92,Visa,CARD-000945-2,US,Successful,0
7097,7097,2025-10-10 09:28:11,222.76,Amex,CARD-000779-2,NL,Successful,0
7098,7098,2026-05-21 02:48:03,120.23,PayPal,CARD-000558-1,GR,Successful,0
7099,7099,2026-02-10 19:52:29,714.55,Visa,CARD-000224-1,ES,Successful,0
7100,7100,2025-02-23 09:31:49,1076.66,Mastercard,CARD-000011-2,FR,Successful,0
7101,7101,2026-01-11 13:51:51,189.85,PayPal,CARD-000512-2,IT,Successful,0
7102,7102,2025-08-25 18:42:51,2116.67,Amex,CARD-001585-2,NG,Successful,5
7103,7103,2025-06-19 23:29:14,339.73,PayPal,CARD-001092-1,AE,Failed,0
7104,7104,2025-06-27 08:26:05,716.70,PayPal,CARD-001242-1,GR,Successful,0
7105,7105,2026-04-16 02:03:49,194.87,Visa,CARD-000087-2,IT,Successful,2
7106,7106,2026-07-07 02:31:43,930.70,PayPal,CARD-001668-2,NG,Successful,1
7107,7107,2026-01-15 08:33:54,794.28,Visa,CARD-000066-1,GR,Successful,1
7108,7108,2025-08-09 23:05:56,1880.70,PayPal,CARD-001375-2,AE,Successful,3
7109,7109,2026-01-31 22:03:18,336.70,PayPal,CARD-001957-1,IT,Successful,0
7110,7110,2025-06-16 04:35:26,2254.47,Amex,CARD-SHARED-013,GB,Successful,0
7111,7111,2025-10-07 15:25:11,356.36,Amex,CARD-SHARED-044,RO,Successful,0
7112,7112,2026-07-07 17:44:15,795.39,PayPal,CARD-000004-2,FR,Successful,0
7113,7113,2025-04-08 22:38:07,1022.74,Mastercard,CARD-SHARED-011,DE,Successful,0
7114,7114,2025-10-20 08:56:38,759.94,PayPal,CARD-001138-1,AE,Successful,0
7115,7115,2026-01-10 11:51:24,1953.20,PayPal,CARD-001735-1,AL,Successful,2
7116,7116,2025-10-21 18:51:02,1126.59,Mastercard,CARD-001666-1,NL,Successful,1
7117,7117,2026-03-01 09:37:40,1086.22,Amex,CARD-000002-2,RO,Successful,1
7118,7118,2026-03-16 18:00:09,125.75,Mastercard,CARD-001801-1,GB,Successful,0
7119,7119,2025-04-12 15:33:27,2109.67,Mastercard,CARD-FRAUD-009,GR,Successful,2
7120,7120,2026-06-30 08:33:21,2597.54,Visa,CARD-000737-2,FR,Failed,0
7121,7121,2025-04-17 20:53:25,411.44,Mastercard,CARD-000299-2,NG,Successful,0
7122,7122,2026-03-19 11:27:28,974.90,Mastercard,CARD-001645-1,ES,Successful,3
7123,7123,2026-06-01 03:50:50,1058.96,Visa,CARD-001480-2,DE,Successful,0
7124,7124,2026-02-21 06:48:38,133.96,Visa,CARD-000639-1,US,Successful,0
7125,7125,2026-03-01 03:14:26,771.02,Visa,CARD-001532-1,IT,Successful,3
7126,7126,2026-02-08 08:28:22,821.53,Visa,CARD-001317-1,GR,Successful,0
7127,7127,2025-07-06 07:25:28,1145.79,PayPal,CARD-000157-2,AE,Successful,2
7128,7128,2026-02-13 08:39:25,1140.88,Visa,CARD-SHARED-078,FR,Successful,0
7129,7129,2026-07-09 15:24:29,1447.15,Visa,CARD-001747-1,RO,Successful,0
7130,7130,2025-09-26 00:06:55,1355.61,Visa,CARD-000355-2,AE,Successful,0
7131,7131,2026-03-28 22:40:30,790.04,PayPal,CARD-000574-1,NG,Successful,0
7132,7132,2026-01-03 03:09:54,1467.07,PayPal,CARD-001095-1,FR,Successful,3
7133,7133,2026-03-12 23:21:37,1076.52,PayPal,CARD-000755-2,GR,Successful,1
7134,7134,2025-11-21 15:26:42,597.33,Amex,CARD-001673-1,AL,Successful,0
7135,7135,2026-04-10 18:58:04,580.66,Mastercard,CARD-001375-2,AE,Successful,2
7136,7136,2025-05-05 08:34:19,1067.58,Amex,CARD-001403-2,NL,Successful,0
7137,7137,2026-06-13 10:42:15,698.16,Amex,CARD-001298-1,AE,Successful,0
7138,7138,2025-05-25 11:48:35,1288.02,Visa,CARD-SHARED-032,RO,Successful,0
7139,7139,2025-12-27 17:13:52,1156.95,Visa,CARD-000648-2,GB,Successful,0
7140,7140,2026-01-18 10:29:11,1669.41,Amex,CARD-001092-2,AL,Successful,4
7141,7141,2026-04-25 11:11:59,214.65,Visa,CARD-001689-2,IT,Successful,0
7142,7142,2025-08-31 18:20:48,1182.89,PayPal,CARD-001060-2,AE,Successful,0
7143,7143,2026-01-25 10:47:14,230.27,Mastercard,CARD-000320-2,NL,Successful,3
7144,7144,2025-10-26 00:51:55,266.35,PayPal,CARD-000247-2,RO,Successful,0
7145,7145,2026-07-11 03:36:53,1437.30,Visa,CARD-000154-2,AE,Successful,0
7146,7146,2026-05-25 16:12:39,1958.37,Amex,CARD-000496-2,NL,Successful,0
7147,7147,2026-04-11 09:49:45,1468.09,Mastercard,CARD-000628-2,GR,Successful,5
7148,7148,2025-12-08 09:30:51,2068.38,Visa,CARD-001149-2,FR,Successful,0
7149,7149,2025-12-17 08:57:00,1460.41,Mastercard,CARD-000711-1,NL,Successful,0
7150,7150,2025-12-26 00:21:45,587.53,Amex,CARD-001821-1,GR,Failed,0
7151,7151,2025-10-26 07:53:25,630.37,Amex,CARD-001389-2,RO,Successful,0
7152,7152,2025-12-10 14:19:10,1527.80,Visa,CARD-000994-2,AL,Successful,0
7153,7153,2026-04-14 21:12:55,1008.83,Amex,CARD-001663-1,GR,Successful,0
7154,7154,2025-07-25 21:38:55,384.66,Visa,CARD-000059-1,AL,Successful,2
7155,7155,2025-07-08 00:00:14,877.85,Visa,CARD-001712-1,NG,Successful,0
7156,7156,2026-05-04 21:08:23,359.45,Mastercard,CARD-000233-1,GB,Successful,4
7157,7157,2026-05-01 02:52:50,914.64,Visa,CARD-000774-2,ES,Successful,0
7158,7158,2026-04-14 04:33:47,294.45,Mastercard,CARD-000333-1,GB,Successful,0
7159,7159,2026-01-23 07:01:23,1444.27,Visa,CARD-001829-1,FR,Successful,2
7160,7160,2025-06-09 23:36:52,3194.33,Amex,CARD-000915-1,GR,Successful,1
7161,7161,2026-04-18 05:32:58,988.76,PayPal,CARD-000570-2,NL,Successful,0
7162,7162,2025-05-09 21:11:39,753.54,Amex,CARD-001361-1,GR,Successful,0
7163,7163,2026-05-06 23:37:38,995.43,PayPal,CARD-001701-2,DE,Successful,4
7164,7164,2025-09-30 15:01:25,139.75,Amex,CARD-000832-2,DE,Successful,0
7165,7165,2025-02-19 16:13:51,218.73,Visa,CARD-001386-2,ES,Successful,1
7166,7166,2026-05-14 00:14:36,1873.19,PayPal,CARD-000849-1,US,Successful,0
7167,7167,2026-05-28 20:32:05,1217.89,PayPal,CARD-001303-1,AE,Successful,0
7168,7168,2025-01-25 18:23:35,1191.76,Amex,CARD-000855-2,NL,Successful,0
7169,7169,2026-05-04 23:37:13,674.35,Mastercard,CARD-000336-2,GB,Successful,0
7170,7170,2025-07-01 22:13:52,1186.73,Amex,CARD-001154-2,FR,Successful,0
7171,7171,2026-04-17 20:17:45,824.98,Visa,CARD-001705-2,DE,Successful,0
7172,7172,2025-12-17 13:55:28,1286.42,Amex,CARD-000605-1,US,Successful,0
7173,7173,2025-10-11 08:40:37,857.65,PayPal,CARD-001714-1,ES,Successful,0
7174,7174,2026-03-08 19:50:24,646.02,PayPal,CARD-001826-2,NG,Successful,0
7175,7175,2026-04-08 22:41:46,1470.59,Visa,CARD-000287-2,AE,Successful,0
7176,7176,2026-05-22 17:54:54,1256.75,Mastercard,CARD-001749-1,RO,Successful,4
7177,7177,2025-06-23 07:10:50,77.41,PayPal,CARD-SHARED-044,GR,Failed,0
7178,7178,2026-04-01 18:50:17,442.25,PayPal,CARD-001706-1,IT,Successful,0
7179,7179,2025-01-29 13:02:24,333.94,PayPal,CARD-000141-2,ES,Successful,0
7180,7180,2026-03-29 20:40:42,1584.97,Amex,CARD-FRAUD-019,GR,Successful,0
7181,7181,2026-07-09 16:37:10,784.30,Mastercard,CARD-SHARED-070,IT,Successful,0
7182,7182,2025-10-08 16:25:19,768.86,PayPal,CARD-000818-1,AL,Successful,0
7183,7183,2025-01-18 16:11:30,1055.00,PayPal,CARD-000680-1,AE,Successful,0
7184,7184,2026-05-12 13:45:59,1955.48,Amex,CARD-000400-2,RO,Refunded,4
7185,7185,2025-11-28 21:53:56,1006.72,Visa,CARD-000001-2,FR,Refunded,0
7186,7186,2025-10-22 16:03:13,2201.58,Amex,CARD-001240-2,NL,Successful,0
7187,7187,2026-06-12 08:54:40,202.46,Visa,CARD-001475-2,AE,Failed,4
7188,7188,2025-05-01 16:44:24,1466.43,Mastercard,CARD-000076-1,NL,Successful,0
7189,7189,2025-08-08 04:38:35,1040.91,Amex,CARD-SHARED-063,ES,Failed,3
7190,7190,2026-05-22 01:06:23,634.94,Mastercard,CARD-000900-2,IT,Successful,4
7191,7191,2026-05-19 15:35:07,770.62,Visa,CARD-000645-1,US,Successful,0
7192,7192,2026-05-20 17:08:04,2482.82,PayPal,CARD-001887-1,FR,Successful,0
7193,7193,2026-03-04 20:01:07,436.39,Mastercard,CARD-001023-2,US,Successful,0
7194,7194,2025-02-01 09:02:50,708.34,PayPal,CARD-000324-1,NL,Successful,0
7195,7195,2025-06-14 10:53:28,524.92,Visa,CARD-000668-2,AL,Successful,8
7196,7196,2025-10-17 20:13:54,280.96,Amex,CARD-001271-2,US,Successful,0
7197,7197,2026-05-26 00:21:42,997.74,Amex,CARD-SHARED-066,ES,Successful,3
7198,7198,2026-06-22 12:08:44,635.89,Amex,CARD-001818-1,DE,Successful,0
7199,7199,2025-12-19 19:29:49,404.47,Mastercard,CARD-001257-2,ES,Refunded,0
7200,7200,2026-04-20 23:30:35,1120.19,Mastercard,CARD-001366-2,NG,Successful,0
7201,7201,2025-05-08 20:53:17,1950.82,PayPal,CARD-SHARED-042,DE,Successful,0
7202,7202,2026-05-20 12:01:43,1032.42,Amex,CARD-001452-1,IT,Successful,1
7203,7203,2026-03-13 07:39:25,1360.03,Mastercard,CARD-001561-2,NG,Successful,4
7204,7204,2026-02-04 19:21:26,862.30,Visa,CARD-001426-1,AE,Successful,0
7205,7205,2026-02-21 22:28:29,1166.35,Mastercard,CARD-001014-2,NL,Successful,4
7206,7206,2026-04-12 23:37:16,402.41,Amex,CARD-001668-2,FR,Successful,3
7207,7207,2025-09-05 13:18:39,910.16,PayPal,CARD-001271-1,FR,Successful,0
7208,7208,2026-02-19 09:32:07,2001.47,Mastercard,CARD-000091-2,NG,Successful,0
7209,7209,2026-06-10 06:45:07,223.70,Amex,CARD-001430-1,AE,Successful,0
7210,7210,2026-07-11 03:14:55,2100.89,PayPal,CARD-001738-1,DE,Successful,0
7211,7211,2026-06-17 12:54:33,2368.77,Mastercard,CARD-000945-2,US,Successful,1
7212,7212,2025-03-28 01:14:22,400.11,Mastercard,CARD-000661-2,ES,Successful,0
7213,7213,2025-04-19 22:45:22,345.23,Visa,CARD-001323-2,AE,Successful,0
7214,7214,2026-03-15 19:12:44,128.27,PayPal,CARD-000472-1,DE,Successful,0
7215,7215,2026-04-23 02:58:54,746.27,Mastercard,CARD-000938-2,FR,Successful,0
7216,7216,2025-01-25 23:45:55,1891.34,Mastercard,CARD-FRAUD-004,FR,Successful,7
7217,7217,2025-06-10 20:49:34,685.88,PayPal,CARD-000641-1,GB,Successful,0
7218,7218,2026-07-01 23:47:08,1414.73,Amex,CARD-000298-2,NG,Successful,0
7219,7219,2025-04-11 23:08:35,1146.35,PayPal,CARD-000291-2,DE,Successful,0
7220,7220,2025-10-07 06:11:31,808.96,Mastercard,CARD-001136-1,ES,Refunded,0
7221,7221,2026-03-31 15:24:11,1586.95,PayPal,CARD-000141-1,ES,Successful,1
7222,7222,2026-04-11 01:20:33,1091.94,Amex,CARD-000889-2,DE,Failed,0
7223,7223,2026-04-07 09:40:01,136.68,PayPal,CARD-000965-1,AE,Successful,0
7224,7224,2025-03-27 19:09:25,1007.74,Amex,CARD-000165-1,GB,Successful,1
7225,7225,2026-05-02 13:23:55,1331.45,Amex,CARD-000478-1,AL,Successful,0
7226,7226,2025-04-16 10:59:17,2535.03,Visa,CARD-001178-1,NL,Successful,0
7227,7227,2026-04-05 15:40:37,295.36,Visa,CARD-000143-1,NL,Successful,2
7228,7228,2026-01-17 19:05:55,975.93,Visa,CARD-000011-2,FR,Successful,0
7229,7229,2026-03-03 10:49:58,1327.53,PayPal,CARD-001492-2,ES,Successful,7
7230,7230,2025-02-23 15:15:41,2208.56,PayPal,CARD-001346-2,US,Successful,0
7231,7231,2026-03-20 00:45:21,558.26,Visa,CARD-000371-2,NG,Successful,0
7232,7232,2026-03-05 15:42:24,1164.63,PayPal,CARD-SHARED-029,FR,Successful,0
7233,7233,2025-11-02 19:55:10,1241.17,PayPal,CARD-001481-1,FR,Successful,0
7234,7234,2025-06-27 06:38:51,1366.12,Mastercard,CARD-000309-2,NL,Successful,0
7235,7235,2026-05-16 03:15:25,685.21,Visa,CARD-000934-1,DE,Successful,0
7236,7236,2025-10-25 02:39:13,340.58,Amex,CARD-001346-1,US,Successful,0
7237,7237,2025-10-14 21:49:18,795.44,Mastercard,CARD-001128-2,IT,Successful,0
7238,7238,2025-04-14 08:20:35,2276.67,Mastercard,CARD-001725-2,IT,Successful,1
7239,7239,2026-03-01 22:21:05,628.64,PayPal,CARD-000020-1,GR,Successful,0
7240,7240,2026-05-13 21:28:13,2074.67,Mastercard,CARD-000863-1,ES,Successful,0
7241,7241,2026-06-04 14:29:44,600.73,Amex,CARD-001315-1,US,Successful,4
7242,7242,2026-07-19 00:04:41,180.66,Mastercard,CARD-001003-1,IT,Successful,0
7243,7243,2026-02-16 00:33:56,771.16,Amex,CARD-001533-2,US,Successful,0
7244,7244,2025-06-24 07:29:11,998.33,Amex,CARD-001335-1,RO,Successful,0
7245,7245,2025-10-24 21:18:56,1221.12,Amex,CARD-001195-2,AL,Successful,0
7246,7246,2026-06-12 19:32:49,1395.45,Mastercard,CARD-001971-1,GB,Successful,0
7247,7247,2026-03-22 05:14:10,392.85,PayPal,CARD-001218-1,RO,Successful,0
7248,7248,2026-04-09 05:17:54,912.77,Visa,CARD-000786-2,DE,Successful,0
7249,7249,2026-01-23 21:35:05,1270.76,PayPal,CARD-000456-1,RO,Successful,0
7250,7250,2025-08-05 03:25:17,836.88,Amex,CARD-001480-2,DE,Successful,0
7251,7251,2025-07-25 19:08:19,970.76,Amex,CARD-001407-2,DE,Successful,3
7252,7252,2025-01-22 10:55:05,820.69,Mastercard,CARD-001435-1,NG,Successful,0
7253,7253,2025-07-04 05:49:52,1484.55,Visa,CARD-000562-1,DE,Successful,0
7254,7254,2025-10-20 06:09:49,1034.49,Visa,CARD-000561-2,IT,Successful,0
7255,7255,2026-01-12 23:27:52,1846.27,Amex,CARD-000812-1,IT,Successful,0
7256,7256,2026-06-30 09:05:17,415.67,Amex,CARD-000180-1,GB,Successful,1
7257,7257,2025-01-01 17:08:27,506.18,Mastercard,CARD-001197-2,RO,Successful,4
7258,7258,2026-01-24 15:07:15,150.63,Amex,CARD-000802-2,ES,Successful,0
7259,7259,2026-01-16 09:12:14,1060.92,Visa,CARD-000242-1,NL,Successful,0
7260,7260,2026-01-24 10:19:20,2228.27,Visa,CARD-001704-2,AL,Successful,3
7261,7261,2025-11-22 02:21:46,1627.08,Visa,CARD-001699-2,AE,Successful,1
7262,7262,2026-05-03 14:16:26,1467.23,Amex,CARD-000960-1,IT,Successful,0
7263,7263,2026-06-20 22:19:47,1298.94,Amex,CARD-001971-2,GB,Successful,0
7264,7264,2025-12-15 09:11:59,871.06,Amex,CARD-000154-1,FR,Successful,3
7265,7265,2025-03-29 16:08:26,397.98,Visa,CARD-000855-2,NL,Successful,0
7266,7266,2025-07-18 15:19:31,2286.44,Mastercard,CARD-001135-1,US,Successful,0
7267,7267,2025-06-20 13:07:05,571.57,Mastercard,CARD-000786-1,FR,Successful,0
7268,7268,2026-07-15 20:02:41,203.02,Visa,CARD-000763-1,DE,Successful,0
7269,7269,2026-02-11 13:14:31,1240.84,Visa,CARD-001744-2,NG,Successful,0
7270,7270,2026-03-16 05:48:51,2592.62,Amex,CARD-001941-1,IT,Successful,2
7271,7271,2026-02-27 12:15:54,2104.97,PayPal,CARD-FRAUD-018,ES,Successful,1
7272,7272,2026-06-07 13:06:20,626.23,Mastercard,CARD-SHARED-089,FR,Successful,0
7273,7273,2025-10-24 13:56:04,620.73,Visa,CARD-000354-1,FR,Successful,0
7274,7274,2026-05-07 18:36:15,1148.33,Mastercard,CARD-001110-2,DE,Successful,0
7275,7275,2025-02-04 08:16:51,2571.71,PayPal,CARD-000946-1,GR,Successful,0
7276,7276,2026-07-13 04:55:43,1175.30,PayPal,CARD-001029-2,NL,Successful,0
7277,7277,2026-04-20 05:55:11,2140.19,Mastercard,CARD-001457-2,RO,Successful,2
7278,7278,2025-12-09 15:21:02,2812.00,PayPal,CARD-000534-1,RO,Successful,4
7279,7279,2026-05-24 15:05:33,433.20,Amex,CARD-000244-1,NG,Successful,3
7280,7280,2026-05-25 19:36:38,549.21,Amex,CARD-001910-1,US,Successful,0
7281,7281,2026-06-13 23:28:32,1302.86,PayPal,CARD-000803-2,FR,Successful,0
7282,7282,2026-01-19 23:58:33,1034.03,PayPal,CARD-000437-2,FR,Successful,0
7283,7283,2025-10-12 01:39:09,198.51,Mastercard,CARD-SHARED-068,IT,Successful,0
7284,7284,2026-05-10 23:03:52,186.31,PayPal,CARD-000666-2,GB,Successful,0
7285,7285,2026-06-12 15:12:31,1482.34,Visa,CARD-001818-2,NL,Failed,2
7286,7286,2026-02-08 22:30:02,739.91,Amex,CARD-001107-2,DE,Successful,0
7287,7287,2026-03-18 20:54:41,1065.76,Amex,CARD-000482-2,GR,Successful,5
7288,7288,2026-03-13 05:45:04,527.48,Mastercard,CARD-000740-1,GR,Successful,0
7289,7289,2026-03-24 22:01:13,290.39,Visa,CARD-001621-1,GB,Successful,0
7290,7290,2026-03-04 20:30:56,1337.41,PayPal,CARD-000904-2,AE,Successful,0
7291,7291,2026-04-25 16:20:04,1074.46,PayPal,CARD-001247-2,US,Successful,0
7292,7292,2025-10-13 14:55:04,1315.64,Visa,CARD-000946-1,AL,Successful,0
7293,7293,2026-06-08 23:21:00,974.51,Amex,CARD-001625-1,GR,Successful,0
7294,7294,2026-05-28 01:07:14,393.79,PayPal,CARD-001187-1,NL,Successful,0
7295,7295,2026-05-07 18:50:16,2361.84,Mastercard,CARD-FRAUD-019,ES,Successful,3
7296,7296,2026-04-16 10:04:40,514.13,Amex,CARD-000096-1,FR,Successful,3
7297,7297,2025-08-31 19:05:50,448.05,Visa,CARD-001301-1,NL,Successful,0
7298,7298,2025-10-29 05:11:24,1338.32,PayPal,CARD-001414-2,AL,Successful,0
7299,7299,2025-12-16 14:54:47,1154.12,Mastercard,CARD-000694-1,US,Successful,0
7300,7300,2026-06-02 09:55:10,632.71,Mastercard,CARD-000006-2,IT,Successful,0
7301,7301,2025-12-22 00:35:08,935.32,Visa,CARD-000782-2,NL,Successful,0
7302,7302,2026-02-20 01:01:54,1036.46,Mastercard,CARD-001186-2,AE,Successful,0
7303,7303,2026-07-19 02:15:47,637.04,Mastercard,CARD-000574-2,NG,Successful,1
7304,7304,2026-05-31 08:29:15,343.92,Mastercard,CARD-SHARED-009,US,Failed,0
7305,7305,2026-04-05 16:02:38,385.40,PayPal,CARD-001615-2,GB,Failed,0
7306,7306,2025-12-05 17:41:00,2351.14,Amex,CARD-FRAUD-015,NL,Successful,6
7307,7307,2025-07-24 20:24:48,974.43,Mastercard,CARD-000445-1,AL,Successful,0
7308,7308,2025-02-07 08:25:42,357.94,PayPal,CARD-SHARED-052,IT,Successful,0
7309,7309,2025-06-01 12:03:43,303.26,Amex,CARD-000963-2,NG,Successful,2
7310,7310,2025-09-12 04:26:15,1336.72,Amex,CARD-SHARED-070,US,Failed,0
7311,7311,2026-02-23 15:56:22,1317.67,Mastercard,CARD-000178-1,GR,Successful,0
7312,7312,2026-01-14 13:34:15,397.68,Amex,CARD-FRAUD-010,US,Successful,5
7313,7313,2025-12-27 23:06:49,208.52,Visa,CARD-001129-2,IT,Successful,0
7314,7314,2026-07-20 00:54:52,375.00,Amex,CARD-001090-2,DE,Successful,0
7315,7315,2026-07-10 07:33:40,1541.26,Visa,CARD-000234-1,DE,Successful,0
7316,7316,2025-06-23 08:37:18,1919.44,Amex,CARD-FRAUD-003,AL,Successful,3
7317,7317,2026-01-29 05:43:48,2205.54,Amex,CARD-001995-1,ES,Refunded,0
7318,7318,2026-06-01 02:06:06,1400.41,Visa,CARD-001573-1,NG,Successful,1
7319,7319,2026-05-12 02:35:28,1771.71,Visa,CARD-000225-2,ES,Refunded,0
7320,7320,2025-12-07 13:18:15,1450.53,Amex,CARD-001444-1,FR,Successful,1
7321,7321,2026-01-02 07:40:38,707.98,PayPal,CARD-001647-2,NL,Successful,5
7322,7322,2025-08-09 13:50:27,188.06,Amex,CARD-000288-1,AE,Successful,0
7323,7323,2026-05-07 01:39:28,981.02,Amex,CARD-001341-1,AE,Failed,0
7324,7324,2025-12-21 13:13:16,142.26,Visa,CARD-000636-1,AE,Successful,0
7325,7325,2026-03-14 05:06:24,529.42,PayPal,CARD-001385-2,ES,Successful,0
7326,7326,2026-07-16 10:09:45,1313.77,Mastercard,CARD-001907-1,NL,Successful,0
7327,7327,2026-01-15 00:32:07,927.29,PayPal,CARD-SHARED-006,ES,Successful,0
7328,7328,2025-11-19 08:21:44,869.87,Amex,CARD-001450-1,RO,Successful,0
7329,7329,2026-05-27 06:19:38,1425.10,Visa,CARD-001922-1,AE,Successful,0
7330,7330,2025-12-14 05:52:15,1297.39,PayPal,CARD-001542-2,FR,Successful,0
7331,7331,2025-05-17 03:35:56,273.45,PayPal,CARD-000870-1,AE,Successful,3
7332,7332,2026-05-19 09:09:25,948.05,PayPal,CARD-000311-2,AL,Successful,3
7333,7333,2026-06-26 13:39:46,1858.44,PayPal,CARD-001732-1,US,Failed,5
7334,7334,2026-04-13 20:54:17,211.79,PayPal,CARD-SHARED-021,GR,Failed,0
7335,7335,2025-07-28 08:00:14,2509.69,Amex,CARD-001808-2,GB,Successful,2
7336,7336,2025-12-03 10:32:05,986.16,Mastercard,CARD-000247-2,RO,Successful,0
7337,7337,2025-07-02 13:27:20,1412.75,Visa,CARD-001179-1,AL,Successful,0
7338,7338,2025-03-20 23:24:26,755.28,Amex,CARD-000776-1,AL,Successful,3
7339,7339,2026-03-27 06:31:35,1995.70,Visa,CARD-000575-2,US,Successful,0
7340,7340,2025-10-10 04:12:01,1423.72,Visa,CARD-SHARED-004,NL,Successful,0
7341,7341,2025-05-28 23:44:52,1191.00,PayPal,CARD-001686-2,NL,Successful,0
7342,7342,2026-05-04 16:50:07,243.70,Visa,CARD-000064-2,ES,Successful,0
7343,7343,2026-03-19 22:29:48,1339.10,Visa,CARD-001645-1,ES,Successful,0
7344,7344,2026-01-01 06:22:29,2264.69,Amex,CARD-SHARED-095,ES,Successful,0
7345,7345,2025-06-13 13:17:26,1237.38,Amex,CARD-000130-2,AL,Successful,0
7346,7346,2026-04-19 16:41:07,251.46,Visa,CARD-000604-1,AE,Successful,1
7347,7347,2026-06-20 03:49:20,2463.43,Mastercard,CARD-000041-2,ES,Successful,0
7348,7348,2025-10-20 00:27:02,917.68,PayPal,CARD-001120-1,GR,Successful,3
7349,7349,2026-01-02 03:08:23,461.96,Visa,CARD-001023-2,US,Successful,1
7350,7350,2025-01-10 16:08:51,2546.04,Mastercard,CARD-FRAUD-007,AL,Successful,5
7351,7351,2026-06-04 03:47:27,1645.17,PayPal,CARD-000977-2,AE,Successful,4
7352,7352,2025-09-14 08:52:58,2554.49,Amex,CARD-001792-2,IT,Successful,0
7353,7353,2026-07-08 21:23:44,1309.96,Amex,CARD-000533-2,GB,Successful,4
7354,7354,2025-03-01 19:25:44,1567.93,PayPal,CARD-FRAUD-004,NL,Successful,4
7355,7355,2026-07-12 10:18:03,1022.36,Mastercard,CARD-000140-2,GR,Successful,0
7356,7356,2026-02-09 11:07:07,1310.94,Amex,CARD-000990-1,GR,Successful,0
7357,7357,2026-02-17 21:00:20,1486.01,Visa,CARD-000817-1,AE,Successful,0
7358,7358,2025-10-21 17:46:40,1164.68,Amex,CARD-001172-1,ES,Failed,3
7359,7359,2026-01-31 19:49:41,493.35,Mastercard,CARD-000663-2,DE,Successful,0
7360,7360,2025-02-04 01:21:07,86.59,Amex,CARD-000694-1,ES,Successful,2
7361,7361,2026-03-08 22:44:25,349.42,Amex,CARD-001566-2,FR,Successful,0
7362,7362,2026-01-05 13:33:10,1031.55,Amex,CARD-000567-2,AE,Successful,5
7363,7363,2026-01-17 07:55:36,2136.96,Visa,CARD-000905-2,NG,Failed,0
7364,7364,2026-02-01 07:08:03,1266.14,Visa,CARD-001893-1,NL,Successful,0
7365,7365,2025-03-04 22:40:40,490.46,Mastercard,CARD-SHARED-021,RO,Successful,0
7366,7366,2025-07-04 14:06:42,1393.35,Amex,CARD-001666-2,AE,Successful,0
7367,7367,2025-09-10 22:54:28,1402.59,PayPal,CARD-001421-2,IT,Failed,0
7368,7368,2026-06-27 16:08:19,709.05,PayPal,CARD-001350-2,IT,Successful,1
7369,7369,2025-05-31 02:44:30,609.20,Mastercard,CARD-001183-1,ES,Successful,0
7370,7370,2025-03-24 13:26:37,557.30,Amex,CARD-000512-1,IT,Successful,0
7371,7371,2025-04-02 15:39:46,2836.38,Visa,CARD-FRAUD-025,US,Successful,8
7372,7372,2025-12-17 08:29:04,299.74,Mastercard,CARD-001666-2,GR,Successful,2
7373,7373,2025-12-26 04:39:58,1028.86,Visa,CARD-000834-1,RO,Successful,1
7374,7374,2025-12-06 07:28:02,750.60,Mastercard,CARD-000393-2,NL,Successful,0
7375,7375,2026-04-30 14:24:20,2077.84,Visa,CARD-000674-2,ES,Successful,0
7376,7376,2025-10-18 06:04:02,128.74,Visa,CARD-001750-2,IT,Successful,0
7377,7377,2025-07-05 02:19:32,1561.29,Mastercard,CARD-FRAUD-018,RO,Successful,5
7378,7378,2026-06-22 14:51:53,829.65,Visa,CARD-000306-1,US,Successful,0
7379,7379,2025-11-22 16:12:21,839.44,Visa,CARD-000447-2,RO,Refunded,0
7380,7380,2026-05-22 03:23:28,367.37,PayPal,CARD-001193-1,US,Successful,0
7381,7381,2025-12-12 23:35:06,1066.86,PayPal,CARD-000131-1,RO,Successful,0
7382,7382,2025-12-04 07:38:58,280.44,Visa,CARD-001599-1,DE,Failed,0
7383,7383,2025-11-25 12:46:43,2355.62,Visa,CARD-000512-2,US,Successful,0
7384,7384,2025-10-21 12:33:14,990.83,Amex,CARD-SHARED-019,FR,Failed,0
7385,7385,2025-07-04 10:53:52,1456.04,Amex,CARD-000322-2,AE,Successful,0
7386,7386,2026-07-11 15:21:10,1054.10,PayPal,CARD-000213-1,DE,Successful,0
7387,7387,2025-04-04 02:19:48,817.31,Visa,CARD-000386-1,IT,Successful,1
7388,7388,2026-04-16 14:47:09,833.49,Visa,CARD-SHARED-010,NL,Successful,3
7389,7389,2026-06-08 10:58:40,303.92,Visa,CARD-000196-1,RO,Successful,0
7390,7390,2025-11-09 14:39:22,103.14,Amex,CARD-001139-2,ES,Successful,0
7391,7391,2026-02-07 22:15:11,82.79,Mastercard,CARD-000103-1,AE,Successful,0
7392,7392,2025-08-27 19:17:30,304.39,Mastercard,CARD-000964-1,US,Successful,0
7393,7393,2026-05-05 11:45:14,464.38,PayPal,CARD-000938-1,FR,Successful,0
7394,7394,2026-02-27 06:43:21,1817.27,Visa,CARD-FRAUD-014,RO,Successful,3
7395,7395,2026-02-19 13:11:45,200.61,Amex,CARD-001185-2,NG,Failed,0
7396,7396,2025-07-05 06:27:03,130.15,Visa,CARD-001865-2,DE,Successful,0
7397,7397,2026-05-05 10:03:32,1996.88,Visa,CARD-001701-2,DE,Failed,5
7398,7398,2025-08-22 04:06:03,685.14,Visa,CARD-000233-2,GB,Successful,2
7399,7399,2025-04-06 23:19:09,703.08,Amex,CARD-000435-1,AL,Successful,0
7400,7400,2025-07-17 17:51:30,1225.41,PayPal,CARD-001928-2,FR,Successful,0
7401,7401,2025-09-27 04:14:33,405.75,Amex,CARD-001398-2,DE,Successful,0
7402,7402,2025-04-15 02:38:41,2786.77,PayPal,CARD-FRAUD-013,US,Successful,1
7403,7403,2025-12-30 04:18:27,929.15,Amex,CARD-000826-2,RO,Successful,2
7404,7404,2026-03-09 00:34:43,1953.91,Visa,CARD-001122-1,US,Successful,0
7405,7405,2026-05-31 10:11:37,90.22,Amex,CARD-000601-1,AL,Successful,0
7406,7406,2025-09-19 05:46:02,1955.94,Amex,CARD-001746-2,ES,Successful,0
7407,7407,2025-07-29 05:16:24,962.33,Mastercard,CARD-000795-1,NG,Successful,0
7408,7408,2026-01-16 12:54:36,572.20,Visa,CARD-001404-2,GB,Successful,0
7409,7409,2025-11-17 20:05:01,2863.14,Amex,CARD-FRAUD-006,AL,Successful,8
7410,7410,2026-02-25 21:39:46,462.12,Visa,CARD-000907-2,DE,Successful,0
7411,7411,2026-07-08 00:03:11,1113.22,Mastercard,CARD-000755-2,NG,Successful,0
7412,7412,2026-06-30 00:59:01,1150.68,PayPal,CARD-SHARED-082,AL,Successful,0
7413,7413,2026-02-07 13:52:32,1390.07,Visa,CARD-001083-1,NG,Successful,0
7414,7414,2026-07-03 04:25:05,1360.60,Amex,CARD-000464-2,GR,Successful,0
7415,7415,2025-04-30 14:04:29,2470.66,Mastercard,CARD-SHARED-084,US,Failed,0
7416,7416,2026-07-02 03:51:40,374.37,Amex,CARD-001518-2,NL,Successful,0
7417,7417,2026-07-12 08:30:39,2541.67,Amex,CARD-000685-2,AE,Successful,0
7418,7418,2026-04-24 20:52:49,1164.44,PayPal,CARD-001052-2,GB,Successful,1
7419,7419,2026-05-09 03:19:08,820.56,Amex,CARD-000443-1,AE,Successful,0
7420,7420,2025-06-14 18:08:23,994.92,Amex,CARD-000276-2,AL,Successful,1
7421,7421,2026-05-25 07:16:18,2529.16,Amex,CARD-000802-1,ES,Failed,0
7422,7422,2026-06-15 16:15:10,827.47,Amex,CARD-001812-1,AE,Successful,0
7423,7423,2025-01-20 23:21:01,1832.66,Amex,CARD-001250-2,US,Successful,0
7424,7424,2026-07-08 00:42:00,869.07,PayPal,CARD-000954-1,DE,Successful,0
7425,7425,2026-03-19 07:06:37,574.33,Amex,CARD-001796-1,NL,Successful,0
7426,7426,2025-05-17 11:27:33,154.89,Amex,CARD-001586-1,NG,Successful,0
7427,7427,2025-04-19 06:12:25,1104.27,Amex,CARD-001868-1,FR,Successful,2
7428,7428,2026-07-17 14:52:34,806.04,Amex,CARD-000060-2,RO,Successful,0
7429,7429,2025-10-21 10:40:36,1955.48,Amex,CARD-000283-2,NL,Successful,0
7430,7430,2026-04-03 17:09:47,1432.83,Visa,CARD-000460-1,ES,Successful,0
7431,7431,2025-02-17 19:30:08,328.66,PayPal,CARD-001652-1,RO,Successful,8
7432,7432,2026-04-28 01:40:51,2218.95,PayPal,CARD-SHARED-024,DE,Successful,5
7433,7433,2025-09-13 13:22:20,2130.03,PayPal,CARD-SHARED-016,RO,Successful,0
7434,7434,2025-10-08 02:17:22,1144.49,Visa,CARD-000477-1,GB,Successful,0
7435,7435,2026-07-09 06:45:29,1107.28,Mastercard,CARD-000737-1,FR,Successful,0
7436,7436,2026-05-03 05:46:22,1155.63,Visa,CARD-SHARED-042,NL,Successful,0
7437,7437,2025-10-13 18:15:02,1668.91,Amex,CARD-SHARED-070,NG,Successful,1
7438,7438,2025-12-05 17:28:17,750.82,Mastercard,CARD-000370-2,GR,Successful,5
7439,7439,2025-08-03 06:50:50,1076.12,PayPal,CARD-000972-1,AE,Successful,0
7440,7440,2026-06-07 16:30:49,2713.60,Amex,CARD-FRAUD-018,US,Successful,2
7441,7441,2025-04-04 11:54:21,290.98,Amex,CARD-001133-2,RO,Successful,0
7442,7442,2025-04-29 13:27:19,713.94,PayPal,CARD-001453-2,DE,Successful,1
7443,7443,2025-08-18 09:17:56,2000.89,Visa,CARD-001361-2,GR,Successful,1
7444,7444,2026-04-14 06:19:08,2334.93,Visa,CARD-000543-2,NL,Successful,0
7445,7445,2026-05-24 18:52:15,1212.65,PayPal,CARD-001165-1,GR,Successful,0
7446,7446,2026-04-18 03:44:04,441.83,Mastercard,CARD-000798-2,ES,Successful,0
7447,7447,2026-05-03 22:44:11,1170.19,Mastercard,CARD-000342-2,AL,Successful,4
7448,7448,2025-05-29 17:38:12,874.62,Amex,CARD-000868-1,RO,Successful,0
7449,7449,2026-07-20 15:21:36,1113.32,PayPal,CARD-001333-1,US,Successful,2
7450,7450,2025-08-24 01:54:54,306.82,Mastercard,CARD-001674-2,US,Successful,1
7451,7451,2025-03-05 12:55:44,1333.63,Visa,CARD-001257-2,NG,Successful,0
7452,7452,2026-07-02 07:28:47,1211.11,Visa,CARD-001736-1,FR,Successful,0
7453,7453,2026-04-18 14:33:19,1425.55,Visa,CARD-001379-2,FR,Successful,0
7454,7454,2026-06-25 23:17:03,1998.36,Visa,CARD-001218-2,RO,Successful,0
7455,7455,2025-07-31 19:40:54,1398.68,PayPal,CARD-SHARED-097,NG,Successful,5
7456,7456,2026-04-11 11:03:57,1104.33,Visa,CARD-001677-2,IT,Successful,0
7457,7457,2026-05-27 16:33:41,971.29,Visa,CARD-001116-1,AL,Successful,0
7458,7458,2026-01-09 11:49:57,762.25,Mastercard,CARD-000164-2,AE,Successful,0
7459,7459,2026-07-14 09:24:40,530.12,Visa,CARD-000630-2,ES,Successful,0
7460,7460,2025-09-29 14:11:39,1274.13,PayPal,CARD-000603-1,DE,Successful,0
7461,7461,2025-10-25 06:49:21,887.63,Visa,CARD-001704-1,AL,Successful,0
7462,7462,2026-07-07 08:56:34,722.59,Amex,CARD-001423-1,DE,Successful,0
7463,7463,2026-06-16 04:19:54,2424.77,Amex,CARD-001016-1,NG,Successful,5
7464,7464,2025-01-10 12:24:30,679.80,Amex,CARD-SHARED-049,IT,Successful,0
7465,7465,2025-12-17 02:51:51,1328.02,PayPal,CARD-000024-2,ES,Successful,0
7466,7466,2025-05-05 06:43:52,1623.92,Visa,CARD-000724-2,GR,Successful,0
7467,7467,2025-10-14 05:57:33,914.70,PayPal,CARD-000302-1,GB,Successful,1
7468,7468,2025-07-26 18:38:43,312.43,Visa,CARD-SHARED-080,AE,Successful,0
7469,7469,2025-12-10 04:31:22,1105.76,Visa,CARD-001124-1,AE,Successful,0
7470,7470,2026-06-18 22:09:34,247.58,Amex,CARD-001631-2,DE,Failed,0
7471,7471,2026-05-27 23:01:24,1264.78,Mastercard,CARD-001535-1,GB,Successful,0
7472,7472,2025-04-26 17:36:46,1996.81,PayPal,CARD-000695-2,RO,Successful,4
7473,7473,2025-02-18 23:46:49,2095.26,PayPal,CARD-001358-2,NG,Successful,0
7474,7474,2025-10-20 08:00:13,2003.17,Mastercard,CARD-000894-1,NL,Successful,1
7475,7475,2026-02-22 12:36:10,2033.82,Mastercard,CARD-000351-2,NL,Successful,0
7476,7476,2025-05-23 02:56:34,443.14,Amex,CARD-000704-2,AL,Successful,1
7477,7477,2025-09-07 02:14:50,994.70,Visa,CARD-000487-2,NG,Successful,2
7478,7478,2026-03-06 04:07:20,1125.30,Amex,CARD-001778-1,GB,Successful,0
7479,7479,2026-02-04 05:11:01,920.50,Amex,CARD-001164-2,GR,Successful,0
7480,7480,2026-06-07 00:54:57,778.39,Amex,CARD-001431-1,RO,Successful,3
7481,7481,2026-07-18 18:29:59,254.09,PayPal,CARD-000119-1,AL,Failed,0
7482,7482,2025-10-05 14:09:38,1001.96,Visa,CARD-000240-1,GR,Successful,3
7483,7483,2026-04-13 05:44:06,1061.13,Amex,CARD-000782-1,FR,Successful,4
7484,7484,2026-02-06 11:11:40,738.95,Visa,CARD-000613-2,ES,Successful,0
7485,7485,2026-04-06 21:47:00,2439.26,Mastercard,CARD-001136-1,ES,Successful,0
7486,7486,2025-12-08 20:51:23,885.63,Visa,CARD-001831-2,FR,Successful,1
7487,7487,2025-04-11 16:39:57,1240.59,Amex,CARD-001467-2,NG,Successful,0
7488,7488,2025-03-26 16:12:37,330.12,Amex,CARD-001964-2,NG,Successful,0
7489,7489,2025-05-05 00:48:15,612.13,Mastercard,CARD-001837-2,NL,Successful,3
7490,7490,2025-06-28 17:57:10,2505.32,PayPal,CARD-000947-1,GR,Successful,0
7491,7491,2025-03-30 14:22:50,75.42,PayPal,CARD-000526-2,DE,Successful,0
7492,7492,2025-08-10 17:00:01,618.37,Amex,CARD-001981-2,IT,Successful,4
7493,7493,2026-06-01 09:08:45,1471.45,Visa,CARD-001474-1,DE,Successful,1
7494,7494,2026-03-04 15:45:09,1358.54,Visa,CARD-001280-1,NG,Successful,0
7495,7495,2025-12-26 00:23:09,848.80,Mastercard,CARD-000058-2,ES,Successful,0
7496,7496,2025-10-27 15:27:59,1472.53,Mastercard,CARD-SHARED-039,NG,Refunded,1
7497,7497,2026-04-19 02:18:27,2754.16,Mastercard,CARD-001411-2,US,Successful,7
7498,7498,2025-12-06 17:52:53,2157.83,Amex,CARD-001149-2,FR,Successful,0
7499,7499,2025-01-05 15:51:59,205.53,PayPal,CARD-001950-2,ES,Successful,0
7500,7500,2025-07-03 01:51:31,243.06,Amex,CARD-000467-2,ES,Successful,0
7501,7501,2026-01-09 03:30:24,1290.11,Mastercard,CARD-SHARED-095,ES,Successful,0
7502,7502,2025-01-01 06:19:47,303.97,Mastercard,CARD-001652-1,ES,Successful,0
7503,7503,2025-03-09 10:28:02,325.29,Amex,CARD-000828-2,GB,Successful,5
7504,7504,2025-08-19 09:12:32,1139.37,PayPal,CARD-001060-2,NL,Successful,0
7505,7505,2025-10-12 11:28:44,2449.29,Visa,CARD-001641-2,RO,Successful,0
7506,7506,2025-12-16 21:13:29,3069.51,Amex,CARD-FRAUD-024,GR,Successful,8
7507,7507,2026-06-24 03:22:40,2500.40,Mastercard,CARD-000468-2,GR,Successful,0
7508,7508,2026-02-25 07:28:05,293.37,Visa,CARD-000233-1,ES,Successful,0
7509,7509,2025-07-31 16:20:26,1226.65,Mastercard,CARD-000358-1,DE,Successful,0
7510,7510,2026-06-25 03:45:14,1993.47,Visa,CARD-001487-2,IT,Successful,1
7511,7511,2025-01-03 15:36:13,470.58,Mastercard,CARD-001664-1,GR,Refunded,2
7512,7512,2025-08-25 17:47:41,283.75,Visa,CARD-000725-1,GR,Successful,0
7513,7513,2026-07-11 10:03:30,1818.85,PayPal,CARD-001112-1,AL,Successful,2
7514,7514,2026-02-19 05:24:48,448.56,Visa,CARD-SHARED-083,AL,Successful,3
7515,7515,2026-05-21 13:25:50,651.45,Amex,CARD-FRAUD-016,GB,Successful,0
7516,7516,2025-09-12 09:03:02,2622.93,Mastercard,CARD-FRAUD-002,GR,Successful,3
7517,7517,2025-07-16 18:40:26,1246.51,PayPal,CARD-001876-2,GR,Failed,1
7518,7518,2026-06-12 12:45:10,166.33,PayPal,CARD-000288-1,AE,Successful,1
7519,7519,2026-06-23 01:54:16,1703.59,Visa,CARD-000800-1,RO,Successful,3
7520,7520,2026-07-20 23:24:00,152.75,Amex,CARD-SHARED-058,DE,Successful,0
7521,7521,2026-07-17 16:13:46,2424.31,Visa,CARD-FRAUD-023,ES,Successful,8
7522,7522,2025-11-08 15:32:27,263.51,PayPal,CARD-000243-1,IT,Successful,0
7523,7523,2026-06-02 20:23:29,1178.95,Mastercard,CARD-SHARED-022,AE,Successful,0
7524,7524,2026-05-06 10:47:43,1537.70,Amex,CARD-SHARED-098,US,Successful,0
7525,7525,2025-10-05 08:53:37,1296.29,Amex,CARD-000904-2,US,Successful,1
7526,7526,2025-12-13 20:22:33,2154.45,Visa,CARD-001595-1,NL,Successful,0
7527,7527,2026-07-16 20:48:30,267.56,Amex,CARD-SHARED-023,FR,Successful,1
7528,7528,2025-03-09 22:54:41,327.73,Mastercard,CARD-001776-1,GR,Successful,0
7529,7529,2026-01-30 11:40:49,465.49,Mastercard,CARD-000124-1,IT,Failed,0
7530,7530,2025-12-20 10:26:28,751.93,Visa,CARD-000458-1,AL,Successful,0
7531,7531,2026-05-24 00:56:11,381.10,Visa,CARD-000114-1,AL,Successful,2
7532,7532,2026-07-02 01:48:27,1139.57,Visa,CARD-001442-1,IT,Successful,0
7533,7533,2025-07-22 20:22:15,376.36,Mastercard,CARD-001425-2,ES,Successful,5
7534,7534,2026-05-13 18:30:14,432.45,Visa,CARD-001209-2,ES,Successful,0
7535,7535,2025-04-03 09:33:22,1188.74,Mastercard,CARD-000531-1,GR,Successful,0
7536,7536,2025-05-27 04:25:13,563.59,Visa,CARD-000748-2,NG,Successful,0
7537,7537,2026-01-22 07:14:22,305.52,Mastercard,CARD-001814-1,US,Refunded,0
7538,7538,2025-03-08 15:18:30,1187.78,Amex,CARD-001357-1,NL,Refunded,0
7539,7539,2025-07-31 04:29:23,1239.02,Mastercard,CARD-001621-2,GB,Successful,2
7540,7540,2025-06-09 07:04:48,1395.82,Amex,CARD-001299-1,ES,Successful,0
7541,7541,2025-08-15 16:19:18,1243.25,Visa,CARD-001263-2,GR,Successful,1
7542,7542,2025-02-19 23:36:20,658.10,Visa,CARD-000304-2,FR,Successful,0
7543,7543,2025-09-25 02:42:45,799.47,PayPal,CARD-SHARED-053,IT,Successful,0
7544,7544,2025-07-10 01:35:06,599.39,Amex,CARD-001306-1,GB,Successful,0
7545,7545,2025-04-21 06:00:43,662.63,Amex,CARD-000825-2,NL,Successful,0
7546,7546,2026-02-07 14:58:41,100.98,Visa,CARD-000566-2,DE,Successful,0
7547,7547,2025-08-31 14:22:48,1103.00,Visa,CARD-001218-1,RO,Successful,4
7548,7548,2026-03-25 03:31:12,160.86,Mastercard,CARD-001007-1,RO,Successful,2
7549,7549,2025-04-04 01:41:58,143.66,Visa,CARD-001096-1,GB,Successful,0
7550,7550,2025-09-17 20:32:25,1150.89,Visa,CARD-000984-2,AE,Successful,4
7551,7551,2025-08-23 14:16:02,1253.68,Mastercard,CARD-001733-2,FR,Successful,0
7552,7552,2025-09-13 21:39:22,332.18,Visa,CARD-000824-2,AL,Successful,0
7553,7553,2025-08-27 16:11:50,1267.14,Mastercard,CARD-001432-2,AE,Successful,0
7554,7554,2026-05-30 03:58:18,587.37,PayPal,CARD-000858-2,IT,Successful,5
7555,7555,2026-01-06 13:11:07,2509.89,PayPal,CARD-000287-2,AE,Successful,0
7556,7556,2025-10-02 16:32:32,2530.99,Amex,CARD-FRAUD-022,IT,Successful,4
7557,7557,2026-05-12 02:12:54,1798.78,PayPal,CARD-000674-1,NL,Successful,8
7558,7558,2026-07-08 12:53:39,1085.17,Mastercard,CARD-001508-2,US,Successful,0
7559,7559,2025-11-05 13:08:22,549.13,Visa,CARD-000485-2,ES,Successful,0
7560,7560,2026-02-18 01:23:24,663.09,Visa,CARD-001132-2,ES,Successful,0
7561,7561,2025-12-10 16:05:19,1327.98,PayPal,CARD-001497-1,RO,Failed,0
7562,7562,2026-02-25 00:02:58,1000.73,Amex,CARD-001461-1,GR,Successful,0
7563,7563,2026-01-02 16:59:07,614.21,PayPal,CARD-000595-2,US,Refunded,0
7564,7564,2025-11-24 15:59:41,1214.59,PayPal,CARD-001722-1,FR,Successful,1
7565,7565,2026-01-12 12:57:49,767.41,Amex,CARD-SHARED-021,FR,Failed,0
7566,7566,2025-01-26 01:24:37,3016.04,PayPal,CARD-FRAUD-007,DE,Successful,5
7567,7567,2026-03-30 15:36:23,741.07,PayPal,CARD-000302-2,GB,Successful,2
7568,7568,2026-04-25 05:00:02,1095.62,Amex,CARD-001830-1,IT,Successful,0
7569,7569,2026-03-10 18:35:24,309.66,Visa,CARD-001057-2,DE,Successful,0
7570,7570,2025-01-06 11:36:05,1541.75,PayPal,CARD-000076-2,NL,Successful,4
7571,7571,2026-04-06 14:57:07,1562.65,Amex,CARD-FRAUD-022,AL,Successful,0
7572,7572,2025-05-29 09:05:04,818.58,Visa,CARD-001982-1,GR,Successful,0
7573,7573,2026-01-08 12:50:58,465.62,PayPal,CARD-000928-2,NG,Successful,0
7574,7574,2025-04-21 03:45:19,560.60,Mastercard,CARD-000815-1,NG,Successful,0
7575,7575,2025-08-15 02:39:21,639.35,Amex,CARD-001976-1,DE,Successful,0
7576,7576,2025-12-02 01:32:10,759.15,Mastercard,CARD-000919-1,RO,Successful,0
7577,7577,2025-11-19 11:28:11,1168.25,Visa,CARD-SHARED-050,RO,Refunded,0
7578,7578,2026-04-02 05:59:35,1375.24,Mastercard,CARD-001941-2,IT,Successful,1
7579,7579,2026-02-14 16:48:11,1265.45,Amex,CARD-000909-1,GB,Successful,0
7580,7580,2025-04-09 13:02:22,269.01,Amex,CARD-SHARED-078,DE,Failed,0
7581,7581,2025-08-13 23:39:29,544.62,Visa,CARD-000570-2,NL,Successful,0
7582,7582,2025-07-24 21:46:28,1434.35,Mastercard,CARD-001856-2,NG,Successful,0
7583,7583,2026-06-22 04:10:50,280.43,Visa,CARD-001262-2,GB,Successful,0
7584,7584,2026-05-05 03:18:53,652.27,PayPal,CARD-001922-1,GB,Successful,0
7585,7585,2026-07-15 02:36:11,452.80,PayPal,CARD-SHARED-031,IT,Successful,0
7586,7586,2025-03-26 10:58:34,1334.09,Mastercard,CARD-000871-2,ES,Successful,0
7587,7587,2025-08-10 05:30:11,1392.69,PayPal,CARD-SHARED-069,AE,Successful,0
7588,7588,2026-02-27 14:45:30,864.67,Amex,CARD-SHARED-022,NL,Successful,0
7589,7589,2025-09-15 06:54:13,74.86,Mastercard,CARD-000964-1,DE,Successful,0
7590,7590,2025-03-25 15:47:05,1391.56,Amex,CARD-000406-2,AE,Successful,0
7591,7591,2026-05-23 09:09:40,308.07,Mastercard,CARD-001704-1,AL,Successful,0
7592,7592,2026-04-18 05:44:30,1802.11,Visa,CARD-000945-2,US,Successful,0
7593,7593,2025-09-10 07:24:21,235.52,Visa,CARD-000788-2,AE,Successful,0
7594,7594,2026-05-26 17:24:08,322.61,Visa,CARD-000597-1,GR,Successful,0
7595,7595,2025-09-20 05:44:54,2110.94,PayPal,CARD-001652-1,ES,Successful,0
7596,7596,2026-05-28 22:37:44,1290.59,Visa,CARD-001522-1,ES,Successful,5
7597,7597,2025-03-23 04:53:55,1140.56,Mastercard,CARD-000303-2,IT,Successful,0
7598,7598,2026-01-06 08:52:56,2948.15,Amex,CARD-FRAUD-013,GR,Successful,2
7599,7599,2025-02-04 13:18:27,259.23,Visa,CARD-001573-2,NG,Failed,0
7600,7600,2026-05-07 11:44:27,2323.18,Visa,CARD-000974-2,US,Successful,0
7601,7601,2025-12-07 07:10:10,1093.01,Mastercard,CARD-001542-2,FR,Successful,0
7602,7602,2026-01-12 06:09:43,1961.11,Amex,CARD-SHARED-038,NL,Successful,0
7603,7603,2025-12-17 04:21:19,1941.64,Amex,CARD-000496-1,NL,Successful,0
7604,7604,2026-03-08 01:50:25,434.38,Visa,CARD-000380-1,DE,Successful,0
7605,7605,2025-11-12 19:02:15,451.61,Mastercard,CARD-001331-1,RO,Successful,1
7606,7606,2025-07-17 21:36:39,544.76,Amex,CARD-000871-2,FR,Successful,0
7607,7607,2025-01-28 22:31:21,1316.04,Amex,CARD-SHARED-061,GR,Successful,1
7608,7608,2026-05-23 00:49:25,316.98,Mastercard,CARD-000444-2,IT,Successful,0
7609,7609,2026-05-05 07:16:03,938.77,PayPal,CARD-001312-1,NG,Successful,4
7610,7610,2026-07-20 13:06:39,446.86,Mastercard,CARD-001681-2,US,Successful,1
7611,7611,2025-01-16 12:21:24,598.43,PayPal,CARD-000416-1,NL,Successful,0
7612,7612,2026-04-14 23:38:05,255.80,Amex,CARD-000985-2,IT,Successful,0
7613,7613,2026-05-21 05:14:49,1242.77,Amex,CARD-000299-2,IT,Successful,0
7614,7614,2026-02-01 11:45:08,2292.40,Amex,CARD-000234-1,DE,Successful,2
7615,7615,2026-02-05 10:47:44,219.81,PayPal,CARD-000870-2,AE,Successful,0
7616,7616,2025-10-20 10:35:34,895.43,Amex,CARD-SHARED-020,US,Successful,0
7617,7617,2026-02-04 22:46:12,250.02,Amex,CARD-000453-2,DE,Successful,0
7618,7618,2026-02-13 05:10:54,227.57,Mastercard,CARD-000769-2,US,Successful,0
7619,7619,2025-04-26 21:15:22,1471.32,Visa,CARD-000570-2,NL,Successful,0
7620,7620,2026-06-16 08:08:15,1263.06,PayPal,CARD-001818-1,US,Successful,0
7621,7621,2025-09-21 16:35:52,1210.24,Mastercard,CARD-001176-2,US,Successful,0
7622,7622,2026-05-26 17:11:54,722.87,Amex,CARD-001266-2,RO,Successful,0
7623,7623,2026-01-22 18:56:06,721.06,Mastercard,CARD-000715-1,AE,Successful,0
7624,7624,2025-06-08 07:20:11,750.89,Visa,CARD-000391-2,IT,Successful,0
7625,7625,2025-03-16 09:50:29,164.08,Visa,CARD-000076-1,NL,Successful,0
7626,7626,2026-07-13 08:33:18,1359.10,Mastercard,CARD-SHARED-075,GR,Successful,1
7627,7627,2026-01-02 13:12:29,1737.29,PayPal,CARD-001693-1,GR,Successful,2
7628,7628,2026-07-01 09:02:44,103.67,PayPal,CARD-000293-2,US,Failed,0
7629,7629,2026-04-25 07:05:55,1314.12,PayPal,CARD-FRAUD-021,RO,Successful,3
7630,7630,2026-07-12 19:49:35,2541.70,Amex,CARD-SHARED-080,FR,Failed,0
7631,7631,2026-03-26 18:06:23,369.79,Amex,CARD-000242-1,NL,Successful,0
7632,7632,2026-02-28 13:06:50,1484.69,Mastercard,CARD-001302-1,AL,Successful,0
7633,7633,2026-01-16 01:17:38,1077.33,Visa,CARD-000502-2,US,Successful,0
7634,7634,2025-03-22 07:13:00,1948.14,Visa,CARD-FRAUD-003,IT,Successful,1
7635,7635,2025-09-17 11:52:01,292.22,Mastercard,CARD-001119-1,AE,Successful,0
7636,7636,2026-07-09 16:54:39,664.60,Amex,CARD-000648-1,NL,Successful,0
7637,7637,2026-05-20 02:26:02,500.68,PayPal,CARD-000315-2,NG,Successful,0
7638,7638,2026-07-10 13:37:06,1152.07,Amex,CARD-001974-1,RO,Failed,0
7639,7639,2025-09-25 18:03:24,1400.40,PayPal,CARD-000607-2,DE,Successful,0
7640,7640,2026-01-04 14:22:27,561.71,Amex,CARD-000385-2,ES,Successful,0
7641,7641,2026-02-15 12:01:37,426.36,Visa,CARD-001636-1,AL,Successful,0
7642,7642,2026-01-05 21:07:41,2100.37,Amex,CARD-000495-2,RO,Failed,0
7643,7643,2026-03-27 07:27:28,2207.65,PayPal,CARD-001210-2,AL,Successful,0
7644,7644,2025-11-30 18:39:17,740.31,Mastercard,CARD-000372-2,RO,Successful,0
7645,7645,2025-07-26 14:15:36,1218.40,PayPal,CARD-001632-2,US,Successful,0
7646,7646,2026-06-27 11:04:34,222.68,Visa,CARD-000407-2,GR,Successful,0
7647,7647,2026-04-14 03:24:45,1913.33,Amex,CARD-000149-1,GR,Successful,0
7648,7648,2025-01-05 15:10:26,792.27,PayPal,CARD-001482-2,IT,Successful,0
7649,7649,2025-07-18 05:40:21,710.57,PayPal,CARD-001273-1,RO,Successful,3
7650,7650,2026-06-27 14:49:53,1486.53,Visa,CARD-001025-2,DE,Refunded,0
7651,7651,2025-08-13 18:33:02,150.01,Mastercard,CARD-001755-1,GB,Successful,0
7652,7652,2026-04-27 09:32:08,785.60,Mastercard,CARD-001825-2,AL,Successful,5
7653,7653,2025-12-24 21:41:40,1171.38,Amex,CARD-000352-1,DE,Successful,0
7654,7654,2026-02-19 23:02:01,2160.55,PayPal,CARD-FRAUD-004,AE,Successful,0
7655,7655,2025-06-10 23:43:21,960.04,Visa,CARD-000657-2,DE,Successful,0
7656,7656,2026-06-23 02:57:13,1374.20,Visa,CARD-001420-1,GR,Successful,3
7657,7657,2026-01-12 10:25:11,275.78,Amex,CARD-000411-2,RO,Successful,2
7658,7658,2025-01-25 10:27:29,739.51,Amex,CARD-001437-1,US,Successful,2
7659,7659,2025-01-04 23:30:38,860.42,Visa,CARD-000188-2,IT,Successful,5
7660,7660,2026-02-07 21:30:09,1329.98,PayPal,CARD-001505-2,NG,Successful,5
7661,7661,2026-07-17 05:04:41,1655.44,Visa,CARD-000986-1,AE,Successful,0
7662,7662,2026-05-19 05:43:09,648.43,Mastercard,CARD-000302-2,GB,Successful,0
7663,7663,2025-06-03 12:28:06,2099.48,Mastercard,CARD-001176-1,US,Successful,0
7664,7664,2025-08-15 11:54:45,867.12,PayPal,CARD-000819-2,GR,Failed,3
7665,7665,2025-04-29 03:38:13,2230.08,Visa,CARD-000882-2,NL,Successful,0
7666,7666,2025-04-24 18:15:29,1104.68,PayPal,CARD-SHARED-098,DE,Failed,0
7667,7667,2025-07-07 20:06:10,986.48,Mastercard,CARD-000234-2,AE,Successful,0
7668,7668,2026-06-17 03:54:21,1139.42,PayPal,CARD-000350-1,NL,Successful,0
7669,7669,2025-10-21 00:03:58,780.64,Visa,CARD-001608-1,GR,Successful,4
7670,7670,2025-10-31 12:41:10,447.66,Mastercard,CARD-000270-2,IT,Successful,1
7671,7671,2025-09-20 08:46:56,717.79,Amex,CARD-001689-2,IT,Successful,0
7672,7672,2026-05-25 09:22:18,1027.34,Amex,CARD-001729-2,AE,Successful,0
7673,7673,2026-03-30 10:27:18,284.67,Mastercard,CARD-001835-2,GB,Successful,0
7674,7674,2026-03-19 05:57:41,271.68,Mastercard,CARD-000588-1,DE,Successful,0
7675,7675,2025-05-29 23:13:45,1886.45,Amex,CARD-001065-2,DE,Refunded,0
7676,7676,2026-04-15 16:10:19,2453.55,PayPal,CARD-000291-1,DE,Successful,0
7677,7677,2025-04-29 05:58:36,1213.20,Visa,CARD-000482-2,RO,Successful,5
7678,7678,2025-02-19 05:15:48,626.52,Visa,CARD-001079-1,ES,Successful,2
7679,7679,2025-11-14 06:43:47,1138.60,PayPal,CARD-000883-2,GB,Successful,0
7680,7680,2025-04-27 06:58:51,1507.38,Amex,CARD-001157-2,FR,Successful,0
7681,7681,2025-05-15 16:37:26,1337.99,Visa,CARD-SHARED-039,NG,Successful,0
7682,7682,2026-07-08 04:30:38,872.90,Mastercard,CARD-001276-2,US,Failed,0
7683,7683,2025-04-09 04:33:49,812.88,Visa,CARD-000899-2,ES,Successful,0
7684,7684,2026-04-01 23:08:08,1159.23,Amex,CARD-SHARED-034,NG,Successful,2
7685,7685,2026-01-08 09:01:12,447.12,Mastercard,CARD-001387-2,AE,Successful,0
7686,7686,2026-06-08 18:19:01,214.92,Amex,CARD-000382-1,GB,Successful,2
7687,7687,2026-05-03 16:34:26,796.45,Visa,CARD-001296-2,IT,Successful,0
7688,7688,2026-05-04 11:33:24,2559.19,Mastercard,CARD-FRAUD-012,AL,Successful,0
7689,7689,2025-06-08 11:37:49,554.22,Visa,CARD-001088-2,AE,Successful,4
7690,7690,2025-03-02 11:28:02,762.55,PayPal,CARD-000110-2,RO,Successful,1
7691,7691,2025-10-18 12:37:03,561.08,PayPal,CARD-001301-1,NL,Successful,0
7692,7692,2025-05-10 09:46:17,2121.42,Visa,CARD-001787-1,RO,Refunded,0
7693,7693,2025-09-02 08:38:56,1164.98,Amex,CARD-001033-1,GR,Successful,0
7694,7694,2025-08-23 16:49:39,1114.38,Amex,CARD-001013-2,IT,Successful,0
7695,7695,2025-01-17 18:13:30,1091.90,Visa,CARD-001595-1,NL,Successful,0
7696,7696,2026-04-07 14:54:54,879.10,Visa,CARD-000360-2,NL,Successful,1
7697,7697,2026-03-13 17:42:11,1302.84,Visa,CARD-000337-2,IT,Successful,0
7698,7698,2026-01-10 11:26:43,805.76,Amex,CARD-001728-2,AL,Successful,0
7699,7699,2025-02-03 14:28:04,926.23,Amex,CARD-000521-2,DE,Successful,0
7700,7700,2025-04-17 01:12:40,865.40,PayPal,CARD-SHARED-035,NG,Successful,5
7701,7701,2025-10-03 00:27:37,943.96,PayPal,CARD-001834-1,NL,Successful,4
7702,7702,2026-05-17 10:00:51,363.26,Visa,CARD-001278-2,FR,Successful,0
7703,7703,2026-06-08 04:35:30,699.17,PayPal,CARD-001379-1,FR,Successful,0
7704,7704,2026-07-17 17:28:09,522.34,PayPal,CARD-000305-1,NL,Successful,0
7705,7705,2026-01-09 01:33:13,972.95,Visa,CARD-SHARED-073,IT,Successful,1
7706,7706,2026-07-15 18:56:23,2109.96,PayPal,CARD-001506-1,IT,Successful,7
7707,7707,2026-03-08 16:44:10,168.33,PayPal,CARD-SHARED-008,NL,Successful,0
7708,7708,2026-07-04 08:33:58,2573.33,Mastercard,CARD-000045-1,ES,Successful,0
7709,7709,2025-05-30 01:58:48,1440.57,Amex,CARD-001485-1,IT,Successful,4
7710,7710,2025-09-23 16:00:48,1411.41,Amex,CARD-000619-2,FR,Failed,0
7711,7711,2026-04-18 07:39:35,308.91,Visa,CARD-001347-2,NG,Successful,5
7712,7712,2025-04-01 19:08:23,1028.26,PayPal,CARD-001290-1,NL,Successful,0
7713,7713,2026-02-12 20:21:41,1532.80,Mastercard,CARD-FRAUD-022,GB,Successful,3
7714,7714,2026-07-06 14:33:07,844.59,PayPal,CARD-001262-2,GB,Successful,0
7715,7715,2026-06-21 19:11:14,1299.20,Visa,CARD-001535-1,GB,Successful,3
7716,7716,2026-06-13 16:54:26,1137.24,Amex,CARD-000518-1,NL,Successful,0
7717,7717,2025-12-03 07:17:29,1375.29,Mastercard,CARD-001923-1,GB,Successful,0
7718,7718,2025-02-06 10:34:53,314.13,Mastercard,CARD-000189-2,FR,Successful,0
7719,7719,2025-08-01 16:36:27,1564.80,PayPal,CARD-000587-2,US,Failed,0
7720,7720,2025-11-29 23:06:53,429.76,Visa,CARD-000462-2,NL,Successful,0
7721,7721,2025-03-07 13:00:37,121.49,Visa,CARD-000515-2,NG,Successful,0
7722,7722,2026-05-11 12:45:52,2456.52,Mastercard,CARD-001737-1,GR,Failed,0
7723,7723,2025-12-23 07:19:54,274.68,PayPal,CARD-001715-2,ES,Successful,0
7724,7724,2025-11-10 16:15:01,456.78,Visa,CARD-000273-1,GR,Successful,0
7725,7725,2026-07-09 23:43:08,496.62,Mastercard,CARD-001971-1,FR,Successful,5
7726,7726,2025-05-20 21:35:19,855.17,PayPal,CARD-000371-1,NG,Successful,0
7727,7727,2026-07-09 21:27:17,1230.30,Mastercard,CARD-001773-1,AE,Failed,5
7728,7728,2026-03-04 12:16:26,411.20,PayPal,CARD-000596-2,NG,Successful,0
7729,7729,2025-07-29 11:44:20,511.30,PayPal,CARD-000390-1,US,Successful,0
7730,7730,2026-07-17 12:01:11,1714.57,PayPal,CARD-001994-1,AL,Successful,0
7731,7731,2026-04-30 13:24:49,1046.24,Visa,CARD-SHARED-012,DE,Successful,0
7732,7732,2026-05-29 23:38:28,1169.21,PayPal,CARD-000878-2,NG,Successful,3
7733,7733,2026-07-18 05:47:19,83.03,PayPal,CARD-SHARED-048,AL,Successful,0
7734,7734,2025-12-23 19:20:17,341.33,Amex,CARD-000651-1,GR,Successful,0
7735,7735,2025-01-01 03:43:30,459.88,Amex,CARD-001821-2,GR,Refunded,0
7736,7736,2026-02-26 13:11:27,203.97,PayPal,CARD-000942-1,US,Successful,0
7737,7737,2025-06-01 23:06:14,414.01,Amex,CARD-001367-1,ES,Successful,0
7738,7738,2026-01-14 05:59:18,1371.58,Amex,CARD-001341-1,DE,Successful,0
7739,7739,2026-05-29 08:56:00,747.65,PayPal,CARD-000793-1,FR,Successful,0
7740,7740,2026-04-13 01:06:24,762.25,PayPal,CARD-SHARED-060,NL,Successful,3
7741,7741,2026-02-04 12:17:40,1333.22,Amex,CARD-001572-2,AE,Successful,0
7742,7742,2025-11-17 11:41:18,2267.76,Amex,CARD-001834-2,AL,Successful,1
7743,7743,2025-08-21 11:17:12,161.04,Mastercard,CARD-001790-1,AE,Successful,0
7744,7744,2026-02-13 11:39:50,698.99,Visa,CARD-SHARED-079,DE,Refunded,0
7745,7745,2026-04-27 12:04:26,1276.01,PayPal,CARD-001485-1,IT,Successful,0
7746,7746,2026-01-25 20:42:51,2271.03,PayPal,CARD-000479-2,NL,Successful,0
7747,7747,2025-08-17 18:39:46,1466.94,PayPal,CARD-001514-1,NG,Successful,0
7748,7748,2026-06-16 01:38:25,282.03,Amex,CARD-000900-1,IT,Successful,0
7749,7749,2026-07-13 09:04:49,1482.43,Visa,CARD-001056-2,NL,Failed,0
7750,7750,2026-04-25 09:57:58,447.92,Mastercard,CARD-000808-2,GR,Successful,0
7751,7751,2026-07-03 08:32:42,363.48,Mastercard,CARD-001487-2,NG,Successful,1
7752,7752,2026-02-28 11:07:52,139.39,Amex,CARD-001808-1,GR,Successful,2
7753,7753,2026-01-20 05:45:32,1602.82,Amex,CARD-000416-2,NL,Successful,0
7754,7754,2026-04-16 21:48:46,949.76,Visa,CARD-001905-1,NG,Successful,1
7755,7755,2026-03-06 19:15:53,2575.52,Visa,CARD-FRAUD-016,RO,Successful,5
7756,7756,2026-05-02 08:38:08,121.63,Mastercard,CARD-001248-1,GR,Successful,5
7757,7757,2025-10-27 08:57:37,188.93,Mastercard,CARD-000240-2,GR,Failed,0
7758,7758,2025-05-21 13:35:32,1015.79,PayPal,CARD-000074-2,GB,Successful,5
7759,7759,2025-05-28 22:46:20,744.32,Amex,CARD-000488-1,DE,Successful,0
7760,7760,2025-05-01 09:03:39,311.95,PayPal,CARD-000184-2,DE,Successful,5
7761,7761,2025-09-08 03:55:11,991.47,Amex,CARD-001987-2,US,Successful,5
7762,7762,2025-01-19 19:54:27,340.09,Amex,CARD-SHARED-039,US,Successful,0
7763,7763,2026-05-09 09:57:31,211.70,Amex,CARD-001252-1,AE,Successful,0
7764,7764,2025-07-19 14:14:47,407.55,Visa,CARD-001526-2,DE,Successful,0
7765,7765,2025-05-19 20:14:37,1129.03,Mastercard,CARD-001030-1,ES,Successful,0
7766,7766,2025-09-29 09:43:28,1710.68,Visa,CARD-000789-2,RO,Successful,6
7767,7767,2025-09-19 06:50:48,384.69,Visa,CARD-000319-2,DE,Failed,0
7768,7768,2026-01-28 12:49:07,896.95,PayPal,CARD-SHARED-051,ES,Refunded,1
7769,7769,2025-02-09 06:20:54,148.98,PayPal,CARD-001500-1,NL,Successful,1
7770,7770,2026-01-29 11:20:10,1393.74,Mastercard,CARD-001493-1,DE,Successful,1
7771,7771,2026-07-09 17:06:54,339.99,PayPal,CARD-SHARED-008,US,Successful,0
7772,7772,2026-06-15 04:34:16,612.44,PayPal,CARD-000391-2,IT,Successful,4
7773,7773,2026-03-30 12:46:36,521.25,Mastercard,CARD-SHARED-068,NG,Successful,0
7774,7774,2026-04-21 09:33:07,669.09,Visa,CARD-000721-1,NL,Refunded,1
7775,7775,2026-03-08 08:09:04,1221.04,Amex,CARD-000044-1,GB,Successful,0
7776,7776,2026-07-10 20:21:26,1186.57,PayPal,CARD-000258-2,NG,Successful,0
7777,7777,2026-04-03 00:04:59,593.66,Mastercard,CARD-000086-2,ES,Successful,0
7778,7778,2026-04-16 07:58:38,942.39,Mastercard,CARD-000280-2,AE,Successful,0
7779,7779,2026-01-31 11:02:30,1291.38,Mastercard,CARD-000667-2,GR,Successful,0
7780,7780,2025-02-05 18:01:04,436.78,Mastercard,CARD-001773-2,DE,Successful,0
7781,7781,2025-05-16 01:37:29,2125.23,PayPal,CARD-001348-2,US,Successful,3
7782,7782,2025-04-28 10:00:36,2703.27,Visa,CARD-FRAUD-024,NG,Successful,7
7783,7783,2025-10-02 13:35:26,1490.31,PayPal,CARD-001125-1,IT,Successful,0
7784,7784,2025-12-03 22:38:36,1113.79,Mastercard,CARD-001516-1,AL,Successful,0
7785,7785,2026-01-04 15:13:22,1425.85,Visa,CARD-001018-2,ES,Successful,0
7786,7786,2025-04-20 00:19:09,1018.35,Mastercard,CARD-001413-1,GB,Successful,5
7787,7787,2026-02-12 05:29:26,1214.42,PayPal,CARD-SHARED-067,ES,Successful,0
7788,7788,2025-08-09 15:04:19,1576.98,Visa,CARD-000276-2,DE,Successful,4
7789,7789,2026-05-07 15:07:13,1098.21,Visa,CARD-001007-1,IT,Successful,0
7790,7790,2026-03-25 04:47:27,1038.40,PayPal,CARD-001095-1,FR,Successful,0
7791,7791,2026-05-20 02:58:57,549.06,PayPal,CARD-000540-2,AE,Failed,1
7792,7792,2025-04-10 12:37:40,393.30,PayPal,CARD-SHARED-077,IT,Successful,3
7793,7793,2025-03-31 12:57:00,1168.23,Mastercard,CARD-001975-1,US,Successful,0
7794,7794,2026-01-17 16:58:23,371.89,Visa,CARD-001514-1,NL,Failed,0
7795,7795,2025-06-03 06:50:07,1358.00,Amex,CARD-000062-2,US,Refunded,0
7796,7796,2026-03-15 01:45:56,1229.33,Amex,CARD-000879-2,US,Successful,0
7797,7797,2026-02-21 13:42:20,1636.52,Amex,CARD-001037-2,RO,Successful,0
7798,7798,2025-11-08 20:46:46,1486.55,PayPal,CARD-000695-1,RO,Successful,0
7799,7799,2025-04-30 05:52:28,1819.02,Visa,CARD-000555-1,FR,Successful,0
7800,7800,2026-05-24 16:28:30,1301.76,Mastercard,CARD-001241-1,NG,Successful,0
7801,7801,2026-06-28 12:17:45,802.86,PayPal,CARD-001303-1,AE,Successful,1
7802,7802,2026-03-05 13:07:55,558.67,Amex,CARD-001031-2,ES,Successful,5
7803,7803,2025-09-12 06:35:33,1504.01,Visa,CARD-000903-1,FR,Successful,5
7804,7804,2025-12-06 03:17:07,234.35,Visa,CARD-001291-2,ES,Successful,0
7805,7805,2026-02-21 13:52:43,2293.69,PayPal,CARD-000908-1,GB,Successful,0
7806,7806,2026-06-29 23:30:09,996.96,Mastercard,CARD-001196-2,US,Successful,4
7807,7807,2026-07-07 01:26:33,913.69,Visa,CARD-001166-1,AL,Successful,3
7808,7808,2025-09-06 11:39:36,2797.76,Amex,CARD-FRAUD-009,ES,Successful,3
7809,7809,2026-04-14 06:04:29,1351.18,PayPal,CARD-000280-1,NG,Successful,0
7810,7810,2025-11-25 10:12:40,1816.29,Amex,CARD-SHARED-049,AE,Successful,0
7811,7811,2025-05-09 23:07:03,2041.51,Amex,CARD-000427-2,AE,Successful,0
7812,7812,2025-04-14 14:12:06,1473.66,Visa,CARD-000221-2,IT,Successful,0
7813,7813,2025-05-26 16:43:23,2052.16,Amex,CARD-001330-2,GB,Failed,0
7814,7814,2026-07-02 13:35:29,1503.01,Mastercard,CARD-001623-2,ES,Successful,0
7815,7815,2025-03-07 19:37:24,381.19,Amex,CARD-000289-1,GB,Successful,0
7816,7816,2026-02-09 11:57:01,2508.21,Visa,CARD-001855-2,ES,Refunded,0
7817,7817,2025-07-23 09:44:06,1540.26,Mastercard,CARD-001662-1,NL,Successful,5
7818,7818,2026-04-23 10:32:01,958.41,Mastercard,CARD-001919-1,GB,Successful,1
7819,7819,2025-11-07 18:11:49,258.59,PayPal,CARD-001791-1,US,Successful,4
7820,7820,2026-05-13 05:22:06,1446.07,Mastercard,CARD-001266-2,RO,Successful,5
7821,7821,2026-05-21 05:11:34,1952.12,PayPal,CARD-000644-2,ES,Successful,2
7822,7822,2025-08-26 00:12:44,79.78,Amex,CARD-SHARED-058,GB,Successful,0
7823,7823,2026-06-14 14:46:42,1203.94,Mastercard,CARD-001040-2,US,Successful,0
7824,7824,2025-07-19 03:06:29,301.21,PayPal,CARD-SHARED-022,DE,Successful,5
7825,7825,2025-04-20 15:50:06,2166.43,Amex,CARD-FRAUD-001,ES,Successful,1
7826,7826,2026-03-22 04:40:43,1180.89,Mastercard,CARD-000238-1,DE,Successful,0
7827,7827,2025-01-16 05:37:03,1850.03,Mastercard,CARD-001890-2,DE,Successful,0
7828,7828,2026-01-10 21:04:48,440.89,Amex,CARD-000381-1,NL,Successful,0
7829,7829,2025-10-09 04:54:01,1014.11,Mastercard,CARD-SHARED-086,NG,Successful,0
7830,7830,2025-12-08 11:03:47,1285.02,Visa,CARD-001174-1,US,Failed,0
7831,7831,2025-10-05 06:44:58,110.25,PayPal,CARD-000080-2,NG,Successful,1
7832,7832,2025-11-30 20:11:06,951.81,Visa,CARD-001714-1,ES,Successful,0
7833,7833,2026-04-10 16:35:02,1174.85,Visa,CARD-SHARED-094,AL,Successful,0
7834,7834,2025-10-01 03:52:39,2256.14,Amex,CARD-000424-1,IT,Successful,1
7835,7835,2026-06-29 13:27:43,898.38,PayPal,CARD-000361-1,FR,Successful,0
7836,7836,2025-06-05 11:55:43,1404.84,Amex,CARD-001940-1,GR,Successful,4
7837,7837,2026-03-22 11:30:57,214.30,Visa,CARD-000984-1,AE,Successful,0
7838,7838,2025-02-05 19:52:42,759.77,Amex,CARD-SHARED-015,US,Successful,1
7839,7839,2026-07-07 15:18:24,900.03,Visa,CARD-SHARED-024,FR,Successful,1
7840,7840,2026-07-17 07:01:42,1330.87,Mastercard,CARD-000234-1,DE,Successful,0
7841,7841,2025-12-15 01:46:31,1178.22,Mastercard,CARD-000022-2,ES,Successful,0
7842,7842,2025-03-22 23:35:29,940.42,Visa,CARD-001091-2,RO,Successful,0
7843,7843,2026-02-17 11:55:24,2127.53,Amex,CARD-001632-2,US,Successful,0
7844,7844,2025-01-29 19:59:36,1309.35,Mastercard,CARD-000171-1,IT,Successful,0
7845,7845,2025-11-29 10:35:44,928.74,Visa,CARD-001407-2,NG,Successful,0
7846,7846,2026-04-12 16:28:57,2748.14,Amex,CARD-FRAUD-002,AL,Successful,5
7847,7847,2025-09-12 07:47:32,889.12,PayPal,CARD-000111-2,IT,Failed,0
7848,7848,2026-02-21 10:43:30,961.93,Mastercard,CARD-000105-1,RO,Successful,1
7849,7849,2025-06-09 08:41:36,523.58,PayPal,CARD-001097-2,NG,Successful,0
7850,7850,2026-07-06 04:51:37,1208.22,Visa,CARD-001486-2,NL,Refunded,0
7851,7851,2026-03-28 16:19:08,431.71,Mastercard,CARD-001000-1,GB,Successful,0
7852,7852,2026-06-04 11:01:14,1370.38,Amex,CARD-000012-1,RO,Successful,0
7853,7853,2025-11-20 20:04:19,611.95,Mastercard,CARD-SHARED-026,ES,Successful,0
7854,7854,2026-06-06 10:34:58,149.68,Mastercard,CARD-001748-2,IT,Successful,0
7855,7855,2026-01-10 09:14:45,693.89,Amex,CARD-001798-1,US,Failed,0
7856,7856,2026-01-03 01:48:20,822.00,PayPal,CARD-SHARED-030,GB,Successful,0
7857,7857,2026-06-13 12:28:52,355.12,Visa,CARD-001244-1,NL,Refunded,0
7858,7858,2025-12-06 05:11:09,251.16,PayPal,CARD-001426-2,AE,Successful,2
7859,7859,2025-12-27 20:38:51,500.38,Visa,CARD-001409-2,NG,Successful,0
7860,7860,2025-02-28 22:11:47,1659.32,Mastercard,CARD-SHARED-058,AE,Successful,0
7861,7861,2026-05-15 23:21:01,413.30,Mastercard,CARD-000284-1,NG,Failed,0
7862,7862,2026-05-23 12:49:02,946.29,Visa,CARD-001899-1,GB,Successful,0
7863,7863,2025-03-13 08:00:41,2774.60,PayPal,CARD-FRAUD-023,AE,Successful,1
7864,7864,2025-01-04 07:37:12,538.06,PayPal,CARD-001432-1,AE,Successful,3
7865,7865,2025-10-24 08:25:29,1176.25,Visa,CARD-000948-2,AE,Successful,0
7866,7866,2026-04-06 08:11:19,1260.27,Visa,CARD-000405-1,US,Successful,0
7867,7867,2025-10-22 09:38:24,1141.76,Amex,CARD-000585-1,US,Successful,4
7868,7868,2026-03-10 20:54:30,1406.77,Visa,CARD-SHARED-067,AE,Successful,0
7869,7869,2026-01-10 21:23:15,374.57,Mastercard,CARD-000514-1,ES,Successful,0
7870,7870,2025-04-09 06:27:43,479.38,Amex,CARD-000542-1,GB,Successful,0
7871,7871,2026-05-17 17:18:29,2334.52,PayPal,CARD-001121-2,US,Successful,0
7872,7872,2026-07-08 21:16:59,1498.99,Visa,CARD-001171-1,GR,Successful,1
7873,7873,2025-03-10 04:46:44,311.87,Mastercard,CARD-000602-2,RO,Successful,0
7874,7874,2026-04-17 05:23:23,516.91,Mastercard,CARD-000939-1,RO,Successful,0
7875,7875,2026-01-21 09:57:16,1477.63,PayPal,CARD-001874-2,FR,Successful,0
7876,7876,2026-03-12 19:14:27,213.76,PayPal,CARD-001765-1,RO,Successful,4
7877,7877,2025-11-15 00:41:30,1356.18,Amex,CARD-001127-2,NL,Successful,0
7878,7878,2025-06-19 12:44:02,960.43,Amex,CARD-000695-2,NG,Successful,5
7879,7879,2025-06-19 15:25:19,682.69,PayPal,CARD-001140-2,AL,Successful,0
7880,7880,2025-12-30 02:27:43,427.95,Mastercard,CARD-SHARED-060,DE,Successful,3
7881,7881,2025-07-13 18:09:53,1182.72,PayPal,CARD-001919-2,GB,Successful,0
7882,7882,2025-08-02 13:33:56,613.05,Visa,CARD-SHARED-058,GR,Failed,0
7883,7883,2025-07-23 19:09:01,194.32,Amex,CARD-001746-1,AE,Successful,0
7884,7884,2025-04-09 18:07:46,213.90,Visa,CARD-001550-2,NL,Failed,0
7885,7885,2026-04-05 18:52:16,1121.07,Mastercard,CARD-000613-1,ES,Successful,0
7886,7886,2025-01-30 14:19:24,1506.56,Amex,CARD-FRAUD-003,NL,Successful,7
7887,7887,2026-03-02 11:51:50,357.13,PayPal,CARD-001452-2,IT,Successful,0
7888,7888,2025-12-30 21:27:50,2502.69,Amex,CARD-FRAUD-003,FR,Successful,1
7889,7889,2025-03-14 11:48:43,1358.37,Mastercard,CARD-SHARED-052,AL,Successful,0
7890,7890,2026-04-09 08:26:24,1495.31,PayPal,CARD-001837-2,NL,Successful,0
7891,7891,2026-05-12 15:54:10,580.81,Amex,CARD-001872-2,GB,Successful,1
7892,7892,2025-02-01 02:48:30,181.08,Mastercard,CARD-000579-2,GR,Successful,1
7893,7893,2026-06-10 08:54:01,304.12,Amex,CARD-000340-2,FR,Successful,0
7894,7894,2025-01-29 18:25:32,116.28,Visa,CARD-001599-2,GR,Successful,0
7895,7895,2026-04-04 15:27:18,1249.74,Mastercard,CARD-001143-1,RO,Successful,0
7896,7896,2025-10-29 17:25:48,455.39,Amex,CARD-000082-1,FR,Successful,2
7897,7897,2025-06-25 16:07:03,1829.73,Visa,CARD-SHARED-069,NL,Successful,0
7898,7898,2026-02-03 11:11:43,1422.92,Mastercard,CARD-000706-2,GR,Successful,4
7899,7899,2026-04-27 08:50:03,2038.39,Visa,CARD-000122-1,US,Successful,1
7900,7900,2026-05-03 04:07:23,88.32,Amex,CARD-001452-2,IT,Successful,1
7901,7901,2026-07-06 19:07:53,2462.30,Visa,CARD-000559-1,GB,Successful,0
7902,7902,2026-07-07 07:24:17,1146.02,Mastercard,CARD-000236-1,FR,Successful,0
7903,7903,2026-07-06 00:13:53,273.77,Visa,CARD-001250-1,US,Successful,0
7904,7904,2026-05-25 09:34:11,827.01,Mastercard,CARD-001799-2,ES,Successful,0
7905,7905,2026-04-14 22:52:44,1317.88,Visa,CARD-001087-2,GB,Failed,1
7906,7906,2026-01-17 12:34:54,760.03,Amex,CARD-SHARED-038,NL,Successful,0
7907,7907,2025-06-14 03:15:32,88.20,Visa,CARD-001847-1,AL,Successful,0
7908,7908,2025-11-28 01:17:30,1785.61,Mastercard,CARD-001013-2,IT,Successful,1
7909,7909,2025-05-03 13:58:15,983.40,Mastercard,CARD-000929-1,NL,Successful,0
7910,7910,2026-01-02 13:57:35,1452.91,Amex,CARD-001353-1,GR,Successful,0
7911,7911,2025-09-24 09:21:09,1240.70,Amex,CARD-000858-2,DE,Successful,1
7912,7912,2025-08-31 18:21:18,696.75,Visa,CARD-001154-1,FR,Successful,0
7913,7913,2025-04-24 01:27:34,1419.06,Mastercard,CARD-SHARED-055,GB,Successful,5
7914,7914,2025-12-28 09:07:10,981.11,Amex,CARD-SHARED-083,AL,Failed,0
7915,7915,2025-06-25 02:24:14,934.67,Amex,CARD-001801-2,GB,Successful,1
7916,7916,2026-02-05 16:22:43,552.92,Amex,CARD-000678-2,AE,Successful,3
7917,7917,2025-04-03 22:35:34,1752.46,PayPal,CARD-000072-1,GR,Successful,0
7918,7918,2026-05-17 20:19:11,1480.01,Amex,CARD-000202-1,IT,Successful,0
7919,7919,2025-01-13 23:24:15,159.54,Amex,CARD-000199-2,IT,Successful,0
7920,7920,2025-03-05 02:52:23,2305.84,PayPal,CARD-001707-2,ES,Successful,0
7921,7921,2025-12-04 12:34:08,2356.08,Amex,CARD-SHARED-054,ES,Successful,0
7922,7922,2025-10-01 08:32:54,1146.99,Mastercard,CARD-000352-1,DE,Successful,1
7923,7923,2026-03-22 16:30:46,1386.29,Visa,CARD-000051-2,FR,Successful,2
7924,7924,2026-07-08 01:29:51,1163.82,PayPal,CARD-001712-2,NG,Successful,0
7925,7925,2025-09-16 21:52:29,150.17,PayPal,CARD-SHARED-028,ES,Successful,0
7926,7926,2025-11-09 21:26:37,1228.46,PayPal,CARD-000902-2,GB,Successful,0
7927,7927,2025-01-28 22:08:00,230.83,PayPal,CARD-000601-2,ES,Successful,0
7928,7928,2026-01-22 17:46:33,321.20,Amex,CARD-000802-2,ES,Successful,0
7929,7929,2026-06-21 15:50:13,945.62,Mastercard,CARD-001063-2,DE,Successful,0
7930,7930,2025-11-28 02:43:17,343.12,PayPal,CARD-000294-2,GR,Successful,0
7931,7931,2026-02-22 21:05:53,1788.26,PayPal,CARD-FRAUD-010,GB,Successful,6
7932,7932,2026-02-12 03:59:42,1882.66,Visa,CARD-000637-2,GR,Successful,2
7933,7933,2026-07-07 19:48:00,1091.64,Mastercard,CARD-SHARED-086,DE,Successful,1
7934,7934,2026-02-08 13:41:06,752.73,PayPal,CARD-001064-2,IT,Successful,0
7935,7935,2025-09-19 04:23:17,1032.18,Amex,CARD-000251-1,US,Successful,0
7936,7936,2026-07-01 05:36:17,415.93,Visa,CARD-001843-2,GR,Successful,5
7937,7937,2026-04-25 03:38:00,1041.47,Mastercard,CARD-SHARED-025,NG,Successful,0
7938,7938,2025-07-24 01:59:28,1051.43,Amex,CARD-000542-2,GB,Failed,0
7939,7939,2026-06-28 14:27:29,881.55,Visa,CARD-000885-2,FR,Successful,4
7940,7940,2025-02-22 08:26:50,543.27,Visa,CARD-000105-2,RO,Successful,0
7941,7941,2025-09-04 14:39:37,1862.24,PayPal,CARD-000717-2,FR,Successful,0
7942,7942,2026-05-21 11:08:49,1041.67,Visa,CARD-000904-1,AL,Successful,2
7943,7943,2026-01-17 07:14:15,788.98,Visa,CARD-000230-2,AL,Successful,0
7944,7944,2026-02-06 08:40:27,390.11,Visa,CARD-000626-1,IT,Successful,0
7945,7945,2026-06-17 06:24:43,637.76,Visa,CARD-000419-1,AL,Successful,0
7946,7946,2025-03-12 17:28:49,1480.61,Mastercard,CARD-000638-2,AL,Successful,0
7947,7947,2026-04-09 03:46:17,592.86,Amex,CARD-SHARED-089,NG,Successful,0
7948,7948,2025-07-04 11:00:27,1893.97,Amex,CARD-001793-1,ES,Failed,0
7949,7949,2026-05-08 13:01:50,820.69,Mastercard,CARD-000744-1,US,Successful,1
7950,7950,2026-02-08 15:26:48,1169.46,Amex,CARD-SHARED-100,GR,Successful,0
7951,7951,2026-05-11 21:42:45,131.66,Visa,CARD-SHARED-032,US,Successful,0
7952,7952,2025-03-08 18:27:00,375.69,Mastercard,CARD-001429-2,GB,Refunded,1
7953,7953,2025-06-02 05:09:25,1006.20,PayPal,CARD-001633-2,GB,Successful,1
7954,7954,2026-06-09 05:58:22,1249.60,Amex,CARD-001824-2,AL,Successful,0
7955,7955,2025-10-31 13:41:42,1260.65,Amex,CARD-001426-2,AE,Successful,0
7956,7956,2026-05-09 20:51:10,699.89,Visa,CARD-000617-2,NG,Successful,0
7957,7957,2025-09-12 21:33:25,1071.95,Amex,CARD-SHARED-019,ES,Successful,0
7958,7958,2026-07-13 06:51:28,1646.55,Mastercard,CARD-000681-2,GB,Successful,3
7959,7959,2025-06-03 13:08:45,988.46,Amex,CARD-001970-1,IT,Successful,1
7960,7960,2025-11-24 11:14:22,1600.71,PayPal,CARD-001575-1,FR,Refunded,0
7961,7961,2026-03-08 23:29:11,616.10,Amex,CARD-001942-1,DE,Successful,3
7962,7962,2026-01-08 08:51:00,739.06,Mastercard,CARD-000638-2,AL,Successful,0
7963,7963,2025-07-11 06:49:43,219.19,PayPal,CARD-001559-2,RO,Successful,0
7964,7964,2026-05-05 20:04:01,433.78,Amex,CARD-000465-2,NL,Successful,0
7965,7965,2026-03-23 19:49:30,712.85,Amex,CARD-000451-2,RO,Successful,0
7966,7966,2026-03-17 13:49:02,243.74,Amex,CARD-000879-1,US,Successful,0
7967,7967,2025-01-29 11:55:51,601.09,PayPal,CARD-001334-1,US,Successful,1
7968,7968,2025-11-28 14:19:37,911.07,PayPal,CARD-000450-1,GB,Successful,0
7969,7969,2026-06-24 21:29:50,1344.79,Visa,CARD-000397-1,GR,Successful,0
7970,7970,2026-07-07 17:01:41,1940.45,PayPal,CARD-001891-1,IT,Successful,0
7971,7971,2026-01-08 01:02:02,2410.49,Mastercard,CARD-SHARED-068,ES,Failed,3
7972,7972,2026-04-12 17:28:11,108.41,Amex,CARD-000304-1,NL,Successful,0
7973,7973,2025-01-07 22:17:25,664.51,Amex,CARD-001310-2,NL,Successful,0
7974,7974,2026-07-15 04:24:25,2610.09,Mastercard,CARD-FRAUD-012,RO,Successful,3
7975,7975,2025-01-30 02:38:57,830.86,Mastercard,CARD-001405-2,GR,Successful,0
7976,7976,2025-01-02 22:50:18,1410.28,Mastercard,CARD-001310-1,NL,Successful,0
7977,7977,2026-03-17 08:00:52,672.40,Visa,CARD-001492-2,GR,Successful,0
7978,7978,2026-06-20 00:43:50,1453.77,Amex,CARD-001804-1,GB,Successful,0
7979,7979,2025-08-31 04:53:42,493.77,PayPal,CARD-001872-2,GB,Successful,0
7980,7980,2025-08-19 19:02:31,311.30,Mastercard,CARD-SHARED-056,DE,Successful,0
7981,7981,2026-02-18 03:02:45,167.75,Visa,CARD-SHARED-097,AL,Successful,0
7982,7982,2025-11-03 12:05:00,2207.33,Visa,CARD-000300-1,ES,Failed,0
7983,7983,2026-05-11 00:47:50,1025.68,Visa,CARD-000372-1,RO,Successful,0
7984,7984,2025-11-30 13:23:39,789.19,Mastercard,CARD-000138-1,DE,Successful,3
7985,7985,2026-06-05 00:06:51,1418.48,PayPal,CARD-001655-1,IT,Successful,0
7986,7986,2025-08-03 01:27:25,1815.29,Mastercard,CARD-000392-2,ES,Successful,0
7987,7987,2026-05-14 07:24:49,274.81,PayPal,CARD-001920-1,NL,Successful,0
7988,7988,2025-04-26 14:54:07,849.24,Mastercard,CARD-001028-1,ES,Successful,0
7989,7989,2026-07-19 23:31:36,647.00,PayPal,CARD-000450-1,DE,Successful,0
7990,7990,2025-04-07 16:14:36,1997.76,Amex,CARD-000413-1,AE,Successful,1
7991,7991,2025-11-20 10:57:01,2490.76,Visa,CARD-001767-2,NL,Successful,0
7992,7992,2025-12-13 08:24:50,1356.19,Amex,CARD-000033-1,DE,Successful,0
7993,7993,2026-07-01 03:15:43,110.40,Amex,CARD-000409-1,NL,Successful,0
7994,7994,2025-09-26 07:59:39,542.92,Visa,CARD-000255-1,NL,Successful,0
7995,7995,2025-02-15 20:16:41,2935.72,Amex,CARD-FRAUD-020,GB,Successful,1
7996,7996,2026-03-06 07:36:28,478.70,Amex,CARD-000273-2,DE,Successful,0
7997,7997,2026-02-25 20:41:03,965.67,Visa,CARD-001218-2,RO,Successful,0
7998,7998,2025-02-05 03:54:13,1418.70,Visa,CARD-000195-2,NL,Successful,0
7999,7999,2025-09-09 09:10:09,1265.91,PayPal,CARD-000955-1,AL,Successful,0
8000,8000,2026-03-14 13:19:59,465.91,Amex,CARD-000535-2,NG,Successful,0
